# OBJ file created by PlantStudio http://www.kurtz-fernhout.com

# Materials file must be in same directory
mtllib violet_only_age100.mtl

# plant "violet"
o violet

g violet_Intrnd
s off

usemtl violet_Intrnd

# 42 vertices
v -0.2397 0.009277 -0.2921
v -0.136 -0.004572 0.3526
v 0.3724 -0.004572 -0.06467
v -0.2376 0.1442 -0.2895
v -0.1339 0.1304 0.3552
v 0.3745 0.1304 -0.06211
v -0.2376 0.1442 -0.2895
v -0.1339 0.1304 0.3552
v 0.3745 0.1304 -0.06211
v -0.2332 0.2883 -0.2841
v -0.1298 0.2606 0.3602
v 0.3786 0.2606 -0.05712
v -0.2332 0.2883 -0.2841
v -0.1298 0.2606 0.3602
v 0.3786 0.2606 -0.05712
v -0.2265 0.4322 -0.276
v -0.1237 0.3907 0.3676
v 0.3847 0.3907 -0.04966
v -0.2265 0.4322 -0.276
v -0.1237 0.3907 0.3676
v 0.3847 0.3907 -0.04966
v -0.2176 0.5758 -0.2652
v -0.1156 0.5205 0.3776
v 0.3929 0.5205 -0.03973
v -0.2176 0.5758 -0.2652
v -0.1156 0.5205 0.3776
v 0.3929 0.5205 -0.03973
v -0.2065 0.7191 -0.2516
v -0.1054 0.65 0.3899
v 0.403 0.65 -0.02734
v -0.2065 0.7191 -0.2516
v -0.1054 0.65 0.3899
v 0.403 0.65 -0.02734
v -0.1931 0.8618 -0.2353
v -0.09328 0.779 0.4048
v 0.4152 0.779 -0.0125
v -0.1931 0.8618 -0.2353
v -0.09328 0.779 0.4048
v 0.4152 0.779 -0.0125
v -0.1775 1.00405 -0.2164
v -0.07909 0.9075 0.4221
v 0.4294 0.9075 0.004771

# 42 faces
f -42 -39 -41 
f -41 -39 -38 
f -41 -38 -40 
f -40 -38 -37 
f -40 -37 -42 
f -42 -37 -39 
f -36 -33 -35 
f -35 -33 -32 
f -35 -32 -34 
f -34 -32 -31 
f -34 -31 -36 
f -36 -31 -33 
f -30 -27 -29 
f -29 -27 -26 
f -29 -26 -28 
f -28 -26 -25 
f -28 -25 -30 
f -30 -25 -27 
f -24 -21 -23 
f -23 -21 -20 
f -23 -20 -22 
f -22 -20 -19 
f -22 -19 -24 
f -24 -19 -21 
f -18 -15 -17 
f -17 -15 -14 
f -17 -14 -16 
f -16 -14 -13 
f -16 -13 -18 
f -18 -13 -15 
f -12 -9 -11 
f -11 -9 -8 
f -11 -8 -10 
f -10 -8 -7 
f -10 -7 -12 
f -12 -7 -9 
f -6 -3 -5 
f -5 -3 -2 
f -5 -2 -4 
f -4 -2 -1 
f -4 -1 -6 
f -6 -1 -3 

g violet_1stPetiole
s off

usemtl violet_1stPetiole

# 42 vertices
v -0.8882 0.9394 -1.08237
v -0.4785 0.9394 1.4642
v 1.5294 0.9394 -0.1836
v -0.8882 9.9431 -1.08237
v -0.4785 9.9431 1.4642
v 1.5294 9.9431 -0.1836
v -0.8882 9.9431 -1.08237
v -0.4785 9.9431 1.4642
v 1.5294 9.9431 -0.1836
v -1.8508 18.5591 -2.2552
v -1.4619 18.9401 0.2659
v 0.546 18.9401 -1.3819
v -1.8508 18.5591 -2.2552
v -1.4619 18.9401 0.2659
v 0.546 18.9401 -1.3819
v -3.7337 26.7889 -4.5495
v -3.4066 27.5397 -2.1036
v -1.3986 27.5397 -3.7515
v -3.7337 26.7889 -4.5495
v -3.4066 27.5397 -2.1036
v -1.3986 27.5397 -3.7515
v -6.4814 34.3901 -7.8976
v -6.2553 35.4885 -5.5748
v -4.2473 35.4885 -7.2227
v -6.4814 34.3901 -7.8976
v -6.2553 35.4885 -5.5748
v -4.2473 35.4885 -7.2227
v -10.01314 41.1389 -12.201
v -9.9242 42.5526 -10.04547
v -7.9163 42.5526 -11.6933
v -10.01314 41.1389 -12.201
v -9.9242 42.5526 -10.04547
v -7.9163 42.5526 -11.6933
v -14.2247 46.8365 -17.3329
v -14.3053 48.524 -15.3838
v -12.2973 48.524 -17.03171
v -14.2247 46.8365 -17.3329
v -14.3053 48.524 -15.3838
v -12.2973 48.524 -17.03171
v -18.9923 51.3154 -23.1422
v -19.2695 53.2268 -21.4327
v -17.2615 53.2268 -23.0806

# 42 faces
f -42 -39 -41 
f -41 -39 -38 
f -41 -38 -40 
f -40 -38 -37 
f -40 -37 -42 
f -42 -37 -39 
f -36 -33 -35 
f -35 -33 -32 
f -35 -32 -34 
f -34 -32 -31 
f -34 -31 -36 
f -36 -31 -33 
f -30 -27 -29 
f -29 -27 -26 
f -29 -26 -28 
f -28 -26 -25 
f -28 -25 -30 
f -30 -25 -27 
f -24 -21 -23 
f -23 -21 -20 
f -23 -20 -22 
f -22 -20 -19 
f -22 -19 -24 
f -24 -19 -21 
f -18 -15 -17 
f -17 -15 -14 
f -17 -14 -16 
f -16 -14 -13 
f -16 -13 -18 
f -18 -13 -15 
f -12 -9 -11 
f -11 -9 -8 
f -11 -8 -10 
f -10 -8 -7 
f -10 -7 -12 
f -12 -7 -9 
f -6 -3 -5 
f -5 -3 -2 
f -5 -2 -4 
f -4 -2 -1 
f -4 -1 -6 
f -6 -1 -3 

g violet_1stLeaf
s off

usemtl violet_1stLeaf

# 30 vertices
v -18.5055 52.5957 -22.549
v -18.4166 53.1939 -20.3288
v -20.6591 53.3857 -21.3375
v -21.4584 53.6212 -22.9629
v -19.0569 53.6247 -19.2556
v -20.2667 54.2368 -19.7309
v -21.5444 54.9153 -21.2166
v -22.6686 55.4881 -23.00709
v -21.1322 54.17 -26.6426
v -22.9175 55.6634 -25.5184
v -22.4474 56.1969 -27.8062
v -21.724 57.00441 -29.3393
v -22.3736 54.5491 -24.4391
v -21.3118 53.7365 -25.09531
v -22.3097 54.7337 -26.1606
v -19.7064 53.06458 -24.241
v -20.592 53.52 -25.5673
v -16.352 51.8861 -22.1565
v -17.248 51.2249 -24.3572
v -18.4962 51.7448 -25.5852
v -15.2867 51.2366 -22.5931
v -15.4194 51.1662 -24.02207
v -16.338 51.6173 -25.8256
v -17.5519 52.247 -27.5366
v -21.04481 55.23 -29.07483
v -19.4674 52.1592 -27.2004
v -20.1449 52.9973 -26.1283
v -19.5064 53.5027 -28.5381
v -20.4808 53.6536 -27.7528
v -21.7983 55.7031 -28.4921

# 84 faces
f -30 -29 -28 
f -30 -28 -29 
f -30 -28 -27 
f -30 -27 -28 
f -29 -26 -28 
f -29 -28 -26 
f -26 -25 -28 
f -26 -28 -25 
f -25 -24 -28 
f -25 -28 -24 
f -24 -23 -27 
f -24 -27 -23 
f -28 -24 -27 
f -28 -27 -24 
f -27 -18 -17 
f -27 -17 -18 
f -18 -21 -16 
f -18 -16 -21 
f -18 -16 -17 
f -18 -17 -16 
f -17 -16 -22 
f -17 -22 -16 
f -21 -20 -16 
f -21 -16 -20 
f -16 -20 -22 
f -16 -22 -20 
f -30 -27 -15 
f -30 -15 -27 
f -15 -27 -17 
f -15 -17 -27 
f -15 -17 -14 
f -15 -14 -17 
f -17 -22 -14 
f -17 -14 -22 
f -23 -18 -27 
f -23 -27 -18 
f -23 -21 -18 
f -23 -18 -21 
f -12 -13 -30 
f -12 -30 -13 
f -11 -12 -30 
f -11 -30 -12 
f -12 -10 -13 
f -12 -13 -10 
f -12 -9 -10 
f -12 -10 -9 
f -12 -8 -9 
f -12 -9 -8 
f -11 -7 -8 
f -11 -8 -7 
f -11 -8 -12 
f -11 -12 -8 
f -4 -5 -11 
f -4 -11 -5 
f -2 -3 -5 
f -2 -5 -3 
f -4 -2 -5 
f -4 -5 -2 
f -22 -2 -4 
f -22 -4 -2 
f -2 -6 -3 
f -2 -3 -6 
f -22 -6 -2 
f -22 -2 -6 
f -15 -11 -30 
f -15 -30 -11 
f -4 -11 -15 
f -4 -15 -11 
f -14 -4 -15 
f -14 -15 -4 
f -14 -22 -4 
f -14 -4 -22 
f -11 -5 -7 
f -11 -7 -5 
f -5 -3 -7 
f -5 -7 -3 
f -22 -20 -1 
f -22 -1 -20 
f -20 -19 -1 
f -20 -1 -19 
f -22 -1 -6 
f -22 -6 -1 
f -1 -19 -6 
f -1 -6 -19 

g violet_1stPetiole
s off

usemtl violet_1stPetiole

# 42 vertices
v 0.9147 0.3011 1.1146
v 0.6407 1.2539 -1.2665
v -1.3672 1.2539 0.3813
v 3.3569 8.4405 4.09041
v 3.0829 9.3933 1.7092
v 1.07492 9.3933 3.3571
v 3.3569 8.4405 4.09041
v 3.0829 9.3933 1.7092
v 1.07492 9.3933 3.3571
v 6.9487 14.9214 8.4671
v 6.8822 16.377 6.3387
v 4.8743 16.377 7.9866
v 6.9487 14.9214 8.4671
v 6.8822 16.377 6.3387
v 4.8743 16.377 7.9866
v 11.5071 19.6575 14.02149
v 11.7257 21.5104 12.2404
v 9.7177 21.5104 13.8883
v 11.5071 19.6575 14.02149
v 11.7257 21.5104 12.2404
v 9.7177 21.5104 13.8883
v 16.7017 22.3056 20.351
v 17.2622 24.4216 18.9867
v 15.2542 24.4216 20.6346
v 16.7017 22.3056 20.351
v 17.2622 24.4216 18.9867
v 15.2542 24.4216 20.6346
v 22.1561 22.6738 26.9973
v 23.0908 24.8996 26.0889
v 21.08282 24.8996 27.7368
v 22.1561 22.6738 26.9973
v 23.0908 24.8996 26.0889
v 21.08282 24.8996 27.7368
v 27.4753 20.7355 33.4788
v 28.7891 22.9099 33.03231
v 26.7811 22.9099 34.6802
v 27.4753 20.7355 33.4788
v 28.7891 22.9099 33.03231
v 26.7811 22.9099 34.6802
v 32.2739 16.6312 39.3258
v 33.9443 18.5965 39.3139
v 31.9363 18.5965 40.9618

# 42 faces
f -42 -39 -41 
f -41 -39 -38 
f -41 -38 -40 
f -40 -38 -37 
f -40 -37 -42 
f -42 -37 -39 
f -36 -33 -35 
f -35 -33 -32 
f -35 -32 -34 
f -34 -32 -31 
f -34 -31 -36 
f -36 -31 -33 
f -30 -27 -29 
f -29 -27 -26 
f -29 -26 -28 
f -28 -26 -25 
f -28 -25 -30 
f -30 -25 -27 
f -24 -21 -23 
f -23 -21 -20 
f -23 -20 -22 
f -22 -20 -19 
f -22 -19 -24 
f -24 -19 -21 
f -18 -15 -17 
f -17 -15 -14 
f -17 -14 -16 
f -16 -14 -13 
f -16 -13 -18 
f -18 -13 -15 
f -12 -9 -11 
f -11 -9 -8 
f -11 -8 -10 
f -10 -8 -7 
f -10 -7 -12 
f -12 -7 -9 
f -6 -3 -5 
f -5 -3 -2 
f -5 -2 -4 
f -4 -2 -1 
f -4 -1 -6 
f -6 -1 -3 

g violet_1stLeaf
s off

usemtl violet_1stLeaf

# 30 vertices
v 32.7203 17.9477 39.8698
v 32.2277 19.3667 38.1266
v 34.4686 19.7029 39.1002
v 35.3811 19.4432 40.6611
v 32.6159 20.3552 37.3394
v 33.6982 21.00829 38.02229
v 34.9523 21.3178 39.6445
v 36.1196 21.3686 41.4972
v 35.3821 18.3092 44.2195
v 36.6217 20.5446 43.8357
v 36.3196 19.9372 46.1333
v 35.6183 19.8151 47.8708
v 36.2262 19.879 42.3855
v 35.4698 18.6206 42.6353
v 36.329 19.3089 44.01838
v 33.9739 17.9688 41.5881
v 34.8824 18.04751 42.9735
v 30.76 16.9279 39.2274
v 32.04388 15.6736 40.919
v 33.2753 15.9441 42.2405
v 29.9358 15.9017 39.3496
v 30.2525 15.2824 40.6068
v 31.2513 15.1678 42.4204
v 32.4824 15.3247 44.2253
v 35.344 18.2008 46.8716
v 34.3108 15.8895 43.868
v 34.6402 17.2421 43.2574
v 34.1969 16.5153 45.6544
v 35.00745 17.2279 45.00313
v 35.8908 19.05231 46.5441

# 84 faces
f -30 -29 -28 
f -30 -28 -29 
f -30 -28 -27 
f -30 -27 -28 
f -29 -26 -28 
f -29 -28 -26 
f -26 -25 -28 
f -26 -28 -25 
f -25 -24 -28 
f -25 -28 -24 
f -24 -23 -27 
f -24 -27 -23 
f -28 -24 -27 
f -28 -27 -24 
f -27 -18 -17 
f -27 -17 -18 
f -18 -21 -16 
f -18 -16 -21 
f -18 -16 -17 
f -18 -17 -16 
f -17 -16 -22 
f -17 -22 -16 
f -21 -20 -16 
f -21 -16 -20 
f -16 -20 -22 
f -16 -22 -20 
f -30 -27 -15 
f -30 -15 -27 
f -15 -27 -17 
f -15 -17 -27 
f -15 -17 -14 
f -15 -14 -17 
f -17 -22 -14 
f -17 -14 -22 
f -23 -18 -27 
f -23 -27 -18 
f -23 -21 -18 
f -23 -18 -21 
f -12 -13 -30 
f -12 -30 -13 
f -11 -12 -30 
f -11 -30 -12 
f -12 -10 -13 
f -12 -13 -10 
f -12 -9 -10 
f -12 -10 -9 
f -12 -8 -9 
f -12 -9 -8 
f -11 -7 -8 
f -11 -8 -7 
f -11 -8 -12 
f -11 -12 -8 
f -4 -5 -11 
f -4 -11 -5 
f -2 -3 -5 
f -2 -5 -3 
f -4 -2 -5 
f -4 -5 -2 
f -22 -2 -4 
f -22 -4 -2 
f -2 -6 -3 
f -2 -3 -6 
f -22 -6 -2 
f -22 -2 -6 
f -15 -11 -30 
f -15 -30 -11 
f -4 -11 -15 
f -4 -15 -11 
f -14 -4 -15 
f -14 -15 -4 
f -14 -22 -4 
f -14 -4 -22 
f -11 -5 -7 
f -11 -7 -5 
f -5 -3 -7 
f -5 -7 -3 
f -22 -20 -1 
f -22 -1 -20 
f -20 -19 -1 
f -20 -1 -19 
f -22 -1 -6 
f -22 -6 -1 
f -1 -19 -6 
f -1 -6 -19 

g violet_Intrnd
s off

usemtl violet_Intrnd

# 42 vertices
v 0.04774 0.9081 0.2471
v 0.2184 0.9369 -0.008617
v -0.09027 0.9726 -0.0215
v 0.05448 0.9705 0.2587
v 0.2252 0.9993 0.002911
v -0.08353 1.03511 -0.009974
v 0.05448 0.9705 0.2587
v 0.2252 0.9993 0.002911
v -0.08353 1.03511 -0.009974
v 0.06011 1.02385 0.2715
v 0.2321 1.06541 0.01839
v -0.07654 1.1011 0.005504
v 0.06011 1.02385 0.2715
v 0.2321 1.06541 0.01839
v -0.07654 1.1011 0.005504
v 0.06555 1.07644 0.2869
v 0.2389 1.1306 0.0371
v -0.06978 1.1663 0.02421
v 0.06555 1.07644 0.2869
v 0.2389 1.1306 0.0371
v -0.06978 1.1663 0.02421
v 0.07079 1.1282 0.3049
v 0.2454 1.1948 0.059
v -0.06327 1.2305 0.04612
v 0.07079 1.1282 0.3049
v 0.2454 1.1948 0.059
v -0.06327 1.2305 0.04612
v 0.07582 1.179 0.3254
v 0.2517 1.2579 0.08405
v -0.05701 1.2936 0.07116
v 0.07582 1.179 0.3254
v 0.2517 1.2579 0.08405
v -0.05701 1.2936 0.07116
v 0.08062 1.2289 0.3484
v 0.2576 1.3197 0.1121
v -0.05104 1.3554 0.09928
v 0.08062 1.2289 0.3484
v 0.2576 1.3197 0.1121
v -0.05104 1.3554 0.09928
v 0.08519 1.2775 0.3738
v 0.2633 1.38 0.1433
v -0.04535 1.4158 0.1304

# 42 faces
f -42 -39 -41 
f -41 -39 -38 
f -41 -38 -40 
f -40 -38 -37 
f -40 -37 -42 
f -42 -37 -39 
f -36 -33 -35 
f -35 -33 -32 
f -35 -32 -34 
f -34 -32 -31 
f -34 -31 -36 
f -36 -31 -33 
f -30 -27 -29 
f -29 -27 -26 
f -29 -26 -28 
f -28 -26 -25 
f -28 -25 -30 
f -30 -25 -27 
f -24 -21 -23 
f -23 -21 -20 
f -23 -20 -22 
f -22 -20 -19 
f -22 -19 -24 
f -24 -19 -21 
f -18 -15 -17 
f -17 -15 -14 
f -17 -14 -16 
f -16 -14 -13 
f -16 -13 -18 
f -18 -13 -15 
f -12 -9 -11 
f -11 -9 -8 
f -11 -8 -10 
f -10 -8 -7 
f -10 -7 -12 
f -12 -7 -9 
f -6 -3 -5 
f -5 -3 -2 
f -5 -2 -4 
f -4 -2 -1 
f -4 -1 -6 
f -6 -1 -3 

g violet_Petiole
s off

usemtl violet_Petiole

# 42 vertices
v -0.05136 0.4687 1.4041
v 1.4654 1.6474 -0.3171
v -1.1127 1.9457 -0.4247
v 1.151 14.7818 12.2651
v 2.6677 15.9605 10.5437
v 0.0896 16.2588 10.4361
v 1.151 14.7818 12.2651
v 2.6677 15.9605 10.5437
v 0.0896 16.2588 10.4361
v 2.006336 26.86 25.247
v 3.5452 28.322 23.7816
v 0.967 28.6203 23.674
v 2.006336 26.86 25.247
v 3.5452 28.322 23.7816
v 0.967 28.6203 23.674
v 2.5087 36.5636 40.1041
v 4.06232 38.2615 38.9393
v 1.4841 38.5597 38.8317
v 2.5087 36.5636 40.1041
v 4.06232 38.2615 38.9393
v 1.4841 38.5597 38.8317
v 2.6433 43.607 56.3988
v 4.2039 45.4863 55.5706
v 1.6257 45.7845 55.463
v 2.6433 43.607 56.3988
v 4.2039 45.4863 55.5706
v 1.6257 45.7845 55.463
v 2.4063 47.7826 73.6515
v 3.9658 49.7836 73.1858
v 1.3876 50.08191 73.0782
v 2.4063 47.7826 73.6515
v 3.9658 49.7836 73.1858
v 1.3876 50.08191 73.0782
v 1.8045 48.9676 91.354
v 3.355 51.02707 91.2661
v 0.7768 51.3253 91.1585
v 1.8045 48.9676 91.354
v 3.355 51.02707 91.2661
v 0.7768 51.3253 91.1585
v 0.8557 47.127 108.9852
v 2.3895 49.1799 109.2793
v -0.1886 49.4781 109.1717

# 42 faces
f -42 -39 -41 
f -41 -39 -38 
f -41 -38 -40 
f -40 -38 -37 
f -40 -37 -42 
f -42 -37 -39 
f -36 -33 -35 
f -35 -33 -32 
f -35 -32 -34 
f -34 -32 -31 
f -34 -31 -36 
f -36 -31 -33 
f -30 -27 -29 
f -29 -27 -26 
f -29 -26 -28 
f -28 -26 -25 
f -28 -25 -30 
f -30 -25 -27 
f -24 -21 -23 
f -23 -21 -20 
f -23 -20 -22 
f -22 -20 -19 
f -22 -19 -24 
f -24 -19 -21 
f -18 -15 -17 
f -17 -15 -14 
f -17 -14 -16 
f -16 -14 -13 
f -16 -13 -18 
f -18 -13 -15 
f -12 -9 -11 
f -11 -9 -8 
f -11 -8 -10 
f -10 -8 -7 
f -10 -7 -12 
f -12 -7 -9 
f -6 -3 -5 
f -5 -3 -2 
f -5 -2 -4 
f -4 -2 -1 
f -4 -1 -6 
f -6 -1 -3 

g violet_Leaf
s off

usemtl violet_Leaf

# 30 vertices
v 1.01965 48.602 109.1461
v 16.8402 52.7579 99.5115
v 18.6494 54.5999 119.6944
v 12.5681 49.3528 132.4444
v 27.2689 55.938 99.7559
v 31.1059 53.8132 110.7679
v 29.4595 47.6306 126.6345
v 25.01866 40.5217 142.6432
v -7.6848 30.7654 146.3612
v 11.6845 30.6185 155.2809
v -0.8008 16.9573 162.2185
v -8.2534 3.5499 164.3774
v 11.06669 40.4281 145.9359
v -0.01484 40.05972 140.6397
v 1.5164 32.486 153.0087
v -3.1006 42.7945 125.1854
v -6.07768 37.485 137.4402
v -6.6784 48.1439 91.7991
v -20.2075 46.9767 106.9522
v -21.1761 42.7327 121.3788
v -15.6782 47.5123 85.6724
v -24.1118 42.9802 92.6605
v -29.8484 35.9951 107.1859
v -33.2668 29.08685 123.5299
v -17.3166 14.2419 157.0299
v -25.8068 36.8673 135.4356
v -13.308 37.4517 136.2805
v -27.1724 22.9953 142.5387
v -18.7797 27.9794 146.1257
v -9.2552 15.6344 160.2027

# 84 faces
f -30 -29 -28 
f -30 -28 -29 
f -30 -28 -27 
f -30 -27 -28 
f -29 -26 -28 
f -29 -28 -26 
f -26 -25 -28 
f -26 -28 -25 
f -25 -24 -28 
f -25 -28 -24 
f -24 -23 -27 
f -24 -27 -23 
f -28 -24 -27 
f -28 -27 -24 
f -27 -18 -17 
f -27 -17 -18 
f -18 -21 -16 
f -18 -16 -21 
f -18 -16 -17 
f -18 -17 -16 
f -17 -16 -22 
f -17 -22 -16 
f -21 -20 -16 
f -21 -16 -20 
f -16 -20 -22 
f -16 -22 -20 
f -30 -27 -15 
f -30 -15 -27 
f -15 -27 -17 
f -15 -17 -27 
f -15 -17 -14 
f -15 -14 -17 
f -17 -22 -14 
f -17 -14 -22 
f -23 -18 -27 
f -23 -27 -18 
f -23 -21 -18 
f -23 -18 -21 
f -12 -13 -30 
f -12 -30 -13 
f -11 -12 -30 
f -11 -30 -12 
f -12 -10 -13 
f -12 -13 -10 
f -12 -9 -10 
f -12 -10 -9 
f -12 -8 -9 
f -12 -9 -8 
f -11 -7 -8 
f -11 -8 -7 
f -11 -8 -12 
f -11 -12 -8 
f -4 -5 -11 
f -4 -11 -5 
f -2 -3 -5 
f -2 -5 -3 
f -4 -2 -5 
f -4 -5 -2 
f -22 -2 -4 
f -22 -4 -2 
f -2 -6 -3 
f -2 -3 -6 
f -22 -6 -2 
f -22 -2 -6 
f -15 -11 -30 
f -15 -30 -11 
f -4 -11 -15 
f -4 -15 -11 
f -14 -4 -15 
f -14 -15 -4 
f -14 -22 -4 
f -14 -4 -22 
f -11 -5 -7 
f -11 -7 -5 
f -5 -3 -7 
f -5 -7 -3 
f -22 -20 -1 
f -22 -1 -20 
f -20 -19 -1 
f -20 -1 -19 
f -22 -1 -6 
f -22 -6 -1 
f -1 -19 -6 
f -1 -6 -19 

g violet_1Pdncle
s off

usemtl violet_1Pdncle

# 42 vertices
v 0.03973 1.0257 0.7649
v 0.6888 1.4576 -0.03267
v -0.426 1.5865 -0.0792
v 0.03973 1.0257 0.7649
v 0.6888 1.4576 -0.03267
v -0.426 1.5865 -0.0792
v 0.03973 1.0257 0.7649
v 0.6888 1.4576 -0.03267
v -0.426 1.5865 -0.0792
v 0.03627 0.9862 0.7386
v 0.6905 1.477 -0.01971
v -0.4243 1.606 -0.06624
v 0.03627 0.9862 0.7386
v 0.6905 1.477 -0.01971
v -0.4243 1.606 -0.06624
v 0.03315 0.9488 0.7095
v 0.6921 1.4954 -0.005361
v -0.4227 1.6244 -0.05189
v 0.03315 0.9488 0.7095
v 0.6921 1.4954 -0.005361
v -0.4227 1.6244 -0.05189
v 0.03041 0.9136 0.6777
v 0.6934 1.5128 0.01031
v -0.4214 1.6418 -0.03621
v 0.03041 0.9136 0.6777
v 0.6934 1.5128 0.01031
v -0.4214 1.6418 -0.03621
v 0.02805 0.8808 0.6434
v 0.6946 1.5289 0.02722
v -0.4202 1.6579 -0.0193
v 0.02805 0.8808 0.6434
v 0.6946 1.5289 0.02722
v -0.4202 1.6579 -0.0193
v 0.02608 0.8506 0.6068
v 0.6956 1.5438 0.04528
v -0.4193 1.6728 -0.001252
v 0.02608 0.8506 0.6068
v 0.6956 1.5438 0.04528
v -0.4193 1.6728 -0.001252
v 0.02452 0.8231 0.568
v 0.6963 1.5574 0.06438
v -0.4185 1.6863 0.01784

# 42 faces
f -42 -39 -41 
f -41 -39 -38 
f -41 -38 -40 
f -40 -38 -37 
f -40 -37 -42 
f -42 -37 -39 
f -36 -33 -35 
f -35 -33 -32 
f -35 -32 -34 
f -34 -32 -31 
f -34 -31 -36 
f -36 -31 -33 
f -30 -27 -29 
f -29 -27 -26 
f -29 -26 -28 
f -28 -26 -25 
f -28 -25 -30 
f -30 -25 -27 
f -24 -21 -23 
f -23 -21 -20 
f -23 -20 -22 
f -22 -20 -19 
f -22 -19 -24 
f -24 -19 -21 
f -18 -15 -17 
f -17 -15 -14 
f -17 -14 -16 
f -16 -14 -13 
f -16 -13 -18 
f -18 -13 -15 
f -12 -9 -11 
f -11 -9 -8 
f -11 -8 -10 
f -10 -8 -7 
f -10 -7 -12 
f -12 -7 -9 
f -6 -3 -5 
f -5 -3 -2 
f -5 -2 -4 
f -4 -2 -1 
f -4 -1 -6 
f -6 -1 -3 

g violet_1InfInt
s off

usemtl violet_1InfInt

# 42 vertices
v 0.5895 1.7207 -0.001116
v -0.5066 1.5545 0.1214
v 0.2274 0.8044 0.5218
v 0.6376 2.7218 1.7863
v -0.4584 2.5556 1.9089
v 0.2756 1.8055 2.3092
v 0.6376 2.7218 1.7863
v -0.4584 2.5556 1.9089
v 0.2756 1.8055 2.3092
v 0.6764 3.611 3.6673
v -0.4203 3.4369 3.7718
v 0.3115 2.6608 4.1235
v 0.6764 3.611 3.6673
v -0.4203 3.4369 3.7718
v 0.3115 2.6608 4.1235
v 0.704 4.368 5.6054
v -0.3932 4.1873 5.6913
v 0.3367 3.3886 5.9928
v 0.704 4.368 5.6054
v -0.3932 4.1873 5.6913
v 0.3367 3.3886 5.9928
v 0.7203 4.9892 7.5914
v -0.3773 4.8032 7.6582
v 0.351 3.9854 7.9081
v 0.7203 4.9892 7.5914
v -0.3773 4.8032 7.6582
v 0.351 3.9854 7.9081
v 0.725 5.4716 9.6157
v -0.373 5.2817 9.6631
v 0.3541 4.4485 9.86
v 0.725 5.4716 9.6157
v -0.373 5.2817 9.6631
v 0.3541 4.4485 9.86
v 0.7179 5.813 11.6684
v -0.3804 5.6205 11.6962
v 0.3457 4.7755 11.8393
v 0.7179 5.813 11.6684
v -0.3804 5.6205 11.6962
v 0.3457 4.7755 11.8393
v 0.6988 6.01176 13.7397
v -0.3996 5.818 13.7478
v 0.3258 4.9649 13.8363

# 42 faces
f -42 -39 -41 
f -41 -39 -38 
f -41 -38 -40 
f -40 -38 -37 
f -40 -37 -42 
f -42 -37 -39 
f -36 -33 -35 
f -35 -33 -32 
f -35 -32 -34 
f -34 -32 -31 
f -34 -31 -36 
f -36 -31 -33 
f -30 -27 -29 
f -29 -27 -26 
f -29 -26 -28 
f -28 -26 -25 
f -28 -25 -30 
f -30 -25 -27 
f -24 -21 -23 
f -23 -21 -20 
f -23 -20 -22 
f -22 -20 -19 
f -22 -19 -24 
f -24 -19 -21 
f -18 -15 -17 
f -17 -15 -14 
f -17 -14 -16 
f -16 -14 -13 
f -16 -13 -18 
f -18 -13 -15 
f -12 -9 -11 
f -11 -9 -8 
f -11 -8 -10 
f -10 -8 -7 
f -10 -7 -12 
f -12 -7 -9 
f -6 -3 -5 
f -5 -3 -2 
f -5 -2 -4 
f -4 -2 -1 
f -4 -1 -6 
f -6 -1 -3 

g violet_1Pdcel
s off

usemtl violet_1Pdcel

# 42 vertices
v 0.6958 6.001114 13.6613
v -0.3981 5.8232 13.7865
v 0.3273 4.9702 13.875
v 1.5399 7.7414 23.5147
v 0.4458 7.5635 23.6398
v 1.1713 6.7105 23.7283
v 1.5399 7.7414 23.5147
v 0.4458 7.5635 23.6398
v 1.1713 6.7105 23.7283
v 3.2999 10.2227 33.00121
v 2.2213 10.0699 33.2408
v 2.9468 9.2168 33.3293
v 3.2999 10.2227 33.00121
v 2.2213 10.0699 33.2408
v 2.9468 9.2168 33.3293
v 5.9526 13.4184 42.05659
v 4.9002 13.2992 42.4064
v 5.6256 12.4462 42.4949
v 5.9526 13.4184 42.05659
v 4.9002 13.2992 42.4064
v 5.6256 12.4462 42.4949
v 9.4579 17.2803 50.5446
v 8.442 17.2031 50.9987
v 9.1675 16.3501 51.08726
v 9.4579 17.2803 50.5446
v 8.442 17.2031 50.9987
v 9.1675 16.3501 51.08726
v 13.7631 21.7505 58.3376
v 12.7936 21.7227 58.8885
v 13.5191 20.8697 58.9771
v 13.7631 21.7505 58.3376
v 12.7936 21.7227 58.8885
v 13.5191 20.8697 58.9771
v 18.8034 26.7616 65.3185
v 17.8894 26.7902 65.9572
v 18.6149 25.9371 66.04578
v 18.8034 26.7616 65.3185
v 17.8894 26.7902 65.9572
v 18.6149 25.9371 66.04578
v 24.5031 32.2383 71.3821
v 23.653 32.3292 72.09845
v 24.3784 31.4762 72.1869

# 42 faces
f -42 -39 -41 
f -41 -39 -38 
f -41 -38 -40 
f -40 -38 -37 
f -40 -37 -42 
f -42 -37 -39 
f -36 -33 -35 
f -35 -33 -32 
f -35 -32 -34 
f -34 -32 -31 
f -34 -31 -36 
f -36 -31 -33 
f -30 -27 -29 
f -29 -27 -26 
f -29 -26 -28 
f -28 -26 -25 
f -28 -25 -30 
f -30 -25 -27 
f -24 -21 -23 
f -23 -21 -20 
f -23 -20 -22 
f -22 -20 -19 
f -22 -19 -24 
f -24 -19 -21 
f -18 -15 -17 
f -17 -15 -14 
f -17 -14 -16 
f -16 -14 -13 
f -16 -13 -18 
f -18 -13 -15 
f -12 -9 -11 
f -11 -9 -8 
f -11 -8 -10 
f -10 -8 -7 
f -10 -7 -12 
f -12 -7 -9 
f -6 -3 -5 
f -5 -3 -2 
f -5 -2 -4 
f -4 -2 -1 
f -4 -1 -6 
f -6 -1 -3 

g violet_1Petal1
s off

usemtl violet_1Petal1

# 22 vertices
v 24.1766 32.01353 71.8916
v 25.1386 33.202 72.4851
v 24.9389 33.0012 73.1342
v 25.9175 34.04768 72.9865
v 25.8233 34.2558 73.7595
v 25.6446 33.8323 74.2057
v 25.1089 36.1762 74.8364
v 25.2503 36.6251 74.2461
v 24.7528 35.7184 75.6388
v 25.349 37.8587 75.1499
v 23.5448 39.5373 76.9406
v 25.2151 37.3138 75.9587
v 24.7919 36.8108 76.6914
v 22.4682 39.5082 78.3213
v 24.993 32.3792 73.4853
v 25.1296 32.7936 74.3932
v 25.7956 33.3261 74.5521
v 24.5922 35.08759 76.2021
v 24.2379 34.2251 76.7746
v 23.9953 35.2635 77.9695
v 22.5571 38.08244 78.9964
v 24.339 36.2372 77.4985

# 60 faces
f -22 -21 -20 
f -22 -20 -21 
f -21 -19 -20 
f -21 -20 -19 
f -20 -18 -17 
f -20 -17 -18 
f -18 -16 -17 
f -18 -17 -16 
f -20 -19 -18 
f -20 -18 -19 
f -19 -15 -18 
f -19 -18 -15 
f -18 -15 -16 
f -18 -16 -15 
f -17 -16 -14 
f -17 -14 -16 
f -15 -13 -16 
f -15 -16 -13 
f -13 -12 -11 
f -13 -11 -12 
f -16 -13 -11 
f -16 -11 -13 
f -14 -16 -11 
f -14 -11 -16 
f -14 -11 -10 
f -14 -10 -11 
f -11 -12 -9 
f -11 -9 -12 
f -10 -11 -9 
f -10 -9 -11 
f -20 -8 -22 
f -20 -22 -8 
f -20 -7 -8 
f -20 -8 -7 
f -17 -6 -20 
f -17 -20 -6 
f -17 -5 -6 
f -17 -6 -5 
f -6 -7 -20 
f -6 -20 -7 
f -6 -4 -7 
f -6 -7 -4 
f -5 -4 -6 
f -5 -6 -4 
f -14 -5 -17 
f -14 -17 -5 
f -5 -3 -4 
f -5 -4 -3 
f -1 -2 -3 
f -1 -3 -2 
f -1 -3 -5 
f -1 -5 -3 
f -1 -5 -14 
f -1 -14 -5 
f -10 -1 -14 
f -10 -14 -1 
f -9 -2 -1 
f -9 -1 -2 
f -9 -1 -10 
f -9 -10 -1 

g violet_1Petal1
s off

usemtl violet_1Petal1

# 22 vertices
v 24.1766 32.01353 71.8916
v 24.5743 33.1621 72.9929
v 25.01827 32.6918 73.2817
v 24.9642 34.03116 73.8089
v 25.3665 33.7968 74.467
v 25.7793 33.3071 74.456
v 24.8702 33.7466 76.7273
v 24.3235 34.2646 76.6743
v 25.4556 32.9782 76.9447
v 24.4555 34.6218 78.1586
v 23.988 33.3286 80.8768
v 25.2047 33.9939 78.2739
v 25.7251 33.1722 78.4254
v 24.3998 31.9765 81.9106
v 25.5794 32.3328 73.01869
v 26.1078 32.3399 73.8762
v 26.3367 33.08305 74.2607
v 26.05553 32.3688 76.846
v 26.6631 31.4896 76.6119
v 26.9065 31.3799 78.1911
v 25.5755 31.1672 81.2328
v 26.3143 32.2688 78.575

# 60 faces
f -22 -21 -20 
f -22 -20 -21 
f -21 -19 -20 
f -21 -20 -19 
f -20 -18 -17 
f -20 -17 -18 
f -18 -16 -17 
f -18 -17 -16 
f -20 -19 -18 
f -20 -18 -19 
f -19 -15 -18 
f -19 -18 -15 
f -18 -15 -16 
f -18 -16 -15 
f -17 -16 -14 
f -17 -14 -16 
f -15 -13 -16 
f -15 -16 -13 
f -13 -12 -11 
f -13 -11 -12 
f -16 -13 -11 
f -16 -11 -13 
f -14 -16 -11 
f -14 -11 -16 
f -14 -11 -10 
f -14 -10 -11 
f -11 -12 -9 
f -11 -9 -12 
f -10 -11 -9 
f -10 -9 -11 
f -20 -8 -22 
f -20 -22 -8 
f -20 -7 -8 
f -20 -8 -7 
f -17 -6 -20 
f -17 -20 -6 
f -17 -5 -6 
f -17 -6 -5 
f -6 -7 -20 
f -6 -20 -7 
f -6 -4 -7 
f -6 -7 -4 
f -5 -4 -6 
f -5 -6 -4 
f -14 -5 -17 
f -14 -17 -5 
f -5 -3 -4 
f -5 -4 -3 
f -1 -2 -3 
f -1 -3 -2 
f -1 -3 -5 
f -1 -5 -3 
f -1 -5 -14 
f -1 -14 -5 
f -10 -1 -14 
f -10 -14 -1 
f -9 -2 -1 
f -9 -1 -2 
f -9 -1 -10 
f -9 -10 -1 

g violet_1Petal1
s off

usemtl violet_1Petal1

# 22 vertices
v 24.1766 32.01353 71.8916
v 24.6484 32.5127 73.3811
v 25.3064 32.5653 73.1244
v 25.04103 32.9693 74.4813
v 25.8308 32.976 74.6422
v 26.2685 33.09237 74.1891
v 27.1883 31.8036 76.1053
v 26.6202 31.6113 76.5639
v 28.0077 31.8577 75.5521
v 27.5806 31.3991 77.739
v 29.8442 29.5239 78.5384
v 28.352 31.6868 77.1994
v 29.114 31.6844 76.5762
v 31.4145 28.8969 78.08289
v 25.5858 32.9469 72.5866
v 26.475 33.1041 73.033
v 26.5324 33.5112 73.7967
v 28.5385 32.1013 74.9197
v 29.1004 32.2703 73.9963
v 30.4006 31.9023 74.8558
v 31.9362 29.7113 76.8334
v 29.9489 31.7014 75.8775

# 60 faces
f -22 -21 -20 
f -22 -20 -21 
f -21 -19 -20 
f -21 -20 -19 
f -20 -18 -17 
f -20 -17 -18 
f -18 -16 -17 
f -18 -17 -16 
f -20 -19 -18 
f -20 -18 -19 
f -19 -15 -18 
f -19 -18 -15 
f -18 -15 -16 
f -18 -16 -15 
f -17 -16 -14 
f -17 -14 -16 
f -15 -13 -16 
f -15 -16 -13 
f -13 -12 -11 
f -13 -11 -12 
f -16 -13 -11 
f -16 -11 -13 
f -14 -16 -11 
f -14 -11 -16 
f -14 -11 -10 
f -14 -10 -11 
f -11 -12 -9 
f -11 -9 -12 
f -10 -11 -9 
f -10 -9 -11 
f -20 -8 -22 
f -20 -22 -8 
f -20 -7 -8 
f -20 -8 -7 
f -17 -6 -20 
f -17 -20 -6 
f -17 -5 -6 
f -17 -6 -5 
f -6 -7 -20 
f -6 -20 -7 
f -6 -4 -7 
f -6 -7 -4 
f -5 -4 -6 
f -5 -6 -4 
f -14 -5 -17 
f -14 -17 -5 
f -5 -3 -4 
f -5 -4 -3 
f -1 -2 -3 
f -1 -3 -2 
f -1 -3 -5 
f -1 -5 -3 
f -1 -5 -14 
f -1 -14 -5 
f -10 -1 -14 
f -10 -14 -1 
f -9 -2 -1 
f -9 -1 -2 
f -9 -1 -10 
f -9 -10 -1 

g violet_1Petal1
s off

usemtl violet_1Petal1

# 22 vertices
v 24.1766 32.01353 71.8916
v 25.2591 32.1452 73.1168
v 25.4078 32.7953 72.8784
v 26.04253 32.3196 74.08073
v 26.579 32.9201 74.04462
v 26.4407 33.4828 73.7713
v 28.8812 33.01424 73.8241
v 28.9878 32.3072 74.06647
v 28.906 33.8951 73.3726
v 30.4347 32.6142 74.467
v 33.07494 33.3456 73.1351
v 30.3368 33.5594 74.21
v 30.3068 34.3897 73.6821
v 33.8836 34.4966 72.09225
v 25.00342 33.3786 72.7822
v 25.7272 34.03712 73.02094
v 26.1141 34.02293 73.7971
v 28.6329 34.6521 73.06728
v 28.2042 35.4956 72.518
v 29.6815 36.1135 72.5419
v 32.9083 35.7132 71.8369
v 30.2537 35.3137 73.1086

# 60 faces
f -22 -21 -20 
f -22 -20 -21 
f -21 -19 -20 
f -21 -20 -19 
f -20 -18 -17 
f -20 -17 -18 
f -18 -16 -17 
f -18 -17 -16 
f -20 -19 -18 
f -20 -18 -19 
f -19 -15 -18 
f -19 -18 -15 
f -18 -15 -16 
f -18 -16 -15 
f -17 -16 -14 
f -17 -14 -16 
f -15 -13 -16 
f -15 -16 -13 
f -13 -12 -11 
f -13 -11 -12 
f -16 -13 -11 
f -16 -11 -13 
f -14 -16 -11 
f -14 -11 -16 
f -14 -11 -10 
f -14 -10 -11 
f -11 -12 -9 
f -11 -9 -12 
f -10 -11 -9 
f -10 -9 -11 
f -20 -8 -22 
f -20 -22 -8 
f -20 -7 -8 
f -20 -8 -7 
f -17 -6 -20 
f -17 -20 -6 
f -17 -5 -6 
f -17 -6 -5 
f -6 -7 -20 
f -6 -20 -7 
f -6 -4 -7 
f -6 -7 -4 
f -5 -4 -6 
f -5 -6 -4 
f -14 -5 -17 
f -14 -17 -5 
f -5 -3 -4 
f -5 -4 -3 
f -1 -2 -3 
f -1 -3 -2 
f -1 -3 -5 
f -1 -5 -3 
f -1 -5 -14 
f -1 -14 -5 
f -10 -1 -14 
f -10 -14 -1 
f -9 -2 -1 
f -9 -1 -2 
f -9 -1 -10 
f -9 -10 -1 

g violet_1Petal1
s off

usemtl violet_1Petal1

# 22 vertices
v 24.1766 32.01353 71.8916
v 25.5667 32.5777 72.5547
v 25.1772 33.06879 72.8845
v 26.5924 32.9961 73.1429
v 26.5742 33.723 73.4908
v 26.04934 33.947 73.7818
v 27.5767 35.7574 73.02804
v 28.1284 35.4527 72.6123
v 26.864 36.3171 73.427
v 29.03472 36.6667 72.8427
v 29.1229 39.6277 72.1327
v 28.3689 37.0896 73.4316
v 27.5953 37.6058 73.7543
v 28.271 41.1538 72.2418
v 24.6314 33.02246 73.346
v 24.8832 33.8423 73.8742
v 25.6518 33.9068 74.271
v 26.1571 36.5256 73.8717
v 25.1537 36.722 74.2609
v 25.6631 38.2222 74.4953
v 27.02425 40.9649 73.1938
v 26.7343 38.1593 74.1256

# 60 faces
f -22 -21 -20 
f -22 -20 -21 
f -21 -19 -20 
f -21 -20 -19 
f -20 -18 -17 
f -20 -17 -18 
f -18 -16 -17 
f -18 -17 -16 
f -20 -19 -18 
f -20 -18 -19 
f -19 -15 -18 
f -19 -18 -15 
f -18 -15 -16 
f -18 -16 -15 
f -17 -16 -14 
f -17 -14 -16 
f -15 -13 -16 
f -15 -16 -13 
f -13 -12 -11 
f -13 -11 -12 
f -16 -13 -11 
f -16 -11 -13 
f -14 -16 -11 
f -14 -11 -16 
f -14 -11 -10 
f -14 -10 -11 
f -11 -12 -9 
f -11 -9 -12 
f -10 -11 -9 
f -10 -9 -11 
f -20 -8 -22 
f -20 -22 -8 
f -20 -7 -8 
f -20 -8 -7 
f -17 -6 -20 
f -17 -20 -6 
f -17 -5 -6 
f -17 -6 -5 
f -6 -7 -20 
f -6 -20 -7 
f -6 -4 -7 
f -6 -7 -4 
f -5 -4 -6 
f -5 -6 -4 
f -14 -5 -17 
f -14 -17 -5 
f -5 -3 -4 
f -5 -4 -3 
f -1 -2 -3 
f -1 -3 -2 
f -1 -3 -5 
f -1 -5 -3 
f -1 -5 -14 
f -1 -14 -5 
f -10 -1 -14 
f -10 -14 -1 
f -9 -2 -1 
f -9 -1 -2 
f -9 -1 -10 
f -9 -10 -1 

g violet_1InfInt
s off

usemtl violet_1InfInt

# 42 vertices
v -0.4385 5.6221 13.798
v 0.5043 5.02803 13.844
v 0.5431 6.139 13.6827
v -0.3539 5.9134 15.8247
v 0.5889 5.3193 15.8707
v 0.6277 6.4303 15.7094
v -0.3539 5.9134 15.8247
v 0.5889 5.3193 15.8707
v 0.6277 6.4303 15.7094
v -0.1636 6.3053 17.8595
v 0.7772 5.7068 17.8863
v 0.8137 6.8086 17.6707
v -0.1636 6.3053 17.8595
v 0.7772 5.7068 17.8863
v 0.8137 6.8086 17.6707
v 0.1312 6.7913 19.8613
v 1.06909 6.1875 19.8693
v 1.1004 7.2776 19.6001
v 0.1312 6.7913 19.8613
v 1.06909 6.1875 19.8693
v 1.1004 7.2776 19.6001
v 0.5292 7.3688 21.8204
v 1.4631 6.7589 21.8101
v 1.4866 7.8349 21.4882
v 0.5292 7.3688 21.8204
v 1.4631 6.7589 21.8101
v 1.4866 7.8349 21.4882
v 1.02869 8.0351 23.7275
v 1.9576 7.4182 23.6994
v 1.9705 8.4776 23.3259
v 1.02869 8.0351 23.7275
v 1.9576 7.4182 23.6994
v 1.9705 8.4776 23.3259
v 1.6271 8.7866 25.5734
v 2.5502 8.162 25.528
v 2.5498 9.2025 25.1045
v 1.6271 8.7866 25.5734
v 2.5502 8.162 25.528
v 2.5498 9.2025 25.1045
v 2.322 9.6198 27.3492
v 3.2382 8.9867 27.2873
v 3.222 10.00603 26.8154

# 42 faces
f -42 -39 -41 
f -41 -39 -38 
f -41 -38 -40 
f -40 -38 -37 
f -40 -37 -42 
f -42 -37 -39 
f -36 -33 -35 
f -35 -33 -32 
f -35 -32 -34 
f -34 -32 -31 
f -34 -31 -36 
f -36 -31 -33 
f -30 -27 -29 
f -29 -27 -26 
f -29 -26 -28 
f -28 -26 -25 
f -28 -25 -30 
f -30 -25 -27 
f -24 -21 -23 
f -23 -21 -20 
f -23 -20 -22 
f -22 -20 -19 
f -22 -19 -24 
f -24 -19 -21 
f -18 -15 -17 
f -17 -15 -14 
f -17 -14 -16 
f -16 -14 -13 
f -16 -13 -18 
f -18 -13 -15 
f -12 -9 -11 
f -11 -9 -8 
f -11 -8 -10 
f -10 -8 -7 
f -10 -7 -12 
f -12 -7 -9 
f -6 -3 -5 
f -5 -3 -2 
f -5 -2 -4 
f -4 -2 -1 
f -4 -1 -6 
f -6 -1 -3 

g violet_1Pdcel
s off

usemtl violet_1Pdcel

# 42 vertices
v 2.3001 9.5876 27.2802
v 3.249 9.002674 27.3212
v 3.2328 10.02193 26.8493
v 4.4728 13.7347 36.1633
v 5.4217 13.1498 36.2043
v 5.4055 14.1691 35.7324
v 4.4728 13.7347 36.1633
v 5.4217 13.1498 36.2043
v 5.4055 14.1691 35.7324
v 5.4169 17.9138 45.1574
v 6.3842 17.3781 45.3042
v 6.368 18.3974 44.8323
v 5.4169 17.9138 45.1574
v 6.3842 17.3781 45.3042
v 6.368 18.3974 44.8323
v 5.1401 22.09408 54.196
v 6.1114 21.6081 54.45
v 6.09523 22.6273 53.9781
v 5.1401 22.09408 54.196
v 6.1114 21.6081 54.45
v 6.09523 22.6273 53.9781
v 3.6463 26.2127 63.1433
v 4.6072 25.776 63.5042
v 4.591 26.7953 63.03238
v 3.6463 26.2127 63.1433
v 4.6072 25.776 63.5042
v 4.591 26.7953 63.03238
v 0.9583 30.2077 71.8647
v 1.8944 29.8193 72.3306
v 1.8782 30.8386 71.8587
v 0.9583 30.2077 71.8647
v 1.8944 29.8193 72.3306
v 1.8782 30.8386 71.8587
v -2.8836 34.01913 80.229
v -1.9863 33.6771 80.7965
v -2.002517 34.6963 80.3246
v -2.8836 34.01913 80.229
v -1.9863 33.6771 80.7965
v -2.002517 34.6963 80.3246
v -7.8217 37.5895 88.1104
v -6.9765 37.2913 88.7744
v -6.9927 38.3106 88.3025

# 42 faces
f -42 -39 -41 
f -41 -39 -38 
f -41 -38 -40 
f -40 -38 -37 
f -40 -37 -42 
f -42 -37 -39 
f -36 -33 -35 
f -35 -33 -32 
f -35 -32 -34 
f -34 -32 -31 
f -34 -31 -36 
f -36 -31 -33 
f -30 -27 -29 
f -29 -27 -26 
f -29 -26 -28 
f -28 -26 -25 
f -28 -25 -30 
f -30 -25 -27 
f -24 -21 -23 
f -23 -21 -20 
f -23 -20 -22 
f -22 -20 -19 
f -22 -19 -24 
f -24 -19 -21 
f -18 -15 -17 
f -17 -15 -14 
f -17 -14 -16 
f -16 -14 -13 
f -16 -13 -18 
f -18 -13 -15 
f -12 -9 -11 
f -11 -9 -8 
f -11 -8 -10 
f -10 -8 -7 
f -10 -7 -12 
f -12 -7 -9 
f -6 -3 -5 
f -5 -3 -2 
f -5 -2 -4 
f -4 -2 -1 
f -4 -1 -6 
f -6 -1 -3 

g violet_1Petal1
s off

usemtl violet_1Petal1

# 22 vertices
v -7.261 37.7311 88.3971
v -7.6557 36.6685 89.3943
v -7.3454 37.01688 89.8496
v -7.9944 35.9155 90.2012
v -7.6511 35.9144 90.859
v -7.4638 36.4117 91.1144
v -6.3286 34.5626 91.8403
v -6.5196 34.01709 91.4546
v -5.8971 35.1943 92.3357
v -6.08376 33.1114 92.4442
v -3.6854 32.2913 93.6432
v -5.8578 33.7881 93.00294
v -5.3987 34.4545 93.4105
v -2.3865 32.7788 94.4638
v -7.4251 37.6336 90.06853
v -7.1956 37.4455 90.9469
v -7.6023 36.9109 91.3785
v -5.7363 35.8972 92.6641
v -5.4581 36.8353 92.9022
v -4.6917 36.2163 93.9989
v -2.5763 34.1697 94.8442
v -4.9085 35.2038 93.8607

# 60 faces
f -22 -21 -20 
f -22 -20 -21 
f -21 -19 -20 
f -21 -20 -19 
f -20 -18 -17 
f -20 -17 -18 
f -18 -16 -17 
f -18 -17 -16 
f -20 -19 -18 
f -20 -18 -19 
f -19 -15 -18 
f -19 -18 -15 
f -18 -15 -16 
f -18 -16 -15 
f -17 -16 -14 
f -17 -14 -16 
f -15 -13 -16 
f -15 -16 -13 
f -13 -12 -11 
f -13 -11 -12 
f -16 -13 -11 
f -16 -11 -13 
f -14 -16 -11 
f -14 -11 -16 
f -14 -11 -10 
f -14 -10 -11 
f -11 -12 -9 
f -11 -9 -12 
f -10 -11 -9 
f -10 -9 -11 
f -20 -8 -22 
f -20 -22 -8 
f -20 -7 -8 
f -20 -8 -7 
f -17 -6 -20 
f -17 -20 -6 
f -17 -5 -6 
f -17 -6 -5 
f -6 -7 -20 
f -6 -20 -7 
f -6 -4 -7 
f -6 -7 -4 
f -5 -4 -6 
f -5 -6 -4 
f -14 -5 -17 
f -14 -17 -5 
f -5 -3 -4 
f -5 -4 -3 
f -1 -2 -3 
f -1 -3 -2 
f -1 -3 -5 
f -1 -5 -3 
f -1 -5 -14 
f -1 -14 -5 
f -10 -1 -14 
f -10 -14 -1 
f -9 -2 -1 
f -9 -1 -2 
f -9 -1 -10 
f -9 -10 -1 

g violet_1Petal1
s off

usemtl violet_1Petal1

# 22 vertices
v -7.261 37.7311 88.3971
v -7.2596 37.5393 89.8946
v -7.5376 38.1269 89.9444
v -7.3407 37.4041 91.03837
v -7.4652 37.9996 91.463
v -7.815 38.4408 91.2877
v -6.2926 39.09315 92.8661
v -5.8495 38.5699 92.9793
v -6.7105 39.8927 92.7368
v -5.4797 39.09899 94.2334
v -4.1591 41.3456 95.2682
v -6.07444 39.7778 94.1533
v -6.4572 40.5688 93.9325
v -4.1484 42.9561 95.3326
v -8.1002 38.374 89.7057
v -8.2715 38.9218 90.4339
v -8.3544 38.623 91.1696
v -7.2478 40.4162 92.4819
v -7.8317 41.06967 91.9856
v -7.5181 42.01355 93.07376
v -5.3678 43.4508 94.7135
v -6.8983 41.4333 93.6825

# 60 faces
f -22 -21 -20 
f -22 -20 -21 
f -21 -19 -20 
f -21 -20 -19 
f -20 -18 -17 
f -20 -17 -18 
f -18 -16 -17 
f -18 -17 -16 
f -20 -19 -18 
f -20 -18 -19 
f -19 -15 -18 
f -19 -18 -15 
f -18 -15 -16 
f -18 -16 -15 
f -17 -16 -14 
f -17 -14 -16 
f -15 -13 -16 
f -15 -16 -13 
f -13 -12 -11 
f -13 -11 -12 
f -16 -13 -11 
f -16 -11 -13 
f -14 -16 -11 
f -14 -11 -16 
f -14 -11 -10 
f -14 -10 -11 
f -11 -12 -9 
f -11 -9 -12 
f -10 -11 -9 
f -10 -9 -11 
f -20 -8 -22 
f -20 -22 -8 
f -20 -7 -8 
f -20 -8 -7 
f -17 -6 -20 
f -17 -20 -6 
f -17 -5 -6 
f -17 -6 -5 
f -6 -7 -20 
f -6 -20 -7 
f -6 -4 -7 
f -6 -7 -4 
f -5 -4 -6 
f -5 -6 -4 
f -14 -5 -17 
f -14 -17 -5 
f -5 -3 -4 
f -5 -4 -3 
f -1 -2 -3 
f -1 -3 -2 
f -1 -3 -5 
f -1 -5 -3 
f -1 -5 -14 
f -1 -14 -5 
f -10 -1 -14 
f -10 -14 -1 
f -9 -2 -1 
f -9 -1 -2 
f -9 -1 -10 
f -9 -10 -1 

g violet_1Petal1
s off

usemtl violet_1Petal1

# 22 vertices
v -7.261 37.7311 88.3971
v -7.8593 38.3924 89.6153
v -8.4324 38.3877 89.3047
v -8.3703 38.8348 90.5513
v -9.04408 39.1382 90.4838
v -9.4508 38.9176 90.1184
v -9.7916 41.1306 90.5891
v -9.2471 41.3692 90.949
v -10.4982 40.9968 90.02924
v -9.9998 42.4516 91.4505
v -11.2539 44.7704 90.4954
v -10.7498 42.1582 91.03533
v -11.3865 42.00571 90.4089
v -12.3531 45.3478 89.4677
v -8.7994 37.8995 89.0565
v -9.6151 38.2959 89.2493
v -9.8199 38.4849 89.9975
v -11.02736 40.6135 89.581
v -11.5522 40.1192 88.8779
v -12.5327 41.2142 88.9912
v -13.07182 44.2268 88.8828
v -12.09099 41.8164 89.7216

# 60 faces
f -22 -21 -20 
f -22 -20 -21 
f -21 -19 -20 
f -21 -20 -19 
f -20 -18 -17 
f -20 -17 -18 
f -18 -16 -17 
f -18 -17 -16 
f -20 -19 -18 
f -20 -18 -19 
f -19 -15 -18 
f -19 -18 -15 
f -18 -15 -16 
f -18 -16 -15 
f -17 -16 -14 
f -17 -14 -16 
f -15 -13 -16 
f -15 -16 -13 
f -13 -12 -11 
f -13 -11 -12 
f -16 -13 -11 
f -16 -11 -13 
f -14 -16 -11 
f -14 -11 -16 
f -14 -11 -10 
f -14 -10 -11 
f -11 -12 -9 
f -11 -9 -12 
f -10 -11 -9 
f -10 -9 -11 
f -20 -8 -22 
f -20 -22 -8 
f -20 -7 -8 
f -20 -8 -7 
f -17 -6 -20 
f -17 -20 -6 
f -17 -5 -6 
f -17 -6 -5 
f -6 -7 -20 
f -6 -20 -7 
f -6 -4 -7 
f -6 -7 -4 
f -5 -4 -6 
f -5 -6 -4 
f -14 -5 -17 
f -14 -17 -5 
f -5 -3 -4 
f -5 -4 -3 
f -1 -2 -3 
f -1 -3 -2 
f -1 -3 -5 
f -1 -5 -3 
f -1 -5 -14 
f -1 -14 -5 
f -10 -1 -14 
f -10 -14 -1 
f -9 -2 -1 
f -9 -1 -2 
f -9 -1 -10 
f -9 -10 -1 

g violet_1Petal1
s off

usemtl violet_1Petal1

# 22 vertices
v -7.261 37.7311 88.3971
v -8.6317 38.05692 88.9398
v -8.8017 37.4413 88.8086
v -9.67 38.2437 89.4087
v -10.2204 37.7672 89.2655
v -10.1258 37.1877 89.2116
v -12.02278 37.8783 88.1347
v -12.04885 38.5725 88.1505
v -12.06119 36.9911 87.9295
v -13.4396 38.5674 87.9154
v -15.2312 37.8647 85.8762
v -13.4663 37.6618 87.9288
v -13.4204 36.7928 87.6764
v -15.7387 36.671 84.9193
v -8.5631 36.8614 89.01199
v -9.3821 36.427 89.01926
v -9.9872 36.6862 89.471
v -11.887 36.2183 87.9433
v -11.5128 35.2886 87.8448
v -12.8522 34.9155 87.3551
v -15.1134 35.4325 85.3556
v -13.3588 35.8272 87.415

# 60 faces
f -22 -21 -20 
f -22 -20 -21 
f -21 -19 -20 
f -21 -20 -19 
f -20 -18 -17 
f -20 -17 -18 
f -18 -16 -17 
f -18 -17 -16 
f -20 -19 -18 
f -20 -18 -19 
f -19 -15 -18 
f -19 -18 -15 
f -18 -15 -16 
f -18 -16 -15 
f -17 -16 -14 
f -17 -14 -16 
f -15 -13 -16 
f -15 -16 -13 
f -13 -12 -11 
f -13 -11 -12 
f -16 -13 -11 
f -16 -11 -13 
f -14 -16 -11 
f -14 -11 -16 
f -14 -11 -10 
f -14 -10 -11 
f -11 -12 -9 
f -11 -9 -12 
f -10 -11 -9 
f -10 -9 -11 
f -20 -8 -22 
f -20 -22 -8 
f -20 -7 -8 
f -20 -8 -7 
f -17 -6 -20 
f -17 -20 -6 
f -17 -5 -6 
f -17 -6 -5 
f -6 -7 -20 
f -6 -20 -7 
f -6 -4 -7 
f -6 -7 -4 
f -5 -4 -6 
f -5 -6 -4 
f -14 -5 -17 
f -14 -17 -5 
f -5 -3 -4 
f -5 -4 -3 
f -1 -2 -3 
f -1 -3 -2 
f -1 -3 -5 
f -1 -5 -3 
f -1 -5 -14 
f -1 -14 -5 
f -10 -1 -14 
f -10 -14 -1 
f -9 -2 -1 
f -9 -1 -2 
f -9 -1 -10 
f -9 -10 -1 

g violet_1Petal1
s off

usemtl violet_1Petal1

# 22 vertices
v -7.261 37.7311 88.3971
v -8.5039 36.9753 88.8011
v -8.1197 36.5813 89.1505
v -9.4342 36.4123 89.189
v -9.3465 35.7447 89.5008
v -8.8792 35.6156 89.8365
v -9.8502 33.7578 88.9197
v -10.3377 33.9601 88.4677
v -9.1746 33.3508 89.3765
v -10.9828 32.7077 88.5388
v -10.483 30.03588 87.851
v -10.3972 32.4107 89.1632
v -9.6639 32.05551 89.5595
v -9.486 28.7857 88.05378
v -7.7009 36.6945 89.6469
v -7.8643 35.8935 90.08422
v -8.596 35.6987 90.3374
v -8.5676 33.2595 89.8775
v -7.6895 33.2284 90.3695
v -7.9331 31.7801 90.4968
v -8.5289 29.123 89.09557
v -8.8527 31.6787 90.0117

# 60 faces
f -22 -21 -20 
f -22 -20 -21 
f -21 -19 -20 
f -21 -20 -19 
f -20 -18 -17 
f -20 -17 -18 
f -18 -16 -17 
f -18 -17 -16 
f -20 -19 -18 
f -20 -18 -19 
f -19 -15 -18 
f -19 -18 -15 
f -18 -15 -16 
f -18 -16 -15 
f -17 -16 -14 
f -17 -14 -16 
f -15 -13 -16 
f -15 -16 -13 
f -13 -12 -11 
f -13 -11 -12 
f -16 -13 -11 
f -16 -11 -13 
f -14 -16 -11 
f -14 -11 -16 
f -14 -11 -10 
f -14 -10 -11 
f -11 -12 -9 
f -11 -9 -12 
f -10 -11 -9 
f -10 -9 -11 
f -20 -8 -22 
f -20 -22 -8 
f -20 -7 -8 
f -20 -8 -7 
f -17 -6 -20 
f -17 -20 -6 
f -17 -5 -6 
f -17 -6 -5 
f -6 -7 -20 
f -6 -20 -7 
f -6 -4 -7 
f -6 -7 -4 
f -5 -4 -6 
f -5 -6 -4 
f -14 -5 -17 
f -14 -17 -5 
f -5 -3 -4 
f -5 -4 -3 
f -1 -2 -3 
f -1 -3 -2 
f -1 -3 -5 
f -1 -5 -3 
f -1 -5 -14 
f -1 -14 -5 
f -10 -1 -14 
f -10 -14 -1 
f -9 -2 -1 
f -9 -1 -2 
f -9 -1 -10 
f -9 -10 -1 

g violet_1InfInt
s off

usemtl violet_1InfInt

# 42 vertices
v 3.3963 9.09484 27.2117
v 3.05884 10.09511 26.8515
v 2.3423 9.4152 27.3866
v 3.946 9.9252 29.00279
v 3.6084 10.9254 28.6426
v 2.892 10.2456 29.1777
v 3.946 9.9252 29.00279
v 3.6084 10.9254 28.6426
v 2.892 10.2456 29.1777
v 4.3646 10.774 30.856
v 4.02369 11.7665 30.478
v 3.2932 11.06521 30.9642
v 4.3646 10.774 30.856
v 4.02369 11.7665 30.478
v 3.2932 11.06521 30.9642
v 4.641 11.6252 32.7346
v 4.2981 12.6099 32.3385
v 3.5575 11.8869 32.7751
v 4.641 11.6252 32.7346
v 4.2981 12.6099 32.3385
v 3.5575 11.8869 32.7751
v 4.774 12.4748 34.6296
v 4.4304 13.4517 34.2153
v 3.6834 12.707 34.6016
v 4.774 12.4748 34.6296
v 4.4304 13.4517 34.2153
v 3.6834 12.707 34.6016
v 4.7629 13.3187 36.5317
v 4.42 14.288 36.09924
v 3.6704 13.5217 36.4348
v 4.7629 13.3187 36.5317
v 4.42 14.288 36.09924
v 3.6704 13.5217 36.4348
v 4.6077 14.1532 38.4316
v 4.2669 15.1149 37.981
v 3.5185 14.3271 38.2659
v 4.6077 14.1532 38.4316
v 4.2669 15.1149 37.981
v 3.5185 14.3271 38.2659
v 4.3092 14.9743 40.3203
v 3.9718 15.9286 39.8516
v 3.2284 15.1197 40.08588

# 42 faces
f -42 -39 -41 
f -41 -39 -38 
f -41 -38 -40 
f -40 -38 -37 
f -40 -37 -42 
f -42 -37 -39 
f -36 -33 -35 
f -35 -33 -32 
f -35 -32 -34 
f -34 -32 -31 
f -34 -31 -36 
f -36 -31 -33 
f -30 -27 -29 
f -29 -27 -26 
f -29 -26 -28 
f -28 -26 -25 
f -28 -25 -30 
f -30 -25 -27 
f -24 -21 -23 
f -23 -21 -20 
f -23 -20 -22 
f -22 -20 -19 
f -22 -19 -24 
f -24 -19 -21 
f -18 -15 -17 
f -17 -15 -14 
f -17 -14 -16 
f -16 -14 -13 
f -16 -13 -18 
f -18 -13 -15 
f -12 -9 -11 
f -11 -9 -8 
f -11 -8 -10 
f -10 -8 -7 
f -10 -7 -12 
f -12 -7 -9 
f -6 -3 -5 
f -5 -3 -2 
f -5 -2 -4 
f -4 -2 -1 
f -4 -1 -6 
f -6 -1 -3 

g violet_1Pdcel
s off

usemtl violet_1Pdcel

# 42 vertices
v 4.317 14.9459 40.2468
v 3.9679 15.9426 39.8879
v 3.2246 15.1337 40.1221
v 3.789 18.1791 49.7387
v 3.44 19.1759 49.3798
v 2.6966 18.3669 49.614
v 3.789 18.1791 49.7387
v 3.44 19.1759 49.3798
v 2.6966 18.3669 49.614
v 4.1847 20.6101 59.3918
v 3.8349 21.6404 59.1462
v 3.0916 20.8315 59.3804
v 4.1847 20.6101 59.3918
v 3.8349 21.6404 59.1462
v 3.0916 20.8315 59.3804
v 5.4905 22.2308 69.1343
v 5.1508 23.2852 69.00403
v 4.4074 22.4763 69.2382
v 5.4905 22.2308 69.1343
v 5.1508 23.2852 69.00403
v 4.4074 22.4763 69.2382
v 7.6866 23.01678 78.8198
v 7.3677 24.08552 78.8049
v 6.6243 23.2765 79.03914
v 7.6866 23.01678 78.8198
v 7.3677 24.08552 78.8049
v 6.6243 23.2765 79.03914
v 10.7401 22.9561 88.3025
v 10.4523 24.02925 88.4015
v 9.7089 23.2203 88.6357
v 10.7401 22.9561 88.3025
v 10.4523 24.02925 88.4015
v 9.7089 23.2203 88.6357
v 14.605 22.04991 97.4397
v 14.3583 23.1172 97.6495
v 13.6149 22.3083 97.8837
v 14.605 22.04991 97.4397
v 14.3583 23.1172 97.6495
v 13.6149 22.3083 97.8837
v 19.2231 20.3116 106.0942
v 19.02684 21.3633 106.4097
v 18.2834 20.5544 106.6439

# 42 faces
f -42 -39 -41 
f -41 -39 -38 
f -41 -38 -40 
f -40 -38 -37 
f -40 -37 -42 
f -42 -37 -39 
f -36 -33 -35 
f -35 -33 -32 
f -35 -32 -34 
f -34 -32 -31 
f -34 -31 -36 
f -36 -31 -33 
f -30 -27 -29 
f -29 -27 -26 
f -29 -26 -28 
f -28 -26 -25 
f -28 -25 -30 
f -30 -25 -27 
f -24 -21 -23 
f -23 -21 -20 
f -23 -20 -22 
f -22 -20 -19 
f -22 -19 -24 
f -24 -19 -21 
f -18 -15 -17 
f -17 -15 -14 
f -17 -14 -16 
f -16 -14 -13 
f -16 -13 -18 
f -18 -13 -15 
f -12 -9 -11 
f -11 -9 -8 
f -11 -8 -10 
f -10 -8 -7 
f -10 -7 -12 
f -12 -7 -9 
f -6 -3 -5 
f -5 -3 -2 
f -5 -2 -4 
f -4 -2 -1 
f -4 -1 -6 
f -6 -1 -3 

g violet_1Petal1
s off

usemtl violet_1Petal1

# 22 vertices
v 18.8427 20.7451 106.384
v 20.1672 21.4177 106.6535
v 19.9095 21.6459 107.2071
v 21.1831 21.8906 106.9314
v 21.2051 22.4108 107.4599
v 20.8575 22.3878 107.9357
v 21.568 24.5103 107.4613
v 21.8997 24.504 106.8507
v 21.06271 24.6938 108.1972
v 22.5681 25.7086 107.1537
v 21.9562 28.4133 107.5685
v 22.1945 25.7404 107.9786
v 21.6152 25.8907 108.6589
v 21.09043 29.4502 108.4478
v 19.6488 21.3456 107.7329
v 19.9505 21.9692 108.349
v 20.7287 22.1245 108.4378
v 20.6282 24.5706 108.8482
v 19.9299 24.3734 109.5466
v 20.2348 25.7143 110.0779
v 20.466 28.7201 109.5398
v 20.978 26.03714 109.4185

# 60 faces
f -22 -21 -20 
f -22 -20 -21 
f -21 -19 -20 
f -21 -20 -19 
f -20 -18 -17 
f -20 -17 -18 
f -18 -16 -17 
f -18 -17 -16 
f -20 -19 -18 
f -20 -18 -19 
f -19 -15 -18 
f -19 -18 -15 
f -18 -15 -16 
f -18 -16 -15 
f -17 -16 -14 
f -17 -14 -16 
f -15 -13 -16 
f -15 -16 -13 
f -13 -12 -11 
f -13 -11 -12 
f -16 -13 -11 
f -16 -11 -13 
f -14 -16 -11 
f -14 -11 -16 
f -14 -11 -10 
f -14 -10 -11 
f -11 -12 -9 
f -11 -9 -12 
f -10 -11 -9 
f -10 -9 -11 
f -20 -8 -22 
f -20 -22 -8 
f -20 -7 -8 
f -20 -8 -7 
f -17 -6 -20 
f -17 -20 -6 
f -17 -5 -6 
f -17 -6 -5 
f -6 -7 -20 
f -6 -20 -7 
f -6 -4 -7 
f -6 -7 -4 
f -5 -4 -6 
f -5 -6 -4 
f -14 -5 -17 
f -14 -17 -5 
f -5 -3 -4 
f -5 -4 -3 
f -1 -2 -3 
f -1 -3 -2 
f -1 -3 -5 
f -1 -5 -3 
f -1 -5 -14 
f -1 -14 -5 
f -10 -1 -14 
f -10 -14 -1 
f -9 -2 -1 
f -9 -1 -2 
f -9 -1 -10 
f -9 -10 -1 

g violet_1Petal1
s off

usemtl violet_1Petal1

# 22 vertices
v 18.8427 20.7451 106.384
v 19.5629 21.4925 107.4804
v 19.4207 20.9954 107.8774
v 20.1626 21.9976 108.3278
v 20.0617 21.7682 109.0261
v 19.966 21.2015 109.1581
v 19.1636 22.6292 110.7557
v 19.2192 23.2811 110.5215
v 18.9176 21.8395 111.1384
v 19.1533 23.8016 111.8308
v 17.3102 23.9891 113.9356
v 19.1217 22.9701 112.1893
v 18.8199 22.1711 112.4917
v 16.3594 23.155 114.9348
v 19.5627 20.3521 107.8526
v 19.6455 20.2449 108.7698
v 20.18 20.6619 109.1915
v 18.8694 21.05841 111.2621
v 18.6774 20.06987 111.2692
v 18.3334 20.2543 112.6907
v 16.6509 21.7392 114.7746
v 18.5021 21.2777 112.8162

# 60 faces
f -22 -21 -20 
f -22 -20 -21 
f -21 -19 -20 
f -21 -20 -19 
f -20 -18 -17 
f -20 -17 -18 
f -18 -16 -17 
f -18 -17 -16 
f -20 -19 -18 
f -20 -18 -19 
f -19 -15 -18 
f -19 -18 -15 
f -18 -15 -16 
f -18 -16 -15 
f -17 -16 -14 
f -17 -14 -16 
f -15 -13 -16 
f -15 -16 -13 
f -13 -12 -11 
f -13 -11 -12 
f -16 -13 -11 
f -16 -11 -13 
f -14 -16 -11 
f -14 -11 -16 
f -14 -11 -10 
f -14 -10 -11 
f -11 -12 -9 
f -11 -9 -12 
f -10 -11 -9 
f -10 -9 -11 
f -20 -8 -22 
f -20 -22 -8 
f -20 -7 -8 
f -20 -8 -7 
f -17 -6 -20 
f -17 -20 -6 
f -17 -5 -6 
f -17 -6 -5 
f -6 -7 -20 
f -6 -20 -7 
f -6 -4 -7 
f -6 -7 -4 
f -5 -4 -6 
f -5 -6 -4 
f -14 -5 -17 
f -14 -17 -5 
f -5 -3 -4 
f -5 -4 -3 
f -1 -2 -3 
f -1 -3 -2 
f -1 -3 -5 
f -1 -5 -3 
f -1 -5 -14 
f -1 -14 -5 
f -10 -1 -14 
f -10 -14 -1 
f -9 -2 -1 
f -9 -1 -2 
f -9 -1 -10 
f -9 -10 -1 

g violet_1Petal1
s off

usemtl violet_1Petal1

# 22 vertices
v 18.8427 20.7451 106.384
v 19.3323 20.5434 107.7978
v 19.6325 20.00356 107.5895
v 19.7841 20.389 108.849
v 20.0647 19.7253 109.026
v 20.3523 19.3928 108.633
v 19.4667 18.1665 110.3496
v 19.06742 18.5816 110.7384
v 19.8469 17.4876 109.8751
v 19.1555 17.7047 111.8397
v 18.3382 15.1172 112.5459
v 19.7144 17.1515 111.3896
v 20.03093 16.4999 110.8454
v 18.409 13.5567 112.1484
v 20.09245 19.9004 107.1286
v 20.5162 19.2104 107.5802
v 20.828 19.3179 108.3073
v 20.2878 17.1207 109.3285
v 20.6972 16.6975 108.5115
v 20.7984 15.4733 109.3264
v 19.3705 13.3988 111.0688
v 20.3954 15.7928 110.2357

# 60 faces
f -22 -21 -20 
f -22 -20 -21 
f -21 -19 -20 
f -21 -20 -19 
f -20 -18 -17 
f -20 -17 -18 
f -18 -16 -17 
f -18 -17 -16 
f -20 -19 -18 
f -20 -18 -19 
f -19 -15 -18 
f -19 -18 -15 
f -18 -15 -16 
f -18 -16 -15 
f -17 -16 -14 
f -17 -14 -16 
f -15 -13 -16 
f -15 -16 -13 
f -13 -12 -11 
f -13 -11 -12 
f -16 -13 -11 
f -16 -11 -13 
f -14 -16 -11 
f -14 -11 -16 
f -14 -11 -10 
f -14 -10 -11 
f -11 -12 -9 
f -11 -9 -12 
f -10 -11 -9 
f -10 -9 -11 
f -20 -8 -22 
f -20 -22 -8 
f -20 -7 -8 
f -20 -8 -7 
f -17 -6 -20 
f -17 -20 -6 
f -17 -5 -6 
f -17 -6 -5 
f -6 -7 -20 
f -6 -20 -7 
f -6 -4 -7 
f -6 -7 -4 
f -5 -4 -6 
f -5 -6 -4 
f -14 -5 -17 
f -14 -17 -5 
f -5 -3 -4 
f -5 -4 -3 
f -1 -2 -3 
f -1 -3 -2 
f -1 -3 -5 
f -1 -5 -3 
f -1 -5 -14 
f -1 -14 -5 
f -10 -1 -14 
f -10 -14 -1 
f -9 -2 -1 
f -9 -1 -2 
f -9 -1 -10 
f -9 -10 -1 

g violet_1Petal1
s off

usemtl violet_1Petal1

# 22 vertices
v 18.8427 20.7451 106.384
v 19.792 19.8732 107.17
v 20.2542 20.03183 106.7385
v 20.567 19.2727 107.7796
v 21.21 19.08631 107.4597
v 21.4861 19.4444 107.0812
v 22.06135 17.2478 106.8004
v 21.6526 16.8562 107.2036
v 22.575 17.6116 106.1413
v 22.5716 15.7867 107.1681
v 23.6291 13.9755 105.3071
v 23.1589 16.2714 106.6772
v 23.586 16.6615 105.9797
v 24.4258 13.8303 103.9135
v 20.5108 20.6105 106.5546
v 21.3676 20.2858 106.4129
v 21.7832 19.9373 106.9987
v 22.9365 18.1627 105.7015
v 23.2169 18.8855 105.0588
v 24.2463 17.9338 104.603
v 24.8919 15.1473 103.509
v 24.05907 17.1113 105.2192

# 60 faces
f -22 -21 -20 
f -22 -20 -21 
f -21 -19 -20 
f -21 -20 -19 
f -20 -18 -17 
f -20 -17 -18 
f -18 -16 -17 
f -18 -17 -16 
f -20 -19 -18 
f -20 -18 -19 
f -19 -15 -18 
f -19 -18 -15 
f -18 -15 -16 
f -18 -16 -15 
f -17 -16 -14 
f -17 -14 -16 
f -15 -13 -16 
f -15 -16 -13 
f -13 -12 -11 
f -13 -11 -12 
f -16 -13 -11 
f -16 -11 -13 
f -14 -16 -11 
f -14 -11 -16 
f -14 -11 -10 
f -14 -10 -11 
f -11 -12 -9 
f -11 -9 -12 
f -10 -11 -9 
f -10 -9 -11 
f -20 -8 -22 
f -20 -22 -8 
f -20 -7 -8 
f -20 -8 -7 
f -17 -6 -20 
f -17 -20 -6 
f -17 -5 -6 
f -17 -6 -5 
f -6 -7 -20 
f -6 -20 -7 
f -6 -4 -7 
f -6 -7 -4 
f -5 -4 -6 
f -5 -6 -4 
f -14 -5 -17 
f -14 -17 -5 
f -5 -3 -4 
f -5 -4 -3 
f -1 -2 -3 
f -1 -3 -2 
f -1 -3 -5 
f -1 -5 -3 
f -1 -5 -14 
f -1 -14 -5 
f -10 -1 -14 
f -10 -14 -1 
f -9 -2 -1 
f -9 -1 -2 
f -9 -1 -10 
f -9 -10 -1 

g violet_1Petal1
s off

usemtl violet_1Petal1

# 22 vertices
v 18.8427 20.7451 106.384
v 20.3158 20.4217 106.4521
v 20.428 21.06218 106.4986
v 21.4447 20.2147 106.5766
v 21.9255 20.7711 106.4772
v 21.8031 21.3233 106.6437
v 23.3796 21.2276 104.9884
v 23.4295 20.5716 104.7646
v 23.3377 22.1325 105.0887
v 24.7126 20.808 104.2284
v 25.8989 22.317 102.1845
v 24.7149 21.6598 104.5372
v 24.5799 22.5529 104.608
v 26.108 23.8013 101.5918
v 20.2325 21.5172 106.9337
v 21.01272 22.01664 106.8953
v 21.7209 21.698 107.0806
v 23.15 22.8364 105.4002
v 22.7356 23.701 105.7082
v 23.8927 24.3586 105.0744
v 25.5791 24.7593 102.5498
v 24.4245 23.5381 104.7065

# 60 faces
f -22 -21 -20 
f -22 -20 -21 
f -21 -19 -20 
f -21 -20 -19 
f -20 -18 -17 
f -20 -17 -18 
f -18 -16 -17 
f -18 -17 -16 
f -20 -19 -18 
f -20 -18 -19 
f -19 -15 -18 
f -19 -18 -15 
f -18 -15 -16 
f -18 -16 -15 
f -17 -16 -14 
f -17 -14 -16 
f -15 -13 -16 
f -15 -16 -13 
f -13 -12 -11 
f -13 -11 -12 
f -16 -13 -11 
f -16 -11 -13 
f -14 -16 -11 
f -14 -11 -16 
f -14 -11 -10 
f -14 -10 -11 
f -11 -12 -9 
f -11 -9 -12 
f -10 -11 -9 
f -10 -9 -11 
f -20 -8 -22 
f -20 -22 -8 
f -20 -7 -8 
f -20 -8 -7 
f -17 -6 -20 
f -17 -20 -6 
f -17 -5 -6 
f -17 -6 -5 
f -6 -7 -20 
f -6 -20 -7 
f -6 -4 -7 
f -6 -7 -4 
f -5 -4 -6 
f -5 -6 -4 
f -14 -5 -17 
f -14 -17 -5 
f -5 -3 -4 
f -5 -4 -3 
f -1 -2 -3 
f -1 -3 -2 
f -1 -3 -5 
f -1 -5 -3 
f -1 -5 -14 
f -1 -14 -5 
f -10 -1 -14 
f -10 -14 -1 
f -9 -2 -1 
f -9 -1 -2 
f -9 -1 -10 
f -9 -10 -1 

g violet_Intrnd
s off

usemtl violet_Intrnd

# 42 vertices
v 0.5876 1.5289 -0.2032
v -0.5288 1.4982 0.05907
v 0.2516 1.04981 0.7835
v 0.6073 1.7388 -0.09466
v -0.5091 1.708 0.1677
v 0.2713 1.2596 0.8921
v 0.6073 1.7388 -0.09466
v -0.5091 1.708 0.1677
v 0.2713 1.2596 0.8921
v 0.6271 1.9487 0.01396
v -0.4894 1.9179 0.2763
v 0.291 1.4695 1.000822
v 0.6271 1.9487 0.01396
v -0.4894 1.9179 0.2763
v 0.291 1.4695 1.000822
v 0.6468 2.1586 0.1225
v -0.4696 2.1278 0.3849
v 0.3108 1.6794 1.1094
v 0.6468 2.1586 0.1225
v -0.4696 2.1278 0.3849
v 0.3108 1.6794 1.1094
v 0.6666 2.3684 0.2312
v -0.4499 2.3377 0.4935
v 0.3305 1.8893 1.218
v 0.6666 2.3684 0.2312
v -0.4499 2.3377 0.4935
v 0.3305 1.8893 1.218
v 0.6863 2.5783 0.3398
v -0.4301 2.5475 0.6022
v 0.3503 2.09917 1.3267
v 0.6863 2.5783 0.3398
v -0.4301 2.5475 0.6022
v 0.3503 2.09917 1.3267
v 0.7061 2.7882 0.4484
v -0.4104 2.7574 0.7108
v 0.37 2.309 1.4353
v 0.7061 2.7882 0.4484
v -0.4104 2.7574 0.7108
v 0.37 2.309 1.4353
v 0.7258 2.9981 0.5571
v -0.3906 2.9673 0.8194
v 0.3898 2.5189 1.5439

# 42 faces
f -42 -39 -41 
f -41 -39 -38 
f -41 -38 -40 
f -40 -38 -37 
f -40 -37 -42 
f -42 -37 -39 
f -36 -33 -35 
f -35 -33 -32 
f -35 -32 -34 
f -34 -32 -31 
f -34 -31 -36 
f -36 -31 -33 
f -30 -27 -29 
f -29 -27 -26 
f -29 -26 -28 
f -28 -26 -25 
f -28 -25 -30 
f -30 -25 -27 
f -24 -21 -23 
f -23 -21 -20 
f -23 -20 -22 
f -22 -20 -19 
f -22 -19 -24 
f -24 -19 -21 
f -18 -15 -17 
f -17 -15 -14 
f -17 -14 -16 
f -16 -14 -13 
f -16 -13 -18 
f -18 -13 -15 
f -12 -9 -11 
f -11 -9 -8 
f -11 -8 -10 
f -10 -8 -7 
f -10 -7 -12 
f -12 -7 -9 
f -6 -3 -5 
f -5 -3 -2 
f -5 -2 -4 
f -4 -2 -1 
f -4 -1 -6 
f -6 -1 -3 

g violet_Petiole
s off

usemtl violet_Petiole

# 42 vertices
v 1.2342 2.8769 -0.06559
v -1.09788 3.2893 0.7025
v 0.5958 2.3162 2.2747
v 5.7325 18.8857 4.9968
v 3.4003 19.2981 5.765
v 5.09407 18.325 7.3371
v 5.7325 18.8857 4.9968
v 3.4003 19.2981 5.765
v 5.09407 18.325 7.3371
v 12.8918 34.2364 6.7852
v 10.7394 35.1324 7.659
v 12.4331 34.1593 9.2311
v 12.8918 34.2364 6.7852
v 10.7394 35.1324 7.659
v 12.4331 34.1593 9.2311
v 22.3439 48.3298 5.3254
v 20.4495 49.6848 6.2053
v 22.1432 48.7118 7.7775
v 22.3439 48.3298 5.3254
v 20.4495 49.6848 6.2053
v 22.1432 48.7118 7.7775
v 33.5222 60.3212 0.7049
v 31.9486 62.08332 1.4912
v 33.6423 61.1102 3.0634
v 33.5222 60.3212 0.7049
v 31.9486 62.08332 1.4912
v 33.6423 61.1102 3.0634
v 45.7567 69.492 -6.7991
v 44.5475 71.5846 -6.2008
v 46.2412 70.6115 -4.6286
v 45.7567 69.492 -6.7991
v 44.5475 71.5846 -6.2008
v 46.2412 70.6115 -4.6286
v 58.3141 75.2923 -16.7371
v 57.491 77.6192 -16.4097
v 59.1847 76.6461 -14.8376
v 58.3141 75.2923 -16.7371
v 57.491 77.6192 -16.4097
v 59.1847 76.6461 -14.8376
v 70.4417 77.3746 -28.5134
v 70.00331 79.8255 -28.5237
v 71.697 78.8524 -26.9515

# 42 faces
f -42 -39 -41 
f -41 -39 -38 
f -41 -38 -40 
f -40 -38 -37 
f -40 -37 -42 
f -42 -37 -39 
f -36 -33 -35 
f -35 -33 -32 
f -35 -32 -34 
f -34 -32 -31 
f -34 -31 -36 
f -36 -31 -33 
f -30 -27 -29 
f -29 -27 -26 
f -29 -26 -28 
f -28 -26 -25 
f -28 -25 -30 
f -30 -25 -27 
f -24 -21 -23 
f -23 -21 -20 
f -23 -20 -22 
f -22 -20 -19 
f -22 -19 -24 
f -24 -19 -21 
f -18 -15 -17 
f -17 -15 -14 
f -17 -14 -16 
f -16 -14 -13 
f -16 -13 -18 
f -18 -13 -15 
f -12 -9 -11 
f -11 -9 -8 
f -11 -8 -10 
f -10 -8 -7 
f -10 -7 -12 
f -12 -7 -9 
f -6 -3 -5 
f -5 -3 -2 
f -5 -2 -4 
f -4 -2 -1 
f -4 -1 -6 
f -6 -1 -3 

g violet_Leaf
s off

usemtl violet_Leaf

# 30 vertices
v 70.7153 78.6904 -27.9938
v 53.03255 82.2722 -24.7864
v 64.6175 98.1312 -24.5777
v 77.2931 102.8469 -29.9326
v 45.5923 89.4225 -22.7048
v 49.927 99.5333 -25.8504
v 61.4202 109.1986 -32.7208
v 75.04176 117.0887 -40.2344
v 101.2421 97.9132 -46.8642
v 92.9834 116.5993 -49.384
v 106.7449 112.1313 -61.8197
v 113.807 107.4514 -74.1409
v 87.2214 110.5901 -39.2807
v 91.8327 99.71 -38.2595
v 98.823 108.7226 -46.5114
v 84.09593 86.9517 -34.2913
v 94.2154 93.2747 -39.9546
v 65.1657 61.2872 -26.5354
v 84.6637 63.4602 -27.4673
v 94.7015 72.7379 -32.442
v 67.7485 51.102 -25.8986
v 78.4136 50.2641 -29.9567
v 92.0169 56.2798 -37.1313
v 105.1109 65.0823 -44.5689
v 115.3992 97.6169 -62.5606
v 107.1816 79.2441 -38.6117
v 98.6906 87.8489 -39.248
v 113.0296 81.9283 -52.2736
v 109.1599 90.3907 -48.508
v 111.5838 105.169 -62.1788

# 84 faces
f -30 -29 -28 
f -30 -28 -29 
f -30 -28 -27 
f -30 -27 -28 
f -29 -26 -28 
f -29 -28 -26 
f -26 -25 -28 
f -26 -28 -25 
f -25 -24 -28 
f -25 -28 -24 
f -24 -23 -27 
f -24 -27 -23 
f -28 -24 -27 
f -28 -27 -24 
f -27 -18 -17 
f -27 -17 -18 
f -18 -21 -16 
f -18 -16 -21 
f -18 -16 -17 
f -18 -17 -16 
f -17 -16 -22 
f -17 -22 -16 
f -21 -20 -16 
f -21 -16 -20 
f -16 -20 -22 
f -16 -22 -20 
f -30 -27 -15 
f -30 -15 -27 
f -15 -27 -17 
f -15 -17 -27 
f -15 -17 -14 
f -15 -14 -17 
f -17 -22 -14 
f -17 -14 -22 
f -23 -18 -27 
f -23 -27 -18 
f -23 -21 -18 
f -23 -18 -21 
f -12 -13 -30 
f -12 -30 -13 
f -11 -12 -30 
f -11 -30 -12 
f -12 -10 -13 
f -12 -13 -10 
f -12 -9 -10 
f -12 -10 -9 
f -12 -8 -9 
f -12 -9 -8 
f -11 -7 -8 
f -11 -8 -7 
f -11 -8 -12 
f -11 -12 -8 
f -4 -5 -11 
f -4 -11 -5 
f -2 -3 -5 
f -2 -5 -3 
f -4 -2 -5 
f -4 -5 -2 
f -22 -2 -4 
f -22 -4 -2 
f -2 -6 -3 
f -2 -3 -6 
f -22 -6 -2 
f -22 -2 -6 
f -15 -11 -30 
f -15 -30 -11 
f -4 -11 -15 
f -4 -15 -11 
f -14 -4 -15 
f -14 -15 -4 
f -14 -22 -4 
f -14 -4 -22 
f -11 -5 -7 
f -11 -7 -5 
f -5 -3 -7 
f -5 -7 -3 
f -22 -20 -1 
f -22 -1 -20 
f -20 -19 -1 
f -20 -1 -19 
f -22 -1 -6 
f -22 -6 -1 
f -1 -19 -6 
f -1 -6 -19 

g violet_1Pdncle
s off

usemtl violet_1Pdncle

# 42 vertices
v 0.707 2.9508 0.5481
v -0.3705 2.9843 0.8339
v 0.3881 2.5484 1.5383
v 0.707 2.9508 0.5481
v -0.3705 2.9843 0.8339
v 0.3881 2.5484 1.5383
v 0.707 2.9508 0.5481
v -0.3705 2.9843 0.8339
v 0.3881 2.5484 1.5383
v 0.6992 2.9077 0.5297
v -0.3667 3.005642 0.843
v 0.392 2.5697 1.5473
v 0.6992 2.9077 0.5297
v -0.3667 3.005642 0.843
v 0.392 2.5697 1.5473
v 0.689 2.8641 0.5138
v -0.3616 3.02712 0.8508
v 0.397 2.5911 1.5552
v 0.689 2.8641 0.5138
v -0.3616 3.02712 0.8508
v 0.397 2.5911 1.5552
v 0.6763 2.8203 0.5004
v -0.3554 3.0487 0.8574
v 0.4033 2.6127 1.5618
v 0.6763 2.8203 0.5004
v -0.3554 3.0487 0.8574
v 0.4033 2.6127 1.5618
v 0.6612 2.7766 0.4895
v -0.3479 3.07026 0.8628
v 0.4107 2.6343 1.5671
v 0.6612 2.7766 0.4895
v -0.3479 3.07026 0.8628
v 0.4107 2.6343 1.5671
v 0.6439 2.7331 0.4813
v -0.3394 3.09169 0.8668
v 0.4193 2.6557 1.5712
v 0.6439 2.7331 0.4813
v -0.3394 3.09169 0.8668
v 0.4193 2.6557 1.5712
v 0.6243 2.6901 0.4758
v -0.3298 3.1128 0.8696
v 0.4289 2.6769 1.5739

# 42 faces
f -42 -39 -41 
f -41 -39 -38 
f -41 -38 -40 
f -40 -38 -37 
f -40 -37 -42 
f -42 -37 -39 
f -36 -33 -35 
f -35 -33 -32 
f -35 -32 -34 
f -34 -32 -31 
f -34 -31 -36 
f -36 -31 -33 
f -30 -27 -29 
f -29 -27 -26 
f -29 -26 -28 
f -28 -26 -25 
f -28 -25 -30 
f -30 -25 -27 
f -24 -21 -23 
f -23 -21 -20 
f -23 -20 -22 
f -22 -20 -19 
f -22 -19 -24 
f -24 -19 -21 
f -18 -15 -17 
f -17 -15 -14 
f -17 -14 -16 
f -16 -14 -13 
f -16 -13 -18 
f -18 -13 -15 
f -12 -9 -11 
f -11 -9 -8 
f -11 -8 -10 
f -10 -8 -7 
f -10 -7 -12 
f -12 -7 -9 
f -6 -3 -5 
f -5 -3 -2 
f -5 -2 -4 
f -4 -2 -1 
f -4 -1 -6 
f -6 -1 -3 

g violet_1InfInt
s off

usemtl violet_1InfInt

# 42 vertices
v -0.3317 3.1113 1.07488
v 0.5829 2.6183 1.4804
v 0.4587 2.7563 0.3725
v 0.5962 4.9342 1.1979
v 1.5109 4.4412 1.6034
v 1.3867 4.5792 0.4956
v 0.5962 4.9342 1.1979
v 1.5109 4.4412 1.6034
v 1.3867 4.5792 0.4956
v 1.5698 6.7542 1.264
v 2.4798 6.2525 1.6695
v 2.3432 6.3659 0.5603
v 1.5698 6.7542 1.264
v 2.4798 6.2525 1.6695
v 2.3432 6.3659 0.5603
v 2.581 8.5548 1.2723
v 3.4862 8.04454 1.6779
v 3.3366 8.1336 0.5681
v 2.581 8.5548 1.2723
v 3.4862 8.04454 1.6779
v 3.3366 8.1336 0.5681
v 3.6285 10.3338 1.2227
v 4.5286 9.815 1.6286
v 4.3656 9.8801 0.5191
v 3.6285 10.3338 1.2227
v 4.5286 9.815 1.6286
v 4.3656 9.8801 0.5191
v 4.7111 12.08918 1.1152
v 5.606 11.562 1.5218
v 5.429 11.6033 0.4133
v 4.7111 12.08918 1.1152
v 5.606 11.562 1.5218
v 5.429 11.6033 0.4133
v 5.8274 13.8186 0.95
v 6.717 13.2833 1.3576
v 6.5256 13.3011 0.2508
v 5.8274 13.8186 0.95
v 6.717 13.2833 1.3576
v 6.5256 13.3011 0.2508
v 6.9762 15.5202 0.7273
v 7.8603 14.9767 1.1362
v 7.654 14.9715 0.032

# 42 faces
f -42 -39 -41 
f -41 -39 -38 
f -41 -38 -40 
f -40 -38 -37 
f -40 -37 -42 
f -42 -37 -39 
f -36 -33 -35 
f -35 -33 -32 
f -35 -32 -34 
f -34 -32 -31 
f -34 -31 -36 
f -36 -31 -33 
f -30 -27 -29 
f -29 -27 -26 
f -29 -26 -28 
f -28 -26 -25 
f -28 -25 -30 
f -30 -25 -27 
f -24 -21 -23 
f -23 -21 -20 
f -23 -20 -22 
f -22 -20 -19 
f -22 -19 -24 
f -24 -19 -21 
f -18 -15 -17 
f -17 -15 -14 
f -17 -14 -16 
f -16 -14 -13 
f -16 -13 -18 
f -18 -13 -15 
f -12 -9 -11 
f -11 -9 -8 
f -11 -8 -10 
f -10 -8 -7 
f -10 -7 -12 
f -12 -7 -9 
f -6 -3 -5 
f -5 -3 -2 
f -5 -2 -4 
f -4 -2 -1 
f -4 -1 -6 
f -6 -1 -3 

g violet_1Pdcel
s off

usemtl violet_1Pdcel

# 42 vertices
v 6.9225 15.4239 0.7378
v 7.8867 15.02424 1.131
v 7.6805 15.01897 0.02683
v 11.0357 24.5482 -0.07386
v 11.9999 24.1485 0.3193
v 11.7937 24.1432 -0.7848
v 11.0357 24.5482 -0.07386
v 11.9999 24.1485 0.3193
v 11.7937 24.1432 -0.7848
v 13.5175 34.1506 -0.5832
v 14.5366 33.9065 -0.2009
v 14.3304 33.9012 -1.3051
v 13.5175 34.1506 -0.5832
v 14.5366 33.9065 -0.2009
v 14.3304 33.9012 -1.3051
v 14.3487 44.04471 -0.7856
v 15.3956 43.9635 -0.4094
v 15.1894 43.9582 -1.5136
v 14.3487 44.04471 -0.7856
v 15.3956 43.9635 -0.4094
v 15.1894 43.9582 -1.5136
v 13.5048 53.9391 -0.6752
v 14.5518 54.02338 -0.2997
v 14.3455 54.01811 -1.4039
v 13.5048 53.9391 -0.6752
v 14.5518 54.02338 -0.2997
v 14.3455 54.01811 -1.4039
v 11.0106 63.5427 -0.2551
v 12.02982 63.7898 0.1246
v 11.8235 63.7845 -0.9795
v 11.0106 63.5427 -0.2551
v 12.02982 63.7898 0.1246
v 11.8235 63.7845 -0.9795
v 6.9395 72.5724 0.462
v 7.904 72.9754 0.8513
v 7.6977 72.9701 -0.2528
v 6.9395 72.5724 0.462
v 7.904 72.9754 0.8513
v 7.6977 72.9701 -0.2528
v 1.4114 80.7626 1.4554
v 2.2958 81.3095 1.859
v 2.08963 81.3042 0.7548

# 42 faces
f -42 -39 -41 
f -41 -39 -38 
f -41 -38 -40 
f -40 -38 -37 
f -40 -37 -42 
f -42 -37 -39 
f -36 -33 -35 
f -35 -33 -32 
f -35 -32 -34 
f -34 -32 -31 
f -34 -31 -36 
f -36 -31 -33 
f -30 -27 -29 
f -29 -27 -26 
f -29 -26 -28 
f -28 -26 -25 
f -28 -25 -30 
f -30 -25 -27 
f -24 -21 -23 
f -23 -21 -20 
f -23 -20 -22 
f -22 -20 -19 
f -22 -19 -24 
f -24 -19 -21 
f -18 -15 -17 
f -17 -15 -14 
f -17 -14 -16 
f -16 -14 -13 
f -16 -13 -18 
f -18 -13 -15 
f -12 -9 -11 
f -11 -9 -8 
f -11 -8 -10 
f -10 -8 -7 
f -10 -7 -12 
f -12 -7 -9 
f -6 -3 -5 
f -5 -3 -2 
f -5 -2 -4 
f -4 -2 -1 
f -4 -1 -6 
f -6 -1 -3 

g violet_1Petal1
s off

usemtl violet_1Petal1

# 22 vertices
v 1.9347 81.1272 1.3559
v 1.3488 81.7599 2.7512
v 1.6378 82.3775 2.5598
v 0.8574 82.305 3.7682
v 1.145 83.01945 4.006352
v 1.3313 83.4669 3.5875
v 2.4038 83.7291 5.8145
v 2.2283 83.1312 6.2407
v 2.8278 84.4946 5.3513
v 2.5445 83.8992 7.5286
v 4.9538 85.1263 8.9317
v 2.7402 84.7221 7.02522
v 3.2061 85.4118 6.4995
v 6.2678 86.2743 8.7831
v 1.5445 82.7974 1.987
v 1.6756 83.6647 2.4821
v 1.1652 83.888 3.147
v 2.983 85.08215 4.7416
v 3.2841 85.6671 3.8674
v 3.9527 86.676 4.9162
v 6.06103 87.1036 7.4542
v 3.703 86.1761 5.9041

# 60 faces
f -22 -21 -20 
f -22 -20 -21 
f -21 -19 -20 
f -21 -20 -19 
f -20 -18 -17 
f -20 -17 -18 
f -18 -16 -17 
f -18 -17 -16 
f -20 -19 -18 
f -20 -18 -19 
f -19 -15 -18 
f -19 -18 -15 
f -18 -15 -16 
f -18 -16 -15 
f -17 -16 -14 
f -17 -14 -16 
f -15 -13 -16 
f -15 -16 -13 
f -13 -12 -11 
f -13 -11 -12 
f -16 -13 -11 
f -16 -11 -13 
f -14 -16 -11 
f -14 -11 -16 
f -14 -11 -10 
f -14 -10 -11 
f -11 -12 -9 
f -11 -9 -12 
f -10 -11 -9 
f -10 -9 -11 
f -20 -8 -22 
f -20 -22 -8 
f -20 -7 -8 
f -20 -8 -7 
f -17 -6 -20 
f -17 -20 -6 
f -17 -5 -6 
f -17 -6 -5 
f -6 -7 -20 
f -6 -20 -7 
f -6 -4 -7 
f -6 -7 -4 
f -5 -4 -6 
f -5 -6 -4 
f -14 -5 -17 
f -14 -17 -5 
f -5 -3 -4 
f -5 -4 -3 
f -1 -2 -3 
f -1 -3 -2 
f -1 -3 -5 
f -1 -5 -3 
f -1 -5 -14 
f -1 -14 -5 
f -10 -1 -14 
f -10 -14 -1 
f -9 -2 -1 
f -9 -1 -2 
f -9 -1 -10 
f -9 -10 -1 

g violet_1Petal1
s off

usemtl violet_1Petal1

# 22 vertices
v 1.9347 81.1272 1.3559
v 1.7861 82.5207 2.2082
v 1.4388 82.7905 1.653
v 1.5831 83.5793 2.8495
v 1.3598 84.2422 2.449
v 0.9701 84.2168 1.9411
v 2.3927 86.255 1.9597
v 2.8957 86.1953 2.5196
v 1.8991 86.4227 1.1179
v 3.1195 87.7112 2.5413
v 4.2698 89.8833 0.7419
v 2.4383 87.8518 1.8447
v 1.993 87.9301 0.9703
v 4.1592 90.6516 -0.8278
v 0.8405 82.5904 1.314
v 0.5369 83.5257 1.09605
v 0.3883 84.1103 1.7194
v 1.31 86.3305 0.497
v 0.6878 86.05116 -0.3583
v 0.8394 87.577 -0.8204
v 2.8763 90.0996 -1.5667
v 1.4828 88.00411 0.0113

# 60 faces
f -22 -21 -20 
f -22 -20 -21 
f -21 -19 -20 
f -21 -20 -19 
f -20 -18 -17 
f -20 -17 -18 
f -18 -16 -17 
f -18 -17 -16 
f -20 -19 -18 
f -20 -18 -19 
f -19 -15 -18 
f -19 -18 -15 
f -18 -15 -16 
f -18 -16 -15 
f -17 -16 -14 
f -17 -14 -16 
f -15 -13 -16 
f -15 -16 -13 
f -13 -12 -11 
f -13 -11 -12 
f -16 -13 -11 
f -16 -11 -13 
f -14 -16 -11 
f -14 -11 -16 
f -14 -11 -10 
f -14 -10 -11 
f -11 -12 -9 
f -11 -9 -12 
f -10 -11 -9 
f -10 -9 -11 
f -20 -8 -22 
f -20 -22 -8 
f -20 -7 -8 
f -20 -8 -7 
f -17 -6 -20 
f -17 -20 -6 
f -17 -5 -6 
f -17 -6 -5 
f -6 -7 -20 
f -6 -20 -7 
f -6 -4 -7 
f -6 -7 -4 
f -5 -4 -6 
f -5 -6 -4 
f -14 -5 -17 
f -14 -17 -5 
f -5 -3 -4 
f -5 -4 -3 
f -1 -2 -3 
f -1 -3 -2 
f -1 -3 -5 
f -1 -5 -3 
f -1 -5 -14 
f -1 -14 -5 
f -10 -1 -14 
f -10 -14 -1 
f -9 -2 -1 
f -9 -1 -2 
f -9 -1 -10 
f -9 -10 -1 

g violet_1Petal1
s off

usemtl violet_1Petal1

# 22 vertices
v 1.9347 81.1272 1.3559
v 1.2677 82.6253 1.322
v 0.6361 82.3121 1.2541
v 0.707 83.7463 1.3666
v -0.05654 83.8116 1.1166
v -0.4872 83.3481 1.2168
v -1.07628 84.8078 -0.7069
v -0.499 85.2748 -0.8434
v -1.8484 84.1892 -0.7443
v -1.4086 86.253 -1.5945
v -3.05558 86.3445 -4.1554
v -2.2042 85.7052 -1.4051
v -2.9016 85.01289 -1.462
v -4.3488 85.5809 -5.05591
v 0.2824 81.8442 1.6652
v -0.6335 82.2078 1.4571
v -0.8439 83.03127 1.6307
v -2.3971 83.5698 -0.5071
v -2.9398 82.6485 -0.2756
v -4.1132 83.2468 -1.1867
v -5.02775 84.4928 -4.1329
v -3.6709 84.2433 -1.5023

# 60 faces
f -22 -21 -20 
f -22 -20 -21 
f -21 -19 -20 
f -21 -20 -19 
f -20 -18 -17 
f -20 -17 -18 
f -18 -16 -17 
f -18 -17 -16 
f -20 -19 -18 
f -20 -18 -19 
f -19 -15 -18 
f -19 -18 -15 
f -18 -15 -16 
f -18 -16 -15 
f -17 -16 -14 
f -17 -14 -16 
f -15 -13 -16 
f -15 -16 -13 
f -13 -12 -11 
f -13 -11 -12 
f -16 -13 -11 
f -16 -11 -13 
f -14 -16 -11 
f -14 -11 -16 
f -14 -11 -10 
f -14 -10 -11 
f -11 -12 -9 
f -11 -9 -12 
f -10 -11 -9 
f -10 -9 -11 
f -20 -8 -22 
f -20 -22 -8 
f -20 -7 -8 
f -20 -8 -7 
f -17 -6 -20 
f -17 -20 -6 
f -17 -5 -6 
f -17 -6 -5 
f -6 -7 -20 
f -6 -20 -7 
f -6 -4 -7 
f -6 -7 -4 
f -5 -4 -6 
f -5 -6 -4 
f -14 -5 -17 
f -14 -17 -5 
f -5 -3 -4 
f -5 -4 -3 
f -1 -2 -3 
f -1 -3 -2 
f -1 -3 -5 
f -1 -5 -3 
f -1 -5 -14 
f -1 -14 -5 
f -10 -1 -14 
f -10 -14 -1 
f -9 -2 -1 
f -9 -1 -2 
f -9 -1 -10 
f -9 -10 -1 

g violet_1Petal1
s off

usemtl violet_1Petal1

# 22 vertices
v 1.9347 81.1272 1.3559
v 0.5052 81.93 1.3091
v 0.3315 81.5989 1.9106
v -0.5684 82.5768 1.355
v -1.1598 82.3186 1.8381
v -1.04044 82.05337 2.4088
v -3.2415 81.3739 1.4748
v -3.296 81.6332 0.7678
v -3.2708 80.8599 2.3206
v -4.8244 81.5262 0.7981
v -6.9673 79.3673 0.9618
v -4.8148 81.2287 1.7364
v -4.7594 80.6644 2.5411
v -7.578 78.02245 1.9025
v 0.6363 81.5831 2.5585
v -0.2292 81.52 3.06981
v -0.8402 82.132 3.002758
v -3.04982 80.5893 3.1073
v -2.6195 80.1297 4.002086
v -4.1072 79.6292 4.3202
v -6.8018 77.9794 3.2781
v -4.684 80.05595 3.4409

# 60 faces
f -22 -21 -20 
f -22 -20 -21 
f -21 -19 -20 
f -21 -20 -19 
f -20 -18 -17 
f -20 -17 -18 
f -18 -16 -17 
f -18 -17 -16 
f -20 -19 -18 
f -20 -18 -19 
f -19 -15 -18 
f -19 -18 -15 
f -18 -15 -16 
f -18 -16 -15 
f -17 -16 -14 
f -17 -14 -16 
f -15 -13 -16 
f -15 -16 -13 
f -13 -12 -11 
f -13 -11 -12 
f -16 -13 -11 
f -16 -11 -13 
f -14 -16 -11 
f -14 -11 -16 
f -14 -11 -10 
f -14 -10 -11 
f -11 -12 -9 
f -11 -9 -12 
f -10 -11 -9 
f -10 -9 -11 
f -20 -8 -22 
f -20 -22 -8 
f -20 -7 -8 
f -20 -8 -7 
f -17 -6 -20 
f -17 -20 -6 
f -17 -5 -6 
f -17 -6 -5 
f -6 -7 -20 
f -6 -20 -7 
f -6 -4 -7 
f -6 -7 -4 
f -5 -4 -6 
f -5 -6 -4 
f -14 -5 -17 
f -14 -17 -5 
f -5 -3 -4 
f -5 -4 -3 
f -1 -2 -3 
f -1 -3 -2 
f -1 -3 -5 
f -1 -5 -3 
f -1 -5 -14 
f -1 -14 -5 
f -10 -1 -14 
f -10 -14 -1 
f -9 -2 -1 
f -9 -1 -2 
f -9 -1 -10 
f -9 -10 -1 

g violet_1Petal1
s off

usemtl violet_1Petal1

# 22 vertices
v 1.9347 81.1272 1.3559
v 0.5561 81.3871 2.2057
v 0.9599 81.64 2.7297
v -0.474 81.6726 2.8617
v -0.4059 81.8216 3.651
v 0.1005 82.1279 3.8961
v -1.05818 80.6972 5.5662
v -1.5849 80.2883 5.2122
v -0.337 81.05156 6.1448
v -2.3443 80.04951 6.5216
v -1.9424 78.6031 9.1723
v -1.7128 80.612 7.02537
v -0.9276 80.9147 7.5359
v -0.9174 78.4575 10.5846
v 1.4281 82.1811 2.7605
v 1.2194 82.434 3.7129
v 0.4202 82.6695 3.954
v 0.3255 81.5381 6.4002
v 1.2852 82.02351 6.6012
v 0.953 81.7805 8.149
v 0.1548 79.6173 10.5475
v -0.05793 81.2685 8.08745

# 60 faces
f -22 -21 -20 
f -22 -20 -21 
f -21 -19 -20 
f -21 -20 -19 
f -20 -18 -17 
f -20 -17 -18 
f -18 -16 -17 
f -18 -17 -16 
f -20 -19 -18 
f -20 -18 -19 
f -19 -15 -18 
f -19 -18 -15 
f -18 -15 -16 
f -18 -16 -15 
f -17 -16 -14 
f -17 -14 -16 
f -15 -13 -16 
f -15 -16 -13 
f -13 -12 -11 
f -13 -11 -12 
f -16 -13 -11 
f -16 -11 -13 
f -14 -16 -11 
f -14 -11 -16 
f -14 -11 -10 
f -14 -10 -11 
f -11 -12 -9 
f -11 -9 -12 
f -10 -11 -9 
f -10 -9 -11 
f -20 -8 -22 
f -20 -22 -8 
f -20 -7 -8 
f -20 -8 -7 
f -17 -6 -20 
f -17 -20 -6 
f -17 -5 -6 
f -17 -6 -5 
f -6 -7 -20 
f -6 -20 -7 
f -6 -4 -7 
f -6 -7 -4 
f -5 -4 -6 
f -5 -6 -4 
f -14 -5 -17 
f -14 -17 -5 
f -5 -3 -4 
f -5 -4 -3 
f -1 -2 -3 
f -1 -3 -2 
f -1 -3 -5 
f -1 -5 -3 
f -1 -5 -14 
f -1 -14 -5 
f -10 -1 -14 
f -10 -14 -1 
f -9 -2 -1 
f -9 -1 -2 
f -9 -1 -10 
f -9 -10 -1 

g violet_1InfInt
s off

usemtl violet_1InfInt

# 42 vertices
v 7.975 14.8987 0.9849
v 7.5017 15.07621 -0.00935
v 7.02801 15.4847 0.9236
v 9.05759 16.6263 0.778
v 8.5842 16.8038 -0.2162
v 8.1105 17.2124 0.7167
v 9.05759 16.6263 0.778
v 8.5842 16.8038 -0.2162
v 8.1105 17.2124 0.7167
v 10.08926 18.4047 0.5841
v 9.6111 18.5737 -0.4093
v 9.1229 18.9589 0.5261
v 10.08926 18.4047 0.5841
v 9.6111 18.5737 -0.4093
v 9.1229 18.9589 0.5261
v 11.0603 20.2184 0.4048
v 10.5776 20.3786 -0.5878
v 10.07585 20.74 0.3499
v 11.0603 20.2184 0.4048
v 10.5776 20.3786 -0.5878
v 10.07585 20.74 0.3499
v 11.9695 22.06535 0.2404
v 11.4826 22.2166 -0.7515
v 10.968 22.5536 0.1883
v 11.9695 22.06535 0.2404
v 11.4826 22.2166 -0.7515
v 10.968 22.5536 0.1883
v 12.8159 23.9431 0.09111
v 12.325 24.08538 -0.9003
v 11.7985 24.3976 0.04147
v 12.8159 23.9431 0.09111
v 12.325 24.08538 -0.9003
v 11.7985 24.3976 0.04147
v 13.5983 25.8495 -0.04306
v 13.1039 25.9826 -1.034
v 12.5662 26.2697 -0.09046
v 13.5983 25.8495 -0.04306
v 13.1039 25.9826 -1.034
v 12.5662 26.2697 -0.09046
v 14.3159 27.7823 -0.1619
v 13.8181 27.9061 -1.1523
v 13.2701 28.1676 -0.2073

# 42 faces
f -42 -39 -41 
f -41 -39 -38 
f -41 -38 -40 
f -40 -38 -37 
f -40 -37 -42 
f -42 -37 -39 
f -36 -33 -35 
f -35 -33 -32 
f -35 -32 -34 
f -34 -32 -31 
f -34 -31 -36 
f -36 -31 -33 
f -30 -27 -29 
f -29 -27 -26 
f -29 -26 -28 
f -28 -26 -25 
f -28 -25 -30 
f -30 -25 -27 
f -24 -21 -23 
f -23 -21 -20 
f -23 -20 -22 
f -22 -20 -19 
f -22 -19 -24 
f -24 -19 -21 
f -18 -15 -17 
f -17 -15 -14 
f -17 -14 -16 
f -16 -14 -13 
f -16 -13 -18 
f -18 -13 -15 
f -12 -9 -11 
f -11 -9 -8 
f -11 -8 -10 
f -10 -8 -7 
f -10 -7 -12 
f -12 -7 -9 
f -6 -3 -5 
f -5 -3 -2 
f -5 -2 -4 
f -4 -2 -1 
f -4 -1 -6 
f -6 -1 -3 

g violet_1Pdcel
s off

usemtl violet_1Pdcel

# 42 vertices
v 14.2699 27.6815 -0.1606
v 13.8408 27.9557 -1.153
v 13.2928 28.2173 -0.2079
v 19.08181 36.4878 0.1921
v 18.6526 36.762 -0.8001
v 18.1046 37.02365 0.1448
v 19.08181 36.4878 0.1921
v 18.6526 36.762 -0.8001
v 18.1046 37.02365 0.1448
v 25.01555 44.3501 1.4568
v 24.6757 44.7629 0.4779
v 24.1277 45.02452 1.4229
v 25.01555 44.3501 1.4568
v 24.6757 44.7629 0.4779
v 24.1277 45.02452 1.4229
v 31.9424 51.1378 3.5948
v 31.7099 51.6731 2.6442
v 31.1619 51.9347 3.5893
v 31.9424 51.1378 3.5948
v 31.7099 51.6731 2.6442
v 31.1619 51.9347 3.5893
v 39.6585 56.6509 6.5431
v 39.5483 57.2891 5.635
v 39.00035 57.5507 6.5801
v 39.6585 56.6509 6.5431
v 39.5483 57.2891 5.635
v 39.00035 57.5507 6.5801
v 47.9366 60.7272 10.2151
v 47.96 61.4456 9.3622
v 47.412 61.7072 10.3072
v 47.9366 60.7272 10.2151
v 47.96 61.4456 9.3622
v 47.412 61.7072 10.3072
v 56.5329 63.2465 14.5024
v 56.6973 64.02028 13.716
v 56.1493 64.2818 14.661
v 56.5329 63.2465 14.5024
v 56.6973 64.02028 13.716
v 56.1493 64.2818 14.661
v 65.1943 64.1347 19.279
v 65.5029 64.9371 18.5682
v 64.9549 65.1987 19.5133

# 42 faces
f -42 -39 -41 
f -41 -39 -38 
f -41 -38 -40 
f -40 -38 -37 
f -40 -37 -42 
f -42 -37 -39 
f -36 -33 -35 
f -35 -33 -32 
f -35 -32 -34 
f -34 -32 -31 
f -34 -31 -36 
f -36 -31 -33 
f -30 -27 -29 
f -29 -27 -26 
f -29 -26 -28 
f -28 -26 -25 
f -28 -25 -30 
f -30 -25 -27 
f -24 -21 -23 
f -23 -21 -20 
f -23 -20 -22 
f -22 -20 -19 
f -22 -19 -24 
f -24 -19 -21 
f -18 -15 -17 
f -17 -15 -14 
f -17 -14 -16 
f -16 -14 -13 
f -16 -13 -18 
f -18 -13 -15 
f -12 -9 -11 
f -11 -9 -8 
f -11 -8 -10 
f -10 -8 -7 
f -10 -7 -12 
f -12 -7 -9 
f -6 -3 -5 
f -5 -3 -2 
f -5 -2 -4 
f -4 -2 -1 
f -4 -1 -6 
f -6 -1 -3 

g violet_1Petal1
s off

usemtl violet_1Petal1

# 22 vertices
v 65.2175 64.7598 19.1194
v 66.5433 64.2866 18.5737
v 66.7745 64.8854 18.687
v 67.5913 63.9471 18.2286
v 68.09758 64.4615 18.05648
v 68.1383 64.9706 18.3512
v 69.0049 65.1004 16.2376
v 68.8593 64.511 15.8995
v 69.1585 65.9583 16.5041
v 69.8989 64.7363 14.9733
v 70.5514 66.5474 12.9346
v 70.1561 65.4909 15.4038
v 70.2118 66.3533 15.6761
v 70.7986 68.09988 12.5784
v 66.8236 65.2463 19.2366
v 67.617 65.6624 18.9979
v 68.2786 65.2422 18.8458
v 69.2156 66.5877 16.982
v 69.09041 67.3958 17.5698
v 70.05373 68.06381 16.676
v 70.8083 68.8616 13.8172
v 70.2742 67.3006 15.9975

# 60 faces
f -22 -21 -20 
f -22 -20 -21 
f -21 -19 -20 
f -21 -20 -19 
f -20 -18 -17 
f -20 -17 -18 
f -18 -16 -17 
f -18 -17 -16 
f -20 -19 -18 
f -20 -18 -19 
f -19 -15 -18 
f -19 -18 -15 
f -18 -15 -16 
f -18 -16 -15 
f -17 -16 -14 
f -17 -14 -16 
f -15 -13 -16 
f -15 -16 -13 
f -13 -12 -11 
f -13 -11 -12 
f -16 -13 -11 
f -16 -11 -13 
f -14 -16 -11 
f -14 -11 -16 
f -14 -11 -10 
f -14 -10 -11 
f -11 -12 -9 
f -11 -9 -12 
f -10 -11 -9 
f -10 -9 -11 
f -20 -8 -22 
f -20 -22 -8 
f -20 -7 -8 
f -20 -8 -7 
f -17 -6 -20 
f -17 -20 -6 
f -17 -5 -6 
f -17 -6 -5 
f -6 -7 -20 
f -6 -20 -7 
f -6 -4 -7 
f -6 -7 -4 
f -5 -4 -6 
f -5 -6 -4 
f -14 -5 -17 
f -14 -17 -5 
f -5 -3 -4 
f -5 -4 -3 
f -1 -2 -3 
f -1 -3 -2 
f -1 -3 -5 
f -1 -5 -3 
f -1 -5 -14 
f -1 -14 -5 
f -10 -1 -14 
f -10 -14 -1 
f -9 -2 -1 
f -9 -1 -2 
f -9 -1 -10 
f -9 -10 -1 

g violet_1Petal1
s off

usemtl violet_1Petal1

# 22 vertices
v 65.2175 64.7598 19.1194
v 66.651 65.1908 18.9226
v 66.6791 65.3008 19.5645
v 67.769 65.4623 18.8271
v 68.09911 65.8281 19.3819
v 67.9648 65.7259 19.9469
v 68.8564 67.8062 19.6118
v 68.9184 67.9156 18.9283
v 68.7227 67.8553 20.5119
v 69.8834 68.9234 19.1347
v 70.04696 71.4896 20.2528
v 69.8715 68.7897 20.03081
v 69.643 68.8291 20.9067
v 69.819 72.3641 21.5875
v 66.5854 64.9097 20.08703
v 67.222 65.3217 20.6204
v 67.9882 65.3617 20.3995
v 68.5572 67.6229 21.2511
v 68.1575 67.3369 22.1301
v 68.9112 68.4595 22.7172
v 69.5281 71.459 22.6881
v 69.3921 68.8515 21.8767

# 60 faces
f -22 -21 -20 
f -22 -20 -21 
f -21 -19 -20 
f -21 -20 -19 
f -20 -18 -17 
f -20 -17 -18 
f -18 -16 -17 
f -18 -17 -16 
f -20 -19 -18 
f -20 -18 -19 
f -19 -15 -18 
f -19 -18 -15 
f -18 -15 -16 
f -18 -16 -15 
f -17 -16 -14 
f -17 -14 -16 
f -15 -13 -16 
f -15 -16 -13 
f -13 -12 -11 
f -13 -11 -12 
f -16 -13 -11 
f -16 -11 -13 
f -14 -16 -11 
f -14 -11 -16 
f -14 -11 -10 
f -14 -10 -11 
f -11 -12 -9 
f -11 -9 -12 
f -10 -11 -9 
f -10 -9 -11 
f -20 -8 -22 
f -20 -22 -8 
f -20 -7 -8 
f -20 -8 -7 
f -17 -6 -20 
f -17 -20 -6 
f -17 -5 -6 
f -17 -6 -5 
f -6 -7 -20 
f -6 -20 -7 
f -6 -4 -7 
f -6 -7 -4 
f -5 -4 -6 
f -5 -6 -4 
f -14 -5 -17 
f -14 -17 -5 
f -5 -3 -4 
f -5 -4 -3 
f -1 -2 -3 
f -1 -3 -2 
f -1 -3 -5 
f -1 -5 -3 
f -1 -5 -14 
f -1 -14 -5 
f -10 -1 -14 
f -10 -14 -1 
f -9 -2 -1 
f -9 -1 -2 
f -9 -1 -10 
f -9 -10 -1 

g violet_1Petal1
s off

usemtl violet_1Petal1

# 22 vertices
v 65.2175 64.7598 19.1194
v 66.455 65.1755 19.8778
v 66.4145 64.6115 20.2022
v 67.4373 65.4234 20.4315
v 67.6086 65.04578 21.04679
v 67.4835 64.4726 21.1065
v 67.7027 65.5441 23.1161
v 67.7629 66.2267 23.00033
v 67.514 64.7074 23.4242
v 68.3561 66.4312 24.2636
v 67.6584 66.2591 26.9738
v 68.3399 65.5437 24.4454
v 68.06558 64.7209 24.7074
v 67.102 65.2881 28.1338
v 66.4197 63.983 20.00331
v 66.8689 63.6592 20.7469
v 67.5953 63.9257 20.9437
v 67.3907 63.9248 23.4176
v 67.05451 62.9788 23.3387
v 67.3918 62.852 24.7681
v 67.04947 63.9309 27.6136
v 67.7703 63.8025 24.9794

# 60 faces
f -22 -21 -20 
f -22 -20 -21 
f -21 -19 -20 
f -21 -20 -19 
f -20 -18 -17 
f -20 -17 -18 
f -18 -16 -17 
f -18 -17 -16 
f -20 -19 -18 
f -20 -18 -19 
f -19 -15 -18 
f -19 -18 -15 
f -18 -15 -16 
f -18 -16 -15 
f -17 -16 -14 
f -17 -14 -16 
f -15 -13 -16 
f -15 -16 -13 
f -13 -12 -11 
f -13 -11 -12 
f -16 -13 -11 
f -16 -11 -13 
f -14 -16 -11 
f -14 -11 -16 
f -14 -11 -10 
f -14 -10 -11 
f -11 -12 -9 
f -11 -9 -12 
f -10 -11 -9 
f -10 -9 -11 
f -20 -8 -22 
f -20 -22 -8 
f -20 -7 -8 
f -20 -8 -7 
f -17 -6 -20 
f -17 -20 -6 
f -17 -5 -6 
f -17 -6 -5 
f -6 -7 -20 
f -6 -20 -7 
f -6 -4 -7 
f -6 -7 -4 
f -5 -4 -6 
f -5 -6 -4 
f -14 -5 -17 
f -14 -17 -5 
f -5 -3 -4 
f -5 -4 -3 
f -1 -2 -3 
f -1 -3 -2 
f -1 -3 -5 
f -1 -5 -3 
f -1 -5 -14 
f -1 -14 -5 
f -10 -1 -14 
f -10 -14 -1 
f -9 -2 -1 
f -9 -1 -2 
f -9 -1 -10 
f -9 -10 -1 

g violet_1Petal1
s off

usemtl violet_1Petal1

# 22 vertices
v 65.2175 64.7598 19.1194
v 66.2243 64.2617 20.1282
v 66.3439 63.7638 19.7247
v 67.05148 63.8838 20.8395
v 67.2993 63.1884 20.7657
v 67.3551 62.931 20.2382
v 67.1273 61.4192 21.9404
v 66.9789 61.7625 22.5261
v 67.1915 60.8356 21.2434
v 67.4135 60.6805 23.3199
v 66.6643 58.03561 23.8722
v 67.6637 60.2085 22.5881
v 67.6447 59.6677 21.8613
v 66.3771 56.5846 23.2317
v 66.5539 63.7383 19.1003
v 67.04226 62.9569 19.2037
v 67.6391 62.9054 19.7315
v 67.3174 60.5696 20.5077
v 67.2953 60.3037 19.5367
v 67.5811 58.9383 20.01357
v 66.7746 56.6108 21.833
v 67.635 59.08409 21.04666

# 60 faces
f -22 -21 -20 
f -22 -20 -21 
f -21 -19 -20 
f -21 -20 -19 
f -20 -18 -17 
f -20 -17 -18 
f -18 -16 -17 
f -18 -17 -16 
f -20 -19 -18 
f -20 -18 -19 
f -19 -15 -18 
f -19 -18 -15 
f -18 -15 -16 
f -18 -16 -15 
f -17 -16 -14 
f -17 -14 -16 
f -15 -13 -16 
f -15 -16 -13 
f -13 -12 -11 
f -13 -11 -12 
f -16 -13 -11 
f -16 -11 -13 
f -14 -16 -11 
f -14 -11 -16 
f -14 -11 -10 
f -14 -10 -11 
f -11 -12 -9 
f -11 -9 -12 
f -10 -11 -9 
f -10 -9 -11 
f -20 -8 -22 
f -20 -22 -8 
f -20 -7 -8 
f -20 -8 -7 
f -17 -6 -20 
f -17 -20 -6 
f -17 -5 -6 
f -17 -6 -5 
f -6 -7 -20 
f -6 -20 -7 
f -6 -4 -7 
f -6 -7 -4 
f -5 -4 -6 
f -5 -6 -4 
f -14 -5 -17 
f -14 -17 -5 
f -5 -3 -4 
f -5 -4 -3 
f -1 -2 -3 
f -1 -3 -2 
f -1 -3 -5 
f -1 -5 -3 
f -1 -5 -14 
f -1 -14 -5 
f -10 -1 -14 
f -10 -14 -1 
f -9 -2 -1 
f -9 -1 -2 
f -9 -1 -10 
f -9 -10 -1 

g violet_1Petal1
s off

usemtl violet_1Petal1

# 22 vertices
v 65.2175 64.7598 19.1194
v 66.2797 63.704 19.31
v 66.5698 63.9356 18.7742
v 67.1481 62.9577 19.4575
v 67.6061 62.8219 18.8897
v 67.7659 63.2434 18.5096
v 67.9442 61.1409 17.6251
v 67.6667 60.6861 18.07143
v 68.2232 61.6203 16.902
v 68.3814 59.6172 17.4915
v 68.4793 58.2164 15.06454
v 68.8031 60.1754 16.9157
v 68.9911 60.6919 16.1954
v 68.6963 58.3486 13.4728
v 66.8073 64.5308 18.6193
v 67.5116 64.2137 18.1065
v 68.06783 63.7313 18.4153
v 68.4623 62.2402 16.4703
v 68.5726 63.07473 15.9175
v 69.251 62.208 14.9368
v 69.1328 59.7041 13.1776
v 69.2058 61.2786 15.4117

# 60 faces
f -22 -21 -20 
f -22 -20 -21 
f -21 -19 -20 
f -21 -20 -19 
f -20 -18 -17 
f -20 -17 -18 
f -18 -16 -17 
f -18 -17 -16 
f -20 -19 -18 
f -20 -18 -19 
f -19 -15 -18 
f -19 -18 -15 
f -18 -15 -16 
f -18 -16 -15 
f -17 -16 -14 
f -17 -14 -16 
f -15 -13 -16 
f -15 -16 -13 
f -13 -12 -11 
f -13 -11 -12 
f -16 -13 -11 
f -16 -11 -13 
f -14 -16 -11 
f -14 -11 -16 
f -14 -11 -10 
f -14 -10 -11 
f -11 -12 -9 
f -11 -9 -12 
f -10 -11 -9 
f -10 -9 -11 
f -20 -8 -22 
f -20 -22 -8 
f -20 -7 -8 
f -20 -8 -7 
f -17 -6 -20 
f -17 -20 -6 
f -17 -5 -6 
f -17 -6 -5 
f -6 -7 -20 
f -6 -20 -7 
f -6 -4 -7 
f -6 -7 -4 
f -5 -4 -6 
f -5 -6 -4 
f -14 -5 -17 
f -14 -17 -5 
f -5 -3 -4 
f -5 -4 -3 
f -1 -2 -3 
f -1 -3 -2 
f -1 -3 -5 
f -1 -5 -3 
f -1 -5 -14 
f -1 -14 -5 
f -10 -1 -14 
f -10 -14 -1 
f -9 -2 -1 
f -9 -1 -2 
f -9 -1 -10 
f -9 -10 -1 

g violet_1InfInt
s off

usemtl violet_1InfInt

# 42 vertices
v 13.6333 27.9929 -1.1314
v 13.3805 28.1424 -0.05542
v 14.3807 27.7236 -0.3485
v 14.4034 29.8901 -1.2141
v 14.1505 30.03972 -0.1381
v 15.1508 29.6209 -0.4312
v 14.4034 29.8901 -1.2141
v 14.1505 30.03972 -0.1381
v 15.1508 29.6209 -0.4312
v 15.237 31.7789 -1.262
v 14.98 31.9195 -0.1857
v 15.9696 31.4753 -0.4776
v 15.237 31.7789 -1.262
v 14.98 31.9195 -0.1857
v 15.9696 31.4753 -0.4776
v 16.1273 33.6422 -1.274
v 15.8659 33.774 -0.1977
v 16.844 33.3047 -0.4888
v 16.1273 33.6422 -1.274
v 15.8659 33.774 -0.1977
v 16.844 33.3047 -0.4888
v 17.07313 35.4778 -1.2502
v 16.807 35.6009 -0.174
v 17.773 35.1069 -0.4649
v 17.07313 35.4778 -1.2502
v 16.807 35.6009 -0.174
v 17.773 35.1069 -0.4649
v 18.07336 37.2836 -1.1906
v 17.8023 37.3981 -0.1147
v 18.7554 36.8797 -0.4059
v 18.07336 37.2836 -1.1906
v 17.8023 37.3981 -0.1147
v 18.7554 36.8797 -0.4059
v 19.1268 39.05725 -1.09531
v 18.8506 39.1633 -0.01985
v 19.79 38.621 -0.3117
v 19.1268 39.05725 -1.09531
v 18.8506 39.1633 -0.01985
v 19.79 38.621 -0.3117
v 20.2321 40.7967 -0.9643
v 19.9505 40.8946 0.1105
v 20.8756 40.3288 -0.1825

# 42 faces
f -42 -39 -41 
f -41 -39 -38 
f -41 -38 -40 
f -40 -38 -37 
f -40 -37 -42 
f -42 -37 -39 
f -36 -33 -35 
f -35 -33 -32 
f -35 -32 -34 
f -34 -32 -31 
f -34 -31 -36 
f -36 -31 -33 
f -30 -27 -29 
f -29 -27 -26 
f -29 -26 -28 
f -28 -26 -25 
f -28 -25 -30 
f -30 -25 -27 
f -24 -21 -23 
f -23 -21 -20 
f -23 -20 -22 
f -22 -20 -19 
f -22 -19 -24 
f -24 -19 -21 
f -18 -15 -17 
f -17 -15 -14 
f -17 -14 -16 
f -16 -14 -13 
f -16 -13 -18 
f -18 -13 -15 
f -12 -9 -11 
f -11 -9 -8 
f -11 -8 -10 
f -10 -8 -7 
f -10 -7 -12 
f -12 -7 -9 
f -6 -3 -5 
f -5 -3 -2 
f -5 -2 -4 
f -4 -2 -1 
f -4 -1 -6 
f -6 -1 -3 

g violet_1Pdcel
s off

usemtl violet_1Pdcel

# 42 vertices
v 20.1748 40.7019 -0.9621
v 19.9787 40.9413 0.1094
v 20.9038 40.3755 -0.1835
v 25.1483 49.3646 -1.9872
v 24.9522 49.604 -0.9156
v 25.8773 49.03827 -1.2086
v 25.1483 49.3646 -1.9872
v 24.9522 49.604 -0.9156
v 25.8773 49.03827 -1.2086
v 29.5218 57.8817 -4.6248
v 29.4034 58.2639 -3.5836
v 30.3285 57.6981 -3.8766
v 29.5218 57.8817 -4.6248
v 29.4034 58.2639 -3.5836
v 30.3285 57.6981 -3.8766
v 33.2239 66.09715 -8.7993
v 33.1731 66.6191 -7.8149
v 34.09822 66.05338 -8.1079
v 33.2239 66.09715 -8.7993
v 33.1731 66.6191 -7.8149
v 34.09822 66.05338 -8.1079
v 36.1457 73.7689 -14.3878
v 36.1502 74.4238 -13.4849
v 37.07539 73.858 -13.7779
v 36.1457 73.7689 -14.3878
v 36.1502 74.4238 -13.4849
v 37.07539 73.858 -13.7779
v 38.201 80.6713 -21.2258
v 38.2472 81.448 -20.4266
v 39.1723 80.8822 -20.7197
v 38.201 80.6713 -21.2258
v 38.2472 81.448 -20.4266
v 39.1723 80.8822 -20.7197
v 39.3294 86.6009 -29.112
v 39.4023 87.4849 -28.4357
v 40.3274 86.9191 -28.7288
v 39.3294 86.6009 -29.112
v 39.4023 87.4849 -28.4357
v 40.3274 86.9191 -28.7288
v 39.4976 91.3832 -37.8141
v 39.5814 92.3569 -37.2763
v 40.5065 91.7911 -37.5694

# 42 faces
f -42 -39 -41 
f -41 -39 -38 
f -41 -38 -40 
f -40 -38 -37 
f -40 -37 -42 
f -42 -37 -39 
f -36 -33 -35 
f -35 -33 -32 
f -35 -32 -34 
f -34 -32 -31 
f -34 -31 -36 
f -36 -31 -33 
f -30 -27 -29 
f -29 -27 -26 
f -29 -26 -28 
f -28 -26 -25 
f -28 -25 -30 
f -30 -25 -27 
f -24 -21 -23 
f -23 -21 -20 
f -23 -20 -22 
f -22 -20 -19 
f -22 -19 -24 
f -24 -19 -21 
f -18 -15 -17 
f -17 -15 -14 
f -17 -14 -16 
f -16 -14 -13 
f -16 -13 -18 
f -18 -13 -15 
f -12 -9 -11 
f -11 -9 -8 
f -11 -8 -10 
f -10 -8 -7 
f -10 -7 -12 
f -12 -7 -9 
f -6 -3 -5 
f -5 -3 -2 
f -5 -2 -4 
f -4 -2 -1 
f -4 -1 -6 
f -6 -1 -3 

g violet_1Petal1
s off

usemtl violet_1Petal1

# 22 vertices
v 39.8636 91.8459 -37.552
v 40.534 92.2988 -38.8267
v 40.8088 92.7786 -38.4814
v 41.1194 92.637 -39.7625
v 41.4257 93.3128 -39.7704
v 41.6625 93.5542 -39.2874
v 41.01653 95.1152 -40.8304
v 40.6678 94.7955 -41.3395
v 41.3372 95.6777 -40.189
v 40.9048 95.864 -42.2294
v 40.2059 98.5642 -42.5164
v 41.4048 96.302 -41.6138
v 41.6531 96.8266 -40.9179
v 40.2366 100.0164 -41.8176
v 41.2058 92.7764 -37.9551
v 41.6899 93.5259 -38.207
v 42.09258 93.5497 -38.8961
v 41.7063 95.9183 -39.5305
v 42.00957 96.1634 -38.602
v 42.225 97.5172 -39.1442
v 41.05124 99.9328 -40.6157
v 41.9408 97.3913 -40.1416

# 60 faces
f -22 -21 -20 
f -22 -20 -21 
f -21 -19 -20 
f -21 -20 -19 
f -20 -18 -17 
f -20 -17 -18 
f -18 -16 -17 
f -18 -17 -16 
f -20 -19 -18 
f -20 -18 -19 
f -19 -15 -18 
f -19 -18 -15 
f -18 -15 -16 
f -18 -16 -15 
f -17 -16 -14 
f -17 -14 -16 
f -15 -13 -16 
f -15 -16 -13 
f -13 -12 -11 
f -13 -11 -12 
f -16 -13 -11 
f -16 -11 -13 
f -14 -16 -11 
f -14 -11 -16 
f -14 -11 -10 
f -14 -10 -11 
f -11 -12 -9 
f -11 -9 -12 
f -10 -11 -9 
f -10 -9 -11 
f -20 -8 -22 
f -20 -22 -8 
f -20 -7 -8 
f -20 -8 -7 
f -17 -6 -20 
f -17 -20 -6 
f -17 -5 -6 
f -17 -6 -5 
f -6 -7 -20 
f -6 -20 -7 
f -6 -4 -7 
f -6 -7 -4 
f -5 -4 -6 
f -5 -6 -4 
f -14 -5 -17 
f -14 -17 -5 
f -5 -3 -4 
f -5 -4 -3 
f -1 -2 -3 
f -1 -3 -2 
f -1 -3 -5 
f -1 -5 -3 
f -1 -5 -14 
f -1 -14 -5 
f -10 -1 -14 
f -10 -14 -1 
f -9 -2 -1 
f -9 -1 -2 
f -9 -1 -10 
f -9 -10 -1 

g violet_1Petal1
s off

usemtl violet_1Petal1

# 22 vertices
v 39.8636 91.8459 -37.552
v 39.9005 92.8082 -38.7148
v 40.5511 92.7848 -38.6802
v 39.9744 93.4882 -39.6448
v 40.618 93.8264 -39.793
v 41.1377 93.5668 -39.6923
v 41.281 95.8501 -39.7252
v 40.6391 96.114 -39.7597
v 42.1559 95.658 -39.5573
v 41.1253 97.3412 -40.257
v 42.7006 99.4925 -39.3899
v 41.9759 97.0296 -40.2719
v 42.8154 96.7986 -40.02105
v 44.1399 99.9225 -38.8055
v 40.9812 92.2876 -38.7292
v 41.6447 92.7857 -39.1431
v 41.5167 93.1517 -39.841
v 42.8191 95.2327 -39.4729
v 43.5845 94.6431 -39.1889
v 44.4415 95.8167 -39.4363
v 45.02145 98.7667 -38.8536
v 43.7415 96.5244 -39.7533

# 60 faces
f -22 -21 -20 
f -22 -20 -21 
f -21 -19 -20 
f -21 -20 -19 
f -20 -18 -17 
f -20 -17 -18 
f -18 -16 -17 
f -18 -17 -16 
f -20 -19 -18 
f -20 -18 -19 
f -19 -15 -18 
f -19 -18 -15 
f -18 -15 -16 
f -18 -16 -15 
f -17 -16 -14 
f -17 -14 -16 
f -15 -13 -16 
f -15 -16 -13 
f -13 -12 -11 
f -13 -11 -12 
f -16 -13 -11 
f -16 -11 -13 
f -14 -16 -11 
f -14 -11 -16 
f -14 -11 -10 
f -14 -10 -11 
f -11 -12 -9 
f -11 -9 -12 
f -10 -11 -9 
f -10 -9 -11 
f -20 -8 -22 
f -20 -22 -8 
f -20 -7 -8 
f -20 -8 -7 
f -17 -6 -20 
f -17 -20 -6 
f -17 -5 -6 
f -17 -6 -5 
f -6 -7 -20 
f -6 -20 -7 
f -6 -4 -7 
f -6 -7 -4 
f -5 -4 -6 
f -5 -6 -4 
f -14 -5 -17 
f -14 -17 -5 
f -5 -3 -4 
f -5 -4 -3 
f -1 -2 -3 
f -1 -3 -2 
f -1 -3 -5 
f -1 -5 -3 
f -1 -5 -14 
f -1 -14 -5 
f -10 -1 -14 
f -10 -14 -1 
f -9 -2 -1 
f -9 -1 -2 
f -9 -1 -10 
f -9 -10 -1 

g violet_1Petal1
s off

usemtl violet_1Petal1

# 22 vertices
v 39.8636 91.8459 -37.552
v 40.04892 93.2604 -38.04634
v 40.3437 93.01096 -38.5715
v 40.1497 94.3201 -38.4931
v 40.6259 94.4315 -39.05107
v 40.7153 94.0273 -39.4709
v 42.4814 95.4625 -39.2349
v 42.3714 95.8628 -38.6776
v 42.8151 94.9396 -39.9026
v 43.2778 96.8367 -39.1464
v 46.0257 97.0964 -39.6399
v 43.4233 96.3729 -39.911
v 43.7512 95.7788 -40.5113
v 47.2825 96.4976 -40.4522
v 40.1421 92.5883 -39.03569
v 40.6207 92.981 -39.7258
v 40.5045 93.7433 -39.9325
v 42.8372 94.3945 -40.4772
v 42.8775 93.5721 -41.05705
v 44.03168 94.2174 -41.7088
v 46.7915 95.5077 -41.3978
v 44.09404 95.1172 -41.1817

# 60 faces
f -22 -21 -20 
f -22 -20 -21 
f -21 -19 -20 
f -21 -20 -19 
f -20 -18 -17 
f -20 -17 -18 
f -18 -16 -17 
f -18 -17 -16 
f -20 -19 -18 
f -20 -18 -19 
f -19 -15 -18 
f -19 -18 -15 
f -18 -15 -16 
f -18 -16 -15 
f -17 -16 -14 
f -17 -14 -16 
f -15 -13 -16 
f -15 -16 -13 
f -13 -12 -11 
f -13 -11 -12 
f -16 -13 -11 
f -16 -11 -13 
f -14 -16 -11 
f -14 -11 -16 
f -14 -11 -10 
f -14 -10 -11 
f -11 -12 -9 
f -11 -9 -12 
f -10 -11 -9 
f -10 -9 -11 
f -20 -8 -22 
f -20 -22 -8 
f -20 -7 -8 
f -20 -8 -7 
f -17 -6 -20 
f -17 -20 -6 
f -17 -5 -6 
f -17 -6 -5 
f -6 -7 -20 
f -6 -20 -7 
f -6 -4 -7 
f -6 -7 -4 
f -5 -4 -6 
f -5 -6 -4 
f -14 -5 -17 
f -14 -17 -5 
f -5 -3 -4 
f -5 -4 -3 
f -1 -2 -3 
f -1 -3 -2 
f -1 -3 -5 
f -1 -5 -3 
f -1 -5 -14 
f -1 -14 -5 
f -10 -1 -14 
f -10 -14 -1 
f -9 -2 -1 
f -9 -1 -2 
f -9 -1 -10 
f -9 -10 -1 

g violet_1Petal1
s off

usemtl violet_1Petal1

# 22 vertices
v 39.8636 91.8459 -37.552
v 40.7754 93.03468 -37.7389
v 40.4712 93.1466 -38.3045
v 41.4047 93.9909 -37.8881
v 41.4387 94.2975 -38.5629
v 40.975 94.3035 -38.9271
v 42.97 94.4845 -40.03258
v 43.487 94.3868 -39.5786
v 42.4099 94.5087 -40.7511
v 44.4076 95.04307 -40.422
v 45.617 94.6647 -42.9232
v 43.7601 95.2334 -41.02652
v 43.1759 95.1669 -41.7159
v 45.3507 94.4428 -44.4974
v 39.8402 93.2658 -38.4538
v 40.02367 93.8436 -39.1553
v 40.4453 94.5125 -39.04493
v 41.7358 94.5544 -41.165
v 40.8591 94.4206 -41.6421
v 41.558 94.9146 -42.8423
v 43.9317 94.6293 -44.756
v 42.5145 95.1013 -42.466

# 60 faces
f -22 -21 -20 
f -22 -20 -21 
f -21 -19 -20 
f -21 -20 -19 
f -20 -18 -17 
f -20 -17 -18 
f -18 -16 -17 
f -18 -17 -16 
f -20 -19 -18 
f -20 -18 -19 
f -19 -15 -18 
f -19 -18 -15 
f -18 -15 -16 
f -18 -16 -15 
f -17 -16 -14 
f -17 -14 -16 
f -15 -13 -16 
f -15 -16 -13 
f -13 -12 -11 
f -13 -11 -12 
f -16 -13 -11 
f -16 -11 -13 
f -14 -16 -11 
f -14 -11 -16 
f -14 -11 -10 
f -14 -10 -11 
f -11 -12 -9 
f -11 -9 -12 
f -10 -11 -9 
f -10 -9 -11 
f -20 -8 -22 
f -20 -22 -8 
f -20 -7 -8 
f -20 -8 -7 
f -17 -6 -20 
f -17 -20 -6 
f -17 -5 -6 
f -17 -6 -5 
f -6 -7 -20 
f -6 -20 -7 
f -6 -4 -7 
f -6 -7 -4 
f -5 -4 -6 
f -5 -6 -4 
f -14 -5 -17 
f -14 -17 -5 
f -5 -3 -4 
f -5 -4 -3 
f -1 -2 -3 
f -1 -3 -2 
f -1 -3 -5 
f -1 -5 -3 
f -1 -5 -14 
f -1 -14 -5 
f -10 -1 -14 
f -10 -14 -1 
f -9 -2 -1 
f -9 -1 -2 
f -9 -1 -10 
f -9 -10 -1 

g violet_1Petal1
s off

usemtl violet_1Petal1

# 22 vertices
v 39.8636 91.8459 -37.552
v 41.07975 92.4314 -38.2285
v 40.763 93.00089 -38.2479
v 42.01316 92.935 -38.6845
v 41.9405 93.5957 -39.01432
v 41.5692 94.00677 -38.8119
v 42.051 94.2666 -41.03352
v 42.4182 93.7172 -41.2485
v 41.4827 94.9717 -40.9308
v 42.9189 94.4327 -42.3562
v 41.966 95.5855 -44.7279
v 42.4938 95.189 -42.09476
v 41.8597 95.8242 -41.971
v 40.9304 96.6503 -45.3539
v 40.5076 93.3838 -37.776
v 40.6944 94.1855 -38.2025
v 41.4416 94.391 -38.3947
v 41.0264 95.5103 -40.5711
v 40.3145 96.04636 -40.1019
v 40.4246 96.9848 -41.2334
v 40.3305 97.4054 -44.2653
v 41.1637 96.528 -41.8135

# 60 faces
f -22 -21 -20 
f -22 -20 -21 
f -21 -19 -20 
f -21 -20 -19 
f -20 -18 -17 
f -20 -17 -18 
f -18 -16 -17 
f -18 -17 -16 
f -20 -19 -18 
f -20 -18 -19 
f -19 -15 -18 
f -19 -18 -15 
f -18 -15 -16 
f -18 -16 -15 
f -17 -16 -14 
f -17 -14 -16 
f -15 -13 -16 
f -15 -16 -13 
f -13 -12 -11 
f -13 -11 -12 
f -16 -13 -11 
f -16 -11 -13 
f -14 -16 -11 
f -14 -11 -16 
f -14 -11 -10 
f -14 -10 -11 
f -11 -12 -9 
f -11 -9 -12 
f -10 -11 -9 
f -10 -9 -11 
f -20 -8 -22 
f -20 -22 -8 
f -20 -7 -8 
f -20 -8 -7 
f -17 -6 -20 
f -17 -20 -6 
f -17 -5 -6 
f -17 -6 -5 
f -6 -7 -20 
f -6 -20 -7 
f -6 -4 -7 
f -6 -7 -4 
f -5 -4 -6 
f -5 -6 -4 
f -14 -5 -17 
f -14 -17 -5 
f -5 -3 -4 
f -5 -4 -3 
f -1 -2 -3 
f -1 -3 -2 
f -1 -3 -5 
f -1 -5 -3 
f -1 -5 -14 
f -1 -14 -5 
f -10 -1 -14 
f -10 -14 -1 
f -9 -2 -1 
f -9 -1 -2 
f -9 -1 -10 
f -9 -10 -1 

g violet_Intrnd
s off

usemtl violet_Intrnd

# 42 vertices
v -0.4234 2.8593 0.9984
v 0.5709 2.5455 1.477
v 0.5611 3.07742 0.4513
v -0.4095 3.06959 1.1073
v 0.5848 2.7558 1.5859
v 0.5751 3.2876 0.5601
v -0.4095 3.06959 1.1073
v 0.5848 2.7558 1.5859
v 0.5751 3.2876 0.5601
v -0.4021 3.2655 1.2088
v 0.5933 2.9733 1.6986
v 0.5836 3.5052 0.6728
v -0.4021 3.2655 1.2088
v 0.5933 2.9733 1.6986
v 0.5836 3.5052 0.6728
v -0.4002 3.4616 1.3104
v 0.5958 3.191 1.8114
v 0.586 3.7228 0.7857
v -0.4002 3.4616 1.3104
v 0.5958 3.191 1.8114
v 0.586 3.7228 0.7857
v -0.4036 3.6576 1.4121
v 0.5923 3.4086 1.9243
v 0.5825 3.9404 0.8985
v -0.4036 3.6576 1.4121
v 0.5923 3.4086 1.9243
v 0.5825 3.9404 0.8985
v -0.4125 3.8535 1.5137
v 0.5827 3.626 2.03718
v 0.573 4.1579 1.01143
v -0.4125 3.8535 1.5137
v 0.5827 3.626 2.03718
v 0.573 4.1579 1.01143
v -0.4268 4.04912 1.6153
v 0.5672 3.8432 2.1499
v 0.5574 4.375 1.1241
v -0.4268 4.04912 1.6153
v 0.5672 3.8432 2.1499
v 0.5574 4.375 1.1241
v -0.4465 4.2443 1.7167
v 0.5456 4.05998 2.2625
v 0.5358 4.5918 1.2367

# 42 faces
f -42 -39 -41 
f -41 -39 -38 
f -41 -38 -40 
f -40 -38 -37 
f -40 -37 -42 
f -42 -37 -39 
f -36 -33 -35 
f -35 -33 -32 
f -35 -32 -34 
f -34 -32 -31 
f -34 -31 -36 
f -36 -31 -33 
f -30 -27 -29 
f -29 -27 -26 
f -29 -26 -28 
f -28 -26 -25 
f -28 -25 -30 
f -30 -25 -27 
f -24 -21 -23 
f -23 -21 -20 
f -23 -20 -22 
f -22 -20 -19 
f -22 -19 -24 
f -24 -19 -21 
f -18 -15 -17 
f -17 -15 -14 
f -17 -14 -16 
f -16 -14 -13 
f -16 -13 -18 
f -18 -13 -15 
f -12 -9 -11 
f -11 -9 -8 
f -11 -8 -10 
f -10 -8 -7 
f -10 -7 -12 
f -12 -7 -9 
f -6 -3 -5 
f -5 -3 -2 
f -5 -2 -4 
f -4 -2 -1 
f -4 -1 -6 
f -6 -1 -3 

g violet_Petiole
s off

usemtl violet_Petiole

# 42 vertices
v -1.06353 4.02141 1.607
v 0.8545 3.9092 2.8191
v 0.8351 4.9622 0.7882
v -4.7673 17.6977 8.7333
v -2.8492 17.5855 9.9455
v -2.8685 18.6385 7.9145
v -4.7673 17.6977 8.7333
v -2.8492 17.5855 9.9455
v -2.8685 18.6385 7.9145
v -10.6348 30.5713 15.4641
v -8.8046 30.703 16.8035
v -8.824 31.756 14.7725
v -10.6348 30.5713 15.4641
v -8.8046 30.703 16.8035
v -8.824 31.756 14.7725
v -18.5703 42.5329 21.7417
v -16.8675 42.8942 23.2014
v -16.8868 43.9473 21.1704
v -18.5703 42.5329 21.7417
v -16.8675 42.8942 23.2014
v -16.8868 43.9473 21.1704
v -28.402 53.3237 27.4303
v -26.8631 53.8953 29.00065
v -26.8825 54.9484 26.9696
v -28.402 53.3237 27.4303
v -26.8631 53.8953 29.00065
v -26.8825 54.9484 26.9696
v -39.917 62.7099 32.4067
v -38.5752 63.4682 34.07569
v -38.5946 64.5212 32.0447
v -39.917 62.7099 32.4067
v -38.5752 63.4682 34.07569
v -38.5946 64.5212 32.0447
v -52.8661 70.4884 36.5632
v -51.7502 71.4055 38.3166
v -51.7696 72.4586 36.2856
v -52.8661 70.4884 36.5632
v -51.7502 71.4055 38.3166
v -51.7696 72.4586 36.2856
v -66.969 76.4909 39.8098
v -66.103 77.5355 41.6318
v -66.1223 78.5886 39.6008

# 42 faces
f -42 -39 -41 
f -41 -39 -38 
f -41 -38 -40 
f -40 -38 -37 
f -40 -37 -42 
f -42 -37 -39 
f -36 -33 -35 
f -35 -33 -32 
f -35 -32 -34 
f -34 -32 -31 
f -34 -31 -36 
f -36 -31 -33 
f -30 -27 -29 
f -29 -27 -26 
f -29 -26 -28 
f -28 -26 -25 
f -28 -25 -30 
f -30 -25 -27 
f -24 -21 -23 
f -23 -21 -20 
f -23 -20 -22 
f -22 -20 -19 
f -22 -19 -24 
f -24 -19 -21 
f -18 -15 -17 
f -17 -15 -14 
f -17 -14 -16 
f -16 -14 -13 
f -16 -13 -18 
f -18 -13 -15 
f -12 -9 -11 
f -11 -9 -8 
f -11 -8 -10 
f -10 -8 -7 
f -10 -7 -12 
f -12 -7 -9 
f -6 -3 -5 
f -5 -3 -2 
f -5 -2 -4 
f -4 -2 -1 
f -4 -1 -6 
f -6 -1 -3 

g violet_Leaf
s off

usemtl violet_Leaf

# 30 vertices
v -66.3954 77.5433 40.35
v -58.01061 70.4337 52.948
v -74.04683 76.965 57.5674
v -85.8456 79.877 52.2329
v -57.7442 68.03481 62.2448
v -67.6445 68.1414 65.5556
v -82.5287 69.3469 63.5436
v -97.678 71.2061 59.03327
v -102.117 80.2265 30.5177
v -110.4906 74.1037 46.1752
v -119.8811 72.2942 31.6295
v -125.5419 66.965 20.4181
v -99.6688 78.3968 48.8476
v -94.8646 81.527 39.6691
v -107.4966 79.2872 39.02825
v -81.1706 80.1729 36.6527
v -92.7475 81.4984 33.577
v -51.9287 75.4715 32.227
v -63.9986 85.2883 23.3327
v -77.1195 87.1051 22.5028
v -46.6382 77.2342 24.4064
v -53.3654 79.9692 16.9062
v -67.1919 82.05098 11.2906
v -82.6057 83.6911 7.6812
v -115.6286 76.2652 17.3346
v -90.2627 89.3282 18.1538
v -91.427 84.3745 27.9573
v -100.4424 82.427 11.9405
v -102.2296 83.2014 20.8902
v -118.2071 74.5659 24.4189

# 84 faces
f -30 -29 -28 
f -30 -28 -29 
f -30 -28 -27 
f -30 -27 -28 
f -29 -26 -28 
f -29 -28 -26 
f -26 -25 -28 
f -26 -28 -25 
f -25 -24 -28 
f -25 -28 -24 
f -24 -23 -27 
f -24 -27 -23 
f -28 -24 -27 
f -28 -27 -24 
f -27 -18 -17 
f -27 -17 -18 
f -18 -21 -16 
f -18 -16 -21 
f -18 -16 -17 
f -18 -17 -16 
f -17 -16 -22 
f -17 -22 -16 
f -21 -20 -16 
f -21 -16 -20 
f -16 -20 -22 
f -16 -22 -20 
f -30 -27 -15 
f -30 -15 -27 
f -15 -27 -17 
f -15 -17 -27 
f -15 -17 -14 
f -15 -14 -17 
f -17 -22 -14 
f -17 -14 -22 
f -23 -18 -27 
f -23 -27 -18 
f -23 -21 -18 
f -23 -18 -21 
f -12 -13 -30 
f -12 -30 -13 
f -11 -12 -30 
f -11 -30 -12 
f -12 -10 -13 
f -12 -13 -10 
f -12 -9 -10 
f -12 -10 -9 
f -12 -8 -9 
f -12 -9 -8 
f -11 -7 -8 
f -11 -8 -7 
f -11 -8 -12 
f -11 -12 -8 
f -4 -5 -11 
f -4 -11 -5 
f -2 -3 -5 
f -2 -5 -3 
f -4 -2 -5 
f -4 -5 -2 
f -22 -2 -4 
f -22 -4 -2 
f -2 -6 -3 
f -2 -3 -6 
f -22 -6 -2 
f -22 -2 -6 
f -15 -11 -30 
f -15 -30 -11 
f -4 -11 -15 
f -4 -15 -11 
f -14 -4 -15 
f -14 -15 -4 
f -14 -22 -4 
f -14 -4 -22 
f -11 -5 -7 
f -11 -7 -5 
f -5 -3 -7 
f -5 -7 -3 
f -22 -20 -1 
f -22 -1 -20 
f -20 -19 -1 
f -20 -1 -19 
f -22 -1 -6 
f -22 -6 -1 
f -1 -19 -6 
f -1 -6 -19 

g violet_1Pdncle
s off

usemtl violet_1Pdncle

# 42 vertices
v -0.4222 4.204 1.6956
v 0.5335 4.08725 2.2586
v 0.524 4.6042 1.2614
v -0.4222 4.204 1.6956
v 0.5335 4.08725 2.2586
v 0.524 4.6042 1.2614
v -0.4222 4.204 1.6956
v 0.5335 4.08725 2.2586
v 0.524 4.6042 1.2614
v -0.4128 4.1626 1.674
v 0.5288 4.1076 2.2692
v 0.5193 4.6246 1.272
v -0.4128 4.1626 1.674
v 0.5288 4.1076 2.2692
v 0.5193 4.6246 1.272
v -0.4 4.1221 1.6529
v 0.5225 4.1276 2.2796
v 0.513 4.6446 1.2824
v -0.4 4.1221 1.6529
v 0.5225 4.1276 2.2796
v 0.513 4.6446 1.2824
v -0.3839 4.08249 1.6322
v 0.5146 4.1471 2.2898
v 0.5051 4.6641 1.2926
v -0.3839 4.08249 1.6322
v 0.5146 4.1471 2.2898
v 0.5051 4.6641 1.2926
v -0.3645 4.04404 1.6121
v 0.5051 4.1661 2.2997
v 0.4955 4.6831 1.3025
v -0.3645 4.04404 1.6121
v 0.5051 4.1661 2.2997
v 0.4955 4.6831 1.3025
v -0.342 4.006979 1.5926
v 0.494 4.1843 2.3093
v 0.4845 4.7014 1.3121
v -0.342 4.006979 1.5926
v 0.494 4.1843 2.3093
v 0.4845 4.7014 1.3121
v -0.3165 3.9714 1.574
v 0.4814 4.2018 2.3185
v 0.4719 4.7189 1.3213

# 42 faces
f -42 -39 -41 
f -41 -39 -38 
f -41 -38 -40 
f -40 -38 -37 
f -40 -37 -42 
f -42 -37 -39 
f -36 -33 -35 
f -35 -33 -32 
f -35 -32 -34 
f -34 -32 -31 
f -34 -31 -36 
f -36 -31 -33 
f -30 -27 -29 
f -29 -27 -26 
f -29 -26 -28 
f -28 -26 -25 
f -28 -25 -30 
f -30 -25 -27 
f -24 -21 -23 
f -23 -21 -20 
f -23 -20 -22 
f -22 -20 -19 
f -22 -19 -24 
f -24 -19 -21 
f -18 -15 -17 
f -17 -15 -14 
f -17 -14 -16 
f -16 -14 -13 
f -16 -13 -18 
f -18 -13 -15 
f -12 -9 -11 
f -11 -9 -8 
f -11 -8 -10 
f -10 -8 -7 
f -10 -7 -12 
f -12 -7 -9 
f -6 -3 -5 
f -5 -3 -2 
f -5 -2 -4 
f -4 -2 -1 
f -4 -1 -6 
f -6 -1 -3 

g violet_1InfInt
s off

usemtl violet_1InfInt

# 42 vertices
v 0.6287 4.3179 2.2336
v 0.3329 4.6519 1.2114
v -0.3115 3.9272 1.7782
v -0.4152 5.8824 3.04709
v -0.711 6.2165 2.02481
v -1.3555 5.4918 2.5916
v -0.4152 5.8824 3.04709
v -0.711 6.2165 2.02481
v -1.3555 5.4918 2.5916
v -1.3198 7.4858 3.8725
v -1.624 7.836 2.8581
v -2.2958 7.1542 3.4462
v -1.3198 7.4858 3.8725
v -1.624 7.836 2.8581
v -2.2958 7.1542 3.4462
v -2.09747 9.1444 4.7183
v -2.4087 9.5112 3.7119
v -3.1043 8.874 4.3218
v -2.09747 9.1444 4.7183
v -2.4087 9.5112 3.7119
v -3.1043 8.874 4.3218
v -2.7442 10.85 5.5803
v -3.06124 11.2338 4.5822
v -3.7773 10.6428 5.2144
v -2.7442 10.85 5.5803
v -3.06124 11.2338 4.5822
v -3.7773 10.6428 5.2144
v -3.257 12.5945 6.4547
v -3.5785 12.9957 5.4648
v -4.3114 12.4519 6.1198
v -3.257 12.5945 6.4547
v -3.5785 12.9957 5.4648
v -4.3114 12.4519 6.1198
v -3.6334 14.3693 7.3374
v -3.9579 14.7881 6.3559
v -4.704 14.2927 7.03397
v -3.6334 14.3693 7.3374
v -3.9579 14.7881 6.3559
v -4.704 14.2927 7.03397
v -3.8715 16.1658 8.2242
v -4.1978 16.6025 7.2511
v -4.9533 16.1561 7.9524

# 42 faces
f -42 -39 -41 
f -41 -39 -38 
f -41 -38 -40 
f -40 -38 -37 
f -40 -37 -42 
f -42 -37 -39 
f -36 -33 -35 
f -35 -33 -32 
f -35 -32 -34 
f -34 -32 -31 
f -34 -31 -36 
f -36 -31 -33 
f -30 -27 -29 
f -29 -27 -26 
f -29 -26 -28 
f -28 -26 -25 
f -28 -25 -30 
f -30 -25 -27 
f -24 -21 -23 
f -23 -21 -20 
f -23 -20 -22 
f -22 -20 -19 
f -22 -19 -24 
f -24 -19 -21 
f -18 -15 -17 
f -17 -15 -14 
f -17 -14 -16 
f -16 -14 -13 
f -16 -13 -18 
f -18 -13 -15 
f -12 -9 -11 
f -11 -9 -8 
f -11 -8 -10 
f -10 -8 -7 
f -10 -7 -12 
f -12 -7 -9 
f -6 -3 -5 
f -5 -3 -2 
f -5 -2 -4 
f -4 -2 -1 
f -4 -1 -6 
f -6 -1 -3 

g violet_1Pdcel
s off

usemtl violet_1Pdcel

# 42 vertices
v -3.8671 16.03043 8.1428
v -4.2 16.6692 7.2912
v -4.9555 16.2229 7.9925
v -3.237 24.1638 13.9977
v -3.5699 24.8026 13.1461
v -4.3254 24.3563 13.8474
v -3.237 24.1638 13.9977
v -3.5699 24.8026 13.1461
v -4.3254 24.3563 13.8474
v -0.8508 30.8824 20.8439
v -1.1477 31.6985 20.1438
v -1.9032 31.2521 20.8452
v -0.8508 30.8824 20.8439
v -1.1477 31.6985 20.1438
v -1.9032 31.2521 20.8452
v 3.1441 35.919 28.3524
v 2.9236 36.8767 27.8248
v 2.1681 36.4303 28.5262
v 3.1441 35.919 28.3524
v 2.9236 36.8767 27.8248
v 2.1681 36.4303 28.5262
v 8.5083 38.9716 36.07323
v 8.4001 40.02697 35.7287
v 7.6447 39.5806 36.43
v 8.5083 38.9716 36.07323
v 8.4001 40.02697 35.7287
v 7.6447 39.5806 36.43
v 14.9204 39.8572 43.5435
v 14.9536 40.9603 43.3817
v 14.1981 40.514 44.08313
v 14.9204 39.8572 43.5435
v 14.9536 40.9603 43.3817
v 14.1981 40.514 44.08313
v 21.9959 38.5228 50.3156
v 22.1911 39.621 50.3252
v 21.4357 39.1746 51.02663
v 21.9959 38.5228 50.3156
v 22.1911 39.621 50.3252
v 21.4357 39.1746 51.02663
v 29.3107 35.04848 55.9836
v 29.6789 36.08922 56.143
v 28.9235 35.6428 56.8443

# 42 faces
f -42 -39 -41 
f -41 -39 -38 
f -41 -38 -40 
f -40 -38 -37 
f -40 -37 -42 
f -42 -37 -39 
f -36 -33 -35 
f -35 -33 -32 
f -35 -32 -34 
f -34 -32 -31 
f -34 -31 -36 
f -36 -31 -33 
f -30 -27 -29 
f -29 -27 -26 
f -29 -26 -28 
f -28 -26 -25 
f -28 -25 -30 
f -30 -25 -27 
f -24 -21 -23 
f -23 -21 -20 
f -23 -20 -22 
f -22 -20 -19 
f -22 -19 -24 
f -24 -19 -21 
f -18 -15 -17 
f -17 -15 -14 
f -17 -14 -16 
f -16 -14 -13 
f -16 -13 -18 
f -18 -13 -15 
f -12 -9 -11 
f -11 -9 -8 
f -11 -8 -10 
f -10 -8 -7 
f -10 -7 -12 
f -12 -7 -9 
f -6 -3 -5 
f -5 -3 -2 
f -5 -2 -4 
f -4 -2 -1 
f -4 -1 -6 
f -6 -1 -3 

g violet_1Petal1
s off

usemtl violet_1Petal1

# 22 vertices
v 29.3044 35.5961 56.3253
v 30.8801 35.5433 55.8731
v 31.03456 35.8891 56.4716
v 32.1027 35.4612 55.6052
v 32.6212 35.9397 55.995
v 32.543 36.09378 56.6118
v 33.9218 37.7513 55.3749
v 33.9077 37.5791 54.64
v 33.9317 38.1815 56.2666
v 35.1916 38.3752 54.3823
v 36.1459 41.2673 54.4464
v 35.285 38.5912 55.3381
v 35.1894 39.02902 56.2146
v 36.3203 42.6973 55.4419
v 30.9235 35.733 57.1617
v 31.7713 36.1633 57.4945
v 32.5504 35.9045 57.2144
v 33.8164 38.2836 57.1136
v 33.4643 38.452 58.1356
v 34.6124 39.5651 58.2251
v 35.9689 42.3151 56.9343
v 35.08088 39.4924 57.1938

# 60 faces
f -22 -21 -20 
f -22 -20 -21 
f -21 -19 -20 
f -21 -20 -19 
f -20 -18 -17 
f -20 -17 -18 
f -18 -16 -17 
f -18 -17 -16 
f -20 -19 -18 
f -20 -18 -19 
f -19 -15 -18 
f -19 -18 -15 
f -18 -15 -16 
f -18 -16 -15 
f -17 -16 -14 
f -17 -14 -16 
f -15 -13 -16 
f -15 -16 -13 
f -13 -12 -11 
f -13 -11 -12 
f -16 -13 -11 
f -16 -11 -13 
f -14 -16 -11 
f -14 -11 -16 
f -14 -11 -10 
f -14 -10 -11 
f -11 -12 -9 
f -11 -9 -12 
f -10 -11 -9 
f -10 -9 -11 
f -20 -8 -22 
f -20 -22 -8 
f -20 -7 -8 
f -20 -8 -7 
f -17 -6 -20 
f -17 -20 -6 
f -17 -5 -6 
f -17 -6 -5 
f -6 -7 -20 
f -6 -20 -7 
f -6 -4 -7 
f -6 -7 -4 
f -5 -4 -6 
f -5 -6 -4 
f -14 -5 -17 
f -14 -17 -5 
f -5 -3 -4 
f -5 -4 -3 
f -1 -2 -3 
f -1 -3 -2 
f -1 -3 -5 
f -1 -5 -3 
f -1 -5 -14 
f -1 -14 -5 
f -10 -1 -14 
f -10 -14 -1 
f -9 -2 -1 
f -9 -1 -2 
f -9 -1 -10 
f -9 -10 -1 

g violet_1Petal1
s off

usemtl violet_1Petal1

# 22 vertices
v 29.3044 35.5961 56.3253
v 30.8178 35.949 56.8498
v 30.6909 35.5332 57.4089
v 31.9922 36.1304 57.2513
v 32.1765 35.9493 58.01488
v 31.9181 35.4465 58.3163
v 32.7121 37.2036 59.8851
v 32.9199 37.8098 59.486
v 32.3624 36.5561 60.5475
v 33.785 38.3289 60.6395
v 33.429 39.3936 63.4713
v 33.5847 37.5354 61.1864
v 33.1413 36.9076 61.8014
v 32.7927 39.04354 65.06479
v 30.5162 34.8409 57.466
v 31.02456 34.6844 58.3214
v 31.8801 34.8184 58.3706
v 32.0458 35.8226 60.868
v 31.4557 34.9609 61.1942
v 31.9991 35.291 62.6642
v 32.3345 37.5318 65.1005
v 32.6549 36.196 62.4667

# 60 faces
f -22 -21 -20 
f -22 -20 -21 
f -21 -19 -20 
f -21 -20 -19 
f -20 -18 -17 
f -20 -17 -18 
f -18 -16 -17 
f -18 -17 -16 
f -20 -19 -18 
f -20 -18 -19 
f -19 -15 -18 
f -19 -18 -15 
f -18 -15 -16 
f -18 -16 -15 
f -17 -16 -14 
f -17 -14 -16 
f -15 -13 -16 
f -15 -16 -13 
f -13 -12 -11 
f -13 -11 -12 
f -16 -13 -11 
f -16 -11 -13 
f -14 -16 -11 
f -14 -11 -16 
f -14 -11 -10 
f -14 -10 -11 
f -11 -12 -9 
f -11 -9 -12 
f -10 -11 -9 
f -10 -9 -11 
f -20 -8 -22 
f -20 -22 -8 
f -20 -7 -8 
f -20 -8 -7 
f -17 -6 -20 
f -17 -20 -6 
f -17 -5 -6 
f -17 -6 -5 
f -6 -7 -20 
f -6 -20 -7 
f -6 -4 -7 
f -6 -7 -4 
f -5 -4 -6 
f -5 -6 -4 
f -14 -5 -17 
f -14 -17 -5 
f -5 -3 -4 
f -5 -4 -3 
f -1 -2 -3 
f -1 -3 -2 
f -1 -3 -5 
f -1 -5 -3 
f -1 -5 -14 
f -1 -14 -5 
f -10 -1 -14 
f -10 -14 -1 
f -9 -2 -1 
f -9 -1 -2 
f -9 -1 -10 
f -9 -10 -1 

g violet_1Petal1
s off

usemtl violet_1Petal1

# 22 vertices
v 29.3044 35.5961 56.3253
v 30.3968 35.2156 57.4881
v 30.3416 34.5409 57.2799
v 31.2837 34.8888 58.3125
v 31.3668 34.1116 58.5096
v 31.2829 33.6421 58.08191
v 30.9458 32.8798 60.4236
v 30.962 33.4812 60.8798
v 30.767 32.02414 59.9587
v 31.2821 32.6066 62.09671
v 29.9517 30.4406 63.7752
v 31.3197 31.795 61.5409
v 31.05929 30.993 61.03309
v 29.2065 28.8562 63.7413
v 30.4598 34.2182 56.6516
v 30.8018 33.3581 57.04883
v 31.4967 33.3439 57.5677
v 30.7226 31.4471 59.3215
v 30.4868 30.821 58.4558
v 30.5348 29.5893 59.4783
v 29.4146 28.2352 62.3034
v 30.7848 30.1128 60.4539

# 60 faces
f -22 -21 -20 
f -22 -20 -21 
f -21 -19 -20 
f -21 -20 -19 
f -20 -18 -17 
f -20 -17 -18 
f -18 -16 -17 
f -18 -17 -16 
f -20 -19 -18 
f -20 -18 -19 
f -19 -15 -18 
f -19 -18 -15 
f -18 -15 -16 
f -18 -16 -15 
f -17 -16 -14 
f -17 -14 -16 
f -15 -13 -16 
f -15 -16 -13 
f -13 -12 -11 
f -13 -11 -12 
f -16 -13 -11 
f -16 -11 -13 
f -14 -16 -11 
f -14 -11 -16 
f -14 -11 -10 
f -14 -10 -11 
f -11 -12 -9 
f -11 -9 -12 
f -10 -11 -9 
f -10 -9 -11 
f -20 -8 -22 
f -20 -22 -8 
f -20 -7 -8 
f -20 -8 -7 
f -17 -6 -20 
f -17 -20 -6 
f -17 -5 -6 
f -17 -6 -5 
f -6 -7 -20 
f -6 -20 -7 
f -6 -4 -7 
f -6 -7 -4 
f -5 -4 -6 
f -5 -6 -4 
f -14 -5 -17 
f -14 -17 -5 
f -5 -3 -4 
f -5 -4 -3 
f -1 -2 -3 
f -1 -3 -2 
f -1 -3 -5 
f -1 -5 -3 
f -1 -5 -14 
f -1 -14 -5 
f -10 -1 -14 
f -10 -14 -1 
f -9 -2 -1 
f -9 -1 -2 
f -9 -1 -10 
f -9 -10 -1 

g violet_1Petal1
s off

usemtl violet_1Petal1

# 22 vertices
v 29.3044 35.5961 56.3253
v 30.195 34.3498 56.9117
v 30.4661 34.2743 56.2618
v 30.9498 33.4406 57.3322
v 31.3035 32.949 56.8001
v 31.5092 33.1573 56.2303
v 31.04745 30.7149 56.2514
v 30.7214 30.5349 56.9081
v 31.3354 30.8064 55.3085
v 31.1184 29.06288 56.7536
v 30.487 26.6975 54.941
v 31.599 29.2495 55.9151
v 31.8011 29.4038 54.9641
v 30.4843 26.119 53.2882
v 30.8317 34.7196 55.8364
v 31.4089 34.00482 55.4235
v 31.9265 33.505 55.9079
v 31.6631 31.163 54.5969
v 31.8875 31.7148 53.6792
v 32.2293 30.2864 53.04058
v 31.2172 27.1861 52.3824
v 32.03755 29.5928 53.9182

# 60 faces
f -22 -21 -20 
f -22 -20 -21 
f -21 -19 -20 
f -21 -20 -19 
f -20 -18 -17 
f -20 -17 -18 
f -18 -16 -17 
f -18 -17 -16 
f -20 -19 -18 
f -20 -18 -19 
f -19 -15 -18 
f -19 -18 -15 
f -18 -15 -16 
f -18 -16 -15 
f -17 -16 -14 
f -17 -14 -16 
f -15 -13 -16 
f -15 -16 -13 
f -13 -12 -11 
f -13 -11 -12 
f -16 -13 -11 
f -16 -11 -13 
f -14 -16 -11 
f -14 -11 -16 
f -14 -11 -10 
f -14 -10 -11 
f -11 -12 -9 
f -11 -9 -12 
f -10 -11 -9 
f -10 -9 -11 
f -20 -8 -22 
f -20 -22 -8 
f -20 -7 -8 
f -20 -8 -7 
f -17 -6 -20 
f -17 -20 -6 
f -17 -5 -6 
f -17 -6 -5 
f -6 -7 -20 
f -6 -20 -7 
f -6 -4 -7 
f -6 -7 -4 
f -5 -4 -6 
f -5 -6 -4 
f -14 -5 -17 
f -14 -17 -5 
f -5 -3 -4 
f -5 -4 -3 
f -1 -2 -3 
f -1 -3 -2 
f -1 -3 -5 
f -1 -5 -3 
f -1 -5 -14 
f -1 -14 -5 
f -10 -1 -14 
f -10 -14 -1 
f -9 -2 -1 
f -9 -1 -2 
f -9 -1 -10 
f -9 -10 -1 

g violet_1Petal1
s off

usemtl violet_1Petal1

# 22 vertices
v 29.3044 35.5961 56.3253
v 30.4982 34.5554 55.8985
v 30.9008 35.1201 55.7547
v 31.4636 33.7997 55.6337
v 32.0905 34.09598 55.2225
v 32.2997 34.6953 55.3081
v 32.9145 33.7711 53.08404
v 32.5695 33.1057 52.9935
v 33.3209 34.6693 52.9922
v 33.5711 32.6818 51.9139
v 34.3731 33.4898 49.08847
v 34.0867 33.5131 52.02368
v 34.3922 34.4452 51.9412
v 34.9472 34.8024 48.08152
v 31.1226 35.6699 56.1564
v 32.01717 35.7646 55.7031
v 32.5875 35.1114 55.6863
v 33.6041 35.452 53.2117
v 33.7555 36.5022 53.4783
v 34.7874 36.5448 52.2543
v 35.3292 36.01941 49.01402
v 34.7327 35.4772 51.8729

# 60 faces
f -22 -21 -20 
f -22 -20 -21 
f -21 -19 -20 
f -21 -20 -19 
f -20 -18 -17 
f -20 -17 -18 
f -18 -16 -17 
f -18 -17 -16 
f -20 -19 -18 
f -20 -18 -19 
f -19 -15 -18 
f -19 -18 -15 
f -18 -15 -16 
f -18 -16 -15 
f -17 -16 -14 
f -17 -14 -16 
f -15 -13 -16 
f -15 -16 -13 
f -13 -12 -11 
f -13 -11 -12 
f -16 -13 -11 
f -16 -11 -13 
f -14 -16 -11 
f -14 -11 -16 
f -14 -11 -10 
f -14 -10 -11 
f -11 -12 -9 
f -11 -9 -12 
f -10 -11 -9 
f -10 -9 -11 
f -20 -8 -22 
f -20 -22 -8 
f -20 -7 -8 
f -20 -8 -7 
f -17 -6 -20 
f -17 -20 -6 
f -17 -5 -6 
f -17 -6 -5 
f -6 -7 -20 
f -6 -20 -7 
f -6 -4 -7 
f -6 -7 -4 
f -5 -4 -6 
f -5 -6 -4 
f -14 -5 -17 
f -14 -17 -5 
f -5 -3 -4 
f -5 -4 -3 
f -1 -2 -3 
f -1 -3 -2 
f -1 -3 -5 
f -1 -5 -3 
f -1 -5 -14 
f -1 -14 -5 
f -10 -1 -14 
f -10 -14 -1 
f -9 -2 -1 
f -9 -1 -2 
f -9 -1 -10 
f -9 -10 -1 

g violet_1InfInt
s off

usemtl violet_1InfInt

# 42 vertices
v -4.3956 16.5588 7.2144
v -4.8687 16.07942 8.1035
v -3.7657 16.2918 8.09543
v -4.7458 18.408 8.02515
v -5.2189 17.9286 8.9142
v -4.1159 18.1411 8.9061
v -4.7458 18.408 8.02515
v -5.2189 17.9286 8.9142
v -4.1159 18.1411 8.9061
v -5.195 20.2441 8.7304
v -5.6731 19.7826 9.6263
v -4.5809 20.04462 9.6399
v -5.195 20.2441 8.7304
v -5.6731 19.7826 9.6263
v -4.5809 20.04462 9.6399
v -5.7462 22.08676 9.3401
v -6.2304 21.6431 10.2417
v -5.1517 21.9549 10.2746
v -5.7462 22.08676 9.3401
v -6.2304 21.6431 10.2417
v -5.1517 21.9549 10.2746
v -6.3967 23.9269 9.851
v -6.8879 23.5012 10.7575
v -5.8256 23.863 10.807
v -6.3967 23.9269 9.851
v -6.8879 23.5012 10.7575
v -5.8256 23.863 10.807
v -7.1432 25.756 10.2608
v -7.6423 25.348 11.171
v -6.5991 25.7596 11.2345
v -7.1432 25.756 10.2608
v -7.6423 25.348 11.171
v -6.5991 25.7596 11.2345
v -7.982 27.5652 10.5671
v -8.49 27.1747 11.4801
v -7.4684 27.6357 11.5547
v -7.982 27.5652 10.5671
v -8.49 27.1747 11.4801
v -7.4684 27.6357 11.5547
v -8.909 29.3459 10.7685
v -9.4267 28.9725 11.6833
v -8.4292 29.4824 11.7662

# 42 faces
f -42 -39 -41 
f -41 -39 -38 
f -41 -38 -40 
f -40 -38 -37 
f -40 -37 -42 
f -42 -37 -39 
f -36 -33 -35 
f -35 -33 -32 
f -35 -32 -34 
f -34 -32 -31 
f -34 -31 -36 
f -36 -31 -33 
f -30 -27 -29 
f -29 -27 -26 
f -29 -26 -28 
f -28 -26 -25 
f -28 -25 -30 
f -30 -25 -27 
f -24 -21 -23 
f -23 -21 -20 
f -23 -20 -22 
f -22 -20 -19 
f -22 -19 -24 
f -24 -19 -21 
f -18 -15 -17 
f -17 -15 -14 
f -17 -14 -16 
f -16 -14 -13 
f -16 -13 -18 
f -18 -13 -15 
f -12 -9 -11 
f -11 -9 -8 
f -11 -8 -10 
f -10 -8 -7 
f -10 -7 -12 
f -12 -7 -9 
f -6 -3 -5 
f -5 -3 -2 
f -5 -2 -4 
f -4 -2 -1 
f -4 -1 -6 
f -6 -1 -3 

g violet_1Pdcel
s off

usemtl violet_1Pdcel

# 42 vertices
v -8.8373 29.2051 10.772
v -9.462 29.04191 11.6816
v -8.4646 29.5518 11.7645
v -13.2649 38.1011 9.3273
v -13.8896 37.9379 10.2368
v -12.8921 38.4478 10.3197
v -13.2649 38.1011 9.3273
v -13.8896 37.9379 10.2368
v -12.8921 38.4478 10.3197
v -17.1742 46.361 5.5597
v -17.8984 46.4026 6.4071
v -16.9009 46.9125 6.49
v -17.1742 46.361 5.5597
v -17.8984 46.4026 6.4071
v -16.9009 46.9125 6.49
v -20.4026 53.6307 -0.3082
v -21.2128 53.8591 0.4236
v -20.2153 54.3691 0.5065
v -20.4026 53.6307 -0.3082
v -21.2128 53.8591 0.4236
v -20.2153 54.3691 0.5065
v -22.7568 59.4744 -7.9249
v -23.6342 59.8607 -7.3548
v -22.6367 60.3706 -7.2719
v -22.7568 59.4744 -7.9249
v -23.6342 59.8607 -7.3548
v -22.6367 60.3706 -7.2719
v -24.09544 63.5417 -16.8338
v -25.01747 64.04765 -16.4622
v -24.02 64.5575 -16.3793
v -24.09544 63.5417 -16.8338
v -25.01747 64.04765 -16.4622
v -24.02 64.5575 -16.3793
v -24.3384 65.589 -26.501
v -25.2796 66.1688 -26.3526
v -24.2821 66.6787 -26.2697
v -24.3384 65.589 -26.501
v -25.2796 66.1688 -26.3526
v -24.2821 66.6787 -26.2697
v -23.4711 65.4935 -36.3469
v -24.405 66.09721 -36.4332
v -23.4075 66.6071 -36.3503

# 42 faces
f -42 -39 -41 
f -41 -39 -38 
f -41 -38 -40 
f -40 -38 -37 
f -40 -37 -42 
f -42 -37 -39 
f -36 -33 -35 
f -35 -33 -32 
f -35 -32 -34 
f -34 -32 -31 
f -34 -31 -36 
f -36 -31 -33 
f -30 -27 -29 
f -29 -27 -26 
f -29 -26 -28 
f -28 -26 -25 
f -28 -25 -30 
f -30 -25 -27 
f -24 -21 -23 
f -23 -21 -20 
f -23 -20 -22 
f -22 -20 -19 
f -22 -19 -24 
f -24 -19 -21 
f -18 -15 -17 
f -17 -15 -14 
f -17 -14 -16 
f -16 -14 -13 
f -16 -13 -18 
f -18 -13 -15 
f -12 -9 -11 
f -11 -9 -8 
f -11 -8 -10 
f -10 -8 -7 
f -10 -7 -12 
f -12 -7 -9 
f -6 -3 -5 
f -5 -3 -2 
f -5 -2 -4 
f -4 -2 -1 
f -4 -1 -6 
f -6 -1 -3 

g violet_1Petal1
s off

usemtl violet_1Petal1

# 22 vertices
v -23.7626 66.06867 -36.3769
v -24.0376 65.3624 -37.6827
v -24.1956 65.9428 -37.9338
v -24.1925 64.8729 -38.7167
v -24.5685 65.244 -39.2377
v -24.5254 65.8291 -39.2969
v -26.4773 64.9949 -40.1508
v -26.525 64.322 -39.9839
v -26.6112 65.8777 -40.3338
v -27.4495 64.08684 -41.02304
v -30.06985 64.8038 -41.717
v -27.39 64.945 -41.3074
v -27.5213 65.8374 -41.3926
v -31.06658 66.03599 -42.01093
v -23.8585 66.5057 -37.9985
v -24.2494 66.7502 -38.8029
v -24.1981 66.2847 -39.4496
v -26.4558 66.6504 -40.4146
v -26.2809 67.6376 -40.3197
v -27.3699 67.8169 -41.2969
v -30.2847 67.2615 -42.05441
v -27.6454 66.8274 -41.4877

# 60 faces
f -22 -21 -20 
f -22 -20 -21 
f -21 -19 -20 
f -21 -20 -19 
f -20 -18 -17 
f -20 -17 -18 
f -18 -16 -17 
f -18 -17 -16 
f -20 -19 -18 
f -20 -18 -19 
f -19 -15 -18 
f -19 -18 -15 
f -18 -15 -16 
f -18 -16 -15 
f -17 -16 -14 
f -17 -14 -16 
f -15 -13 -16 
f -15 -16 -13 
f -13 -12 -11 
f -13 -11 -12 
f -16 -13 -11 
f -16 -11 -13 
f -14 -16 -11 
f -14 -11 -16 
f -14 -11 -10 
f -14 -10 -11 
f -11 -12 -9 
f -11 -9 -12 
f -10 -11 -9 
f -10 -9 -11 
f -20 -8 -22 
f -20 -22 -8 
f -20 -7 -8 
f -20 -8 -7 
f -17 -6 -20 
f -17 -20 -6 
f -17 -5 -6 
f -17 -6 -5 
f -6 -7 -20 
f -6 -20 -7 
f -6 -4 -7 
f -6 -7 -4 
f -5 -4 -6 
f -5 -6 -4 
f -14 -5 -17 
f -14 -17 -5 
f -5 -3 -4 
f -5 -4 -3 
f -1 -2 -3 
f -1 -3 -2 
f -1 -3 -5 
f -1 -5 -3 
f -1 -5 -14 
f -1 -14 -5 
f -10 -1 -14 
f -10 -14 -1 
f -9 -2 -1 
f -9 -1 -2 
f -9 -1 -10 
f -9 -10 -1 

g violet_1Petal1
s off

usemtl violet_1Petal1

# 22 vertices
v -23.7626 66.06867 -36.3769
v -24.3419 66.06816 -37.7711
v -23.8132 66.3975 -37.9632
v -24.7153 66.03069 -38.8629
v -24.4167 66.4922 -39.3613
v -23.8454 66.6378 -39.3493
v -25.1327 68.1955 -40.4222
v -25.8021 68.02898 -40.3379
v -24.3212 68.6009 -40.5101
v -26.1784 68.8014 -41.4565
v -26.2395 71.4942 -42.2357
v -25.3157 69.01332 -41.635
v -24.5071 69.422 -41.6247
v -25.357 72.8258 -42.4505
v -23.1694 66.2575 -37.9397
v -22.9574 66.6851 -38.7346
v -23.2939 66.4703 -39.426
v -23.5354 68.6998 -40.4903
v -22.5648 68.8537 -40.2702
v -22.6114 69.9168 -41.2903
v -23.9529 72.4781 -42.2995
v -23.6033 69.8549 -41.6125

# 60 faces
f -22 -21 -20 
f -22 -20 -21 
f -21 -19 -20 
f -21 -20 -19 
f -20 -18 -17 
f -20 -17 -18 
f -18 -16 -17 
f -18 -17 -16 
f -20 -19 -18 
f -20 -18 -19 
f -19 -15 -18 
f -19 -18 -15 
f -18 -15 -16 
f -18 -16 -15 
f -17 -16 -14 
f -17 -14 -16 
f -15 -13 -16 
f -15 -16 -13 
f -13 -12 -11 
f -13 -11 -12 
f -16 -13 -11 
f -16 -11 -13 
f -14 -16 -11 
f -14 -11 -16 
f -14 -11 -10 
f -14 -10 -11 
f -11 -12 -9 
f -11 -9 -12 
f -10 -11 -9 
f -10 -9 -11 
f -20 -8 -22 
f -20 -22 -8 
f -20 -7 -8 
f -20 -8 -7 
f -17 -6 -20 
f -17 -20 -6 
f -17 -5 -6 
f -17 -6 -5 
f -6 -7 -20 
f -6 -20 -7 
f -6 -4 -7 
f -6 -7 -4 
f -5 -4 -6 
f -5 -6 -4 
f -14 -5 -17 
f -14 -17 -5 
f -5 -3 -4 
f -5 -4 -3 
f -1 -2 -3 
f -1 -3 -2 
f -1 -3 -5 
f -1 -5 -3 
f -1 -5 -14 
f -1 -14 -5 
f -10 -1 -14 
f -10 -14 -1 
f -9 -2 -1 
f -9 -1 -2 
f -9 -1 -10 
f -9 -10 -1 

g violet_1Petal1
s off

usemtl violet_1Petal1

# 22 vertices
v -23.7626 66.06867 -36.3769
v -23.7629 66.5806 -37.7972
v -23.2614 66.1808 -37.9142
v -23.7727 66.8935 -38.9085
v -23.1794 66.7461 -39.3289
v -22.8641 66.2523 -39.2622
v -21.665 67.9433 -40.2306
v -22.04368 68.5257 -40.211
v -21.01667 67.303 -40.2167
v -21.2895 69.1008 -41.2551
v -18.6756 70.00309 -41.7193
v -20.7951 68.3475 -41.3499
v -20.1574 67.7135 -41.2386
v -17.1177 69.5896 -41.719
v -23.1931 65.527 -37.8643
v -22.6202 65.4429 -38.5884
v -22.8376 65.6745 -39.3209
v -20.6786 66.5913 -40.1333
v -20.2569 65.7276 -39.8327
v -19.1385 66.08658 -40.7236
v -17.02172 68.1527 -41.5161
v -19.4672 66.9972 -41.1161

# 60 faces
f -22 -21 -20 
f -22 -20 -21 
f -21 -19 -20 
f -21 -20 -19 
f -20 -18 -17 
f -20 -17 -18 
f -18 -16 -17 
f -18 -17 -16 
f -20 -19 -18 
f -20 -18 -19 
f -19 -15 -18 
f -19 -18 -15 
f -18 -15 -16 
f -18 -16 -15 
f -17 -16 -14 
f -17 -14 -16 
f -15 -13 -16 
f -15 -16 -13 
f -13 -12 -11 
f -13 -11 -12 
f -16 -13 -11 
f -16 -11 -13 
f -14 -16 -11 
f -14 -11 -16 
f -14 -11 -10 
f -14 -10 -11 
f -11 -12 -9 
f -11 -9 -12 
f -10 -11 -9 
f -10 -9 -11 
f -20 -8 -22 
f -20 -22 -8 
f -20 -7 -8 
f -20 -8 -7 
f -17 -6 -20 
f -17 -20 -6 
f -17 -5 -6 
f -17 -6 -5 
f -6 -7 -20 
f -6 -20 -7 
f -6 -4 -7 
f -6 -7 -4 
f -5 -4 -6 
f -5 -6 -4 
f -14 -5 -17 
f -14 -17 -5 
f -5 -3 -4 
f -5 -4 -3 
f -1 -2 -3 
f -1 -3 -2 
f -1 -3 -5 
f -1 -5 -3 
f -1 -5 -14 
f -1 -14 -5 
f -10 -1 -14 
f -10 -14 -1 
f -9 -2 -1 
f -9 -1 -2 
f -9 -1 -10 
f -9 -10 -1 

g violet_1Petal1
s off

usemtl violet_1Petal1

# 22 vertices
v -23.7626 66.06867 -36.3769
v -23.09534 66.1963 -37.7252
v -23.2976 65.5901 -37.8541
v -22.6585 66.2771 -38.7908
v -22.555 65.6571 -39.1851
v -22.9284 65.2018 -39.1552
v -20.8341 64.5845 -39.839
v -20.4086 65.1304 -39.7773
v -21.2334 63.7654 -39.8563
v -19.4935 64.574 -40.6952
v -17.7606 62.3771 -40.8766
v -20.03328 63.8615 -40.8435
v -20.4427 63.05722 -40.7642
v -17.6582 60.7695 -40.8205
v -23.8972 65.3169 -37.8758
v -23.7007 64.7286 -38.565
v -23.4555 64.9897 -39.2785
v -21.8067 63.219 -39.8336
v -22.525 62.5503 -39.6077
v -21.7183 61.5836 -40.3746
v -19.00516 60.2224 -40.7796
v -20.9145 62.1769 -40.6799

# 60 faces
f -22 -21 -20 
f -22 -20 -21 
f -21 -19 -20 
f -21 -20 -19 
f -20 -18 -17 
f -20 -17 -18 
f -18 -16 -17 
f -18 -17 -16 
f -20 -19 -18 
f -20 -18 -19 
f -19 -15 -18 
f -19 -18 -15 
f -18 -15 -16 
f -18 -16 -15 
f -17 -16 -14 
f -17 -14 -16 
f -15 -13 -16 
f -15 -16 -13 
f -13 -12 -11 
f -13 -11 -12 
f -16 -13 -11 
f -16 -11 -13 
f -14 -16 -11 
f -14 -11 -16 
f -14 -11 -10 
f -14 -10 -11 
f -11 -12 -9 
f -11 -9 -12 
f -10 -11 -9 
f -10 -9 -11 
f -20 -8 -22 
f -20 -22 -8 
f -20 -7 -8 
f -20 -8 -7 
f -17 -6 -20 
f -17 -20 -6 
f -17 -5 -6 
f -17 -6 -5 
f -6 -7 -20 
f -6 -20 -7 
f -6 -4 -7 
f -6 -7 -4 
f -5 -4 -6 
f -5 -6 -4 
f -14 -5 -17 
f -14 -17 -5 
f -5 -3 -4 
f -5 -4 -3 
f -1 -2 -3 
f -1 -3 -2 
f -1 -3 -5 
f -1 -5 -3 
f -1 -5 -14 
f -1 -14 -5 
f -10 -1 -14 
f -10 -14 -1 
f -9 -2 -1 
f -9 -1 -2 
f -9 -1 -10 
f -9 -10 -1 

g violet_1Petal1
s off

usemtl violet_1Petal1

# 22 vertices
v -23.7626 66.06867 -36.3769
v -23.2676 65.432 -37.6533
v -23.8837 65.4408 -37.8663
v -22.9219 65.00943 -38.6705
v -23.4264 64.7147 -39.1278
v -23.9707 64.9363 -39.177
v -23.8532 62.7348 -39.789
v -23.2201 62.4932 -39.6349
v -24.7433 62.8712 -39.9298
v -23.358 61.4284 -40.5496
v -24.9089 59.1153 -40.8751
v -24.1706 61.7269 -40.8169
v -25.0626 61.8802 -40.8609
v -26.4092 58.54 -41.00362
v -24.3146 65.9309 -37.96
v -24.7228 65.5487 -38.6996
v -24.3091 65.3725 -39.3593
v -25.4312 63.2561 -40.01018
v -26.3042 63.7485 -39.9133
v -26.8824 62.6692 -40.7342
v -27.3259 59.6634 -41.1172
v -26.04524 62.07044 -40.913

# 60 faces
f -22 -21 -20 
f -22 -20 -21 
f -21 -19 -20 
f -21 -20 -19 
f -20 -18 -17 
f -20 -17 -18 
f -18 -16 -17 
f -18 -17 -16 
f -20 -19 -18 
f -20 -18 -19 
f -19 -15 -18 
f -19 -18 -15 
f -18 -15 -16 
f -18 -16 -15 
f -17 -16 -14 
f -17 -14 -16 
f -15 -13 -16 
f -15 -16 -13 
f -13 -12 -11 
f -13 -11 -12 
f -16 -13 -11 
f -16 -11 -13 
f -14 -16 -11 
f -14 -11 -16 
f -14 -11 -10 
f -14 -10 -11 
f -11 -12 -9 
f -11 -9 -12 
f -10 -11 -9 
f -10 -9 -11 
f -20 -8 -22 
f -20 -22 -8 
f -20 -7 -8 
f -20 -8 -7 
f -17 -6 -20 
f -17 -20 -6 
f -17 -5 -6 
f -17 -6 -5 
f -6 -7 -20 
f -6 -20 -7 
f -6 -4 -7 
f -6 -7 -4 
f -5 -4 -6 
f -5 -6 -4 
f -14 -5 -17 
f -14 -17 -5 
f -5 -3 -4 
f -5 -4 -3 
f -1 -2 -3 
f -1 -3 -2 
f -1 -3 -5 
f -1 -5 -3 
f -1 -5 -14 
f -1 -14 -5 
f -10 -1 -14 
f -10 -14 -1 
f -9 -2 -1 
f -9 -1 -2 
f -9 -1 -10 
f -9 -10 -1 

g violet_1InfInt
s off

usemtl violet_1InfInt

# 42 vertices
v -9.302 28.983 11.8468
v -8.3599 29.5244 11.595
v -9.1086 29.2882 10.7915
v -10.238 30.7728 12.193
v -9.2959 31.3142 11.9412
v -10.04464 31.07813 11.1378
v -10.238 30.7728 12.193
v -9.2959 31.3142 11.9412
v -10.04464 31.07813 11.1378
v -11.1502 32.5076 12.6714
v -10.2166 33.0661 12.4249
v -10.9896 32.8784 11.6318
v -11.1502 32.5076 12.6714
v -10.2166 33.0661 12.4249
v -10.9896 32.8784 11.6318
v -12.04837 34.2071 13.2846
v -11.1232 34.7821 13.04471
v -11.9201 34.6421 12.2655
v -12.04837 34.2071 13.2846
v -11.1232 34.7821 13.04471
v -11.9201 34.6421 12.2655
v -12.9282 35.8628 14.02955
v -12.01132 36.4541 13.7975
v -12.8318 36.3606 13.03602
v -12.9282 35.8628 14.02955
v -12.01132 36.4541 13.7975
v -12.8318 36.3606 13.03602
v -13.7858 37.4669 14.9026
v -12.8768 38.07377 14.6796
v -13.7204 38.02568 13.9394
v -13.7858 37.4669 14.9026
v -12.8768 38.07377 14.6796
v -13.7204 38.02568 13.9394
v -14.6171 39.01143 15.8996
v -13.7158 39.6332 15.687
v -14.5818 39.629 14.9715
v -14.6171 39.01143 15.8996
v -13.7158 39.6332 15.687
v -14.5818 39.629 14.9715
v -15.4183 40.4889 17.01588
v -14.5244 41.125 16.8147
v -15.412 41.163 16.1272

# 42 faces
f -42 -39 -41 
f -41 -39 -38 
f -41 -38 -40 
f -40 -38 -37 
f -40 -37 -42 
f -42 -37 -39 
f -36 -33 -35 
f -35 -33 -32 
f -35 -32 -34 
f -34 -32 -31 
f -34 -31 -36 
f -36 -31 -33 
f -30 -27 -29 
f -29 -27 -26 
f -29 -26 -28 
f -28 -26 -25 
f -28 -25 -30 
f -30 -25 -27 
f -24 -21 -23 
f -23 -21 -20 
f -23 -20 -22 
f -22 -20 -19 
f -22 -19 -24 
f -24 -19 -21 
f -18 -15 -17 
f -17 -15 -14 
f -17 -14 -16 
f -16 -14 -13 
f -16 -13 -18 
f -18 -13 -15 
f -12 -9 -11 
f -11 -9 -8 
f -11 -8 -10 
f -10 -8 -7 
f -10 -7 -12 
f -12 -7 -9 
f -6 -3 -5 
f -5 -3 -2 
f -5 -2 -4 
f -4 -2 -1 
f -4 -1 -6 
f -6 -1 -3 

g violet_1Pdcel
s off

usemtl violet_1Pdcel

# 42 vertices
v -15.347 40.3871 16.9182
v -14.5595 41.1752 16.8628
v -15.4472 41.2132 16.1754
v -20.3524 45.8637 23.6843
v -19.565 46.6518 23.629
v -20.4526 46.6898 22.9416
v -20.3524 45.8637 23.6843
v -19.565 46.6518 23.629
v -20.4526 46.6898 22.9416
v -25.9928 49.06356 31.1444
v -25.3324 49.9551 31.2588
v -26.22 49.9931 30.5714
v -25.9928 49.06356 31.1444
v -25.3324 49.9551 31.2588
v -26.22 49.9931 30.5714
v -32.00122 49.8964 38.9488
v -31.4808 50.837 39.2467
v -32.3684 50.875 38.5593
v -32.00122 49.8964 38.9488
v -31.4808 50.837 39.2467
v -32.3684 50.875 38.5593
v -38.01758 48.3126 46.6299
v -37.6417 49.2446 47.114
v -38.5293 49.2826 46.4266
v -38.01758 48.3126 46.6299
v -37.6417 49.2446 47.114
v -38.5293 49.2826 46.4266
v -43.6812 44.4069 53.7273
v -43.446 45.2733 54.3892
v -44.3336 45.3113 53.7018
v -43.6812 44.4069 53.7273
v -43.446 45.2733 54.3892
v -44.3336 45.3113 53.7018
v -48.6528 38.4134 59.8154
v -48.5456 39.1612 60.6361
v -49.4332 39.1992 59.9487
v -48.6528 38.4134 59.8154
v -48.5456 39.1612 60.6361
v -49.4332 39.1992 59.9487
v -52.6343 30.6914 64.5296
v -52.6349 31.2746 65.4804
v -53.5225 31.3126 64.793

# 42 faces
f -42 -39 -41 
f -41 -39 -38 
f -41 -38 -40 
f -40 -38 -37 
f -40 -37 -42 
f -42 -37 -39 
f -36 -33 -35 
f -35 -33 -32 
f -35 -32 -34 
f -34 -32 -31 
f -34 -31 -36 
f -36 -31 -33 
f -30 -27 -29 
f -29 -27 -26 
f -29 -26 -28 
f -28 -26 -25 
f -28 -25 -30 
f -30 -25 -27 
f -24 -21 -23 
f -23 -21 -20 
f -23 -20 -22 
f -22 -20 -19 
f -22 -19 -24 
f -24 -19 -21 
f -18 -15 -17 
f -17 -15 -14 
f -17 -14 -16 
f -16 -14 -13 
f -16 -13 -18 
f -18 -13 -15 
f -12 -9 -11 
f -11 -9 -8 
f -11 -8 -10 
f -10 -8 -7 
f -10 -7 -12 
f -12 -7 -9 
f -6 -3 -5 
f -5 -3 -2 
f -5 -2 -4 
f -4 -2 -1 
f -4 -1 -6 
f -6 -1 -3 

g violet_1Petal1
s off

usemtl violet_1Petal1

# 22 vertices
v -52.932 31.09482 64.9362
v -53.6664 29.8455 65.3597
v -53.9843 30.2112 65.7958
v -54.299 28.9298 65.6664
v -54.6744 28.9498 66.3061
v -54.9273 29.4441 66.5046
v -54.473 27.9502 68.1769
v -54.101 27.4257 67.9133
v -54.8404 28.6152 68.6802
v -54.4626 26.5776 68.9808
v -54.0548 26.3789 71.7478
v -54.9958 27.2147 69.3425
v -55.2864 27.9319 69.8139
v -54.2259 27.1296 73.1638
v -54.3705 30.7419 65.7338
v -54.9343 30.523 66.4365
v -55.3482 29.8403 66.4415
v -55.2221 29.2864 68.858
v -55.5343 30.2268 69.03787
v -55.8989 29.7361 70.3793
v -55.00798 28.3378 72.954
v -55.6191 28.7314 70.3183

# 60 faces
f -22 -21 -20 
f -22 -20 -21 
f -21 -19 -20 
f -21 -20 -19 
f -20 -18 -17 
f -20 -17 -18 
f -18 -16 -17 
f -18 -17 -16 
f -20 -19 -18 
f -20 -18 -19 
f -19 -15 -18 
f -19 -18 -15 
f -18 -15 -16 
f -18 -16 -15 
f -17 -16 -14 
f -17 -14 -16 
f -15 -13 -16 
f -15 -16 -13 
f -13 -12 -11 
f -13 -11 -12 
f -16 -13 -11 
f -16 -11 -13 
f -14 -16 -11 
f -14 -11 -16 
f -14 -11 -10 
f -14 -10 -11 
f -11 -12 -9 
f -11 -9 -12 
f -10 -11 -9 
f -10 -9 -11 
f -20 -8 -22 
f -20 -22 -8 
f -20 -7 -8 
f -20 -8 -7 
f -17 -6 -20 
f -17 -20 -6 
f -17 -5 -6 
f -17 -6 -5 
f -6 -7 -20 
f -6 -20 -7 
f -6 -4 -7 
f -6 -7 -4 
f -5 -4 -6 
f -5 -6 -4 
f -14 -5 -17 
f -14 -17 -5 
f -5 -3 -4 
f -5 -4 -3 
f -1 -2 -3 
f -1 -3 -2 
f -1 -3 -5 
f -1 -5 -3 
f -1 -5 -14 
f -1 -14 -5 
f -10 -1 -14 
f -10 -14 -1 
f -9 -2 -1 
f -9 -1 -2 
f -9 -1 -10 
f -9 -10 -1 

g violet_1Petal1
s off

usemtl violet_1Petal1

# 22 vertices
v -52.932 31.09482 64.9362
v -53.3678 30.07658 65.9622
v -53.9837 30.2106 65.796
v -53.7412 29.2583 66.686
v -54.455 29.2555 66.8884
v -54.8862 29.4054 66.5151
v -55.4831 29.6698 68.7079
v -54.9233 29.566 69.1063
v -56.2578 29.9498 68.3179
v -55.7247 29.3028 70.2368
v -57.5133 30.6602 71.9162
v -56.4851 29.3855 69.7512
v -57.203 29.7366 69.324
v -58.8802 31.5124 71.9743
v -54.3082 30.1711 65.2235
v -55.1208 29.9302 65.5996
v -55.1957 29.2698 66.04202
v -56.7971 30.08658 67.7538
v -57.3665 30.4153 66.991
v -58.4696 30.4493 67.9683
v -59.5088 31.4662 70.6636
v -57.9926 30.1127 68.8347

# 60 faces
f -22 -21 -20 
f -22 -20 -21 
f -21 -19 -20 
f -21 -20 -19 
f -20 -18 -17 
f -20 -17 -18 
f -18 -16 -17 
f -18 -17 -16 
f -20 -19 -18 
f -20 -18 -19 
f -19 -15 -18 
f -19 -18 -15 
f -18 -15 -16 
f -18 -16 -15 
f -17 -16 -14 
f -17 -14 -16 
f -15 -13 -16 
f -15 -16 -13 
f -13 -12 -11 
f -13 -11 -12 
f -16 -13 -11 
f -16 -11 -13 
f -14 -16 -11 
f -14 -11 -16 
f -14 -11 -10 
f -14 -10 -11 
f -11 -12 -9 
f -11 -9 -12 
f -10 -11 -9 
f -10 -9 -11 
f -20 -8 -22 
f -20 -22 -8 
f -20 -7 -8 
f -20 -8 -7 
f -17 -6 -20 
f -17 -20 -6 
f -17 -5 -6 
f -17 -6 -5 
f -6 -7 -20 
f -6 -20 -7 
f -6 -4 -7 
f -6 -7 -4 
f -5 -4 -6 
f -5 -6 -4 
f -14 -5 -17 
f -14 -17 -5 
f -5 -3 -4 
f -5 -4 -3 
f -1 -2 -3 
f -1 -3 -2 
f -1 -3 -5 
f -1 -5 -3 
f -1 -5 -14 
f -1 -14 -5 
f -10 -1 -14 
f -10 -14 -1 
f -9 -2 -1 
f -9 -1 -2 
f -9 -1 -10 
f -9 -10 -1 

g violet_1Petal1
s off

usemtl violet_1Petal1

# 22 vertices
v -52.932 31.09482 64.9362
v -53.7024 30.6708 66.1635
v -53.9833 30.2108 65.7967
v -54.2595 30.2706 67.09214
v -54.8417 29.8207 66.9962
v -54.8592 29.4204 66.5636
v -56.9415 30.02746 67.292
v -56.8773 30.5581 67.736
v -57.1874 29.431 66.6482
v -58.144 30.2956 68.2982
v -60.8428 30.3641 67.5406
v -58.2578 29.5677 67.7707
v -58.46 29.03512 67.06622
v -61.933 29.8087 66.4912
v -53.7369 29.7089 65.4474
v -54.4473 29.1346 65.6058
v -54.6536 28.9215 66.3471
v -57.1229 28.8634 66.09919
v -56.9767 28.2899 65.2844
v -58.3874 27.892 65.4419
v -61.3115 28.768 65.6876
v -58.6652 28.4357 66.2896

# 60 faces
f -22 -21 -20 
f -22 -20 -21 
f -21 -19 -20 
f -21 -20 -19 
f -20 -18 -17 
f -20 -17 -18 
f -18 -16 -17 
f -18 -17 -16 
f -20 -19 -18 
f -20 -18 -19 
f -19 -15 -18 
f -19 -18 -15 
f -18 -15 -16 
f -18 -16 -15 
f -17 -16 -14 
f -17 -14 -16 
f -15 -13 -16 
f -15 -16 -13 
f -13 -12 -11 
f -13 -11 -12 
f -16 -13 -11 
f -16 -11 -13 
f -14 -16 -11 
f -14 -11 -16 
f -14 -11 -10 
f -14 -10 -11 
f -11 -12 -9 
f -11 -9 -12 
f -10 -11 -9 
f -10 -9 -11 
f -20 -8 -22 
f -20 -22 -8 
f -20 -7 -8 
f -20 -8 -7 
f -17 -6 -20 
f -17 -20 -6 
f -17 -5 -6 
f -17 -6 -5 
f -6 -7 -20 
f -6 -20 -7 
f -6 -4 -7 
f -6 -7 -4 
f -5 -4 -6 
f -5 -6 -4 
f -14 -5 -17 
f -14 -17 -5 
f -5 -3 -4 
f -5 -4 -3 
f -1 -2 -3 
f -1 -3 -2 
f -1 -3 -5 
f -1 -5 -3 
f -1 -5 -14 
f -1 -14 -5 
f -10 -1 -14 
f -10 -14 -1 
f -9 -2 -1 
f -9 -1 -2 
f -9 -1 -10 
f -9 -10 -1 

g violet_1Petal1
s off

usemtl violet_1Petal1

# 22 vertices
v -52.932 31.09482 64.9362
v -54.211 30.8126 65.6872
v -53.9837 30.2116 65.797
v -55.1425 30.5773 66.3273
v -55.3036 29.8696 66.4816
v -54.8834 29.4686 66.5835
v -56.8462 28.5322 65.8726
v -57.2809 29.0403 65.6833
v -56.3533 27.7709 65.9629
v -58.3997 28.1932 65.826
v -59.473 25.897 64.6271
v -57.8805 27.5112 66.1196
v -57.3321 26.7902 66.1395
v -59.1939 24.3572 64.2409
v -53.4407 29.9898 66.09824
v -53.8384 29.2282 66.4467
v -54.466 29.2735 66.938
v -55.7522 27.296 66.1652
v -54.9 26.7679 66.2606
v -55.7651 25.5743 66.2679
v -57.9416 23.9469 64.8562
v -56.7137 26.00242 66.1765

# 60 faces
f -22 -21 -20 
f -22 -20 -21 
f -21 -19 -20 
f -21 -20 -19 
f -20 -18 -17 
f -20 -17 -18 
f -18 -16 -17 
f -18 -17 -16 
f -20 -19 -18 
f -20 -18 -19 
f -19 -15 -18 
f -19 -18 -15 
f -18 -15 -16 
f -18 -16 -15 
f -17 -16 -14 
f -17 -14 -16 
f -15 -13 -16 
f -15 -16 -13 
f -13 -12 -11 
f -13 -11 -12 
f -16 -13 -11 
f -16 -11 -13 
f -14 -16 -11 
f -14 -11 -16 
f -14 -11 -10 
f -14 -10 -11 
f -11 -12 -9 
f -11 -9 -12 
f -10 -11 -9 
f -10 -9 -11 
f -20 -8 -22 
f -20 -22 -8 
f -20 -7 -8 
f -20 -8 -7 
f -17 -6 -20 
f -17 -20 -6 
f -17 -5 -6 
f -17 -6 -5 
f -6 -7 -20 
f -6 -20 -7 
f -6 -4 -7 
f -6 -7 -4 
f -5 -4 -6 
f -5 -6 -4 
f -14 -5 -17 
f -14 -17 -5 
f -5 -3 -4 
f -5 -4 -3 
f -1 -2 -3 
f -1 -3 -2 
f -1 -3 -5 
f -1 -5 -3 
f -1 -5 -14 
f -1 -14 -5 
f -10 -1 -14 
f -10 -14 -1 
f -9 -2 -1 
f -9 -1 -2 
f -9 -1 -10 
f -9 -10 -1 

g violet_1Petal1
s off

usemtl violet_1Petal1

# 22 vertices
v -52.932 31.09482 64.9362
v -54.1884 30.2949 65.183
v -53.9843 30.2118 65.7965
v -55.1673 29.7361 65.4329
v -55.1986 29.3232 66.04871
v -54.9262 29.4835 66.5464
v -55.2975 27.229 66.4277
v -55.5391 27.07511 65.7946
v -54.8809 27.259 67.2377
v -56.09019 25.8607 66.2542
v -55.2145 23.3969 67.2665
v -55.834 26.03504 67.1057
v -55.3411 26.09814 67.8633
v -54.3588 22.6764 68.4271
v -53.8382 30.6379 66.2778
v -54.1439 30.09931 66.9678
v -54.9018 29.8498 66.9973
v -54.5597 27.5613 67.896
v -53.9951 27.9831 68.6153
v -54.204 26.7313 69.3654
v -53.987 23.677 69.4149
v -54.8027 26.1879 68.7039

# 60 faces
f -22 -21 -20 
f -22 -20 -21 
f -21 -19 -20 
f -21 -20 -19 
f -20 -18 -17 
f -20 -17 -18 
f -18 -16 -17 
f -18 -17 -16 
f -20 -19 -18 
f -20 -18 -19 
f -19 -15 -18 
f -19 -18 -15 
f -18 -15 -16 
f -18 -16 -15 
f -17 -16 -14 
f -17 -14 -16 
f -15 -13 -16 
f -15 -16 -13 
f -13 -12 -11 
f -13 -11 -12 
f -16 -13 -11 
f -16 -11 -13 
f -14 -16 -11 
f -14 -11 -16 
f -14 -11 -10 
f -14 -10 -11 
f -11 -12 -9 
f -11 -9 -12 
f -10 -11 -9 
f -10 -9 -11 
f -20 -8 -22 
f -20 -22 -8 
f -20 -7 -8 
f -20 -8 -7 
f -17 -6 -20 
f -17 -20 -6 
f -17 -5 -6 
f -17 -6 -5 
f -6 -7 -20 
f -6 -20 -7 
f -6 -4 -7 
f -6 -7 -4 
f -5 -4 -6 
f -5 -6 -4 
f -14 -5 -17 
f -14 -17 -5 
f -5 -3 -4 
f -5 -4 -3 
f -1 -2 -3 
f -1 -3 -2 
f -1 -3 -5 
f -1 -5 -3 
f -1 -5 -14 
f -1 -14 -5 
f -10 -1 -14 
f -10 -14 -1 
f -9 -2 -1 
f -9 -1 -2 
f -9 -1 -10 
f -9 -10 -1 

g violet_Intrnd
s off

usemtl violet_Intrnd

# 42 vertices
v 0.7098 4.1198 2.1433
v 0.3535 4.6162 1.1722
v -0.412 4.1582 1.9065
v 0.6932 4.3279 2.2558
v 0.3369 4.8243 1.2846
v -0.4287 4.3664 2.01896
v 0.6932 4.3279 2.2558
v 0.3369 4.8243 1.2846
v -0.4287 4.3664 2.01896
v 0.682 4.5202 2.3639
v 0.3242 5.03783 1.4045
v -0.4414 4.5799 2.1388
v 0.682 4.5202 2.3639
v 0.3242 5.03783 1.4045
v -0.4414 4.5799 2.1388
v 0.6747 4.7108 2.4752
v 0.3159 5.2495 1.5279
v -0.4497 4.7915 2.2622
v 0.6747 4.7108 2.4752
v 0.3159 5.2495 1.5279
v -0.4497 4.7915 2.2622
v 0.6716 4.8996 2.5897
v 0.3121 5.4592 1.6548
v -0.4534 5.001347 2.3891
v 0.6716 4.8996 2.5897
v 0.3121 5.4592 1.6548
v -0.4534 5.001347 2.3891
v 0.6725 5.08661 2.7072
v 0.3129 5.6669 1.7851
v -0.4527 5.209 2.5194
v 0.6725 5.08661 2.7072
v 0.3129 5.6669 1.7851
v -0.4527 5.209 2.5194
v 0.6774 5.2716 2.8278
v 0.3182 5.8724 1.9187
v -0.4474 5.4145 2.653
v 0.6774 5.2716 2.8278
v 0.3182 5.8724 1.9187
v -0.4474 5.4145 2.653
v 0.6864 5.4545 2.9512
v 0.3279 6.07561 2.05565
v -0.4377 5.6176 2.7899

# 42 faces
f -42 -39 -41 
f -41 -39 -38 
f -41 -38 -40 
f -40 -38 -37 
f -40 -37 -42 
f -42 -37 -39 
f -36 -33 -35 
f -35 -33 -32 
f -35 -32 -34 
f -34 -32 -31 
f -34 -31 -36 
f -36 -31 -33 
f -30 -27 -29 
f -29 -27 -26 
f -29 -26 -28 
f -28 -26 -25 
f -28 -25 -30 
f -30 -25 -27 
f -24 -21 -23 
f -23 -21 -20 
f -23 -20 -22 
f -22 -20 -19 
f -22 -19 -24 
f -24 -19 -21 
f -18 -15 -17 
f -17 -15 -14 
f -17 -14 -16 
f -16 -14 -13 
f -16 -13 -18 
f -18 -13 -15 
f -12 -9 -11 
f -11 -9 -8 
f -11 -8 -10 
f -10 -8 -7 
f -10 -7 -12 
f -12 -7 -9 
f -6 -3 -5 
f -5 -3 -2 
f -5 -2 -4 
f -4 -2 -1 
f -4 -1 -6 
f -6 -1 -3 

g violet_Petiole
s off

usemtl violet_Petiole

# 42 vertices
v 0.8892 5.1454 2.9699
v 0.4085 6.3359 1.8732
v -0.7182 5.662 2.9538
v 3.49 13.4864 10.8837
v 3.0094 14.6769 9.787
v 1.8825 14.00301 10.8676
v 3.49 13.4864 10.8837
v 3.0094 14.6769 9.787
v 1.8825 14.00301 10.8676
v 7.9896 19.7508 19.4823
v 7.6184 21.1665 18.6401
v 6.4916 20.4926 19.7208
v 7.9896 19.7508 19.4823
v 7.6184 21.1665 18.6401
v 6.4916 20.4926 19.7208
v 14.1496 23.7483 28.3984
v 13.9439 25.3245 27.8291
v 12.8171 24.6506 28.9097
v 14.1496 23.7483 28.3984
v 13.9439 25.3245 27.8291
v 12.8171 24.6506 28.9097
v 21.6008 25.2391 37.0979
v 21.6067 26.9017 36.8029
v 20.4799 26.2278 37.8836
v 21.6008 25.2391 37.0979
v 21.6067 26.9017 36.8029
v 20.4799 26.2278 37.8836
v 29.8967 24.1341 45.05912
v 30.1476 25.8035 45.02397
v 29.02087 25.1296 46.1046
v 29.8967 24.1341 45.05912
v 30.1476 25.8035 45.02397
v 29.02087 25.1296 46.1046
v 38.5399 20.4994 51.8049
v 39.0547 22.09586 51.9993
v 37.9278 21.4219 53.07994
v 38.5399 20.4994 51.8049
v 39.0547 22.09586 51.9993
v 37.9278 21.4219 53.07994
v 47.01259 14.5529 56.9311
v 47.7939 16.00084 57.3109
v 46.6671 15.3269 58.3915

# 42 faces
f -42 -39 -41 
f -41 -39 -38 
f -41 -38 -40 
f -40 -38 -37 
f -40 -37 -42 
f -42 -37 -39 
f -36 -33 -35 
f -35 -33 -32 
f -35 -32 -34 
f -34 -32 -31 
f -34 -31 -36 
f -36 -31 -33 
f -30 -27 -29 
f -29 -27 -26 
f -29 -26 -28 
f -28 -26 -25 
f -28 -25 -30 
f -30 -25 -27 
f -24 -21 -23 
f -23 -21 -20 
f -23 -20 -22 
f -22 -20 -19 
f -22 -19 -24 
f -24 -19 -21 
f -18 -15 -17 
f -17 -15 -14 
f -17 -14 -16 
f -16 -14 -13 
f -16 -13 -18 
f -18 -13 -15 
f -12 -9 -11 
f -11 -9 -8 
f -11 -8 -10 
f -10 -8 -7 
f -10 -7 -12 
f -12 -7 -9 
f -6 -3 -5 
f -5 -3 -2 
f -5 -2 -4 
f -4 -2 -1 
f -4 -1 -6 
f -6 -1 -3 

g violet_Leaf
s off

usemtl violet_Leaf

# 30 vertices
v 47.1586 15.2971 57.5474
v 45.252 24.4318 49.3399
v 52.7205 27.9592 59.7898
v 58.6949 23.9933 66.5641
v 46.3691 31.2287 47.4635
v 52.5896 33.5773 51.4635
v 61.2851 31.9676 58.3355
v 69.7972 28.5296 65.7961
v 67.9471 7.7126 74.05923
v 76.1581 18.9697 73.1995
v 82.2478 7.9931 76.3363
v 87.5592 -0.6193 75.6686
v 67.7763 21.2607 71.3771
v 63.2142 14.6408 71.6386
v 71.9547 13.9251 75.4126
v 55.1521 12.4998 65.3097
v 61.7079 10.1437 70.9407
v 38.7383 9.3451 50.6109
v 41.9587 3.03336 61.8898
v 49.3491 2.3471 68.3877
v 34.4744 3.6791 49.7844
v 37.2964 -1.8436 54.4476
v 44.8592 -6.07709 61.5407
v 53.6544 -8.8591 68.946
v 77.5175 -2.3927 77.4978
v 56.4717 -0.9326 75.2523
v 59.5326 6.1135 72.357
v 65.3963 -5.9561 75.2994
v 66.4895 0.697 76.2405
v 80.04547 2.7605 77.2809

# 84 faces
f -30 -29 -28 
f -30 -28 -29 
f -30 -28 -27 
f -30 -27 -28 
f -29 -26 -28 
f -29 -28 -26 
f -26 -25 -28 
f -26 -28 -25 
f -25 -24 -28 
f -25 -28 -24 
f -24 -23 -27 
f -24 -27 -23 
f -28 -24 -27 
f -28 -27 -24 
f -27 -18 -17 
f -27 -17 -18 
f -18 -21 -16 
f -18 -16 -21 
f -18 -16 -17 
f -18 -17 -16 
f -17 -16 -22 
f -17 -22 -16 
f -21 -20 -16 
f -21 -16 -20 
f -16 -20 -22 
f -16 -22 -20 
f -30 -27 -15 
f -30 -15 -27 
f -15 -27 -17 
f -15 -17 -27 
f -15 -17 -14 
f -15 -14 -17 
f -17 -22 -14 
f -17 -14 -22 
f -23 -18 -27 
f -23 -27 -18 
f -23 -21 -18 
f -23 -18 -21 
f -12 -13 -30 
f -12 -30 -13 
f -11 -12 -30 
f -11 -30 -12 
f -12 -10 -13 
f -12 -13 -10 
f -12 -9 -10 
f -12 -10 -9 
f -12 -8 -9 
f -12 -9 -8 
f -11 -7 -8 
f -11 -8 -7 
f -11 -8 -12 
f -11 -12 -8 
f -4 -5 -11 
f -4 -11 -5 
f -2 -3 -5 
f -2 -5 -3 
f -4 -2 -5 
f -4 -5 -2 
f -22 -2 -4 
f -22 -4 -2 
f -2 -6 -3 
f -2 -3 -6 
f -22 -6 -2 
f -22 -2 -6 
f -15 -11 -30 
f -15 -30 -11 
f -4 -11 -15 
f -4 -15 -11 
f -14 -4 -15 
f -14 -15 -4 
f -14 -22 -4 
f -14 -4 -22 
f -11 -5 -7 
f -11 -7 -5 
f -5 -3 -7 
f -5 -7 -3 
f -22 -20 -1 
f -22 -1 -20 
f -20 -19 -1 
f -20 -1 -19 
f -22 -1 -6 
f -22 -6 -1 
f -1 -19 -6 
f -1 -6 -19 

g violet_1Pdncle
s off

usemtl violet_1Pdncle

# 42 vertices
v 0.6694 5.4231 2.9139
v 0.3257 6.08469 2.08426
v -0.4186 5.6395 2.7981
v 0.6694 5.4231 2.9139
v 0.3257 6.08469 2.08426
v -0.4186 5.6395 2.7981
v 0.6694 5.4231 2.9139
v 0.3257 6.08469 2.08426
v -0.4186 5.6395 2.7981
v 0.6636 5.3861 2.8847
v 0.3285 6.1029 2.09863
v -0.4157 5.6577 2.8124
v 0.6636 5.3861 2.8847
v 0.3285 6.1029 2.09863
v -0.4157 5.6577 2.8124
v 0.6552 5.3508 2.854
v 0.3326 6.1203 2.1137
v -0.4116 5.6751 2.8276
v 0.6552 5.3508 2.854
v 0.3326 6.1203 2.1137
v -0.4116 5.6751 2.8276
v 0.6443 5.3175 2.8219
v 0.338 6.1367 2.1296
v -0.4062 5.6915 2.8434
v 0.6443 5.3175 2.8219
v 0.338 6.1367 2.1296
v -0.4062 5.6915 2.8434
v 0.6309 5.2864 2.7885
v 0.3446 6.152 2.146
v -0.3996 5.7068 2.8598
v 0.6309 5.2864 2.7885
v 0.3446 6.152 2.146
v -0.3996 5.7068 2.8598
v 0.6152 5.2576 2.7542
v 0.3524 6.1662 2.1629
v -0.3919 5.721 2.8768
v 0.6152 5.2576 2.7542
v 0.3524 6.1662 2.1629
v -0.3919 5.721 2.8768
v 0.5971 5.2313 2.7189
v 0.3613 6.1792 2.1803
v -0.383 5.734 2.8942

# 42 faces
f -42 -39 -41 
f -41 -39 -38 
f -41 -38 -40 
f -40 -38 -37 
f -40 -37 -42 
f -42 -37 -39 
f -36 -33 -35 
f -35 -33 -32 
f -35 -32 -34 
f -34 -32 -31 
f -34 -31 -36 
f -36 -31 -33 
f -30 -27 -29 
f -29 -27 -26 
f -29 -26 -28 
f -28 -26 -25 
f -28 -25 -30 
f -30 -25 -27 
f -24 -21 -23 
f -23 -21 -20 
f -23 -20 -22 
f -22 -20 -19 
f -22 -19 -24 
f -24 -19 -21 
f -18 -15 -17 
f -17 -15 -14 
f -17 -14 -16 
f -16 -14 -13 
f -16 -13 -18 
f -18 -13 -15 
f -12 -9 -11 
f -11 -9 -8 
f -11 -8 -10 
f -10 -8 -7 
f -10 -7 -12 
f -12 -7 -9 
f -6 -3 -5 
f -5 -3 -2 
f -5 -2 -4 
f -4 -2 -1 
f -4 -1 -6 
f -6 -1 -3 

g violet_1InfInt
s off

usemtl violet_1InfInt

# 42 vertices
v 0.1753 6.2489 2.2316
v -0.3166 5.574 2.9708
v 0.7107 5.3361 2.5841
v 1.0023 7.3266 3.7659
v 0.5102 6.6517 4.5052
v 1.5377 6.4138 4.1185
v 1.0023 7.3266 3.7659
v 0.5102 6.6517 4.5052
v 1.5377 6.4138 4.1185
v 1.8292 8.4043 5.3003
v 1.3371 7.7293 6.03956
v 2.3646 7.4915 5.6528
v 1.8292 8.4043 5.3003
v 1.3371 7.7293 6.03956
v 2.3646 7.4915 5.6528
v 2.6561 9.482 6.8346
v 2.164 8.807 7.5739
v 3.1915 8.5692 7.1872
v 2.6561 9.482 6.8346
v 2.164 8.807 7.5739
v 3.1915 8.5692 7.1872
v 3.483 10.5597 8.369
v 2.9909 9.8847 9.1082
v 4.01848 9.6469 8.7215
v 3.483 10.5597 8.369
v 2.9909 9.8847 9.1082
v 4.01848 9.6469 8.7215
v 4.3099 11.6374 9.9033
v 3.8179 10.9624 10.6426
v 4.8454 10.7246 10.2559
v 4.3099 11.6374 9.9033
v 3.8179 10.9624 10.6426
v 4.8454 10.7246 10.2559
v 5.1369 12.7151 11.4377
v 4.6448 12.04018 12.1769
v 5.6723 11.8023 11.7902
v 5.1369 12.7151 11.4377
v 4.6448 12.04018 12.1769
v 5.6723 11.8023 11.7902
v 5.9638 13.7928 12.972
v 5.4717 13.1178 13.7113
v 6.4992 12.88 13.3246

# 42 faces
f -42 -39 -41 
f -41 -39 -38 
f -41 -38 -40 
f -40 -38 -37 
f -40 -37 -42 
f -42 -37 -39 
f -36 -33 -35 
f -35 -33 -32 
f -35 -32 -34 
f -34 -32 -31 
f -34 -31 -36 
f -36 -31 -33 
f -30 -27 -29 
f -29 -27 -26 
f -29 -26 -28 
f -28 -26 -25 
f -28 -25 -30 
f -30 -25 -27 
f -24 -21 -23 
f -23 -21 -20 
f -23 -20 -22 
f -22 -20 -19 
f -22 -19 -24 
f -24 -19 -21 
f -18 -15 -17 
f -17 -15 -14 
f -17 -14 -16 
f -16 -14 -13 
f -16 -13 -18 
f -18 -13 -15 
f -12 -9 -11 
f -11 -9 -8 
f -11 -8 -10 
f -10 -8 -7 
f -10 -7 -12 
f -12 -7 -9 
f -6 -3 -5 
f -5 -3 -2 
f -5 -2 -4 
f -4 -2 -1 
f -4 -1 -6 
f -6 -1 -3 

g violet_1Pdcel
s off

usemtl violet_1Pdcel

# 42 vertices
v 5.9195 13.7269 12.8948
v 5.4936 13.1503 13.7494
v 6.521 12.9124 13.3627
v 9.8731 20.344 19.33
v 9.4472 19.7674 20.1845
v 10.4747 19.5295 19.7979
v 9.8731 20.344 19.33
v 9.4472 19.7674 20.1845
v 10.4747 19.5295 19.7979
v 13.5695 28.02317 24.4283
v 13.2072 27.5653 25.3787
v 14.2347 27.3275 24.992
v 13.5695 28.02317 24.4283
v 13.2072 27.5653 25.3787
v 14.2347 27.3275 24.992
v 16.9442 36.604 28.1169
v 16.641 36.282 29.1409
v 17.6684 36.04417 28.7542
v 16.9442 36.604 28.1169
v 16.641 36.282 29.1409
v 17.6684 36.04417 28.7542
v 19.8976 45.8339 30.2872
v 19.6473 45.6607 31.3603
v 20.6748 45.4229 30.9736
v 19.8976 45.8339 30.2872
v 19.6473 45.6607 31.3603
v 20.6748 45.4229 30.9736
v 22.343 55.4412 30.8753
v 22.1379 55.4254 31.9716
v 23.1654 55.1875 31.5849
v 22.343 55.4412 30.8753
v 22.1379 55.4254 31.9716
v 23.1654 55.1875 31.5849
v 24.2083 65.1429 29.8638
v 24.03925 65.2884 30.9567
v 25.06674 65.05058 30.57
v 24.2083 65.1429 29.8638
v 24.03925 65.2884 30.9567
v 25.06674 65.05058 30.57
v 25.4385 74.6534 27.2826
v 25.2954 74.9594 28.3456
v 26.3228 74.7216 27.9589

# 42 faces
f -42 -39 -41 
f -41 -39 -38 
f -41 -38 -40 
f -40 -38 -37 
f -40 -37 -42 
f -42 -37 -39 
f -36 -33 -35 
f -35 -33 -32 
f -35 -32 -34 
f -34 -32 -31 
f -34 -31 -36 
f -36 -31 -33 
f -30 -27 -29 
f -29 -27 -26 
f -29 -26 -28 
f -28 -26 -25 
f -28 -25 -30 
f -30 -25 -27 
f -24 -21 -23 
f -23 -21 -20 
f -23 -20 -22 
f -22 -20 -19 
f -22 -19 -24 
f -24 -19 -21 
f -18 -15 -17 
f -17 -15 -14 
f -17 -14 -16 
f -16 -14 -13 
f -16 -13 -18 
f -18 -13 -15 
f -12 -9 -11 
f -11 -9 -8 
f -11 -8 -10 
f -10 -8 -7 
f -10 -7 -12 
f -12 -7 -9 
f -6 -3 -5 
f -5 -3 -2 
f -5 -2 -4 
f -4 -2 -1 
f -4 -1 -6 
f -6 -1 -3 

g violet_1Petal1
s off

usemtl violet_1Petal1

# 22 vertices
v 25.6867 74.7787 27.8651
v 24.6811 76.03879 27.5627
v 25.0778 76.4251 28.00439
v 23.9843 77.04922 27.3046
v 24.02285 77.6865 27.7966
v 24.5696 77.8649 28.07889
v 22.5548 78.6501 29.3047
v 21.9426 78.3394 28.9905
v 23.2505 79.02312 29.9024
v 21.03339 79.4209 29.5838
v 20.06797 80.3559 32.3175
v 21.802 79.8935 29.9772
v 22.5235 80.1639 30.5899
v 20.5673 80.9336 33.8934
v 25.7725 76.5991 28.00256
v 25.6427 77.5144 28.4026
v 25.1475 78.1118 28.01506
v 24.02888 79.2595 30.184
v 25.04092 79.3502 30.5896
v 24.4232 80.4509 31.5754
v 22.123 81.2074 33.8571
v 23.336 80.4641 31.2496

# 60 faces
f -22 -21 -20 
f -22 -20 -21 
f -21 -19 -20 
f -21 -20 -19 
f -20 -18 -17 
f -20 -17 -18 
f -18 -16 -17 
f -18 -17 -16 
f -20 -19 -18 
f -20 -18 -19 
f -19 -15 -18 
f -19 -18 -15 
f -18 -15 -16 
f -18 -16 -15 
f -17 -16 -14 
f -17 -14 -16 
f -15 -13 -16 
f -15 -16 -13 
f -13 -12 -11 
f -13 -11 -12 
f -16 -13 -11 
f -16 -11 -13 
f -14 -16 -11 
f -14 -11 -16 
f -14 -11 -10 
f -14 -10 -11 
f -11 -12 -9 
f -11 -9 -12 
f -10 -11 -9 
f -10 -9 -11 
f -20 -8 -22 
f -20 -22 -8 
f -20 -7 -8 
f -20 -8 -7 
f -17 -6 -20 
f -17 -20 -6 
f -17 -5 -6 
f -17 -6 -5 
f -6 -7 -20 
f -6 -20 -7 
f -6 -4 -7 
f -6 -7 -4 
f -5 -4 -6 
f -5 -6 -4 
f -14 -5 -17 
f -14 -17 -5 
f -5 -3 -4 
f -5 -4 -3 
f -1 -2 -3 
f -1 -3 -2 
f -1 -3 -5 
f -1 -5 -3 
f -1 -5 -14 
f -1 -14 -5 
f -10 -1 -14 
f -10 -14 -1 
f -9 -2 -1 
f -9 -1 -2 
f -9 -1 -10 
f -9 -10 -1 

g violet_1Petal1
s off

usemtl violet_1Petal1

# 22 vertices
v 25.6867 74.7787 27.8651
v 25.3302 76.3467 28.1887
v 25.9455 76.5204 27.8841
v 25.06585 77.5624 28.348
v 25.6604 78.1031 28.2857
v 26.1362 78.03703 27.8618
v 26.7636 79.4673 29.7955
v 26.2103 79.4392 30.3083
v 27.6186 79.5029 29.2972
v 26.6763 80.7506 30.9497
v 29.07014 81.818 32.5021
v 27.3866 80.8619 30.2773
v 28.2432 80.7922 29.7974
v 30.8045 82.05805 32.4751
v 26.2068 76.4102 27.2264
v 26.7171 77.2774 27.1799
v 26.3165 78.04303 27.2565
v 28.1815 79.4001 28.6541
v 28.9063 79.06494 27.9063
v 29.8342 80.2565 28.4394
v 31.3367 81.7067 31.02952
v 29.1791 80.7115 29.2469

# 60 faces
f -22 -21 -20 
f -22 -20 -21 
f -21 -19 -20 
f -21 -20 -19 
f -20 -18 -17 
f -20 -17 -18 
f -18 -16 -17 
f -18 -17 -16 
f -20 -19 -18 
f -20 -18 -19 
f -19 -15 -18 
f -19 -18 -15 
f -18 -15 -16 
f -18 -16 -15 
f -17 -16 -14 
f -17 -14 -16 
f -15 -13 -16 
f -15 -16 -13 
f -13 -12 -11 
f -13 -11 -12 
f -16 -13 -11 
f -16 -11 -13 
f -14 -16 -11 
f -14 -11 -16 
f -14 -11 -10 
f -14 -10 -11 
f -11 -12 -9 
f -11 -9 -12 
f -10 -11 -9 
f -10 -9 -11 
f -20 -8 -22 
f -20 -22 -8 
f -20 -7 -8 
f -20 -8 -7 
f -17 -6 -20 
f -17 -20 -6 
f -17 -5 -6 
f -17 -6 -5 
f -6 -7 -20 
f -6 -20 -7 
f -6 -4 -7 
f -6 -7 -4 
f -5 -4 -6 
f -5 -6 -4 
f -14 -5 -17 
f -14 -17 -5 
f -5 -3 -4 
f -5 -4 -3 
f -1 -2 -3 
f -1 -3 -2 
f -1 -3 -5 
f -1 -5 -3 
f -1 -5 -14 
f -1 -14 -5 
f -10 -1 -14 
f -10 -14 -1 
f -9 -2 -1 
f -9 -1 -2 
f -9 -1 -10 
f -9 -10 -1 

g violet_1Petal1
s off

usemtl violet_1Petal1

# 22 vertices
v 25.6867 74.7787 27.8651
v 26.1828 76.3388 27.7635
v 26.1386 76.2778 27.0593
v 26.4869 77.5493 27.6394
v 26.733 77.8188 26.9207
v 26.4848 77.599 26.3726
v 28.7625 78.551 26.08225
v 29.04852 78.709 26.7628
v 28.5904 78.2816 25.1451
v 30.05665 79.6937 26.1609
v 32.4896 79.6483 24.3284
v 29.6915 79.5609 25.2564
v 29.5158 79.193 24.3604
v 33.08232 79.1958 22.7439
v 25.5952 76.1152 26.6218
v 25.8937 76.7166 25.8711
v 25.9865 77.5715 25.9854
v 28.1611 78.00764 24.4512
v 27.6416 77.4634 23.6568
v 28.6773 78.1649 22.6568
v 31.8522 78.7546 21.8558
v 29.2988 78.7886 23.3731

# 60 faces
f -22 -21 -20 
f -22 -20 -21 
f -21 -19 -20 
f -21 -20 -19 
f -20 -18 -17 
f -20 -17 -18 
f -18 -16 -17 
f -18 -17 -16 
f -20 -19 -18 
f -20 -18 -19 
f -19 -15 -18 
f -19 -18 -15 
f -18 -15 -16 
f -18 -16 -15 
f -17 -16 -14 
f -17 -14 -16 
f -15 -13 -16 
f -15 -16 -13 
f -13 -12 -11 
f -13 -11 -12 
f -16 -13 -11 
f -16 -11 -13 
f -14 -16 -11 
f -14 -11 -16 
f -14 -11 -10 
f -14 -10 -11 
f -11 -12 -9 
f -11 -9 -12 
f -10 -11 -9 
f -10 -9 -11 
f -20 -8 -22 
f -20 -22 -8 
f -20 -7 -8 
f -20 -8 -7 
f -17 -6 -20 
f -17 -20 -6 
f -17 -5 -6 
f -17 -6 -5 
f -6 -7 -20 
f -6 -20 -7 
f -6 -4 -7 
f -6 -7 -4 
f -5 -4 -6 
f -5 -6 -4 
f -14 -5 -17 
f -14 -17 -5 
f -5 -3 -4 
f -5 -4 -3 
f -1 -2 -3 
f -1 -3 -2 
f -1 -3 -5 
f -1 -5 -3 
f -1 -5 -14 
f -1 -14 -5 
f -10 -1 -14 
f -10 -14 -1 
f -9 -2 -1 
f -9 -1 -2 
f -9 -1 -10 
f -9 -10 -1 

g violet_1Petal1
s off

usemtl violet_1Petal1

# 22 vertices
v 25.6867 74.7787 27.8651
v 26.06876 76.026 26.8707
v 25.392 76.0303 26.662
v 26.2969 77.028 26.1516
v 25.7683 77.224 25.5754
v 25.1368 77.1521 25.6554
v 25.8076 77.1589 23.2619
v 26.5614 77.1511 23.2207
v 24.8321 77.03572 23.1453
v 26.5343 77.7009 21.7906
v 25.6326 76.8251 19.01588
v 25.553 77.7764 21.8063
v 24.5945 77.5616 21.7419
v 24.274 76.2758 18.05725
v 24.7772 76.119 27.01867
v 24.3029 76.6018 26.2726
v 24.6103 77.3444 25.9465
v 23.9957 76.9934 23.3442
v 22.9828 76.744 23.674
v 22.5405 77.04731 22.1649
v 22.9619 76.4032 18.9282
v 23.5308 77.3348 21.6908

# 60 faces
f -22 -21 -20 
f -22 -20 -21 
f -21 -19 -20 
f -21 -20 -19 
f -20 -18 -17 
f -20 -17 -18 
f -18 -16 -17 
f -18 -17 -16 
f -20 -19 -18 
f -20 -18 -19 
f -19 -15 -18 
f -19 -18 -15 
f -18 -15 -16 
f -18 -16 -15 
f -17 -16 -14 
f -17 -14 -16 
f -15 -13 -16 
f -15 -16 -13 
f -13 -12 -11 
f -13 -11 -12 
f -16 -13 -11 
f -16 -11 -13 
f -14 -16 -11 
f -14 -11 -16 
f -14 -11 -10 
f -14 -10 -11 
f -11 -12 -9 
f -11 -9 -12 
f -10 -11 -9 
f -10 -9 -11 
f -20 -8 -22 
f -20 -22 -8 
f -20 -7 -8 
f -20 -8 -7 
f -17 -6 -20 
f -17 -20 -6 
f -17 -5 -6 
f -17 -6 -5 
f -6 -7 -20 
f -6 -20 -7 
f -6 -4 -7 
f -6 -7 -4 
f -5 -4 -6 
f -5 -6 -4 
f -14 -5 -17 
f -14 -17 -5 
f -5 -3 -4 
f -5 -4 -3 
f -1 -2 -3 
f -1 -3 -2 
f -1 -3 -5 
f -1 -5 -3 
f -1 -5 -14 
f -1 -14 -5 
f -10 -1 -14 
f -10 -14 -1 
f -9 -2 -1 
f -9 -1 -2 
f -9 -1 -10 
f -9 -10 -1 

g violet_1Petal1
s off

usemtl violet_1Petal1

# 22 vertices
v 25.6867 74.7787 27.8651
v 25.1266 75.8377 26.7448
v 24.7264 76.1227 27.2549
v 24.7268 76.7142 25.9416
v 24.06809 77.141 26.1249
v 23.9353 77.319 26.7258
v 21.9131 77.221 25.2836
v 22.1035 76.9193 24.6183
v 21.482 77.5008 26.1299
v 20.8735 77.5298 23.938
v 17.8398 77.269 24.02801
v 20.6034 77.985 24.768
v 20.2078 78.1707 25.65
v 16.4226 77.366 25.05207
v 24.8884 76.4226 27.8848
v 24.1454 77.1023 27.8608
v 24.08398 77.6834 27.2198
v 21.4032 77.7788 26.9408
v 21.3511 77.9277 28.02346
v 19.8716 78.4814 27.7602
v 16.8581 77.942 26.4574
v 19.79 78.3859 26.6322

# 60 faces
f -22 -21 -20 
f -22 -20 -21 
f -21 -19 -20 
f -21 -20 -19 
f -20 -18 -17 
f -20 -17 -18 
f -18 -16 -17 
f -18 -17 -16 
f -20 -19 -18 
f -20 -18 -19 
f -19 -15 -18 
f -19 -18 -15 
f -18 -15 -16 
f -18 -16 -15 
f -17 -16 -14 
f -17 -14 -16 
f -15 -13 -16 
f -15 -16 -13 
f -13 -12 -11 
f -13 -11 -12 
f -16 -13 -11 
f -16 -11 -13 
f -14 -16 -11 
f -14 -11 -16 
f -14 -11 -10 
f -14 -10 -11 
f -11 -12 -9 
f -11 -9 -12 
f -10 -11 -9 
f -10 -9 -11 
f -20 -8 -22 
f -20 -22 -8 
f -20 -7 -8 
f -20 -8 -7 
f -17 -6 -20 
f -17 -20 -6 
f -17 -5 -6 
f -17 -6 -5 
f -6 -7 -20 
f -6 -20 -7 
f -6 -4 -7 
f -6 -7 -4 
f -5 -4 -6 
f -5 -6 -4 
f -14 -5 -17 
f -14 -17 -5 
f -5 -3 -4 
f -5 -4 -3 
f -1 -2 -3 
f -1 -3 -2 
f -1 -3 -5 
f -1 -5 -3 
f -1 -5 -14 
f -1 -14 -5 
f -10 -1 -14 
f -10 -14 -1 
f -9 -2 -1 
f -9 -1 -2 
f -9 -1 -10 
f -9 -10 -1 

g violet_1InfInt
s off

usemtl violet_1InfInt

# 42 vertices
v 5.5925 12.9588 13.7579
v 6.5576 13.01117 13.201
v 5.7793 13.8088 13.06024
v 6.4195 14.03652 15.2922
v 7.3845 14.08886 14.7354
v 6.6062 14.8865 14.5945
v 6.4195 14.03652 15.2922
v 7.3845 14.08886 14.7354
v 6.6062 14.8865 14.5945
v 7.2464 15.1142 16.8266
v 8.2114 15.1665 16.2697
v 7.4332 15.9642 16.1289
v 7.2464 15.1142 16.8266
v 8.2114 15.1665 16.2697
v 7.4332 15.9642 16.1289
v 8.07335 16.1919 18.3609
v 9.0384 16.2442 17.8041
v 8.2601 17.04192 17.6633
v 8.07335 16.1919 18.3609
v 9.0384 16.2442 17.8041
v 8.2601 17.04192 17.6633
v 8.9002 17.2696 19.8953
v 9.8653 17.3219 19.3384
v 9.08705 18.1196 19.1976
v 8.9002 17.2696 19.8953
v 9.8653 17.3219 19.3384
v 9.08705 18.1196 19.1976
v 9.7272 18.3473 21.4296
v 10.6922 18.3996 20.8728
v 9.9139 19.1973 20.732
v 9.7272 18.3473 21.4296
v 10.6922 18.3996 20.8728
v 9.9139 19.1973 20.732
v 10.5541 19.425 22.964
v 11.5191 19.4773 22.4071
v 10.7409 20.275 22.2663
v 10.5541 19.425 22.964
v 11.5191 19.4773 22.4071
v 10.7409 20.275 22.2663
v 11.381 20.5026 24.4983
v 12.3461 20.555 23.9415
v 11.5678 21.3527 23.8007

# 42 faces
f -42 -39 -41 
f -41 -39 -38 
f -41 -38 -40 
f -40 -38 -37 
f -40 -37 -42 
f -42 -37 -39 
f -36 -33 -35 
f -35 -33 -32 
f -35 -32 -34 
f -34 -32 -31 
f -34 -31 -36 
f -36 -31 -33 
f -30 -27 -29 
f -29 -27 -26 
f -29 -26 -28 
f -28 -26 -25 
f -28 -25 -30 
f -30 -25 -27 
f -24 -21 -23 
f -23 -21 -20 
f -23 -20 -22 
f -22 -20 -19 
f -22 -19 -24 
f -24 -19 -21 
f -18 -15 -17 
f -17 -15 -14 
f -17 -14 -16 
f -16 -14 -13 
f -16 -13 -18 
f -18 -13 -15 
f -12 -9 -11 
f -11 -9 -8 
f -11 -8 -10 
f -10 -8 -7 
f -10 -7 -12 
f -12 -7 -9 
f -6 -3 -5 
f -5 -3 -2 
f -5 -2 -4 
f -4 -2 -1 
f -4 -1 -6 
f -6 -1 -3 

g violet_1Pdcel
s off

usemtl violet_1Pdcel

# 42 vertices
v 11.3422 20.4491 24.4095
v 12.3652 20.5814 23.9853
v 11.5869 21.3791 23.8444
v 14.3085 24.8483 32.9346
v 15.3316 24.9806 32.5103
v 14.5533 25.7783 32.3695
v 14.3085 24.8483 32.9346
v 15.3316 24.9806 32.5103
v 14.5533 25.7783 32.3695
v 16.07566 28.1935 42.1168
v 17.138 28.3902 41.8397
v 16.3597 29.1878 41.6988
v 16.07566 28.1935 42.1168
v 17.138 28.3902 41.8397
v 16.3597 29.1878 41.6988
v 16.6303 30.4396 51.7745
v 17.7122 30.6831 51.6548
v 16.9339 31.4808 51.514
v 16.6303 30.4396 51.7745
v 17.7122 30.6831 51.6548
v 16.9339 31.4808 51.514
v 15.9562 31.5206 61.6235
v 17.03725 31.7921 61.6668
v 16.2589 32.5897 61.5259
v 15.9562 31.5206 61.6235
v 17.03725 31.7921 61.6668
v 16.2589 32.5897 61.5259
v 14.07321 31.4046 71.3737
v 15.1329 31.6843 71.5807
v 14.3547 32.4819 71.4399
v 14.07321 31.4046 71.3737
v 15.1329 31.6843 71.5807
v 14.3547 32.4819 71.4399
v 11.03672 30.09516 80.738
v 12.05548 30.3629 81.1048
v 11.2772 31.1606 80.964
v 11.03672 30.09516 80.738
v 12.05548 30.3629 81.1048
v 11.2772 31.1606 80.964
v 6.9361 27.6306 89.4407
v 7.8953 27.867 89.9585
v 7.1171 28.6646 89.8177

# 42 faces
f -42 -39 -41 
f -41 -39 -38 
f -41 -38 -40 
f -40 -38 -37 
f -40 -37 -42 
f -42 -37 -39 
f -36 -33 -35 
f -35 -33 -32 
f -35 -32 -34 
f -34 -32 -31 
f -34 -31 -36 
f -36 -31 -33 
f -30 -27 -29 
f -29 -27 -26 
f -29 -26 -28 
f -28 -26 -25 
f -28 -25 -30 
f -30 -25 -27 
f -24 -21 -23 
f -23 -21 -20 
f -23 -20 -22 
f -22 -20 -19 
f -22 -19 -24 
f -24 -19 -21 
f -18 -15 -17 
f -17 -15 -14 
f -17 -14 -16 
f -16 -14 -13 
f -16 -13 -18 
f -18 -13 -15 
f -12 -9 -11 
f -11 -9 -8 
f -11 -8 -10 
f -10 -8 -7 
f -10 -7 -12 
f -12 -7 -9 
f -6 -3 -5 
f -5 -3 -2 
f -5 -2 -4 
f -4 -2 -1 
f -4 -1 -6 
f -6 -1 -3 

g violet_1Petal1
s off

usemtl violet_1Petal1

# 22 vertices
v 7.318 28.05612 89.7404
v 6.5153 27.4815 90.8827
v 6.8181 27.9052 91.2748
v 5.873 27.1187 91.7708
v 6.0889 27.2827 92.4615
v 6.3441 27.7972 92.5952
v 6.8602 26.14 94.08597
v 6.612 25.5372 93.8451
v 7.3402 26.8183 94.4601
v 6.6422 24.9623 95.1328
v 8.5324 24.2 97.05843
v 6.9258 25.7391 95.503
v 7.4554 26.4149 95.7923
v 9.7512 24.7066 97.9836
v 6.8531 28.5635 91.2754
v 6.8776 28.6495 92.1982
v 6.2869 28.3723 92.6584
v 7.6071 27.5523 94.594
v 8.05828 28.4526 94.6028
v 8.4549 28.1222 95.9836
v 9.8398 26.1544 97.8779
v 8.02766 27.1765 96.104

# 60 faces
f -22 -21 -20 
f -22 -20 -21 
f -21 -19 -20 
f -21 -20 -19 
f -20 -18 -17 
f -20 -17 -18 
f -18 -16 -17 
f -18 -17 -16 
f -20 -19 -18 
f -20 -18 -19 
f -19 -15 -18 
f -19 -18 -15 
f -18 -15 -16 
f -18 -16 -15 
f -17 -16 -14 
f -17 -14 -16 
f -15 -13 -16 
f -15 -16 -13 
f -13 -12 -11 
f -13 -11 -12 
f -16 -13 -11 
f -16 -11 -13 
f -14 -16 -11 
f -14 -11 -16 
f -14 -11 -10 
f -14 -10 -11 
f -11 -12 -9 
f -11 -9 -12 
f -10 -11 -9 
f -10 -9 -11 
f -20 -8 -22 
f -20 -22 -8 
f -20 -7 -8 
f -20 -8 -7 
f -17 -6 -20 
f -17 -20 -6 
f -17 -5 -6 
f -17 -6 -5 
f -6 -7 -20 
f -6 -20 -7 
f -6 -4 -7 
f -6 -7 -4 
f -5 -4 -6 
f -5 -6 -4 
f -14 -5 -17 
f -14 -17 -5 
f -5 -3 -4 
f -5 -4 -3 
f -1 -2 -3 
f -1 -3 -2 
f -1 -3 -5 
f -1 -5 -3 
f -1 -5 -14 
f -1 -14 -5 
f -10 -1 -14 
f -10 -14 -1 
f -9 -2 -1 
f -9 -1 -2 
f -9 -1 -10 
f -9 -10 -1 

g violet_1Petal1
s off

usemtl violet_1Petal1

# 22 vertices
v 7.318 28.05612 89.7404
v 7.1467 27.5536 91.1537
v 6.7949 28.08906 91.2741
v 6.9337 27.1732 92.2227
v 6.6828 27.6516 92.7314
v 6.3076 28.08536 92.5942
v 7.519 28.5285 94.4839
v 8.004126 28.03666 94.5592
v 7.02709 29.295 94.4508
v 8.139 28.3212 95.9341
v 9.028 30.4117 97.5778
v 7.4814 28.9434 95.898
v 7.037 29.7241 95.78
v 8.8331 31.9662 97.9565
v 6.2424 28.3276 91.00505
v 5.9115 28.6911 91.7912
v 5.7702 28.2374 92.4328
v 6.4678 29.8083 94.2239
v 5.8784 30.4946 93.7814
v 5.929 31.2126 95.06794
v 7.654 32.4649 97.2666
v 6.53 30.5771 95.6392

# 60 faces
f -22 -21 -20 
f -22 -20 -21 
f -21 -19 -20 
f -21 -20 -19 
f -20 -18 -17 
f -20 -17 -18 
f -18 -16 -17 
f -18 -17 -16 
f -20 -19 -18 
f -20 -18 -19 
f -19 -15 -18 
f -19 -18 -15 
f -18 -15 -16 
f -18 -16 -15 
f -17 -16 -14 
f -17 -14 -16 
f -15 -13 -16 
f -15 -16 -13 
f -13 -12 -11 
f -13 -11 -12 
f -16 -13 -11 
f -16 -11 -13 
f -14 -16 -11 
f -14 -11 -16 
f -14 -11 -10 
f -14 -10 -11 
f -11 -12 -9 
f -11 -9 -12 
f -10 -11 -9 
f -10 -9 -11 
f -20 -8 -22 
f -20 -22 -8 
f -20 -7 -8 
f -20 -8 -7 
f -17 -6 -20 
f -17 -20 -6 
f -17 -5 -6 
f -17 -6 -5 
f -6 -7 -20 
f -6 -20 -7 
f -6 -4 -7 
f -6 -7 -4 
f -5 -4 -6 
f -5 -6 -4 
f -14 -5 -17 
f -14 -17 -5 
f -5 -3 -4 
f -5 -4 -3 
f -1 -2 -3 
f -1 -3 -2 
f -1 -3 -5 
f -1 -5 -3 
f -1 -5 -14 
f -1 -14 -5 
f -10 -1 -14 
f -10 -14 -1 
f -9 -2 -1 
f -9 -1 -2 
f -9 -1 -10 
f -9 -10 -1 

g violet_1Petal1
s off

usemtl violet_1Petal1

# 22 vertices
v 7.318 28.05612 89.7404
v 7.2701 28.2279 91.2396
v 6.6271 28.1261 91.2049
v 7.1992 28.2839 92.3905
v 6.5351 28.3858 92.7055
v 6.04464 28.1435 92.4857
v 5.6221 30.00034 93.754
v 6.2266 30.3006 93.9192
v 4.766 29.7949 93.5182
v 5.6399 30.9786 95.0082
v 3.7353 32.9851 95.4646
v 4.8397 30.5799 94.8608
v 4.0159 30.3921 94.5339
v 2.2055 33.4316 95.2228
v 6.2686 27.6202 90.9809
v 5.5899 27.7097 91.606
v 5.7357 27.6604 92.3895
v 4.156 29.3839 93.2237
v 3.4468 28.9273 92.6736
v 2.4772 29.637 93.5276
v 1.483 32.3091 94.6455
v 3.1102 30.1639 94.1703

# 60 faces
f -22 -21 -20 
f -22 -20 -21 
f -21 -19 -20 
f -21 -20 -19 
f -20 -18 -17 
f -20 -17 -18 
f -18 -16 -17 
f -18 -17 -16 
f -20 -19 -18 
f -20 -18 -19 
f -19 -15 -18 
f -19 -18 -15 
f -18 -15 -16 
f -18 -16 -15 
f -17 -16 -14 
f -17 -14 -16 
f -15 -13 -16 
f -15 -16 -13 
f -13 -12 -11 
f -13 -11 -12 
f -16 -13 -11 
f -16 -11 -13 
f -14 -16 -11 
f -14 -11 -16 
f -14 -11 -10 
f -14 -10 -11 
f -11 -12 -9 
f -11 -9 -12 
f -10 -11 -9 
f -10 -9 -11 
f -20 -8 -22 
f -20 -22 -8 
f -20 -7 -8 
f -20 -8 -7 
f -17 -6 -20 
f -17 -20 -6 
f -17 -5 -6 
f -17 -6 -5 
f -6 -7 -20 
f -6 -20 -7 
f -6 -4 -7 
f -6 -7 -4 
f -5 -4 -6 
f -5 -6 -4 
f -14 -5 -17 
f -14 -17 -5 
f -5 -3 -4 
f -5 -4 -3 
f -1 -2 -3 
f -1 -3 -2 
f -1 -3 -5 
f -1 -5 -3 
f -1 -5 -14 
f -1 -14 -5 
f -10 -1 -14 
f -10 -14 -1 
f -9 -2 -1 
f -9 -1 -2 
f -9 -1 -10 
f -9 -10 -1 

g violet_1Petal1
s off

usemtl violet_1Petal1

# 22 vertices
v 7.318 28.05612 89.7404
v 6.716 28.579 91.02245
v 6.5451 27.9656 91.1622
v 6.305 28.9262 92.04389
v 5.8486 28.4776 92.4193
v 5.916 27.8918 92.4187
v 3.7733 28.5352 92.898
v 3.7194 29.2216 92.8037
v 3.6607 27.6319 92.9424
v 2.5752 29.2869 93.626
v -0.08063 28.3879 93.6195
v 2.6269 28.4023 93.8151
v 2.539 27.5019 93.7644
v -1.03433 27.09129 93.5348
v 6.8958 27.4123 91.2361
v 6.3541 27.05253 91.897
v 6.2308 27.4332 92.5878
v 3.845 26.8616 92.9663
v 4.1012 25.902 92.8
v 2.8376 25.5581 93.477
v -0.2024 25.9008 93.6123
v 2.4624 26.5039 93.7136

# 60 faces
f -22 -21 -20 
f -22 -20 -21 
f -21 -19 -20 
f -21 -20 -19 
f -20 -18 -17 
f -20 -17 -18 
f -18 -16 -17 
f -18 -17 -16 
f -20 -19 -18 
f -20 -18 -19 
f -19 -15 -18 
f -19 -18 -15 
f -18 -15 -16 
f -18 -16 -15 
f -17 -16 -14 
f -17 -14 -16 
f -15 -13 -16 
f -15 -16 -13 
f -13 -12 -11 
f -13 -11 -12 
f -16 -13 -11 
f -16 -11 -13 
f -14 -16 -11 
f -14 -11 -16 
f -14 -11 -10 
f -14 -10 -11 
f -11 -12 -9 
f -11 -9 -12 
f -10 -11 -9 
f -10 -9 -11 
f -20 -8 -22 
f -20 -22 -8 
f -20 -7 -8 
f -20 -8 -7 
f -17 -6 -20 
f -17 -20 -6 
f -17 -5 -6 
f -17 -6 -5 
f -6 -7 -20 
f -6 -20 -7 
f -6 -4 -7 
f -6 -7 -4 
f -5 -4 -6 
f -5 -6 -4 
f -14 -5 -17 
f -14 -17 -5 
f -5 -3 -4 
f -5 -4 -3 
f -1 -2 -3 
f -1 -3 -2 
f -1 -3 -5 
f -1 -5 -3 
f -1 -5 -14 
f -1 -14 -5 
f -10 -1 -14 
f -10 -14 -1 
f -9 -2 -1 
f -9 -1 -2 
f -9 -1 -10 
f -9 -10 -1 

g violet_1Petal1
s off

usemtl violet_1Petal1

# 22 vertices
v 7.318 28.05612 89.7404
v 6.2425 28.1107 90.7985
v 6.6649 27.827 91.206
v 5.473 28.1952 91.6551
v 5.5687 27.7856 92.2663
v 6.1039 27.6746 92.4874
v 4.55 26.1134 93.1063
v 3.9612 26.2332 92.7572
v 5.2757 25.7645 93.5332
v 3.204 25.5125 93.7042
v 2.9288 22.8764 94.6194
v 3.9356 25.3654 94.218
v 4.6969 25.00687 94.5539
v 3.6995 21.6175 95.2668
v 7.2625 28.00416 91.4209
v 7.162 27.642 92.2685
v 6.5766 27.8799 92.7565
v 6.01018 25.7126 93.826
v 6.9942 25.6042 94.01035
v 6.5879 24.6078 95.01788
v 5.04029 22.03959 95.6402
v 5.5474 24.6298 94.9267

# 60 faces
f -22 -21 -20 
f -22 -20 -21 
f -21 -19 -20 
f -21 -20 -19 
f -20 -18 -17 
f -20 -17 -18 
f -18 -16 -17 
f -18 -17 -16 
f -20 -19 -18 
f -20 -18 -19 
f -19 -15 -18 
f -19 -18 -15 
f -18 -15 -16 
f -18 -16 -15 
f -17 -16 -14 
f -17 -14 -16 
f -15 -13 -16 
f -15 -16 -13 
f -13 -12 -11 
f -13 -11 -12 
f -16 -13 -11 
f -16 -11 -13 
f -14 -16 -11 
f -14 -11 -16 
f -14 -11 -10 
f -14 -10 -11 
f -11 -12 -9 
f -11 -9 -12 
f -10 -11 -9 
f -10 -9 -11 
f -20 -8 -22 
f -20 -22 -8 
f -20 -7 -8 
f -20 -8 -7 
f -17 -6 -20 
f -17 -20 -6 
f -17 -5 -6 
f -17 -6 -5 
f -6 -7 -20 
f -6 -20 -7 
f -6 -4 -7 
f -6 -7 -4 
f -5 -4 -6 
f -5 -6 -4 
f -14 -5 -17 
f -14 -17 -5 
f -5 -3 -4 
f -5 -4 -3 
f -1 -2 -3 
f -1 -3 -2 
f -1 -3 -5 
f -1 -5 -3 
f -1 -5 -14 
f -1 -14 -5 
f -10 -1 -14 
f -10 -14 -1 
f -9 -2 -1 
f -9 -1 -2 
f -9 -1 -10 
f -9 -10 -1 

g violet_1InfInt
s off

usemtl violet_1InfInt

# 42 vertices
v 12.353 20.7209 23.8212
v 11.4149 21.3183 23.9072
v 11.5408 20.3741 24.5025
v 13.1799 21.7986 25.3555
v 12.2418 22.396 25.4415
v 12.3677 21.4518 26.03692
v 13.1799 21.7986 25.3555
v 12.2418 22.396 25.4415
v 12.3677 21.4518 26.03692
v 14.00685 22.8763 26.8899
v 13.06881 23.4737 26.9759
v 13.1946 22.5295 27.5712
v 14.00685 22.8763 26.8899
v 13.06881 23.4737 26.9759
v 13.1946 22.5295 27.5712
v 14.8337 23.954 28.4243
v 13.8957 24.5514 28.5102
v 14.02159 23.6072 29.1056
v 14.8337 23.954 28.4243
v 13.8957 24.5514 28.5102
v 14.02159 23.6072 29.1056
v 15.6607 25.03177 29.9586
v 14.7226 25.6291 30.04462
v 14.8485 24.6849 30.6399
v 15.6607 25.03177 29.9586
v 14.7226 25.6291 30.04462
v 14.8485 24.6849 30.6399
v 16.4876 26.1094 31.493
v 15.5495 26.7068 31.5789
v 15.6754 25.7626 32.1743
v 16.4876 26.1094 31.493
v 15.5495 26.7068 31.5789
v 15.6754 25.7626 32.1743
v 17.3145 27.1871 33.02736
v 16.3765 27.7845 33.1133
v 16.5023 26.8403 33.7086
v 17.3145 27.1871 33.02736
v 16.3765 27.7845 33.1133
v 16.5023 26.8403 33.7086
v 18.1414 28.2648 34.5617
v 17.2034 28.8622 34.6476
v 17.3292 27.918 35.243

# 42 faces
f -42 -39 -41 
f -41 -39 -38 
f -41 -38 -40 
f -40 -38 -37 
f -40 -37 -42 
f -42 -37 -39 
f -36 -33 -35 
f -35 -33 -32 
f -35 -32 -34 
f -34 -32 -31 
f -34 -31 -36 
f -36 -31 -33 
f -30 -27 -29 
f -29 -27 -26 
f -29 -26 -28 
f -28 -26 -25 
f -28 -25 -30 
f -30 -25 -27 
f -24 -21 -23 
f -23 -21 -20 
f -23 -20 -22 
f -22 -20 -19 
f -22 -19 -24 
f -24 -19 -21 
f -18 -15 -17 
f -17 -15 -14 
f -17 -14 -16 
f -16 -14 -13 
f -16 -13 -18 
f -18 -13 -15 
f -12 -9 -11 
f -11 -9 -8 
f -11 -8 -10 
f -10 -8 -7 
f -10 -7 -12 
f -12 -7 -9 
f -6 -3 -5 
f -5 -3 -2 
f -5 -2 -4 
f -4 -2 -1 
f -4 -1 -6 
f -6 -1 -3 

g violet_1Pdcel
s off

usemtl violet_1Pdcel

# 42 vertices
v 18.0883 28.208 34.4828
v 17.2296 28.8902 34.6865
v 17.3554 27.946 35.2819
v 23.6394 33.1878 41.2071
v 22.7808 33.87 41.4107
v 22.9066 32.9258 42.00613
v 23.6394 33.1878 41.2071
v 22.7808 33.87 41.4107
v 22.9066 32.9258 42.00613
v 30.4575 37.6675 46.8702
v 29.7017 38.4282 47.1768
v 29.8275 37.484 47.7722
v 30.4575 37.6675 46.8702
v 29.7017 38.4282 47.1768
v 29.8275 37.484 47.7722
v 38.395 41.5718 51.3844
v 37.7623 42.4027 51.7762
v 37.8882 41.4585 52.3716
v 38.395 41.5718 51.3844
v 37.7623 42.4027 51.7762
v 37.8882 41.4585 52.3716
v 47.2181 44.7859 54.6167
v 46.7254 45.6764 55.07341
v 46.8512 44.7322 55.6687
v 47.2181 44.7859 54.6167
v 46.7254 45.6764 55.07341
v 46.8512 44.7322 55.6687
v 56.667 47.2152 56.472
v 56.3269 48.1529 56.9713
v 56.4528 47.2086 57.5666
v 56.667 47.2152 56.472
v 56.3269 48.1529 56.9713
v 56.4528 47.2086 57.5666
v 66.4635 48.788 56.8956
v 66.2842 49.7592 57.414
v 66.4101 48.815 58.00943
v 66.4635 48.788 56.8956
v 66.2842 49.7592 57.414
v 66.4101 48.815 58.00943
v 76.3192 49.4581 55.875
v 76.3042 50.4482 56.3886
v 76.43 49.504 56.9839

# 42 faces
f -42 -39 -41 
f -41 -39 -38 
f -41 -38 -40 
f -40 -38 -37 
f -40 -37 -42 
f -42 -37 -39 
f -36 -33 -35 
f -35 -33 -32 
f -35 -32 -34 
f -34 -32 -31 
f -34 -31 -36 
f -36 -31 -33 
f -30 -27 -29 
f -29 -27 -26 
f -29 -26 -28 
f -28 -26 -25 
f -28 -25 -30 
f -30 -25 -27 
f -24 -21 -23 
f -23 -21 -20 
f -23 -20 -22 
f -22 -20 -19 
f -22 -19 -24 
f -24 -19 -21 
f -18 -15 -17 
f -17 -15 -14 
f -17 -14 -16 
f -16 -14 -13 
f -16 -13 -18 
f -18 -13 -15 
f -12 -9 -11 
f -11 -9 -8 
f -11 -8 -10 
f -10 -8 -7 
f -10 -7 -12 
f -12 -7 -9 
f -6 -3 -5 
f -5 -3 -2 
f -5 -2 -4 
f -4 -2 -1 
f -4 -1 -6 
f -6 -1 -3 

g violet_1Petal1
s off

usemtl violet_1Petal1

# 22 vertices
v 76.3513 49.8051 56.4184
v 77.8137 49.6851 56.06293
v 77.9473 50.01125 56.6113
v 78.9436 49.5562 55.8642
v 79.4247 49.9853 56.2315
v 79.3364 50.1446 56.7923
v 80.714 51.586 55.6701
v 80.721 51.4108 54.9976
v 80.7074 52.00233 56.4808
v 81.9415 52.08715 54.7912
v 82.9303 54.7107 54.8219
v 82.00106 52.3047 55.6687
v 81.8985 52.7317 56.4613
v 83.1106 56.04233 55.7122
v 77.814 49.8884 57.2452
v 78.5978 50.2591 57.5734
v 79.3137 49.9846 57.3508
v 80.5746 52.1206 57.2529
v 80.2204 52.3132 58.1756
v 81.316 53.2944 58.2763
v 82.7181 55.7398 57.07955
v 81.7812 53.1852 57.3473

# 60 faces
f -22 -21 -20 
f -22 -20 -21 
f -21 -19 -20 
f -21 -20 -19 
f -20 -18 -17 
f -20 -17 -18 
f -18 -16 -17 
f -18 -17 -16 
f -20 -19 -18 
f -20 -18 -19 
f -19 -15 -18 
f -19 -18 -15 
f -18 -15 -16 
f -18 -16 -15 
f -17 -16 -14 
f -17 -14 -16 
f -15 -13 -16 
f -15 -16 -13 
f -13 -12 -11 
f -13 -11 -12 
f -16 -13 -11 
f -16 -11 -13 
f -14 -16 -11 
f -14 -11 -16 
f -14 -11 -10 
f -14 -10 -11 
f -11 -12 -9 
f -11 -9 -12 
f -10 -11 -9 
f -10 -9 -11 
f -20 -8 -22 
f -20 -22 -8 
f -20 -7 -8 
f -20 -8 -7 
f -17 -6 -20 
f -17 -20 -6 
f -17 -5 -6 
f -17 -6 -5 
f -6 -7 -20 
f -6 -20 -7 
f -6 -4 -7 
f -6 -7 -4 
f -5 -4 -6 
f -5 -6 -4 
f -14 -5 -17 
f -14 -17 -5 
f -5 -3 -4 
f -5 -4 -3 
f -1 -2 -3 
f -1 -3 -2 
f -1 -3 -5 
f -1 -5 -3 
f -1 -5 -14 
f -1 -14 -5 
f -10 -1 -14 
f -10 -14 -1 
f -9 -2 -1 
f -9 -1 -2 
f -9 -1 -10 
f -9 -10 -1 

g violet_1Petal1
s off

usemtl violet_1Petal1

# 22 vertices
v 76.3513 49.8051 56.4184
v 77.7492 50.3493 56.2481
v 77.9318 49.9634 56.7407
v 78.844 50.6875 56.1071
v 79.332 50.5627 56.6519
v 79.3136 50.07456 56.9821
v 80.3675 51.813 58.03174
v 80.2908 52.3864 57.6467
v 80.4427 51.1869 58.6896
v 81.3981 53.00174 58.2671
v 82.13 53.9712 60.7942
v 81.5669 52.2617 58.762
v 81.5439 51.6394 59.4201
v 82.3151 53.5919 62.3499
v 77.9064 49.3103 56.8267
v 78.6921 49.2553 57.3158
v 79.3895 49.4989 57.01281
v 80.4158 50.481 59.04852
v 80.1864 49.62 59.5178
v 81.1879 50.02369 60.5214
v 82.1607 52.1531 62.4956
v 81.5179 50.9357 60.1333

# 60 faces
f -22 -21 -20 
f -22 -20 -21 
f -21 -19 -20 
f -21 -20 -19 
f -20 -18 -17 
f -20 -17 -18 
f -18 -16 -17 
f -18 -17 -16 
f -20 -19 -18 
f -20 -18 -19 
f -19 -15 -18 
f -19 -18 -15 
f -18 -15 -16 
f -18 -16 -15 
f -17 -16 -14 
f -17 -14 -16 
f -15 -13 -16 
f -15 -16 -13 
f -13 -12 -11 
f -13 -11 -12 
f -16 -13 -11 
f -16 -11 -13 
f -14 -16 -11 
f -14 -11 -16 
f -14 -11 -10 
f -14 -10 -11 
f -11 -12 -9 
f -11 -9 -12 
f -10 -11 -9 
f -10 -9 -11 
f -20 -8 -22 
f -20 -22 -8 
f -20 -7 -8 
f -20 -8 -7 
f -17 -6 -20 
f -17 -20 -6 
f -17 -5 -6 
f -17 -6 -5 
f -6 -7 -20 
f -6 -20 -7 
f -6 -4 -7 
f -6 -7 -4 
f -5 -4 -6 
f -5 -6 -4 
f -14 -5 -17 
f -14 -17 -5 
f -5 -3 -4 
f -5 -4 -3 
f -1 -2 -3 
f -1 -3 -2 
f -1 -3 -5 
f -1 -5 -3 
f -1 -5 -14 
f -1 -14 -5 
f -10 -1 -14 
f -10 -14 -1 
f -9 -2 -1 
f -9 -1 -2 
f -9 -1 -10 
f -9 -10 -1 

g violet_1Petal1
s off

usemtl violet_1Petal1

# 22 vertices
v 76.3513 49.8051 56.4184
v 77.651 50.3753 56.9332
v 77.9403 49.8249 56.7373
v 78.676 50.8011 57.2506
v 79.2493 50.3369 57.3307
v 79.3261 49.8714 56.9771
v 80.3567 49.6215 59.00445
v 80.1701 50.1488 59.4168
v 80.5874 48.8226 58.6314
v 81.2948 49.9538 60.2454
v 82.3006 48.0271 62.01685
v 81.604 49.2871 59.7154
v 81.7378 48.4724 59.3422
v 82.75 46.4872 62.175
v 77.9893 49.534 56.1477
v 78.8407 49.1947 56.2876
v 79.4593 49.6739 56.4467
v 80.6806 48.2601 58.08128
v 80.6053 47.5109 57.4126
v 81.7028 46.8733 58.1624
v 82.7546 45.8703 60.858
v 81.8843 47.5801 58.91

# 60 faces
f -22 -21 -20 
f -22 -20 -21 
f -21 -19 -20 
f -21 -20 -19 
f -20 -18 -17 
f -20 -17 -18 
f -18 -16 -17 
f -18 -17 -16 
f -20 -19 -18 
f -20 -18 -19 
f -19 -15 -18 
f -19 -18 -15 
f -18 -15 -16 
f -18 -16 -15 
f -17 -16 -14 
f -17 -14 -16 
f -15 -13 -16 
f -15 -16 -13 
f -13 -12 -11 
f -13 -11 -12 
f -16 -13 -11 
f -16 -11 -13 
f -14 -16 -11 
f -14 -11 -16 
f -14 -11 -10 
f -14 -10 -11 
f -11 -12 -9 
f -11 -9 -12 
f -10 -11 -9 
f -10 -9 -11 
f -20 -8 -22 
f -20 -22 -8 
f -20 -7 -8 
f -20 -8 -7 
f -17 -6 -20 
f -17 -20 -6 
f -17 -5 -6 
f -17 -6 -5 
f -6 -7 -20 
f -6 -20 -7 
f -6 -4 -7 
f -6 -7 -4 
f -5 -4 -6 
f -5 -6 -4 
f -14 -5 -17 
f -14 -17 -5 
f -5 -3 -4 
f -5 -4 -3 
f -1 -2 -3 
f -1 -3 -2 
f -1 -3 -5 
f -1 -5 -3 
f -1 -5 -14 
f -1 -14 -5 
f -10 -1 -14 
f -10 -14 -1 
f -9 -2 -1 
f -9 -1 -2 
f -9 -1 -10 
f -9 -10 -1 

g violet_1Petal1
s off

usemtl violet_1Petal1

# 22 vertices
v 76.3513 49.8051 56.4184
v 77.6539 49.7273 57.1777
v 77.9611 49.7858 56.6058
v 78.6703 49.7412 57.7251
v 79.29 49.6179 57.3362
v 79.3566 49.814 56.7841
v 80.6964 48.01965 57.253
v 80.5247 47.7694 57.8782
v 80.9429 48.1548 56.3861
v 81.7735 47.1271 58.01061
v 83.2079 45.03755 56.8115
v 82.06153 47.464 57.2203
v 82.2139 47.5778 56.3344
v 83.8183 44.4804 55.4276
v 77.9489 50.2525 56.1403
v 78.8397 50.1605 55.9002
v 79.4273 50.2694 56.4296
v 81.00552 48.5065 55.6788
v 80.9021 48.8809 54.7497
v 82.1538 48.1676 54.4374
v 83.6846 45.5153 54.4146
v 82.3775 47.7243 55.3566

# 60 faces
f -22 -21 -20 
f -22 -20 -21 
f -21 -19 -20 
f -21 -20 -19 
f -20 -18 -17 
f -20 -17 -18 
f -18 -16 -17 
f -18 -17 -16 
f -20 -19 -18 
f -20 -18 -19 
f -19 -15 -18 
f -19 -18 -15 
f -18 -15 -16 
f -18 -16 -15 
f -17 -16 -14 
f -17 -14 -16 
f -15 -13 -16 
f -15 -16 -13 
f -13 -12 -11 
f -13 -11 -12 
f -16 -13 -11 
f -16 -11 -13 
f -14 -16 -11 
f -14 -11 -16 
f -14 -11 -10 
f -14 -10 -11 
f -11 -12 -9 
f -11 -9 -12 
f -10 -11 -9 
f -10 -9 -11 
f -20 -8 -22 
f -20 -22 -8 
f -20 -7 -8 
f -20 -8 -7 
f -17 -6 -20 
f -17 -20 -6 
f -17 -5 -6 
f -17 -6 -5 
f -6 -7 -20 
f -6 -20 -7 
f -6 -4 -7 
f -6 -7 -4 
f -5 -4 -6 
f -5 -6 -4 
f -14 -5 -17 
f -14 -17 -5 
f -5 -3 -4 
f -5 -4 -3 
f -1 -2 -3 
f -1 -3 -2 
f -1 -3 -5 
f -1 -5 -3 
f -1 -5 -14 
f -1 -14 -5 
f -10 -1 -14 
f -10 -14 -1 
f -9 -2 -1 
f -9 -1 -2 
f -9 -1 -10 
f -9 -10 -1 

g violet_1Petal1
s off

usemtl violet_1Petal1

# 22 vertices
v 76.3513 49.8051 56.4184
v 77.7559 49.2944 56.6317
v 77.9655 49.9027 56.5267
v 78.8381 48.9601 56.8554
v 79.4001 49.3973 56.6466
v 79.3631 49.9854 56.6682
v 80.9205 49.252 55.1612
v 80.8703 48.5611 55.1058
v 81.01826 50.1496 55.03685
v 82.1792 48.4655 54.5888
v 83.603 49.2306 52.2977
v 82.3105 49.3571 54.6815
v 82.3148 50.2499 54.5271
v 84.04454 50.4749 51.373
v 77.8389 50.4748 56.8288
v 78.6873 50.8283 56.7068
v 79.336 50.4643 56.9968
v 80.939 50.9284 55.1591
v 80.6606 51.8937 55.2284
v 81.9112 52.196 54.5088
v 83.6617 51.7071 52.04413
v 82.3129 51.2408 54.3762

# 60 faces
f -22 -21 -20 
f -22 -20 -21 
f -21 -19 -20 
f -21 -20 -19 
f -20 -18 -17 
f -20 -17 -18 
f -18 -16 -17 
f -18 -17 -16 
f -20 -19 -18 
f -20 -18 -19 
f -19 -15 -18 
f -19 -18 -15 
f -18 -15 -16 
f -18 -16 -15 
f -17 -16 -14 
f -17 -14 -16 
f -15 -13 -16 
f -15 -16 -13 
f -13 -12 -11 
f -13 -11 -12 
f -16 -13 -11 
f -16 -11 -13 
f -14 -16 -11 
f -14 -11 -16 
f -14 -11 -10 
f -14 -10 -11 
f -11 -12 -9 
f -11 -9 -12 
f -10 -11 -9 
f -10 -9 -11 
f -20 -8 -22 
f -20 -22 -8 
f -20 -7 -8 
f -20 -8 -7 
f -17 -6 -20 
f -17 -20 -6 
f -17 -5 -6 
f -17 -6 -5 
f -6 -7 -20 
f -6 -20 -7 
f -6 -4 -7 
f -6 -7 -4 
f -5 -4 -6 
f -5 -6 -4 
f -14 -5 -17 
f -14 -17 -5 
f -5 -3 -4 
f -5 -4 -3 
f -1 -2 -3 
f -1 -3 -2 
f -1 -3 -5 
f -1 -5 -3 
f -1 -5 -14 
f -1 -14 -5 
f -10 -1 -14 
f -10 -14 -1 
f -9 -2 -1 
f -9 -1 -2 
f -9 -1 -10 
f -9 -10 -1 

g violet_Intrnd
s off

usemtl violet_Intrnd

# 42 vertices
v 0.1151 6.03282 2.01789
v -0.347 5.5454 2.948
v 0.8005 5.5777 2.8176
v 0.1221 6.2413 2.1306
v -0.3401 5.7539 3.06075
v 0.8074 5.7863 2.9303
v 0.1221 6.2413 2.1306
v -0.3401 5.7539 3.06075
v 0.8074 5.7863 2.9303
v 0.1248 6.4011 2.1943
v -0.3351 6.001497 3.1665
v 0.8125 6.03383 3.03612
v 0.1248 6.4011 2.1943
v -0.3351 6.001497 3.1665
v 0.8125 6.03383 3.03612
v 0.1256 6.5664 2.2422
v -0.3331 6.2581 3.2476
v 0.8145 6.2905 3.1172
v 0.1256 6.5664 2.2422
v -0.3331 6.2581 3.2476
v 0.8145 6.2905 3.1172
v 0.1244 6.7356 2.2737
v -0.3342 6.5215 3.3034
v 0.8134 6.5539 3.173
v 0.1244 6.7356 2.2737
v -0.3342 6.5215 3.3034
v 0.8134 6.5539 3.173
v 0.1213 6.907 2.2887
v -0.3383 6.7891 3.3333
v 0.8092 6.8214 3.2029
v 0.1213 6.907 2.2887
v -0.3383 6.7891 3.3333
v 0.8092 6.8214 3.2029
v 0.1162 7.07904 2.2869
v -0.3455 7.0582 3.337
v 0.8021 7.09054 3.2066
v 0.1162 7.07904 2.2869
v -0.3455 7.0582 3.337
v 0.8021 7.09054 3.2066
v 0.1093 7.2499 2.2683
v -0.3556 7.3262 3.3144
v 0.7919 7.3586 3.184

# 42 faces
f -42 -39 -41 
f -41 -39 -38 
f -41 -38 -40 
f -40 -38 -37 
f -40 -37 -42 
f -42 -37 -39 
f -36 -33 -35 
f -35 -33 -32 
f -35 -32 -34 
f -34 -32 -31 
f -34 -31 -36 
f -36 -31 -33 
f -30 -27 -29 
f -29 -27 -26 
f -29 -26 -28 
f -28 -26 -25 
f -28 -25 -30 
f -30 -25 -27 
f -24 -21 -23 
f -23 -21 -20 
f -23 -20 -22 
f -22 -20 -19 
f -22 -19 -24 
f -24 -19 -21 
f -18 -15 -17 
f -17 -15 -14 
f -17 -14 -16 
f -16 -14 -13 
f -16 -13 -18 
f -18 -13 -15 
f -12 -9 -11 
f -11 -9 -8 
f -11 -8 -10 
f -10 -8 -7 
f -10 -7 -12 
f -12 -7 -9 
f -6 -3 -5 
f -5 -3 -2 
f -5 -2 -4 
f -4 -2 -1 
f -4 -1 -6 
f -6 -1 -3 

g violet_Petiole
s off

usemtl violet_Petiole

# 42 vertices
v 0.1343 7.2012 2.4767
v -0.1956 7.3551 3.1921
v 0.6072 7.3778 3.1009
v -0.1677 12.6415 1.1664
v -0.4977 12.7955 1.8818
v 0.3051 12.8181 1.7906
v -0.1677 12.6415 1.1664
v -0.4977 12.7955 1.8818
v 0.3051 12.8181 1.7906
v -0.5471 17.7621 -0.9029
v -0.8834 18.01306 -0.2186
v -0.08054 18.03568 -0.3098
v -0.5471 17.7621 -0.9029
v -0.8834 18.01306 -0.2186
v -0.08054 18.03568 -0.3098
v -0.9987 22.5193 -3.6977
v -1.3427 22.8616 -3.0583
v -0.5398 22.8842 -3.1495
v -0.9987 22.5193 -3.6977
v -1.3427 22.8616 -3.0583
v -0.5398 22.8842 -3.1495
v -1.5127 26.8102 -7.1574
v -1.8656 27.2362 -6.5757
v -1.06271 27.2588 -6.6669
v -1.5127 26.8102 -7.1574
v -1.8656 27.2362 -6.5757
v -1.06271 27.2588 -6.6669
v -2.07803 30.5421 -11.2072
v -2.4408 31.04225 -10.6948
v -1.6379 31.06487 -10.786
v -2.07803 30.5421 -11.2072
v -2.4408 31.04225 -10.6948
v -1.6379 31.06487 -10.786
v -2.6823 33.6339 -15.7592
v -3.05599 34.1972 -15.3263
v -2.253 34.2198 -15.4175
v -2.6823 33.6339 -15.7592
v -3.05599 34.1972 -15.3263
v -2.253 34.2198 -15.4175
v -3.3126 36.01896 -20.7151
v -3.6976 36.6329 -20.37
v -2.8947 36.6555 -20.4612

# 42 faces
f -42 -39 -41 
f -41 -39 -38 
f -41 -38 -40 
f -40 -38 -37 
f -40 -37 -42 
f -42 -37 -39 
f -36 -33 -35 
f -35 -33 -32 
f -35 -32 -34 
f -34 -32 -31 
f -34 -31 -36 
f -36 -31 -33 
f -30 -27 -29 
f -29 -27 -26 
f -29 -26 -28 
f -28 -26 -25 
f -28 -25 -30 
f -30 -25 -27 
f -24 -21 -23 
f -23 -21 -20 
f -23 -20 -22 
f -22 -20 -19 
f -22 -19 -24 
f -24 -19 -21 
f -18 -15 -17 
f -17 -15 -14 
f -17 -14 -16 
f -16 -14 -13 
f -16 -13 -18 
f -18 -13 -15 
f -12 -9 -11 
f -11 -9 -8 
f -11 -8 -10 
f -10 -8 -7 
f -10 -7 -12 
f -12 -7 -9 
f -6 -3 -5 
f -5 -3 -2 
f -5 -2 -4 
f -4 -2 -1 
f -4 -1 -6 
f -6 -1 -3 

g violet_Leaf
s off

usemtl violet_Leaf

# 30 vertices
v -3.3016 36.4378 -20.5145
v -8.2507 36.03346 -17.3135
v -9.09732 38.4567 -23.1021
v -7.1365 38.4245 -27.362
v -11.6008 36.5371 -17.1089
v -12.8095 36.8209 -20.5825
v -12.2089 36.6267 -25.8691
v -10.7096 36.2961 -31.2791
v -0.2602 35.216 -33.2243
v -6.3169 35.2044 -35.9372
v -1.9681 32.4226 -39.2814
v 0.869 29.03322 -41.2055
v -6.4404 37.1912 -32.2154
v -2.9543 37.04675 -30.6505
v -3.2378 35.9685 -35.05017
v -1.9561 36.4769 -25.8073
v -0.9441 36.2443 -29.9371
v -0.728 34.9492 -15.4091
v 3.3314 36.6653 -19.9558
v 3.6569 36.8688 -24.6297
v 2.1362 34.5572 -13.6314
v 4.8524 34.2753 -16.1114
v 6.7613 33.8925 -21.06685
v 7.9335 33.6091 -26.5596
v 3.2901 31.8368 -37.96
v 5.1829 36.7203 -29.3408
v 1.2976 36.4339 -29.5741
v 6.1118 33.413 -32.7909
v 3.2784 34.8572 -33.3908
v 0.714 32.2046 -38.7876

# 84 faces
f -30 -29 -28 
f -30 -28 -29 
f -30 -28 -27 
f -30 -27 -28 
f -29 -26 -28 
f -29 -28 -26 
f -26 -25 -28 
f -26 -28 -25 
f -25 -24 -28 
f -25 -28 -24 
f -24 -23 -27 
f -24 -27 -23 
f -28 -24 -27 
f -28 -27 -24 
f -27 -18 -17 
f -27 -17 -18 
f -18 -21 -16 
f -18 -16 -21 
f -18 -16 -17 
f -18 -17 -16 
f -17 -16 -22 
f -17 -22 -16 
f -21 -20 -16 
f -21 -16 -20 
f -16 -20 -22 
f -16 -22 -20 
f -30 -27 -15 
f -30 -15 -27 
f -15 -27 -17 
f -15 -17 -27 
f -15 -17 -14 
f -15 -14 -17 
f -17 -22 -14 
f -17 -14 -22 
f -23 -18 -27 
f -23 -27 -18 
f -23 -21 -18 
f -23 -18 -21 
f -12 -13 -30 
f -12 -30 -13 
f -11 -12 -30 
f -11 -30 -12 
f -12 -10 -13 
f -12 -13 -10 
f -12 -9 -10 
f -12 -10 -9 
f -12 -8 -9 
f -12 -9 -8 
f -11 -7 -8 
f -11 -8 -7 
f -11 -8 -12 
f -11 -12 -8 
f -4 -5 -11 
f -4 -11 -5 
f -2 -3 -5 
f -2 -5 -3 
f -4 -2 -5 
f -4 -5 -2 
f -22 -2 -4 
f -22 -4 -2 
f -2 -6 -3 
f -2 -3 -6 
f -22 -6 -2 
f -22 -2 -6 
f -15 -11 -30 
f -15 -30 -11 
f -4 -11 -15 
f -4 -15 -11 
f -14 -4 -15 
f -14 -15 -4 
f -14 -22 -4 
f -14 -4 -22 
f -11 -5 -7 
f -11 -7 -5 
f -5 -3 -7 
f -5 -7 -3 
f -22 -20 -1 
f -22 -1 -20 
f -20 -19 -1 
f -20 -1 -19 
f -22 -1 -6 
f -22 -6 -1 
f -1 -19 -6 
f -1 -6 -19 

g violet_Mrstm
s off

usemtl violet_Mrstm

# 8 vertices
v 0.1822 7.3119 2.9254
v 0.1752 7.3716 2.8874
v 0.2086 7.3574 2.897
v 0.194 7.42 2.8535
v 0.2354 7.4033 2.8626
v 0.2554 7.4425 2.8218
v 0.2388 7.3392 2.8903
v 0.2673 7.3809 2.854

# 16 faces
f -8 -7 -6 
f -8 -6 -7 
f -6 -7 -5 
f -6 -5 -7 
f -6 -5 -4 
f -6 -4 -5 
f -5 -3 -4 
f -5 -4 -3 
f -6 -2 -8 
f -6 -8 -2 
f -2 -6 -4 
f -2 -4 -6 
f -1 -2 -4 
f -1 -4 -2 
f -1 -4 -3 
f -1 -3 -4 

g violet_Mrstm
s off

usemtl violet_Mrstm

# 8 vertices
v 0.1822 7.3119 2.9254
v 0.1475 7.3729 2.914
v 0.1663 7.3549 2.887
v 0.1242 7.4197 2.8808
v 0.1449 7.3984 2.8463
v 0.1148 7.4361 2.8106
v 0.1684 7.3336 2.8582
v 0.1454 7.3728 2.8157

# 16 faces
f -8 -7 -6 
f -8 -6 -7 
f -6 -7 -5 
f -6 -5 -7 
f -6 -5 -4 
f -6 -4 -5 
f -5 -3 -4 
f -5 -4 -3 
f -6 -2 -8 
f -6 -8 -2 
f -2 -6 -4 
f -2 -4 -6 
f -1 -2 -4 
f -1 -4 -2 
f -1 -4 -3 
f -1 -3 -4 

g violet_Mrstm
s off

usemtl violet_Mrstm

# 8 vertices
v 0.1822 7.3119 2.9254
v 0.1641 7.3767 2.9485
v 0.1434 7.3573 2.9239
v 0.1281 7.4266 2.9553
v 0.1006 7.4039 2.9268
v 0.05961 7.4456 2.9402
v 0.1155 7.3367 2.9148
v 0.07034 7.3792 2.9191

# 16 faces
f -8 -7 -6 
f -8 -6 -7 
f -6 -7 -5 
f -6 -5 -7 
f -6 -5 -4 
f -6 -4 -5 
f -5 -3 -4 
f -5 -4 -3 
f -6 -2 -8 
f -6 -8 -2 
f -2 -6 -4 
f -2 -4 -6 
f -1 -2 -4 
f -1 -4 -2 
f -1 -4 -3 
f -1 -3 -4 

g violet_Mrstm
s off

usemtl violet_Mrstm

# 8 vertices
v 0.1822 7.3119 2.9254
v 0.2022 7.3777 2.9435
v 0.1713 7.3614 2.957
v 0.2003 7.4311 2.9748
v 0.1634 7.4124 2.9937
v 0.1655 7.458 3.03269
v 0.1526 7.3442 2.9824
v 0.145 7.3913 3.02231

# 16 faces
f -8 -7 -6 
f -8 -6 -7 
f -6 -7 -5 
f -6 -5 -7 
f -6 -5 -4 
f -6 -4 -5 
f -5 -3 -4 
f -5 -4 -3 
f -6 -2 -8 
f -6 -8 -2 
f -2 -6 -4 
f -2 -4 -6 
f -1 -2 -4 
f -1 -4 -2 
f -1 -4 -3 
f -1 -3 -4 

g violet_Mrstm
s off

usemtl violet_Mrstm

# 8 vertices
v 0.1822 7.3119 2.9254
v 0.2095 7.3746 2.9058
v 0.2117 7.3615 2.9409
v 0.2417 7.4271 2.9124
v 0.247 7.4121 2.9551
v 0.2872 7.4562 2.9611
v 0.2289 7.3459 2.9683
v 0.267 7.3925 2.9836

# 16 faces
f -8 -7 -6 
f -8 -6 -7 
f -6 -7 -5 
f -6 -5 -7 
f -6 -5 -4 
f -6 -4 -5 
f -5 -3 -4 
f -5 -4 -3 
f -6 -2 -8 
f -6 -8 -2 
f -2 -6 -4 
f -2 -4 -6 
f -1 -2 -4 
f -1 -4 -2 
f -1 -4 -3 
f -1 -3 -4 
