# OBJ file created by PlantStudio http://www.kurtz-fernhout.com

# Materials file must be in same directory
mtllib Garden plants_age100.mtl

# plant "corn"
o corn

g corn_Intrnd
s off

usemtl corn_Intrnd

# 30 vertices
v 59.7624 23.0 0.1052
v 60.2087 23.0 0.1547
v 60.02547 23.0 -0.2585
v 59.7624 23.6705 0.1052
v 60.2087 23.6705 0.1547
v 60.02547 23.6705 -0.2585
v 59.7624 23.6705 0.1052
v 60.2087 23.6705 0.1547
v 60.02547 23.6705 -0.2585
v 59.7624 24.341 0.1052
v 60.2087 24.341 0.1547
v 60.02547 24.341 -0.2585
v 59.7624 24.341 0.1052
v 60.2087 24.341 0.1547
v 60.02547 24.341 -0.2585
v 59.7624 25.0116 0.1052
v 60.2087 25.0116 0.1547
v 60.02547 25.0116 -0.2585
v 59.7624 25.0116 0.1052
v 60.2087 25.0116 0.1547
v 60.02547 25.0116 -0.2585
v 59.7624 25.6821 0.1052
v 60.2087 25.6821 0.1547
v 60.02547 25.6821 -0.2585
v 59.7624 25.6821 0.1052
v 60.2087 25.6821 0.1547
v 60.02547 25.6821 -0.2585
v 59.7624 26.3526 0.1052
v 60.2087 26.3526 0.1547
v 60.02547 26.3526 -0.2585

# 30 faces
f -30 -27 -29 
f -29 -27 -26 
f -29 -26 -28 
f -28 -26 -25 
f -28 -25 -30 
f -30 -25 -27 
f -24 -21 -23 
f -23 -21 -20 
f -23 -20 -22 
f -22 -20 -19 
f -22 -19 -24 
f -24 -19 -21 
f -18 -15 -17 
f -17 -15 -14 
f -17 -14 -16 
f -16 -14 -13 
f -16 -13 -18 
f -18 -13 -15 
f -12 -9 -11 
f -11 -9 -8 
f -11 -8 -10 
f -10 -8 -7 
f -10 -7 -12 
f -12 -7 -9 
f -6 -3 -5 
f -5 -3 -2 
f -5 -2 -4 
f -4 -2 -1 
f -4 -1 -6 
f -6 -1 -3 

g corn_1stPetiole
s off

usemtl corn_1stPetiole

# 30 vertices
v 59.993 26.3499 0.003093
v 60.0063 26.354 0.004924
v 60.00058 26.354 -0.007974
v 59.9811 26.3862 0.008361
v 59.9944 26.3903 0.01019
v 59.9887 26.3903 -0.002707
v 59.9811 26.3862 0.008361
v 59.9944 26.3903 0.01019
v 59.9887 26.3903 -0.002707
v 59.96 26.4136 0.01772
v 59.9714 26.4213 0.02038
v 59.9657 26.4213 0.007485
v 59.96 26.4136 0.01772
v 59.9714 26.4213 0.02038
v 59.9657 26.4213 0.007485
v 59.9316 26.4317 0.03028
v 59.9402 26.442 0.03421
v 59.9345 26.442 0.02131
v 59.9316 26.4317 0.03028
v 59.9402 26.442 0.03421
v 59.9345 26.442 0.02131
v 59.8994 26.4382 0.04457
v 59.9044 26.4501 0.05006
v 59.8987 26.4501 0.03716
v 59.8994 26.4382 0.04457
v 59.9044 26.4501 0.05006
v 59.8987 26.4501 0.03716
v 59.867 26.4325 0.05891
v 59.8683 26.4444 0.06608
v 59.8626 26.4444 0.05318

# 30 faces
f -30 -27 -29 
f -29 -27 -26 
f -29 -26 -28 
f -28 -26 -25 
f -28 -25 -30 
f -30 -25 -27 
f -24 -21 -23 
f -23 -21 -20 
f -23 -20 -22 
f -22 -20 -19 
f -22 -19 -24 
f -24 -19 -21 
f -18 -15 -17 
f -17 -15 -14 
f -17 -14 -16 
f -16 -14 -13 
f -16 -13 -18 
f -18 -13 -15 
f -12 -9 -11 
f -11 -9 -8 
f -11 -8 -10 
f -10 -8 -7 
f -10 -7 -12 
f -12 -7 -9 
f -6 -3 -5 
f -5 -3 -2 
f -5 -2 -4 
f -4 -2 -1 
f -4 -1 -6 
f -6 -1 -3 

g corn_1stLeaf
s off

usemtl corn_1stLeaf

# 8 vertices
v 59.8659 26.4405 0.0594
v 59.459 26.5276 0.296
v 59.4332 26.4564 0.2452
v 59.3911 26.3803 0.1578
v 59.1726 26.5414 0.3843
v 59.147 26.4831 0.3214
v 59.1096 26.405 0.2579
v 58.8736 26.3278 0.5292

# 16 faces
f -8 -7 -6 
f -8 -6 -7 
f -6 -5 -8 
f -6 -8 -5 
f -7 -4 -6 
f -7 -6 -4 
f -6 -4 -3 
f -6 -3 -4 
f -6 -3 -2 
f -6 -2 -3 
f -6 -2 -5 
f -6 -5 -2 
f -4 -1 -3 
f -4 -3 -1 
f -3 -1 -2 
f -3 -2 -1 

g corn_Intrnd
s off

usemtl corn_Intrnd

# 30 vertices
v 60.883 26.3526 -0.2917
v 59.3109 26.3526 -0.6245
v 59.8185 26.3526 0.9121
v 60.883 28.7526 -0.2917
v 59.3109 28.7526 -0.6245
v 59.8185 28.7526 0.9121
v 60.883 28.7526 -0.2917
v 59.3109 28.7526 -0.6245
v 59.8185 28.7526 0.9121
v 60.883 31.1526 -0.2917
v 59.3109 31.1526 -0.6245
v 59.8185 31.1526 0.9121
v 60.883 31.1526 -0.2917
v 59.3109 31.1526 -0.6245
v 59.8185 31.1526 0.9121
v 60.883 33.5526 -0.2917
v 59.3109 33.5526 -0.6245
v 59.8185 33.5526 0.9121
v 60.883 33.5526 -0.2917
v 59.3109 33.5526 -0.6245
v 59.8185 33.5526 0.9121
v 60.883 35.9526 -0.2917
v 59.3109 35.9526 -0.6245
v 59.8185 35.9526 0.9121
v 60.883 35.9526 -0.2917
v 59.3109 35.9526 -0.6245
v 59.8185 35.9526 0.9121
v 60.883 38.3526 -0.2917
v 59.3109 38.3526 -0.6245
v 59.8185 38.3526 0.9121

# 30 faces
f -30 -27 -29 
f -29 -27 -26 
f -29 -26 -28 
f -28 -26 -25 
f -28 -25 -30 
f -30 -25 -27 
f -24 -21 -23 
f -23 -21 -20 
f -23 -20 -22 
f -22 -20 -19 
f -22 -19 -24 
f -24 -19 -21 
f -18 -15 -17 
f -17 -15 -14 
f -17 -14 -16 
f -16 -14 -13 
f -16 -13 -18 
f -18 -13 -15 
f -12 -9 -11 
f -11 -9 -8 
f -11 -8 -10 
f -10 -8 -7 
f -10 -7 -12 
f -12 -7 -9 
f -6 -3 -5 
f -5 -3 -2 
f -5 -2 -4 
f -4 -2 -1 
f -4 -1 -6 
f -6 -1 -3 

g corn_Petiole
s off

usemtl corn_Petiole

# 30 vertices
v 60.1307 38.3071 -0.04318
v 59.8959 38.375 -0.0985
v 59.9751 38.375 0.141
v 60.5417 39.6175 -0.1789
v 60.307 39.6854 -0.2342
v 60.3861 39.6854 0.005295
v 60.5417 39.6175 -0.1789
v 60.307 39.6854 -0.2342
v 60.3861 39.6854 0.005295
v 61.3021 40.685 -0.4301
v 61.09751 40.8139 -0.4954
v 61.1766 40.8139 -0.2558
v 61.3021 40.685 -0.4301
v 61.09751 40.8139 -0.4954
v 61.1766 40.8139 -0.2558
v 62.3421 41.4474 -0.7737
v 62.1842 41.6244 -0.8544
v 62.2633 41.6244 -0.6148
v 62.3421 41.4474 -0.7737
v 62.1842 41.6244 -0.8544
v 62.2633 41.6244 -0.6148
v 63.5567 41.8278 -1.1749
v 63.4575 42.03499 -1.275
v 63.5366 42.03499 -1.03549
v 63.5567 41.8278 -1.1749
v 63.4575 42.03499 -1.275
v 63.5366 42.03499 -1.03549
v 64.8233 41.7877 -1.5934
v 64.7888 42.00418 -1.7148
v 64.8679 42.00418 -1.4752

# 30 faces
f -30 -27 -29 
f -29 -27 -26 
f -29 -26 -28 
f -28 -26 -25 
f -28 -25 -30 
f -30 -25 -27 
f -24 -21 -23 
f -23 -21 -20 
f -23 -20 -22 
f -22 -20 -19 
f -22 -19 -24 
f -24 -19 -21 
f -18 -15 -17 
f -17 -15 -14 
f -17 -14 -16 
f -16 -14 -13 
f -16 -13 -18 
f -18 -13 -15 
f -12 -9 -11 
f -11 -9 -8 
f -11 -8 -10 
f -10 -8 -7 
f -10 -7 -12 
f -12 -7 -9 
f -6 -3 -5 
f -5 -3 -2 
f -5 -2 -4 
f -4 -2 -1 
f -4 -1 -6 
f -6 -1 -3 

g corn_Leaf
s off

usemtl corn_Leaf

# 8 vertices
v 64.8267 41.9327 -1.5945
v 72.5416 42.9592 -5.163
v 72.887 41.8188 -4.04942
v 73.4493 40.6791 -2.248
v 77.8069 43.02203 -6.1839
v 78.1293 42.1396 -4.8888
v 78.6541 40.9074 -3.5118
v 83.3709 38.9234 -7.6439

# 16 faces
f -8 -7 -6 
f -8 -6 -7 
f -6 -5 -8 
f -6 -8 -5 
f -7 -4 -6 
f -7 -6 -4 
f -6 -4 -3 
f -6 -3 -4 
f -6 -3 -2 
f -6 -2 -3 
f -6 -2 -5 
f -6 -5 -2 
f -4 -1 -3 
f -4 -3 -1 
f -3 -1 -2 
f -3 -2 -1 

g corn_1Pdncle
s off

usemtl corn_1Pdncle

# 30 vertices
v 60.2544 38.3196 -0.08405
v 59.8008 38.3689 -0.1816
v 59.9482 38.3689 0.2644
v 60.3148 38.8357 -0.104
v 59.8613 38.885 -0.2016
v 60.00872 38.885 0.2445
v 60.3148 38.8357 -0.104
v 59.8613 38.885 -0.2016
v 60.00872 38.885 0.2445
v 60.4291 39.3075 -0.1417
v 59.9841 39.4055 -0.2421
v 60.1315 39.4055 0.2039
v 60.4291 39.3075 -0.1417
v 59.9841 39.4055 -0.2421
v 60.1315 39.4055 0.2039
v 60.5973 39.7611 -0.1973
v 60.1665 39.9062 -0.3024
v 60.3139 39.9062 0.1437
v 60.5973 39.7611 -0.1973
v 60.1665 39.9062 -0.3024
v 60.3139 39.9062 0.1437
v 60.8169 40.1896 -0.2698
v 60.4057 40.3796 -0.3814
v 60.5531 40.3796 0.06468
v 60.8169 40.1896 -0.2698
v 60.4057 40.3796 -0.3814
v 60.5531 40.3796 0.06468
v 61.08478 40.5866 -0.3583
v 60.6981 40.8187 -0.478
v 60.8455 40.8187 -0.03192

# 30 faces
f -30 -27 -29 
f -29 -27 -26 
f -29 -26 -28 
f -28 -26 -25 
f -28 -25 -30 
f -30 -25 -27 
f -24 -21 -23 
f -23 -21 -20 
f -23 -20 -22 
f -22 -20 -19 
f -22 -19 -24 
f -24 -19 -21 
f -18 -15 -17 
f -17 -15 -14 
f -17 -14 -16 
f -16 -14 -13 
f -16 -13 -18 
f -18 -13 -15 
f -12 -9 -11 
f -11 -9 -8 
f -11 -8 -10 
f -10 -8 -7 
f -10 -7 -12 
f -12 -7 -9 
f -6 -3 -5 
f -5 -3 -2 
f -5 -2 -4 
f -4 -2 -1 
f -4 -1 -6 
f -6 -1 -3 

g corn_1InfInt
s off

usemtl corn_1InfInt

# 30 vertices
v 60.6629 40.8572 -0.4099
v 60.9118 40.7761 -0.0238
v 61.04763 40.5944 -0.4352
v 60.6631 40.8574 -0.41
v 60.912 40.7763 -0.02384
v 61.04774 40.5946 -0.4353
v 60.6631 40.8574 -0.41
v 60.912 40.7763 -0.02384
v 61.04774 40.5946 -0.4353
v 60.6632 40.8576 -0.41
v 60.9121 40.7764 -0.02387
v 61.04786 40.5947 -0.4353
v 60.6632 40.8576 -0.41
v 60.9121 40.7764 -0.02387
v 61.04786 40.5947 -0.4353
v 60.6633 40.8577 -0.41
v 60.9122 40.7766 -0.02391
v 61.04797 40.5949 -0.4353
v 60.6633 40.8577 -0.41
v 60.9122 40.7766 -0.02391
v 61.04797 40.5949 -0.4353
v 60.6634 40.8579 -0.4101
v 60.9123 40.7767 -0.02394
v 61.04808 40.5951 -0.4354
v 60.6634 40.8579 -0.4101
v 60.9123 40.7767 -0.02394
v 61.04808 40.5951 -0.4354
v 60.6635 40.858 -0.4101
v 60.9124 40.7769 -0.02398
v 61.04819 40.5952 -0.4354

# 30 faces
f -30 -27 -29 
f -29 -27 -26 
f -29 -26 -28 
f -28 -26 -25 
f -28 -25 -30 
f -30 -25 -27 
f -24 -21 -23 
f -23 -21 -20 
f -23 -20 -22 
f -22 -20 -19 
f -22 -19 -24 
f -24 -19 -21 
f -18 -15 -17 
f -17 -15 -14 
f -17 -14 -16 
f -16 -14 -13 
f -16 -13 -18 
f -18 -13 -15 
f -12 -9 -11 
f -11 -9 -8 
f -11 -8 -10 
f -10 -8 -7 
f -10 -7 -12 
f -12 -7 -9 
f -6 -3 -5 
f -5 -3 -2 
f -5 -2 -4 
f -4 -2 -1 
f -4 -1 -6 
f -6 -1 -3 

g corn_1Pdcel
s off

usemtl corn_1Pdcel

# 30 vertices
v 60.6599 40.8526 -0.4089
v 60.9141 40.7796 -0.02459
v 61.04994 40.5979 -0.436
v 60.6605 40.8534 -0.4091
v 60.9147 40.7804 -0.02478
v 61.05047 40.5987 -0.4362
v 60.6605 40.8534 -0.4091
v 60.9147 40.7804 -0.02478
v 61.05047 40.5987 -0.4362
v 60.6575 40.8487 -0.408
v 60.9169 40.784 -0.02562
v 61.05267 40.6023 -0.4371
v 60.6575 40.8487 -0.408
v 60.9169 40.784 -0.02562
v 61.05267 40.6023 -0.4371
v 60.6547 40.844 -0.4068
v 60.919 40.7876 -0.02652
v 61.05478 40.6059 -0.438
v 60.6547 40.844 -0.4068
v 60.919 40.7876 -0.02652
v 61.05478 40.6059 -0.438
v 60.652 40.8392 -0.4056
v 60.921 40.7912 -0.02745
v 61.0568 40.6095 -0.4389
v 60.652 40.8392 -0.4056
v 60.921 40.7912 -0.02745
v 61.0568 40.6095 -0.4389
v 60.6495 40.8344 -0.4043
v 60.9229 40.7949 -0.02843
v 61.05874 40.6132 -0.4399

# 30 faces
f -30 -27 -29 
f -29 -27 -26 
f -29 -26 -28 
f -28 -26 -25 
f -28 -25 -30 
f -30 -25 -27 
f -24 -21 -23 
f -23 -21 -20 
f -23 -20 -22 
f -22 -20 -19 
f -22 -19 -24 
f -24 -19 -21 
f -18 -15 -17 
f -17 -15 -14 
f -17 -14 -16 
f -16 -14 -13 
f -16 -13 -18 
f -18 -13 -15 
f -12 -9 -11 
f -11 -9 -8 
f -11 -8 -10 
f -10 -8 -7 
f -10 -7 -12 
f -12 -7 -9 
f -6 -3 -5 
f -5 -3 -2 
f -5 -2 -4 
f -4 -2 -1 
f -4 -1 -6 
f -6 -1 -3 

g corn_FruitR
s off

usemtl corn_FruitR

# 18 vertices
v 60.8781 40.7471 -0.2903
v 61.4077 45.3357 -2.155
v 61.1461 49.2995 -0.4199
v 61.753 51.1294 -0.785
v 61.5844 48.8685 -3.7495
v 63.4454 54.5762 -2.04285
v 62.8745 51.414 -4.09934
v 64.9465 57.2344 -3.1556
v 63.9365 54.4182 -4.8286
v 66.2263 58.9871 -5.5808
v 61.04124 47.4551 -0.02296
v 64.2461 46.6261 -4.6714
v 65.3679 48.7839 -5.05517
v 66.1457 52.7275 -5.6894
v 66.772 55.9144 -5.9535
v 63.5831 45.2771 -3.8318
v 60.6826 43.9426 0.4765
v 62.3265 42.3394 -2.3084

# 40 faces
f -16 -15 -17 
f -16 -17 -15 
f -15 -14 -17 
f -15 -17 -14 
f -15 -13 -14 
f -15 -14 -13 
f -13 -12 -14 
f -13 -14 -12 
f -13 -11 -12 
f -13 -12 -11 
f -11 -10 -12 
f -11 -12 -10 
f -11 -9 -10 
f -11 -10 -9 
f -8 -17 -18 
f -8 -18 -17 
f -8 -16 -17 
f -8 -17 -16 
f -17 -6 -7 
f -17 -7 -6 
f -17 -14 -6 
f -17 -6 -14 
f -14 -5 -6 
f -14 -6 -5 
f -14 -12 -5 
f -14 -5 -12 
f -12 -4 -5 
f -12 -5 -4 
f -12 -10 -4 
f -12 -4 -10 
f -10 -9 -4 
f -10 -4 -9 
f -18 -17 -3 
f -18 -3 -17 
f -17 -7 -3 
f -17 -3 -7 
f -18 -2 -8 
f -18 -8 -2 
f -18 -3 -1 
f -18 -1 -3 

g corn_FruitR
s off

usemtl corn_FruitR

# 18 vertices
v 60.8781 40.7471 -0.2903
v 61.4518 45.6945 -0.3746
v 64.3911 48.3773 1.3441
v 65.08933 50.1916 1.07754
v 61.6703 49.5672 -0.2823
v 66.1607 53.899 -0.1198
v 62.9511 52.03724 -1.006948
v 66.9495 56.8335 -1.2706
v 64.01783 55.07914 -1.5488
v 66.2046 59.5693 -2.868
v 63.916 46.5578 1.1599
v 61.07317 48.1337 -3.5305
v 62.09899 50.2694 -4.2002
v 63.514 54.08463 -4.2389
v 64.8595 57.05185 -4.1838
v 60.9374 46.5209 -2.9435
v 62.7374 43.2049 0.867
v 60.4683 43.1591 -1.9397

# 40 faces
f -16 -15 -17 
f -16 -17 -15 
f -15 -14 -17 
f -15 -17 -14 
f -15 -13 -14 
f -15 -14 -13 
f -13 -12 -14 
f -13 -14 -12 
f -13 -11 -12 
f -13 -12 -11 
f -11 -10 -12 
f -11 -12 -10 
f -11 -9 -10 
f -11 -10 -9 
f -8 -17 -18 
f -8 -18 -17 
f -8 -16 -17 
f -8 -17 -16 
f -17 -6 -7 
f -17 -7 -6 
f -17 -14 -6 
f -17 -6 -14 
f -14 -5 -6 
f -14 -6 -5 
f -14 -12 -5 
f -14 -5 -12 
f -12 -4 -5 
f -12 -5 -4 
f -12 -10 -4 
f -12 -4 -10 
f -10 -9 -4 
f -10 -4 -9 
f -18 -17 -3 
f -18 -3 -17 
f -17 -7 -3 
f -17 -3 -7 
f -18 -2 -8 
f -18 -8 -2 
f -18 -3 -1 
f -18 -1 -3 

g corn_FruitR
s off

usemtl corn_FruitR

# 18 vertices
v 60.8781 40.7471 -0.2903
v 63.07207 45.184 0.2696
v 66.7668 46.8851 -1.2289
v 67.5761 48.6437 -1.5491
v 64.8255 48.5731 0.9722
v 68.5527 52.5256 -2.1002
v 65.7652 51.1506 0.1119
v 69.1357 55.6902 -2.5511
v 67.00244 54.1387 -0.362
v 68.6519 58.8189 -1.7972
v 65.6772 45.3418 -1.2667
v 61.3409 48.7931 0.09371
v 62.08519 51.03812 -0.5901
v 64.1919 54.4907 -1.03785
v 65.9991 57.1472 -1.581
v 61.1037 47.0883 0.05405
v 63.5849 42.4628 -1.04349
v 60.3544 43.6288 0.06704

# 40 faces
f -16 -15 -17 
f -16 -17 -15 
f -15 -14 -17 
f -15 -17 -14 
f -15 -13 -14 
f -15 -14 -13 
f -13 -12 -14 
f -13 -14 -12 
f -13 -11 -12 
f -13 -12 -11 
f -11 -10 -12 
f -11 -12 -10 
f -11 -9 -10 
f -11 -10 -9 
f -8 -17 -18 
f -8 -18 -17 
f -8 -16 -17 
f -8 -17 -16 
f -17 -6 -7 
f -17 -7 -6 
f -17 -14 -6 
f -17 -6 -14 
f -14 -5 -6 
f -14 -6 -5 
f -14 -12 -5 
f -14 -5 -12 
f -12 -4 -5 
f -12 -5 -4 
f -12 -10 -4 
f -12 -4 -10 
f -10 -9 -4 
f -10 -4 -9 
f -18 -17 -3 
f -18 -3 -17 
f -17 -7 -3 
f -17 -3 -7 
f -18 -2 -8 
f -18 -8 -2 
f -18 -3 -1 
f -18 -1 -3 

g corn_FruitR
s off

usemtl corn_FruitR

# 18 vertices
v 60.8781 40.7471 -0.2903
v 64.04441 44.5049 -1.1066
v 65.01244 46.8711 -4.6074
v 65.7999 48.6105 -5.05972
v 66.719 47.2507 -1.7078
v 67.338 52.3412 -5.2657
v 67.454 49.9711 -2.2784
v 68.5042 55.3739 -5.2395
v 68.7935 52.8878 -2.8973
v 70.2088 57.766 -3.8382
v 63.9073 45.4763 -3.972
v 64.6818 47.6991 1.2266
v 65.3454 50.03488 0.8197
v 67.2489 53.3885 -0.48
v 68.6264 56.06973 -1.7176
v 63.8537 46.2004 1.04644
v 62.06179 42.7348 -2.6325
v 62.1412 43.1038 0.9572

# 40 faces
f -16 -15 -17 
f -16 -17 -15 
f -15 -14 -17 
f -15 -17 -14 
f -15 -13 -14 
f -15 -14 -13 
f -13 -12 -14 
f -13 -14 -12 
f -13 -11 -12 
f -13 -12 -11 
f -11 -10 -12 
f -11 -12 -10 
f -11 -9 -10 
f -11 -10 -9 
f -8 -17 -18 
f -8 -18 -17 
f -8 -16 -17 
f -8 -17 -16 
f -17 -6 -7 
f -17 -7 -6 
f -17 -14 -6 
f -17 -6 -14 
f -14 -5 -6 
f -14 -6 -5 
f -14 -12 -5 
f -14 -5 -12 
f -12 -4 -5 
f -12 -5 -4 
f -12 -10 -4 
f -12 -4 -10 
f -10 -9 -4 
f -10 -4 -9 
f -18 -17 -3 
f -18 -3 -17 
f -17 -7 -3 
f -17 -3 -7 
f -18 -2 -8 
f -18 -8 -2 
f -18 -3 -1 
f -18 -1 -3 

g corn_FruitR
s off

usemtl corn_FruitR

# 18 vertices
v 60.8781 40.7471 -0.2903
v 63.00027 44.6001 -2.6278
v 61.4862 48.3858 -4.09989
v 62.1467 50.1699 -4.5803
v 64.6856 47.436 -4.6701
v 64.1338 53.6277 -5.2297
v 65.6405 50.1364 -4.9204
v 65.8761 56.3427 -5.6187
v 66.8701 53.06317 -5.6994
v 68.6871 57.8715 -6.2119
v 60.9989 46.8021 -3.1917
v 66.5044 46.3396 -1.7628
v 67.4049 48.6206 -1.9814
v 68.4746 52.2823 -3.3982
v 69.1113 55.2962 -4.4608
v 65.4091 45.06425 -1.3914
v 60.2409 43.6632 -1.6788
v 63.3784 42.2949 -0.533

# 40 faces
f -16 -15 -17 
f -16 -17 -15 
f -15 -14 -17 
f -15 -17 -14 
f -15 -13 -14 
f -15 -14 -13 
f -13 -12 -14 
f -13 -14 -12 
f -13 -11 -12 
f -13 -12 -11 
f -11 -10 -12 
f -11 -12 -10 
f -11 -9 -10 
f -11 -10 -9 
f -8 -17 -18 
f -8 -18 -17 
f -8 -16 -17 
f -8 -17 -16 
f -17 -6 -7 
f -17 -7 -6 
f -17 -14 -6 
f -17 -6 -14 
f -14 -5 -6 
f -14 -6 -5 
f -14 -12 -5 
f -14 -5 -12 
f -12 -4 -5 
f -12 -5 -4 
f -12 -10 -4 
f -12 -4 -10 
f -10 -9 -4 
f -10 -4 -9 
f -18 -17 -3 
f -18 -3 -17 
f -17 -7 -3 
f -17 -3 -7 
f -18 -2 -8 
f -18 -8 -2 
f -18 -3 -1 
f -18 -1 -3 

g corn_Intrnd
s off

usemtl corn_Intrnd

# 30 vertices
v 59.0926 38.3526 0.2037
v 60.6245 38.3526 0.689
v 60.2699 38.3526 -0.8899
v 59.0926 40.7526 0.2037
v 60.6245 40.7526 0.689
v 60.2699 40.7526 -0.8899
v 59.0926 40.7526 0.2037
v 60.6245 40.7526 0.689
v 60.2699 40.7526 -0.8899
v 59.0926 43.1526 0.2037
v 60.6245 43.1526 0.689
v 60.2699 43.1526 -0.8899
v 59.0926 43.1526 0.2037
v 60.6245 43.1526 0.689
v 60.2699 43.1526 -0.8899
v 59.0926 45.5526 0.2037
v 60.6245 45.5526 0.689
v 60.2699 45.5526 -0.8899
v 59.0926 45.5526 0.2037
v 60.6245 45.5526 0.689
v 60.2699 45.5526 -0.8899
v 59.0926 47.9526 0.2037
v 60.6245 47.9526 0.689
v 60.2699 47.9526 -0.8899
v 59.0926 47.9526 0.2037
v 60.6245 47.9526 0.689
v 60.2699 47.9526 -0.8899
v 59.0926 50.3526 0.2037
v 60.6245 50.3526 0.689
v 60.2699 50.3526 -0.8899

# 30 faces
f -30 -27 -29 
f -29 -27 -26 
f -29 -26 -28 
f -28 -26 -25 
f -28 -25 -30 
f -30 -25 -27 
f -24 -21 -23 
f -23 -21 -20 
f -23 -20 -22 
f -22 -20 -19 
f -22 -19 -24 
f -24 -19 -21 
f -18 -15 -17 
f -17 -15 -14 
f -17 -14 -16 
f -16 -14 -13 
f -16 -13 -18 
f -18 -13 -15 
f -12 -9 -11 
f -11 -9 -8 
f -11 -8 -10 
f -10 -8 -7 
f -10 -7 -12 
f -12 -7 -9 
f -6 -3 -5 
f -5 -3 -2 
f -5 -2 -4 
f -4 -2 -1 
f -4 -1 -6 
f -6 -1 -3 

g corn_Petiole
s off

usemtl corn_Petiole

# 30 vertices
v 59.8667 50.3038 0.02991
v 60.0933 50.3767 0.1083
v 60.03801 50.3767 -0.1378
v 59.4131 51.6031 0.1317
v 59.6396 51.676 0.2102
v 59.5844 51.676 -0.03597
v 59.4131 51.6031 0.1317
v 59.6396 51.676 0.2102
v 59.5844 51.676 -0.03597
v 58.5828 52.6267 0.3182
v 58.7737 52.764 0.4046
v 58.7184 52.764 0.1584
v 58.5828 52.6267 0.3182
v 58.7737 52.764 0.4046
v 58.7184 52.764 0.1584
v 57.4646 53.3038 0.5693
v 57.6008 53.4894 0.668
v 57.5455 53.4894 0.4218
v 57.4646 53.3038 0.5693
v 57.6008 53.4894 0.668
v 57.5455 53.4894 0.4218
v 56.1891 53.5551 0.8557
v 56.258 53.7674 0.9695
v 56.2027 53.7674 0.7234
v 56.1891 53.5551 0.8557
v 56.258 53.7674 0.9695
v 56.2027 53.7674 0.7234
v 54.9056 53.3514 1.1439
v 54.9022 53.5656 1.274
v 54.847 53.5656 1.02784

# 30 faces
f -30 -27 -29 
f -29 -27 -26 
f -29 -26 -28 
f -28 -26 -25 
f -28 -25 -30 
f -30 -25 -27 
f -24 -21 -23 
f -23 -21 -20 
f -23 -20 -22 
f -22 -20 -19 
f -22 -19 -24 
f -24 -19 -21 
f -18 -15 -17 
f -17 -15 -14 
f -17 -14 -16 
f -16 -14 -13 
f -16 -13 -18 
f -18 -13 -15 
f -12 -9 -11 
f -11 -9 -8 
f -11 -8 -10 
f -10 -8 -7 
f -10 -7 -12 
f -12 -7 -9 
f -6 -3 -5 
f -5 -3 -2 
f -5 -2 -4 
f -4 -2 -1 
f -4 -1 -6 
f -6 -1 -3 

g corn_Leaf
s off

usemtl corn_Leaf

# 8 vertices
v 54.8848 53.4949 1.1486
v 46.8505 54.4272 3.957
v 46.6472 53.2026 2.8992
v 46.2894 51.9243 1.1392
v 41.5164 54.3348 4.512
v 41.3428 53.3564 3.258
v 40.9879 52.01543 1.9293
v 35.9966 50.1099 5.7653

# 16 faces
f -8 -7 -6 
f -8 -6 -7 
f -6 -5 -8 
f -6 -8 -5 
f -7 -4 -6 
f -7 -6 -4 
f -6 -4 -3 
f -6 -3 -4 
f -6 -3 -2 
f -6 -2 -3 
f -6 -2 -5 
f -6 -5 -2 
f -4 -1 -3 
f -4 -3 -1 
f -3 -1 -2 
f -3 -2 -1 

g corn_1Pdncle
s off

usemtl corn_1Pdncle

# 30 vertices
v 59.7385 50.3196 0.05871
v 60.1803 50.3689 0.2002
v 60.0774 50.3689 -0.2581
v 59.6764 50.8357 0.07265
v 60.1182 50.885 0.2142
v 60.01529 50.885 -0.2442
v 59.6764 50.8357 0.07265
v 60.1182 50.885 0.2142
v 60.01529 50.885 -0.2442
v 59.559 51.3075 0.09901
v 59.992 51.4055 0.2425
v 59.8891 51.4055 -0.2158
v 59.559 51.3075 0.09901
v 59.992 51.4055 0.2425
v 59.8891 51.4055 -0.2158
v 59.3862 51.7611 0.1378
v 59.8046 51.9062 0.2846
v 59.7016 51.9062 -0.1737
v 59.3862 51.7611 0.1378
v 59.8046 51.9062 0.2846
v 59.7016 51.9062 -0.1737
v 59.1605 52.1896 0.1885
v 59.5588 52.3796 0.3398
v 59.4558 52.3796 -0.1185
v 59.1605 52.1896 0.1885
v 59.5588 52.3796 0.3398
v 59.4558 52.3796 -0.1185
v 58.8853 52.5866 0.2503
v 59.2583 52.8187 0.4073
v 59.1553 52.8187 -0.05111

# 30 faces
f -30 -27 -29 
f -29 -27 -26 
f -29 -26 -28 
f -28 -26 -25 
f -28 -25 -30 
f -30 -25 -27 
f -24 -21 -23 
f -23 -21 -20 
f -23 -20 -22 
f -22 -20 -19 
f -22 -19 -24 
f -24 -19 -21 
f -18 -15 -17 
f -17 -15 -14 
f -17 -14 -16 
f -16 -14 -13 
f -16 -13 -18 
f -18 -13 -15 
f -12 -9 -11 
f -11 -9 -8 
f -11 -8 -10 
f -10 -8 -7 
f -10 -7 -12 
f -12 -7 -9 
f -6 -3 -5 
f -5 -3 -2 
f -5 -2 -4 
f -4 -2 -1 
f -4 -1 -6 
f -6 -1 -3 

g corn_1InfInt
s off

usemtl corn_1InfInt

# 30 vertices
v 59.3 52.8572 0.343
v 59.09017 52.7761 -0.06569
v 58.9147 52.5944 0.3305
v 59.2999 52.8574 0.343
v 59.09006 52.7763 -0.06566
v 58.9146 52.5946 0.3305
v 59.2999 52.8574 0.343
v 59.09006 52.7763 -0.06566
v 58.9146 52.5946 0.3305
v 59.2998 52.8576 0.343
v 59.08995 52.7764 -0.06564
v 58.9145 52.5947 0.3305
v 59.2998 52.8576 0.343
v 59.08995 52.7764 -0.06564
v 58.9145 52.5947 0.3305
v 59.2996 52.8577 0.343
v 59.08984 52.7766 -0.06561
v 58.9144 52.5949 0.3305
v 59.2996 52.8577 0.343
v 59.08984 52.7766 -0.06561
v 58.9144 52.5949 0.3305
v 59.2995 52.8579 0.3431
v 59.08973 52.7768 -0.06559
v 58.9143 52.5951 0.3306
v 59.2995 52.8579 0.3431
v 59.08973 52.7768 -0.06559
v 58.9143 52.5951 0.3306
v 59.2994 52.8581 0.3431
v 59.08962 52.7769 -0.06556
v 58.9141 52.5952 0.3306

# 30 faces
f -30 -27 -29 
f -29 -27 -26 
f -29 -26 -28 
f -28 -26 -25 
f -28 -25 -30 
f -30 -25 -27 
f -24 -21 -23 
f -23 -21 -20 
f -23 -20 -22 
f -22 -20 -19 
f -22 -19 -24 
f -24 -19 -21 
f -18 -15 -17 
f -17 -15 -14 
f -17 -14 -16 
f -16 -14 -13 
f -16 -13 -18 
f -18 -13 -15 
f -12 -9 -11 
f -11 -9 -8 
f -11 -8 -10 
f -10 -8 -7 
f -10 -7 -12 
f -12 -7 -9 
f -6 -3 -5 
f -5 -3 -2 
f -5 -2 -4 
f -4 -2 -1 
f -4 -1 -6 
f -6 -1 -3 

g corn_1Pdcel
s off

usemtl corn_1Pdcel

# 30 vertices
v 59.3066 52.8471 0.3413
v 59.08607 52.7823 -0.06465
v 58.9106 52.6006 0.3315
v 59.3061 52.8479 0.3414
v 59.08554 52.7832 -0.0645
v 58.9101 52.6015 0.3316
v 59.3061 52.8479 0.3414
v 59.08554 52.7832 -0.0645
v 58.9101 52.6015 0.3316
v 59.3123 52.8376 0.3394
v 59.08175 52.7896 -0.06325
v 58.9063 52.6079 0.3329
v 59.3123 52.8376 0.3394
v 59.08175 52.7896 -0.06325
v 58.9063 52.6079 0.3329
v 59.3181 52.827 0.3371
v 59.07825 52.7961 -0.06181
v 58.9028 52.6144 0.3343
v 59.3181 52.827 0.3371
v 59.07825 52.7961 -0.06181
v 58.9028 52.6144 0.3343
v 59.3233 52.8162 0.3345
v 59.07505 52.8027 -0.06019
v 58.8996 52.621 0.3359
v 59.3233 52.8162 0.3345
v 59.07505 52.8027 -0.06019
v 58.8996 52.621 0.3359
v 59.3281 52.8053 0.3316
v 59.07216 52.8094 -0.05839
v 58.8967 52.6277 0.3378

# 30 faces
f -30 -27 -29 
f -29 -27 -26 
f -29 -26 -28 
f -28 -26 -25 
f -28 -25 -30 
f -30 -25 -27 
f -24 -21 -23 
f -23 -21 -20 
f -23 -20 -22 
f -22 -20 -19 
f -22 -19 -24 
f -24 -19 -21 
f -18 -15 -17 
f -17 -15 -14 
f -17 -14 -16 
f -16 -14 -13 
f -16 -13 -18 
f -18 -13 -15 
f -12 -9 -11 
f -11 -9 -8 
f -11 -8 -10 
f -10 -8 -7 
f -10 -7 -12 
f -12 -7 -9 
f -6 -3 -5 
f -5 -3 -2 
f -5 -2 -4 
f -4 -2 -1 
f -4 -1 -6 
f -6 -1 -3 

g corn_FruitR
s off

usemtl corn_FruitR

# 18 vertices
v 59.09791 52.7472 0.203
v 58.7851 57.2403 2.3307
v 59.4814 61.2687 0.889
v 58.9918 63.1162 1.333
v 58.7621 60.6709 4.1431
v 57.4806 66.606 2.6984
v 57.6496 63.2871 4.5722
v 56.1096 69.3046 3.8797
v 56.7707 66.3175 5.4259
v 54.7901 71.00365 6.3218
v 59.4733 59.4498 0.3771
v 55.8736 58.6014 4.7232
v 54.8959 60.8161 5.1718
v 54.3792 64.7636 6.01407
v 53.9826 67.9687 6.4476
v 56.4918 57.2569 3.8432
v 59.5965 55.9571 -0.3314
v 57.629 54.3256 2.2173

# 40 faces
f -16 -15 -17 
f -16 -17 -15 
f -15 -14 -17 
f -15 -17 -14 
f -15 -13 -14 
f -15 -14 -13 
f -13 -12 -14 
f -13 -14 -12 
f -13 -11 -12 
f -13 -12 -11 
f -11 -10 -12 
f -11 -12 -10 
f -11 -9 -10 
f -11 -10 -9 
f -8 -17 -18 
f -8 -18 -17 
f -8 -16 -17 
f -8 -17 -16 
f -17 -6 -7 
f -17 -7 -6 
f -17 -14 -6 
f -17 -6 -14 
f -14 -5 -6 
f -14 -6 -5 
f -14 -12 -5 
f -14 -5 -12 
f -12 -4 -5 
f -12 -5 -4 
f -12 -10 -4 
f -12 -4 -10 
f -10 -9 -4 
f -10 -4 -9 
f -18 -17 -3 
f -18 -3 -17 
f -17 -7 -3 
f -17 -3 -7 
f -18 -2 -8 
f -18 -8 -2 
f -18 -3 -1 
f -18 -1 -3 

g corn_FruitR
s off

usemtl corn_FruitR

# 18 vertices
v 59.09791 52.7472 0.203
v 58.9028 57.7104 0.5798
v 56.3169 60.7254 -1.1561
v 55.7427 62.5709 -0.8175
v 58.9913 61.5863 0.7333
v 54.8735 66.2728 0.5486
v 57.854 64.1036 1.531
v 54.2291 69.1856 1.8363
v 56.9875 67.1834 2.2004
v 55.06062 71.7478 3.6625
v 56.635 58.8652 -1.06198
v 59.2302 59.9116 3.9115
v 58.3247 62.07885 4.6499
v 57.2094 65.9874 4.8461
v 56.1047 69.05258 4.8969
v 59.2848 58.3323 3.2282
v 57.526 55.4155 -0.9136
v 59.5674 55.01154 2.03574

# 40 faces
f -16 -15 -17 
f -16 -17 -15 
f -15 -14 -17 
f -15 -17 -14 
f -15 -13 -14 
f -15 -14 -13 
f -13 -12 -14 
f -13 -14 -12 
f -13 -11 -12 
f -13 -12 -11 
f -11 -10 -12 
f -11 -12 -10 
f -11 -9 -10 
f -11 -10 -9 
f -8 -17 -18 
f -8 -18 -17 
f -8 -16 -17 
f -8 -17 -16 
f -17 -6 -7 
f -17 -7 -6 
f -17 -14 -6 
f -17 -6 -14 
f -14 -5 -6 
f -14 -6 -5 
f -14 -12 -5 
f -14 -5 -12 
f -12 -4 -5 
f -12 -5 -4 
f -12 -10 -4 
f -12 -4 -10 
f -10 -9 -4 
f -10 -4 -9 
f -18 -17 -3 
f -18 -3 -17 
f -17 -7 -3 
f -17 -3 -7 
f -18 -2 -8 
f -18 -8 -2 
f -18 -3 -1 
f -18 -1 -3 

g corn_FruitR
s off

usemtl corn_FruitR

# 18 vertices
v 59.09791 52.7472 0.203
v 57.3011 57.3748 -0.2092
v 53.6463 59.2771 1.1379
v 52.9534 61.07309 1.5183
v 55.8722 60.9328 -0.8032
v 52.2405 64.9806 2.2596
v 55.07212 63.5207 0.1606
v 51.8711 68.1485 2.8806
v 54.03698 66.5653 0.7468
v 52.6502 71.2675 2.3748
v 54.6077 57.6504 1.1479
v 59.2874 60.8124 0.33
v 58.6692 63.0645 1.1096
v 56.8074 66.6439 1.6401
v 55.1749 69.4009 2.2329
v 59.3887 59.09475 0.2713
v 56.4825 54.6291 0.8785
v 59.8677 55.5929 0.07803

# 40 faces
f -16 -15 -17 
f -16 -17 -15 
f -15 -14 -17 
f -15 -17 -14 
f -15 -13 -14 
f -15 -14 -13 
f -13 -12 -14 
f -13 -14 -12 
f -13 -11 -12 
f -13 -12 -11 
f -11 -10 -12 
f -11 -12 -10 
f -11 -9 -10 
f -11 -10 -9 
f -8 -17 -18 
f -8 -18 -17 
f -8 -16 -17 
f -8 -17 -16 
f -17 -6 -7 
f -17 -7 -6 
f -17 -14 -6 
f -17 -6 -14 
f -14 -5 -6 
f -14 -6 -5 
f -14 -12 -5 
f -14 -5 -12 
f -12 -4 -5 
f -12 -5 -4 
f -12 -10 -4 
f -12 -4 -10 
f -10 -9 -4 
f -10 -4 -9 
f -18 -17 -3 
f -18 -3 -17 
f -17 -7 -3 
f -17 -3 -7 
f -18 -2 -8 
f -18 -8 -2 
f -18 -3 -1 
f -18 -1 -3 

g corn_FruitR
s off

usemtl corn_FruitR

# 18 vertices
v 59.09791 52.7472 0.203
v 56.1786 56.6942 1.04669
v 55.1355 58.9118 4.6223
v 54.4527 60.6787 5.1344
v 53.6861 59.6075 1.6425
v 53.1959 64.503 5.4828
v 53.1224 62.3387 2.342
v 52.2724 67.6168 5.5792
v 51.9691 65.3116 3.06049
v 50.8676 70.222 4.2262
v 56.1743 57.473 3.9734
v 55.9667 60.06736 -1.1051
v 55.4565 62.4201 -0.5894
v 53.7251 65.8319 0.7966
v 52.4694 68.5356 2.1123
v 56.6609 58.4977 -0.9687
v 57.8983 54.6773 2.585
v 58.1178 55.2717 -0.9685

# 40 faces
f -16 -15 -17 
f -16 -17 -15 
f -15 -14 -17 
f -15 -17 -14 
f -15 -13 -14 
f -15 -14 -13 
f -13 -12 -14 
f -13 -14 -12 
f -13 -11 -12 
f -13 -12 -11 
f -11 -10 -12 
f -11 -12 -10 
f -11 -9 -10 
f -11 -10 -9 
f -8 -17 -18 
f -8 -18 -17 
f -8 -16 -17 
f -8 -17 -16 
f -17 -6 -7 
f -17 -7 -6 
f -17 -14 -6 
f -17 -6 -14 
f -14 -5 -6 
f -14 -6 -5 
f -14 -12 -5 
f -14 -5 -12 
f -12 -4 -5 
f -12 -5 -4 
f -12 -10 -4 
f -12 -4 -10 
f -10 -9 -4 
f -10 -4 -9 
f -18 -17 -3 
f -18 -3 -17 
f -17 -7 -3 
f -17 -3 -7 
f -18 -2 -8 
f -18 -8 -2 
f -18 -3 -1 
f -18 -1 -3 

g corn_FruitR
s off

usemtl corn_FruitR

# 18 vertices
v 59.09791 52.7472 0.203
v 57.1096 56.6098 2.6402
v 58.7962 60.1612 4.4662
v 58.241 61.9604 5.01822
v 55.4992 59.4431 4.7457
v 56.4833 65.5227 5.7581
v 54.7394 62.1921 5.1097
v 54.9314 68.3421 6.206
v 53.6841 65.1561 5.9959
v 52.21 70.05645 6.7024
v 59.2268 58.6018 3.4898
v 53.8251 58.6802 1.6509
v 53.08936 61.00953 1.959
v 52.2017 64.6523 3.5406
v 51.7214 67.6371 4.7564
v 54.8435 57.3447 1.2721
v 59.8519 55.5104 1.8259
v 56.7133 54.4766 0.3736

# 40 faces
f -16 -15 -17 
f -16 -17 -15 
f -15 -14 -17 
f -15 -17 -14 
f -15 -13 -14 
f -15 -14 -13 
f -13 -12 -14 
f -13 -14 -12 
f -13 -11 -12 
f -13 -12 -11 
f -11 -10 -12 
f -11 -12 -10 
f -11 -9 -10 
f -11 -10 -9 
f -8 -17 -18 
f -8 -18 -17 
f -8 -16 -17 
f -8 -17 -16 
f -17 -6 -7 
f -17 -7 -6 
f -17 -14 -6 
f -17 -6 -14 
f -14 -5 -6 
f -14 -6 -5 
f -14 -12 -5 
f -14 -5 -12 
f -12 -4 -5 
f -12 -5 -4 
f -12 -10 -4 
f -12 -4 -10 
f -10 -9 -4 
f -10 -4 -9 
f -18 -17 -3 
f -18 -3 -17 
f -17 -7 -3 
f -17 -3 -7 
f -18 -2 -8 
f -18 -8 -2 
f -18 -3 -1 
f -18 -1 -3 

g corn_Intrnd
s off

usemtl corn_Intrnd

# 30 vertices
v 60.9227 50.3298 -0.1138
v 59.4461 50.3639 -0.7469
v 59.6442 50.3639 0.8591
v 60.9811 52.7291 -0.121
v 59.5045 52.7632 -0.7542
v 59.7027 52.7632 0.8519
v 60.9811 52.7291 -0.121
v 59.5045 52.7632 -0.7542
v 59.7027 52.7632 0.8519
v 61.09723 55.1034 -0.1353
v 59.6218 55.1715 -0.7686
v 59.8199 55.1715 0.8375
v 61.09723 55.1034 -0.1353
v 59.6218 55.1715 -0.7686
v 59.8199 55.1715 0.8375
v 61.271 57.4741 -0.1567
v 59.7977 57.5762 -0.7903
v 59.9959 57.5762 0.8158
v 61.271 57.4741 -0.1567
v 59.7977 57.5762 -0.7903
v 59.9959 57.5762 0.8158
v 61.5025 59.8398 -0.1853
v 60.03222 59.9759 -0.8192
v 60.2303 59.9759 0.7869
v 61.5025 59.8398 -0.1853
v 60.03222 59.9759 -0.8192
v 60.2303 59.9759 0.7869
v 61.7916 62.1991 -0.2209
v 60.325 62.369 -0.8554
v 60.5231 62.369 0.7507

# 30 faces
f -30 -27 -29 
f -29 -27 -26 
f -29 -26 -28 
f -28 -26 -25 
f -28 -25 -30 
f -30 -25 -27 
f -24 -21 -23 
f -23 -21 -20 
f -23 -20 -22 
f -22 -20 -19 
f -22 -19 -24 
f -24 -19 -21 
f -18 -15 -17 
f -17 -15 -14 
f -17 -14 -16 
f -16 -14 -13 
f -16 -13 -18 
f -18 -13 -15 
f -12 -9 -11 
f -11 -9 -8 
f -11 -8 -10 
f -10 -8 -7 
f -10 -7 -12 
f -12 -7 -9 
f -6 -3 -5 
f -5 -3 -2 
f -5 -2 -4 
f -4 -2 -1 
f -4 -1 -6 
f -6 -1 -3 

g corn_Petiole
s off

usemtl corn_Petiole

# 30 vertices
v 61.00415 62.2477 -0.1238
v 60.7968 62.345 -0.2253
v 60.8276 62.345 0.02503
v 61.6199 63.4803 -0.1998
v 61.4126 63.5777 -0.3013
v 61.4434 63.5777 -0.05091
v 61.6199 63.4803 -0.1998
v 61.4126 63.5777 -0.3013
v 61.4434 63.5777 -0.05091
v 62.5825 64.3921 -0.3185
v 62.4189 64.5489 -0.4254
v 62.4498 64.5489 -0.175
v 62.5825 64.3921 -0.3185
v 62.4189 64.5489 -0.4254
v 62.4498 64.5489 -0.175
v 63.7937 64.9238 -0.4679
v 63.6912 65.1217 -0.5823
v 63.7221 65.1217 -0.3319
v 63.7937 64.9238 -0.4679
v 63.6912 65.1217 -0.5823
v 63.7221 65.1217 -0.3319
v 65.1119 65.01328 -0.6304
v 65.08066 65.2291 -0.7537
v 65.1115 65.2291 -0.5033
v 65.1119 65.01328 -0.6304
v 65.08066 65.2291 -0.7537
v 65.1115 65.2291 -0.5033
v 66.3829 64.65 -0.7872
v 66.4247 64.8587 -0.9195
v 66.4556 64.8587 -0.6691

# 30 faces
f -30 -27 -29 
f -29 -27 -26 
f -29 -26 -28 
f -28 -26 -25 
f -28 -25 -30 
f -30 -25 -27 
f -24 -21 -23 
f -23 -21 -20 
f -23 -20 -22 
f -22 -20 -19 
f -22 -19 -24 
f -24 -19 -21 
f -18 -15 -17 
f -17 -15 -14 
f -17 -14 -16 
f -16 -14 -13 
f -16 -13 -18 
f -18 -13 -15 
f -12 -9 -11 
f -11 -9 -8 
f -11 -8 -10 
f -10 -8 -7 
f -10 -7 -12 
f -12 -7 -9 
f -6 -3 -5 
f -5 -3 -2 
f -5 -2 -4 
f -4 -2 -1 
f -4 -1 -6 
f -6 -1 -3 

g corn_Leaf
s off

usemtl corn_Leaf

# 8 vertices
v 66.4213 64.7898 -0.7919
v 74.7412 65.312 -2.7449
v 74.7629 64.04179 -1.7222
v 74.8634 62.6844 0.01196
v 80.08936 64.9045 -2.7682
v 80.07609 63.8751 -1.5434
v 80.214 62.47 -0.2409
v 85.4498 60.3872 -3.6331

# 16 faces
f -8 -7 -6 
f -8 -6 -7 
f -6 -5 -8 
f -6 -8 -5 
f -7 -4 -6 
f -7 -6 -4 
f -6 -4 -3 
f -6 -3 -4 
f -6 -3 -2 
f -6 -2 -3 
f -6 -2 -5 
f -6 -5 -2 
f -4 -1 -3 
f -4 -3 -1 
f -3 -1 -2 
f -3 -2 -1 

g corn_Mrstm
s off

usemtl corn_Mrstm

# 8 vertices
v 60.8756 62.3129 -0.1079
v 60.8768 62.3163 -0.1102
v 60.8758 62.3165 -0.1082
v 60.8775 62.3199 -0.1109
v 60.8763 62.3203 -0.1084
v 60.8774 62.3237 -0.1086
v 60.8757 62.3168 -0.1061
v 60.8764 62.3205 -0.106

# 16 faces
f -8 -7 -6 
f -8 -6 -7 
f -6 -7 -5 
f -6 -5 -7 
f -6 -5 -4 
f -6 -4 -5 
f -5 -3 -4 
f -5 -4 -3 
f -6 -2 -8 
f -6 -8 -2 
f -2 -6 -4 
f -2 -4 -6 
f -1 -2 -4 
f -1 -4 -2 
f -1 -4 -3 
f -1 -3 -4 

g corn_Mrstm
s off

usemtl corn_Mrstm

# 8 vertices
v 60.8756 62.3129 -0.1079
v 60.8742 62.3167 -0.1095
v 60.8757 62.3165 -0.1079
v 60.8741 62.3204 -0.1099
v 60.8761 62.3203 -0.108
v 60.8766 62.3238 -0.1088
v 60.8778 62.3166 -0.1071
v 60.8784 62.3202 -0.1073

# 16 faces
f -8 -7 -6 
f -8 -6 -7 
f -6 -7 -5 
f -6 -5 -7 
f -6 -5 -4 
f -6 -4 -5 
f -5 -3 -4 
f -5 -4 -3 
f -6 -2 -8 
f -6 -8 -2 
f -2 -6 -4 
f -2 -4 -6 
f -1 -2 -4 
f -1 -4 -2 
f -1 -4 -3 
f -1 -3 -4 

g corn_Mrstm
s off

usemtl corn_Mrstm

# 8 vertices
v 60.8756 62.3129 -0.1079
v 60.874 62.3167 -0.1067
v 60.876 62.3165 -0.1077
v 60.8739 62.3204 -0.1064
v 60.8764 62.3203 -0.1077
v 60.8761 62.3239 -0.108
v 60.8774 62.3166 -0.1094
v 60.8778 62.3203 -0.1096

# 16 faces
f -8 -7 -6 
f -8 -6 -7 
f -6 -7 -5 
f -6 -5 -7 
f -6 -5 -4 
f -6 -4 -5 
f -5 -3 -4 
f -5 -4 -3 
f -6 -2 -8 
f -6 -8 -2 
f -2 -6 -4 
f -2 -4 -6 
f -1 -2 -4 
f -1 -4 -2 
f -1 -4 -3 
f -1 -3 -4 

g corn_Mrstm
s off

usemtl corn_Mrstm

# 8 vertices
v 60.8756 62.3129 -0.1079
v 60.8766 62.3164 -0.1057
v 60.8763 62.3164 -0.108
v 60.8772 62.3201 -0.1051
v 60.8768 62.3202 -0.1079
v 60.8767 62.3238 -0.1074
v 60.8752 62.3168 -0.1098
v 60.8754 62.3206 -0.1098

# 16 faces
f -8 -7 -6 
f -8 -6 -7 
f -6 -7 -5 
f -6 -5 -7 
f -6 -5 -4 
f -6 -4 -5 
f -5 -3 -4 
f -5 -4 -3 
f -6 -2 -8 
f -6 -8 -2 
f -2 -6 -4 
f -2 -4 -6 
f -1 -2 -4 
f -1 -4 -2 
f -1 -4 -3 
f -1 -3 -4 

g corn_Mrstm
s off

usemtl corn_Mrstm

# 8 vertices
v 60.8756 62.3129 -0.1079
v 60.8783 62.3162 -0.1078
v 60.8761 62.3164 -0.1083
v 60.8794 62.3197 -0.1079
v 60.8768 62.3202 -0.1083
v 60.8775 62.3237 -0.1077
v 60.8741 62.317 -0.1077
v 60.8745 62.3207 -0.1076

# 16 faces
f -8 -7 -6 
f -8 -6 -7 
f -6 -7 -5 
f -6 -5 -7 
f -6 -5 -4 
f -6 -4 -5 
f -5 -3 -4 
f -5 -4 -3 
f -6 -2 -8 
f -6 -8 -2 
f -2 -6 -4 
f -2 -4 -6 
f -1 -2 -4 
f -1 -4 -2 
f -1 -4 -3 
f -1 -3 -4 

g corn_Intrnd
s off

usemtl corn_Intrnd

# 30 vertices
v 59.9528 62.4262 -0.08602
v 61.3509 62.2668 0.69
v 61.31 62.2474 -0.9276
v 60.2443 64.8082 -0.1219
v 61.6424 64.6487 0.654
v 61.6015 64.6293 -0.9636
v 60.2443 64.8082 -0.1219
v 61.6424 64.6487 0.654
v 61.6015 64.6293 -0.9636
v 60.5359 67.1901 -0.1579
v 61.934 67.03072 0.6181
v 61.8931 67.01131 -0.9996
v 60.5359 67.1901 -0.1579
v 61.934 67.03072 0.6181
v 61.8931 67.01131 -0.9996
v 60.8275 69.5721 -0.1939
v 62.2256 69.4126 0.5821
v 62.1847 69.3932 -1.03557
v 60.8275 69.5721 -0.1939
v 62.2256 69.4126 0.5821
v 62.1847 69.3932 -1.03557
v 61.1191 71.954 -0.2298
v 62.5172 71.7946 0.5461
v 62.4763 71.7752 -1.07154
v 61.1191 71.954 -0.2298
v 62.5172 71.7946 0.5461
v 62.4763 71.7752 -1.07154
v 61.4106 74.336 -0.2658
v 62.8088 74.1765 0.5102
v 62.7678 74.1571 -1.1075

# 30 faces
f -30 -27 -29 
f -29 -27 -26 
f -29 -26 -28 
f -28 -26 -25 
f -28 -25 -30 
f -30 -25 -27 
f -24 -21 -23 
f -23 -21 -20 
f -23 -20 -22 
f -22 -20 -19 
f -22 -19 -24 
f -24 -19 -21 
f -18 -15 -17 
f -17 -15 -14 
f -17 -14 -16 
f -16 -14 -13 
f -16 -13 -18 
f -18 -13 -15 
f -12 -9 -11 
f -11 -9 -8 
f -11 -8 -10 
f -10 -8 -7 
f -10 -7 -12 
f -12 -7 -9 
f -6 -3 -5 
f -5 -3 -2 
f -5 -2 -4 
f -4 -2 -1 
f -4 -1 -6 
f -6 -1 -3 

g corn_Petiole
s off

usemtl corn_Petiole

# 30 vertices
v 62.1913 74.1943 -0.2838
v 62.4067 74.2382 -0.1636
v 62.4003 74.2351 -0.4158
v 61.921 75.5475 -0.2932
v 62.1364 75.5914 -0.173
v 62.13 75.5883 -0.4252
v 61.921 75.5475 -0.2932
v 62.1364 75.5914 -0.173
v 62.13 75.5883 -0.4252
v 61.256 76.7046 -0.2903
v 61.4474 76.8129 -0.1702
v 61.441 76.8098 -0.4225
v 61.256 76.7046 -0.2903
v 61.4474 76.8129 -0.1702
v 61.441 76.8098 -0.4225
v 60.2618 77.5947 -0.2759
v 60.4102 77.7567 -0.1553
v 60.4038 77.7536 -0.4076
v 60.2618 77.5947 -0.2759
v 60.4102 77.7567 -0.1553
v 60.4038 77.7536 -0.4076
v 59.03881 78.128 -0.2513
v 59.1295 78.3275 -0.1298
v 59.1231 78.3244 -0.382
v 59.03881 78.128 -0.2513
v 59.1295 78.3275 -0.1298
v 59.1231 78.3244 -0.382
v 57.7103 78.2508 -0.2192
v 57.7345 78.4677 -0.09627
v 57.7281 78.4647 -0.3485

# 30 faces
f -30 -27 -29 
f -29 -27 -26 
f -29 -26 -28 
f -28 -26 -25 
f -28 -25 -30 
f -30 -25 -27 
f -24 -21 -23 
f -23 -21 -20 
f -23 -20 -22 
f -22 -20 -19 
f -22 -19 -24 
f -24 -19 -21 
f -18 -15 -17 
f -17 -15 -14 
f -17 -14 -16 
f -16 -14 -13 
f -16 -13 -18 
f -18 -13 -15 
f -12 -9 -11 
f -11 -9 -8 
f -11 -8 -10 
f -10 -8 -7 
f -10 -7 -12 
f -12 -7 -9 
f -6 -3 -5 
f -5 -3 -2 
f -5 -2 -4 
f -4 -2 -1 
f -4 -1 -6 
f -6 -1 -3 

g corn_Leaf
s off

usemtl corn_Leaf

# 8 vertices
v 57.7244 78.3951 -0.2213
v 49.6715 81.06135 0.9405
v 49.4281 79.8695 -0.1458
v 49.163 78.633 -1.9515
v 44.433 82.09096 0.4232
v 44.308 81.127 -0.8476
v 43.948 79.8434 -2.2306
v 38.01583 79.1417 0.5217

# 16 faces
f -8 -7 -6 
f -8 -6 -7 
f -6 -5 -8 
f -6 -8 -5 
f -7 -4 -6 
f -7 -6 -4 
f -6 -4 -3 
f -6 -3 -4 
f -6 -3 -2 
f -6 -2 -3 
f -6 -2 -5 
f -6 -5 -2 
f -4 -1 -3 
f -4 -3 -1 
f -3 -1 -2 
f -3 -2 -1 

g corn_Mrstm
s off

usemtl corn_Mrstm

# 8 vertices
v 62.3334 74.2227 -0.2878
v 62.3328 74.2265 -0.286
v 62.3339 74.2262 -0.288
v 62.3328 74.2303 -0.2859
v 62.334 74.23 -0.2884
v 62.3335 74.2336 -0.2887
v 62.3339 74.2262 -0.2902
v 62.3339 74.2299 -0.2908

# 16 faces
f -8 -7 -6 
f -8 -6 -7 
f -6 -7 -5 
f -6 -5 -7 
f -6 -5 -4 
f -6 -4 -5 
f -5 -3 -4 
f -5 -4 -3 
f -6 -2 -8 
f -6 -8 -2 
f -2 -6 -4 
f -2 -4 -6 
f -1 -2 -4 
f -1 -4 -2 
f -1 -4 -3 
f -1 -3 -4 

g corn_Mrstm
s off

usemtl corn_Mrstm

# 8 vertices
v 62.3334 74.2227 -0.2878
v 62.3352 74.2262 -0.2862
v 62.3337 74.2263 -0.2878
v 62.3357 74.2299 -0.2858
v 62.3338 74.2301 -0.2877
v 62.3336 74.2336 -0.2869
v 62.3317 74.2265 -0.2886
v 62.3315 74.2303 -0.2884

# 16 faces
f -8 -7 -6 
f -8 -6 -7 
f -6 -7 -5 
f -6 -5 -7 
f -6 -5 -4 
f -6 -4 -5 
f -5 -3 -4 
f -5 -4 -3 
f -6 -2 -8 
f -6 -8 -2 
f -2 -6 -4 
f -2 -4 -6 
f -1 -2 -4 
f -1 -4 -2 
f -1 -4 -3 
f -1 -3 -4 

g corn_Mrstm
s off

usemtl corn_Mrstm

# 8 vertices
v 62.3334 74.2227 -0.2878
v 62.3358 74.2261 -0.2886
v 62.3338 74.2263 -0.2876
v 62.3368 74.2297 -0.2885
v 62.3343 74.23 -0.2873
v 62.3354 74.2334 -0.2865
v 62.3325 74.2265 -0.2859
v 62.333 74.2301 -0.2853

# 16 faces
f -8 -7 -6 
f -8 -6 -7 
f -6 -7 -5 
f -6 -5 -7 
f -6 -5 -4 
f -6 -4 -5 
f -5 -3 -4 
f -5 -4 -3 
f -6 -2 -8 
f -6 -8 -2 
f -2 -6 -4 
f -2 -4 -6 
f -1 -2 -4 
f -1 -4 -2 
f -1 -4 -3 
f -1 -3 -4 

g corn_Mrstm
s off

usemtl corn_Mrstm

# 8 vertices
v 62.3334 74.2227 -0.2878
v 62.3338 74.2264 -0.2899
v 62.334 74.2262 -0.2877
v 62.3345 74.23 -0.2904
v 62.3349 74.2299 -0.2877
v 62.3363 74.2333 -0.2881
v 62.3352 74.2261 -0.2859
v 62.3363 74.2297 -0.2857

# 16 faces
f -8 -7 -6 
f -8 -6 -7 
f -6 -7 -5 
f -6 -5 -7 
f -6 -5 -4 
f -6 -4 -5 
f -5 -3 -4 
f -5 -4 -3 
f -6 -2 -8 
f -6 -8 -2 
f -2 -6 -4 
f -2 -4 -6 
f -1 -2 -4 
f -1 -4 -2 
f -1 -4 -3 
f -1 -3 -4 

g corn_Mrstm
s off

usemtl corn_Mrstm

# 8 vertices
v 62.3334 74.2227 -0.2878
v 62.3319 74.2266 -0.2884
v 62.3341 74.2262 -0.2879
v 62.332 74.2303 -0.2888
v 62.3347 74.2299 -0.2884
v 62.3351 74.2334 -0.2894
v 62.3361 74.226 -0.2885
v 62.337 74.2296 -0.2891

# 16 faces
f -8 -7 -6 
f -8 -6 -7 
f -6 -7 -5 
f -6 -5 -7 
f -6 -5 -4 
f -6 -4 -5 
f -5 -3 -4 
f -5 -4 -3 
f -6 -2 -8 
f -6 -8 -2 
f -2 -6 -4 
f -2 -4 -6 
f -1 -2 -4 
f -1 -4 -2 
f -1 -4 -3 
f -1 -3 -4 

g corn_Intrnd
s off

usemtl corn_Intrnd

# 30 vertices
v 63.2511 74.08844 -0.2182
v 61.9395 74.2695 -1.1289
v 61.8228 74.3082 0.4847
v 63.6009 76.4626 -0.2497
v 62.2893 76.6437 -1.1605
v 62.1726 76.6823 0.4531
v 63.6009 76.4626 -0.2497
v 62.2893 76.6437 -1.1605
v 62.1726 76.6823 0.4531
v 64.00511 78.805 -0.2766
v 62.6989 79.01978 -1.1877
v 62.5822 79.05843 0.4258
v 64.00511 78.805 -0.2766
v 62.6989 79.01978 -1.1877
v 62.5822 79.05843 0.4258
v 64.4665 81.1368 -0.2991
v 63.1665 81.3851 -1.2106
v 63.04984 81.4237 0.403
v 64.4665 81.1368 -0.2991
v 63.1665 81.3851 -1.2106
v 63.04984 81.4237 0.403
v 64.9848 83.4567 -0.3172
v 63.6919 83.7384 -1.229
v 63.5752 83.777 0.3846
v 64.9848 83.4567 -0.3172
v 63.6919 83.7384 -1.229
v 63.5752 83.777 0.3846
v 65.5598 85.7633 -0.3308
v 64.2747 86.07811 -1.2428
v 64.158 86.1167 0.3707

# 30 faces
f -30 -27 -29 
f -29 -27 -26 
f -29 -26 -28 
f -28 -26 -25 
f -28 -25 -30 
f -30 -25 -27 
f -24 -21 -23 
f -23 -21 -20 
f -23 -20 -22 
f -22 -20 -19 
f -22 -19 -24 
f -24 -19 -21 
f -18 -15 -17 
f -17 -15 -14 
f -17 -14 -16 
f -16 -14 -13 
f -16 -13 -18 
f -18 -13 -15 
f -12 -9 -11 
f -11 -9 -8 
f -11 -8 -10 
f -10 -8 -7 
f -10 -7 -12 
f -12 -7 -9 
f -6 -3 -5 
f -5 -3 -2 
f -5 -2 -4 
f -4 -2 -1 
f -4 -1 -6 
f -6 -1 -3 

g corn_Petiole
s off

usemtl corn_Petiole

# 30 vertices
v 64.7821 85.9098 -0.3906
v 64.6088 86.02219 -0.5323
v 64.5906 86.02822 -0.2808
v 65.5178 87.07713 -0.3653
v 65.3444 87.1894 -0.5071
v 65.3262 87.1954 -0.2555
v 65.5178 87.07713 -0.3653
v 65.3444 87.1894 -0.5071
v 65.3262 87.1954 -0.2555
v 66.5508 87.9202 -0.3108
v 66.4228 88.08418 -0.4505
v 66.4046 88.09021 -0.1989
v 66.5508 87.9202 -0.3108
v 66.4228 88.08418 -0.4505
v 66.4046 88.09021 -0.1989
v 67.795 88.3964 -0.2323
v 67.7263 88.5951 -0.3685
v 67.7081 88.6012 -0.1169
v 67.795 88.3964 -0.2323
v 67.7263 88.5951 -0.3685
v 67.7081 88.6012 -0.1169
v 69.1247 88.4577 -0.1376
v 69.1231 88.6708 -0.2693
v 69.1049 88.6768 -0.01777
v 69.1247 88.4577 -0.1376
v 69.1231 88.6708 -0.2693
v 69.1049 88.6768 -0.01777
v 70.4058 88.09785 -0.03635
v 70.4724 88.3035 -0.1629
v 70.4542 88.3095 0.0886

# 30 faces
f -30 -27 -29 
f -29 -27 -26 
f -29 -26 -28 
f -28 -26 -25 
f -28 -25 -30 
f -30 -25 -27 
f -24 -21 -23 
f -23 -21 -20 
f -23 -20 -22 
f -22 -20 -19 
f -22 -19 -24 
f -24 -19 -21 
f -18 -15 -17 
f -17 -15 -14 
f -17 -14 -16 
f -16 -14 -13 
f -16 -13 -18 
f -18 -13 -15 
f -12 -9 -11 
f -11 -9 -8 
f -11 -8 -10 
f -10 -8 -7 
f -10 -7 -12 
f -12 -7 -9 
f -6 -3 -5 
f -5 -3 -2 
f -5 -2 -4 
f -4 -2 -1 
f -4 -1 -6 
f -6 -1 -3 

g corn_Leaf
s off

usemtl corn_Leaf

# 8 vertices
v 70.4443 88.2376 -0.03691
v 78.934 87.1783 -0.3687
v 78.5536 86.1047 0.7985
v 78.1119 85.05145 2.6841
v 84.04773 85.9753 0.714
v 83.6415 85.175 2.03854
v 83.3017 83.9985 3.5185
v 88.5864 80.6253 1.5304

# 16 faces
f -8 -7 -6 
f -8 -6 -7 
f -6 -5 -8 
f -6 -8 -5 
f -7 -4 -6 
f -7 -6 -4 
f -6 -4 -3 
f -6 -3 -4 
f -6 -3 -2 
f -6 -2 -3 
f -6 -2 -5 
f -6 -5 -2 
f -4 -1 -3 
f -4 -3 -1 
f -3 -1 -2 
f -3 -2 -1 

g corn_Mrstm
s off

usemtl corn_Mrstm

# 8 vertices
v 64.6599 85.9871 -0.4013
v 64.6621 85.9904 -0.4029
v 64.6608 85.9905 -0.401
v 64.6635 85.9939 -0.4029
v 64.6621 85.9941 -0.4005
v 64.6639 85.9972 -0.4001
v 64.6606 85.9906 -0.3988
v 64.6619 85.994 -0.3982

# 16 faces
f -8 -7 -6 
f -8 -6 -7 
f -6 -7 -5 
f -6 -5 -7 
f -6 -5 -4 
f -6 -4 -5 
f -5 -3 -4 
f -5 -4 -3 
f -6 -2 -8 
f -6 -8 -2 
f -2 -6 -4 
f -2 -4 -6 
f -1 -2 -4 
f -1 -4 -2 
f -1 -4 -3 
f -1 -3 -4 

g corn_Mrstm
s off

usemtl corn_Mrstm

# 8 vertices
v 64.6599 85.9871 -0.4013
v 64.6598 85.991 -0.403
v 64.6611 85.9905 -0.4013
v 64.6608 85.9945 -0.4035
v 64.6625 85.994 -0.4015
v 64.664 85.9972 -0.4023
v 64.663 85.99 -0.4004
v 64.6647 85.9933 -0.4006

# 16 faces
f -8 -7 -6 
f -8 -6 -7 
f -6 -7 -5 
f -6 -5 -7 
f -6 -5 -4 
f -6 -4 -5 
f -5 -3 -4 
f -5 -4 -3 
f -6 -2 -8 
f -6 -8 -2 
f -2 -6 -4 
f -2 -4 -6 
f -1 -2 -4 
f -1 -4 -2 
f -1 -4 -3 
f -1 -3 -4 

g corn_Mrstm
s off

usemtl corn_Mrstm

# 8 vertices
v 64.6599 85.9871 -0.4013
v 64.6589 85.9912 -0.4008
v 64.6609 85.9905 -0.4016
v 64.6594 85.9949 -0.4011
v 64.6618 85.9942 -0.4022
v 64.6621 85.9977 -0.4031
v 64.6623 85.9901 -0.4032
v 64.6632 85.9937 -0.404

# 16 faces
f -8 -7 -6 
f -8 -6 -7 
f -6 -7 -5 
f -6 -5 -7 
f -6 -5 -4 
f -6 -4 -5 
f -5 -3 -4 
f -5 -4 -3 
f -6 -2 -8 
f -6 -8 -2 
f -2 -6 -4 
f -2 -4 -6 
f -1 -2 -4 
f -1 -4 -2 
f -1 -4 -3 
f -1 -3 -4 

g corn_Mrstm
s off

usemtl corn_Mrstm

# 8 vertices
v 64.6599 85.9871 -0.4013
v 64.6607 85.9908 -0.3993
v 64.6605 85.9906 -0.4015
v 64.6612 85.9945 -0.399
v 64.6609 85.9944 -0.4017
v 64.6607 85.998 -0.4015
v 64.6595 85.9908 -0.4034
v 64.6596 85.9946 -0.4037

# 16 faces
f -8 -7 -6 
f -8 -6 -7 
f -6 -7 -5 
f -6 -5 -7 
f -6 -5 -4 
f -6 -4 -5 
f -5 -3 -4 
f -5 -4 -3 
f -6 -2 -8 
f -6 -8 -2 
f -2 -6 -4 
f -2 -4 -6 
f -1 -2 -4 
f -1 -4 -2 
f -1 -4 -3 
f -1 -3 -4 

g corn_Mrstm
s off

usemtl corn_Mrstm

# 8 vertices
v 64.6599 85.9871 -0.4013
v 64.6626 85.9903 -0.4005
v 64.6605 85.9906 -0.4011
v 64.6637 85.9938 -0.4
v 64.6611 85.9944 -0.4007
v 64.6618 85.9978 -0.3996
v 64.6584 85.9911 -0.4007
v 64.6588 85.9948 -0.4001

# 16 faces
f -8 -7 -6 
f -8 -6 -7 
f -6 -7 -5 
f -6 -5 -7 
f -6 -5 -4 
f -6 -4 -5 
f -5 -3 -4 
f -5 -4 -3 
f -6 -2 -8 
f -6 -8 -2 
f -2 -6 -4 
f -2 -4 -6 
f -1 -2 -4 
f -1 -4 -2 
f -1 -4 -3 
f -1 -3 -4 

g corn_Intrnd
s off

usemtl corn_Intrnd

# 30 vertices
v 63.7709 86.2076 -0.5623
v 64.9633 85.9167 0.4749
v 65.2329 85.8401 -1.1189
v 64.3511 88.5364 -0.5761
v 65.5435 88.2455 0.4611
v 65.8131 88.1688 -1.1327
v 64.3511 88.5364 -0.5761
v 65.5435 88.2455 0.4611
v 65.8131 88.1688 -1.1327
v 64.9313 90.8652 -0.5899
v 66.1237 90.5742 0.4473
v 66.3933 90.4976 -1.1465
v 64.9313 90.8652 -0.5899
v 66.1237 90.5742 0.4473
v 66.3933 90.4976 -1.1465
v 65.5116 93.1939 -0.6037
v 66.7039 92.903 0.4335
v 66.9736 92.8263 -1.1603
v 65.5116 93.1939 -0.6037
v 66.7039 92.903 0.4335
v 66.9736 92.8263 -1.1603
v 66.09183 95.5227 -0.6175
v 67.2842 95.2318 0.4197
v 67.5538 95.1551 -1.1741
v 66.09183 95.5227 -0.6175
v 67.2842 95.2318 0.4197
v 67.5538 95.1551 -1.1741
v 66.672 97.8514 -0.6313
v 67.8644 97.5605 0.4059
v 68.134 97.4839 -1.1879

# 30 faces
f -30 -27 -29 
f -29 -27 -26 
f -29 -26 -28 
f -28 -26 -25 
f -28 -25 -30 
f -30 -25 -27 
f -24 -21 -23 
f -23 -21 -20 
f -23 -20 -22 
f -22 -20 -19 
f -22 -19 -24 
f -24 -19 -21 
f -18 -15 -17 
f -17 -15 -14 
f -17 -14 -16 
f -16 -14 -13 
f -16 -13 -18 
f -18 -13 -15 
f -12 -9 -11 
f -11 -9 -8 
f -11 -8 -10 
f -10 -8 -7 
f -10 -7 -12 
f -12 -7 -9 
f -6 -3 -5 
f -5 -3 -2 
f -5 -2 -4 
f -4 -2 -1 
f -4 -1 -6 
f -6 -1 -3 

g corn_Petiole
s off

usemtl corn_Petiole

# 30 vertices
v 67.4184 97.6194 -0.4939
v 67.6103 97.6425 -0.3345
v 67.6523 97.6306 -0.583
v 67.3214 98.9935 -0.5764
v 67.5133 99.01668 -0.417
v 67.5553 99.00473 -0.6655
v 67.3214 98.9935 -0.5764
v 67.5133 99.01668 -0.417
v 67.5553 99.00473 -0.6655
v 66.8139 100.2193 -0.7212
v 66.9903 100.3092 -0.5676
v 67.03239 100.2972 -0.8161
v 66.8139 100.2193 -0.7212
v 66.9903 100.3092 -0.5676
v 67.03239 100.2972 -0.8161
v 65.9513 101.2188 -0.9152
v 66.09222 101.367 -0.7704
v 66.1342 101.355 -1.01891
v 65.9513 101.2188 -0.9152
v 66.09222 101.367 -0.7704
v 66.1342 101.355 -1.01891
v 64.8204 101.8913 -1.1388
v 64.9096 102.0834 -1.004908
v 64.9516 102.0714 -1.2534
v 64.8204 101.8913 -1.1388
v 64.9096 102.0834 -1.004908
v 64.9516 102.0714 -1.2534
v 63.5356 102.1687 -1.3695
v 63.5618 102.3859 -1.2474
v 63.6039 102.374 -1.4959

# 30 faces
f -30 -27 -29 
f -29 -27 -26 
f -29 -26 -28 
f -28 -26 -25 
f -28 -25 -30 
f -30 -25 -27 
f -24 -21 -23 
f -23 -21 -20 
f -23 -20 -22 
f -22 -20 -19 
f -22 -19 -24 
f -24 -19 -21 
f -18 -15 -17 
f -17 -15 -14 
f -17 -14 -16 
f -16 -14 -13 
f -16 -13 -18 
f -18 -13 -15 
f -12 -9 -11 
f -11 -9 -8 
f -11 -8 -10 
f -10 -8 -7 
f -10 -7 -12 
f -12 -7 -9 
f -6 -3 -5 
f -5 -3 -2 
f -5 -2 -4 
f -4 -2 -1 
f -4 -1 -6 
f -6 -1 -3 

g corn_Leaf
s off

usemtl corn_Leaf

# 8 vertices
v 63.5673 102.3102 -1.3709
v 55.8262 105.937 -1.8497
v 55.6538 104.7408 -2.9447
v 55.5935 103.4751 -4.7487
v 50.9503 107.5479 -3.3989
v 50.9564 106.557 -4.6551
v 50.7165 105.2718 -6.06246
v 44.3245 105.3706 -4.5157

# 16 faces
f -8 -7 -6 
f -8 -6 -7 
f -6 -5 -8 
f -6 -8 -5 
f -7 -4 -6 
f -7 -6 -4 
f -6 -4 -3 
f -6 -3 -4 
f -6 -3 -2 
f -6 -2 -3 
f -6 -2 -5 
f -6 -5 -2 
f -4 -1 -3 
f -4 -3 -1 
f -3 -1 -2 
f -3 -2 -1 

g corn_Mrstm
s off

usemtl corn_Mrstm

# 8 vertices
v 67.561 97.6309 -0.4704
v 67.5605 97.6349 -0.4688
v 67.5619 97.6344 -0.4706
v 67.561 97.6386 -0.4688
v 67.5625 97.6381 -0.471
v 67.5625 97.6417 -0.4714
v 67.5624 97.6343 -0.4727
v 67.5629 97.6379 -0.4733

# 16 faces
f -8 -7 -6 
f -8 -6 -7 
f -6 -7 -5 
f -6 -5 -7 
f -6 -5 -4 
f -6 -4 -5 
f -5 -3 -4 
f -5 -4 -3 
f -6 -2 -8 
f -6 -8 -2 
f -2 -6 -4 
f -2 -4 -6 
f -1 -2 -4 
f -1 -4 -2 
f -1 -4 -3 
f -1 -3 -4 

g corn_Mrstm
s off

usemtl corn_Mrstm

# 8 vertices
v 67.561 97.6309 -0.4704
v 67.5629 97.6343 -0.4685
v 67.5617 97.6344 -0.4704
v 67.5637 97.6379 -0.4681
v 67.5622 97.6382 -0.4703
v 67.5624 97.6418 -0.4696
v 67.5599 97.6349 -0.4716
v 67.5601 97.6386 -0.4715

# 16 faces
f -8 -7 -6 
f -8 -6 -7 
f -6 -7 -5 
f -6 -5 -7 
f -6 -5 -4 
f -6 -4 -5 
f -5 -3 -4 
f -5 -4 -3 
f -6 -2 -8 
f -6 -8 -2 
f -2 -6 -4 
f -2 -4 -6 
f -1 -2 -4 
f -1 -4 -2 
f -1 -4 -3 
f -1 -3 -4 

g corn_Mrstm
s off

usemtl corn_Mrstm

# 8 vertices
v 67.561 97.6309 -0.4704
v 67.5639 97.634 -0.4707
v 67.5618 97.6344 -0.4702
v 67.5652 97.6375 -0.4705
v 67.5627 97.6381 -0.4698
v 67.564 97.6414 -0.4689
v 67.5602 97.6349 -0.4688
v 67.561 97.6385 -0.4681

# 16 faces
f -8 -7 -6 
f -8 -6 -7 
f -6 -7 -5 
f -6 -5 -7 
f -6 -5 -4 
f -6 -4 -5 
f -5 -3 -4 
f -5 -4 -3 
f -6 -2 -8 
f -6 -8 -2 
f -2 -6 -4 
f -2 -4 -6 
f -1 -2 -4 
f -1 -4 -2 
f -1 -4 -3 
f -1 -3 -4 

g corn_Mrstm
s off

usemtl corn_Mrstm

# 8 vertices
v 67.561 97.6309 -0.4704
v 67.5622 97.6345 -0.4724
v 67.562 97.6344 -0.4702
v 67.5634 97.638 -0.4728
v 67.5633 97.6379 -0.4701
v 67.5651 97.6411 -0.4703
v 67.5628 97.6342 -0.4682
v 67.5643 97.6376 -0.4679

# 16 faces
f -8 -7 -6 
f -8 -6 -7 
f -6 -7 -5 
f -6 -5 -7 
f -6 -5 -4 
f -6 -4 -5 
f -5 -3 -4 
f -5 -4 -3 
f -6 -2 -8 
f -6 -8 -2 
f -2 -6 -4 
f -2 -4 -6 
f -1 -2 -4 
f -1 -4 -2 
f -1 -4 -3 
f -1 -3 -4 

g corn_Mrstm
s off

usemtl corn_Mrstm

# 8 vertices
v 67.561 97.6309 -0.4704
v 67.5601 97.635 -0.4713
v 67.5621 97.6343 -0.4704
v 67.5608 97.6386 -0.4718
v 67.5632 97.638 -0.4708
v 67.5642 97.6413 -0.4718
v 67.5642 97.6339 -0.4706
v 67.5655 97.6373 -0.4711

# 16 faces
f -8 -7 -6 
f -8 -6 -7 
f -6 -7 -5 
f -6 -5 -7 
f -6 -5 -4 
f -6 -4 -5 
f -5 -3 -4 
f -5 -4 -3 
f -6 -2 -8 
f -6 -8 -2 
f -2 -6 -4 
f -2 -4 -6 
f -1 -2 -4 
f -1 -4 -2 
f -1 -4 -3 
f -1 -3 -4 

g corn_Intrnd
s off

usemtl corn_Intrnd

# 30 vertices
v 68.4306 97.4157 -0.2204
v 67.3424 97.68 -1.373
v 66.9224 97.7939 0.1857
v 69.01083 99.7445 -0.2342
v 67.9226 100.0088 -1.3868
v 67.5027 100.1227 0.1719
v 69.01083 99.7445 -0.2342
v 67.9226 100.0088 -1.3868
v 67.5027 100.1227 0.1719
v 69.591 102.0733 -0.248
v 68.5028 102.3376 -1.4006
v 68.08292 102.4515 0.1581
v 69.591 102.0733 -0.248
v 68.5028 102.3376 -1.4006
v 68.08292 102.4515 0.1581
v 70.1712 104.4021 -0.2618
v 69.08311 104.6664 -1.4144
v 68.6631 104.7802 0.1443
v 70.1712 104.4021 -0.2618
v 69.08311 104.6664 -1.4144
v 68.6631 104.7802 0.1443
v 70.7515 106.7309 -0.2756
v 69.6633 106.9951 -1.4282
v 69.2433 107.109 0.1305
v 70.7515 106.7309 -0.2756
v 69.6633 106.9951 -1.4282
v 69.2433 107.109 0.1305
v 71.3317 109.0596 -0.2894
v 70.2435 109.3239 -1.442
v 69.8235 109.4378 0.1166

# 30 faces
f -30 -27 -29 
f -29 -27 -26 
f -29 -26 -28 
f -28 -26 -25 
f -28 -25 -30 
f -30 -25 -27 
f -24 -21 -23 
f -23 -21 -20 
f -23 -20 -22 
f -22 -20 -19 
f -22 -19 -24 
f -24 -19 -21 
f -18 -15 -17 
f -17 -15 -14 
f -17 -14 -16 
f -16 -14 -13 
f -16 -13 -18 
f -18 -13 -15 
f -12 -9 -11 
f -11 -9 -8 
f -11 -8 -10 
f -10 -8 -7 
f -10 -7 -12 
f -12 -7 -9 
f -6 -3 -5 
f -5 -3 -2 
f -5 -2 -4 
f -4 -2 -1 
f -4 -1 -6 
f -6 -1 -3 

g corn_Petiole
s off

usemtl corn_Petiole

# 30 vertices
v 70.5798 109.1988 -0.5022
v 70.4368 109.3033 -0.6793
v 70.3714 109.3211 -0.4363
v 71.3011 110.3697 -0.3934
v 71.1581 110.4743 -0.5705
v 71.09272 110.492 -0.3275
v 71.3011 110.3697 -0.3934
v 71.1581 110.4743 -0.5705
v 71.09272 110.492 -0.3275
v 72.3076 111.22 -0.1843
v 72.209 111.3764 -0.3533
v 72.1436 111.3942 -0.1103
v 72.3076 111.22 -0.1843
v 72.209 111.3764 -0.3533
v 72.1436 111.3942 -0.1103
v 73.5156 111.7062 0.1055
v 73.4746 111.8979 -0.05041
v 73.4092 111.9156 0.1925
v 73.5156 111.7062 0.1055
v 73.4746 111.8979 -0.05041
v 73.4092 111.9156 0.1925
v 74.8032 111.7794 0.4471
v 74.8272 111.9859 0.3075
v 74.7618 112.0037 0.5505
v 74.8032 111.7794 0.4471
v 74.8272 111.9859 0.3075
v 74.7618 112.0037 0.5505
v 76.04034 111.432 0.8058
v 76.1303 111.6318 0.6845
v 76.06487 111.6495 0.9274

# 30 faces
f -30 -27 -29 
f -29 -27 -26 
f -29 -26 -28 
f -28 -26 -25 
f -28 -25 -30 
f -30 -25 -27 
f -24 -21 -23 
f -23 -21 -20 
f -23 -20 -22 
f -22 -20 -19 
f -22 -19 -24 
f -24 -19 -21 
f -18 -15 -17 
f -17 -15 -14 
f -17 -14 -16 
f -16 -14 -13 
f -16 -13 -18 
f -18 -13 -15 
f -12 -9 -11 
f -11 -9 -8 
f -11 -8 -10 
f -10 -8 -7 
f -10 -7 -12 
f -12 -7 -9 
f -6 -3 -5 
f -5 -3 -2 
f -5 -2 -4 
f -4 -2 -1 
f -4 -1 -6 
f -6 -1 -3 

g corn_Leaf
s off

usemtl corn_Leaf

# 8 vertices
v 76.0787 111.5718 0.8059
v 84.4713 110.5461 2.1369
v 83.8733 109.5269 3.2602
v 83.07933 108.5613 5.07517
v 89.2818 109.4247 4.223
v 88.6297 108.6855 5.4826
v 88.01211 107.5785 6.925
v 93.5643 104.1464 6.1351

# 16 faces
f -8 -7 -6 
f -8 -6 -7 
f -6 -5 -8 
f -6 -8 -5 
f -7 -4 -6 
f -7 -6 -4 
f -6 -4 -3 
f -6 -3 -4 
f -6 -3 -2 
f -6 -2 -3 
f -6 -2 -5 
f -6 -5 -2 
f -4 -1 -3 
f -4 -3 -1 
f -3 -1 -2 
f -3 -2 -1 

g corn_Mrstm
s off

usemtl corn_Mrstm

# 8 vertices
v 70.4621 109.2748 -0.5394
v 70.4646 109.278 -0.5408
v 70.463 109.2783 -0.5392
v 70.4659 109.2815 -0.5409
v 70.4641 109.2819 -0.5389
v 70.4658 109.2851 -0.5384
v 70.4623 109.2785 -0.5372
v 70.4635 109.282 -0.5366

# 16 faces
f -8 -7 -6 
f -8 -6 -7 
f -6 -7 -5 
f -6 -5 -7 
f -6 -5 -4 
f -6 -4 -5 
f -5 -3 -4 
f -5 -4 -3 
f -6 -2 -8 
f -6 -8 -2 
f -2 -6 -4 
f -2 -4 -6 
f -1 -2 -4 
f -1 -4 -2 
f -1 -4 -3 
f -1 -3 -4 

g corn_Mrstm
s off

usemtl corn_Mrstm

# 8 vertices
v 70.4621 109.2748 -0.5394
v 70.4622 109.2786 -0.5414
v 70.4632 109.2782 -0.5394
v 70.4632 109.2822 -0.5419
v 70.4645 109.2818 -0.5395
v 70.4661 109.285 -0.5401
v 70.4649 109.2778 -0.538
v 70.4664 109.2813 -0.5381

# 16 faces
f -8 -7 -6 
f -8 -6 -7 
f -6 -7 -5 
f -6 -5 -7 
f -6 -5 -4 
f -6 -4 -5 
f -5 -3 -4 
f -5 -4 -3 
f -6 -2 -8 
f -6 -8 -2 
f -2 -6 -4 
f -2 -4 -6 
f -1 -2 -4 
f -1 -4 -2 
f -1 -4 -3 
f -1 -3 -4 

g corn_Mrstm
s off

usemtl corn_Mrstm

# 8 vertices
v 70.4621 109.2748 -0.5394
v 70.461 109.2789 -0.5393
v 70.4631 109.2782 -0.5396
v 70.4615 109.2826 -0.5396
v 70.4641 109.2819 -0.5401
v 70.4646 109.2854 -0.541
v 70.4649 109.2778 -0.5408
v 70.4659 109.2814 -0.5415

# 16 faces
f -8 -7 -6 
f -8 -6 -7 
f -6 -7 -5 
f -6 -5 -7 
f -6 -5 -4 
f -6 -4 -5 
f -5 -3 -4 
f -5 -4 -3 
f -6 -2 -8 
f -6 -8 -2 
f -2 -6 -4 
f -2 -4 -6 
f -1 -2 -4 
f -1 -4 -2 
f -1 -4 -3 
f -1 -3 -4 

g corn_Mrstm
s off

usemtl corn_Mrstm

# 8 vertices
v 70.4621 109.2748 -0.5394
v 70.4626 109.2785 -0.5374
v 70.4629 109.2783 -0.5396
v 70.4631 109.2822 -0.5371
v 70.4634 109.2821 -0.5398
v 70.4633 109.2857 -0.5398
v 70.4623 109.2785 -0.5417
v 70.4626 109.2822 -0.5421

# 16 faces
f -8 -7 -6 
f -8 -6 -7 
f -6 -7 -5 
f -6 -5 -7 
f -6 -5 -4 
f -6 -4 -5 
f -5 -3 -4 
f -5 -4 -3 
f -6 -2 -8 
f -6 -8 -2 
f -2 -6 -4 
f -2 -4 -6 
f -1 -2 -4 
f -1 -4 -2 
f -1 -4 -3 
f -1 -3 -4 

g corn_Mrstm
s off

usemtl corn_Mrstm

# 8 vertices
v 70.4621 109.2748 -0.5394
v 70.4648 109.278 -0.5383
v 70.4628 109.2783 -0.5394
v 70.4658 109.2815 -0.5379
v 70.4634 109.2821 -0.5391
v 70.464 109.2855 -0.5382
v 70.4607 109.2789 -0.5395
v 70.4611 109.2826 -0.5391

# 16 faces
f -8 -7 -6 
f -8 -6 -7 
f -6 -7 -5 
f -6 -5 -7 
f -6 -5 -4 
f -6 -4 -5 
f -5 -3 -4 
f -5 -4 -3 
f -6 -2 -8 
f -6 -8 -2 
f -2 -6 -4 
f -2 -4 -6 
f -1 -2 -4 
f -1 -4 -2 
f -1 -4 -3 
f -1 -3 -4 

g corn_Intrnd
s off

usemtl corn_Intrnd

# 30 vertices
v 69.6262 109.5046 -0.876
v 70.591 109.2365 0.3807
v 71.1573 109.0865 -1.1278
v 70.2596 111.8195 -0.8685
v 71.2244 111.5514 0.3882
v 71.7906 111.4014 -1.1203
v 70.2596 111.8195 -0.8685
v 71.2244 111.5514 0.3882
v 71.7906 111.4014 -1.1203
v 70.9519 114.1411 -0.8395
v 71.9074 113.8403 0.417
v 72.4737 113.6902 -1.09161
v 70.9519 114.1411 -0.8395
v 71.9074 113.8403 0.417
v 72.4737 113.6902 -1.09161
v 71.6971 116.4459 -0.789
v 72.6425 116.1126 0.4669
v 73.2088 115.9625 -1.04168
v 71.6971 116.4459 -0.789
v 72.6425 116.1126 0.4669
v 73.2088 115.9625 -1.04168
v 72.4948 118.7326 -0.7171
v 73.4292 118.3669 0.538
v 73.9955 118.2169 -0.9705
v 72.4948 118.7326 -0.7171
v 73.4292 118.3669 0.538
v 73.9955 118.2169 -0.9705
v 73.3443 120.9996 -0.6237
v 74.2672 120.602 0.6302
v 74.8334 120.4519 -0.8783

# 30 faces
f -30 -27 -29 
f -29 -27 -26 
f -29 -26 -28 
f -28 -26 -25 
f -28 -25 -30 
f -30 -25 -27 
f -24 -21 -23 
f -23 -21 -20 
f -23 -20 -22 
f -22 -20 -19 
f -22 -19 -24 
f -24 -19 -21 
f -18 -15 -17 
f -17 -15 -14 
f -17 -14 -16 
f -16 -14 -13 
f -16 -13 -18 
f -18 -13 -15 
f -12 -9 -11 
f -11 -9 -8 
f -11 -8 -10 
f -10 -8 -7 
f -10 -7 -12 
f -12 -7 -9 
f -6 -3 -5 
f -5 -3 -2 
f -5 -2 -4 
f -4 -2 -1 
f -4 -1 -6 
f -6 -1 -3 

g corn_Petiole
s off

usemtl corn_Petiole

# 30 vertices
v 74.02628 120.6837 -0.3363
v 74.1732 120.6935 -0.1566
v 74.2551 120.6718 -0.3747
v 74.07439 121.9581 -0.445
v 74.2213 121.9679 -0.2652
v 74.3032 121.9462 -0.4834
v 74.07439 121.9581 -0.445
v 74.2213 121.9679 -0.2652
v 74.3032 121.9462 -0.4834
v 73.7217 123.1152 -0.6924
v 73.8602 123.1924 -0.5226
v 73.9421 123.1707 -0.7407
v 73.7217 123.1152 -0.6924
v 73.8602 123.1924 -0.5226
v 73.9421 123.1707 -0.7407
v 73.01859 124.0647 -1.05081
v 73.1277 124.2015 -0.8979
v 73.2095 124.1798 -1.116
v 73.01859 124.0647 -1.05081
v 73.1277 124.2015 -0.8979
v 73.2095 124.1798 -1.116
v 72.04717 124.6956 -1.4781
v 72.1093 124.8774 -1.3474
v 72.1912 124.8557 -1.5655
v 72.04717 124.6956 -1.4781
v 72.1093 124.8774 -1.3474
v 72.1912 124.8557 -1.5655
v 70.921 124.9342 -1.9246
v 70.9241 125.1409 -1.8184
v 71.00607 125.1192 -2.03661

# 30 faces
f -30 -27 -29 
f -29 -27 -26 
f -29 -26 -28 
f -28 -26 -25 
f -28 -25 -30 
f -30 -25 -27 
f -24 -21 -23 
f -23 -21 -20 
f -23 -20 -22 
f -22 -20 -19 
f -22 -19 -24 
f -24 -19 -21 
f -18 -15 -17 
f -17 -15 -14 
f -17 -14 -16 
f -16 -14 -13 
f -16 -13 -18 
f -18 -13 -15 
f -12 -9 -11 
f -11 -9 -8 
f -11 -8 -10 
f -10 -8 -7 
f -10 -7 -12 
f -12 -7 -9 
f -6 -3 -5 
f -5 -3 -2 
f -5 -2 -4 
f -4 -2 -1 
f -4 -1 -6 
f -6 -1 -3 

g corn_Leaf
s off

usemtl corn_Leaf

# 8 vertices
v 70.9505 125.0654 -1.9265
v 64.2646 128.8871 -3.8646
v 64.1899 127.7149 -4.8178
v 64.3256 126.4192 -6.3937
v 60.2009 130.5815 -6.1807
v 60.3306 129.575 -7.2634
v 60.2376 128.3023 -8.5068
v 54.1794 128.9299 -8.1633

# 16 faces
f -8 -7 -6 
f -8 -6 -7 
f -6 -5 -8 
f -6 -8 -5 
f -7 -4 -6 
f -7 -6 -4 
f -6 -4 -3 
f -6 -3 -4 
f -6 -3 -2 
f -6 -2 -3 
f -6 -2 -5 
f -6 -5 -2 
f -4 -1 -3 
f -4 -3 -1 
f -3 -1 -2 
f -3 -2 -1 

g corn_Mrstm
s off

usemtl corn_Mrstm

# 8 vertices
v 74.1521 120.683 -0.289
v 74.1518 120.687 -0.2875
v 74.1534 120.6864 -0.2889
v 74.1526 120.6907 -0.2873
v 74.1546 120.69 -0.289
v 74.1551 120.6936 -0.2894
v 74.1544 120.6862 -0.2908
v 74.1555 120.6898 -0.2912

# 16 faces
f -8 -7 -6 
f -8 -6 -7 
f -6 -7 -5 
f -6 -5 -7 
f -6 -5 -4 
f -6 -4 -5 
f -5 -3 -4 
f -5 -4 -3 
f -6 -2 -8 
f -6 -8 -2 
f -2 -6 -4 
f -2 -4 -6 
f -1 -2 -4 
f -1 -4 -2 
f -1 -4 -3 
f -1 -3 -4 

g corn_Mrstm
s off

usemtl corn_Mrstm

# 8 vertices
v 74.1521 120.683 -0.289
v 74.154 120.6862 -0.2868
v 74.1533 120.6864 -0.2889
v 74.1553 120.6896 -0.2861
v 74.1544 120.6901 -0.2887
v 74.1549 120.6936 -0.288
v 74.1519 120.6871 -0.2904
v 74.1527 120.6908 -0.2903

# 16 faces
f -8 -7 -6 
f -8 -6 -7 
f -6 -7 -5 
f -6 -5 -7 
f -6 -5 -4 
f -6 -4 -5 
f -5 -3 -4 
f -5 -4 -3 
f -6 -2 -8 
f -6 -8 -2 
f -2 -6 -4 
f -2 -4 -6 
f -1 -2 -4 
f -1 -4 -2 
f -1 -4 -3 
f -1 -3 -4 

g corn_Mrstm
s off

usemtl corn_Mrstm

# 8 vertices
v 74.1521 120.683 -0.289
v 74.1554 120.6857 -0.2888
v 74.1533 120.6864 -0.2888
v 74.1572 120.689 -0.2885
v 74.1546 120.69 -0.2883
v 74.1561 120.6931 -0.2874
v 74.1515 120.6872 -0.2878
v 74.1526 120.6907 -0.2871

# 16 faces
f -8 -7 -6 
f -8 -6 -7 
f -6 -7 -5 
f -6 -5 -7 
f -6 -5 -4 
f -6 -4 -5 
f -5 -3 -4 
f -5 -4 -3 
f -6 -2 -8 
f -6 -8 -2 
f -2 -6 -4 
f -2 -4 -6 
f -1 -2 -4 
f -1 -4 -2 
f -1 -4 -3 
f -1 -3 -4 

g corn_Mrstm
s off

usemtl corn_Mrstm

# 8 vertices
v 74.1521 120.683 -0.289
v 74.1541 120.6863 -0.2909
v 74.1534 120.6864 -0.2887
v 74.1557 120.6897 -0.2911
v 74.155 120.6898 -0.2885
v 74.1571 120.6928 -0.2884
v 74.1537 120.6863 -0.2866
v 74.1554 120.6896 -0.2861

# 16 faces
f -8 -7 -6 
f -8 -6 -7 
f -6 -7 -5 
f -6 -5 -7 
f -6 -5 -4 
f -6 -4 -5 
f -5 -3 -4 
f -5 -4 -3 
f -6 -2 -8 
f -6 -8 -2 
f -2 -6 -4 
f -2 -4 -6 
f -1 -2 -4 
f -1 -4 -2 
f -1 -4 -3 
f -1 -3 -4 

g corn_Mrstm
s off

usemtl corn_Mrstm

# 8 vertices
v 74.1521 120.683 -0.289
v 74.1518 120.6871 -0.2901
v 74.1535 120.6864 -0.2888
v 74.1529 120.6907 -0.2904
v 74.155 120.6898 -0.2889
v 74.1565 120.6931 -0.2896
v 74.1555 120.6857 -0.2884
v 74.1572 120.689 -0.2886

# 16 faces
f -8 -7 -6 
f -8 -6 -7 
f -6 -7 -5 
f -6 -5 -7 
f -6 -5 -4 
f -6 -4 -5 
f -5 -3 -4 
f -5 -4 -3 
f -6 -2 -8 
f -6 -8 -2 
f -2 -6 -4 
f -2 -4 -6 
f -1 -2 -4 
f -1 -4 -2 
f -1 -4 -3 
f -1 -3 -4 

g corn_Intrnd
s off

usemtl corn_Intrnd

# 30 vertices
v 74.9146 120.3802 0.1238
v 74.1226 120.7319 -1.2056
v 73.43 120.9327 0.2206
v 75.7459 122.5979 0.2153
v 74.9539 122.9496 -1.1142
v 74.2613 123.1504 0.3121
v 75.7459 122.5979 0.2153
v 74.9539 122.9496 -1.1142
v 74.2613 123.1504 0.3121
v 76.5772 124.8157 0.3068
v 75.7852 125.1674 -1.02275
v 75.09262 125.3682 0.4035
v 76.5772 124.8157 0.3068
v 75.7852 125.1674 -1.02275
v 75.09262 125.3682 0.4035
v 77.4085 127.0335 0.3982
v 76.6165 127.3852 -0.9312
v 75.9239 127.586 0.495
v 77.4085 127.0335 0.3982
v 76.6165 127.3852 -0.9312
v 75.9239 127.586 0.495
v 78.2398 129.2512 0.4897
v 77.4478 129.6029 -0.8398
v 76.7552 129.8037 0.5865
v 78.2398 129.2512 0.4897
v 77.4478 129.6029 -0.8398
v 76.7552 129.8037 0.5865
v 79.07114 131.469 0.5812
v 78.2791 131.8207 -0.7483
v 77.5865 132.0215 0.6779

# 30 faces
f -30 -27 -29 
f -29 -27 -26 
f -29 -26 -28 
f -28 -26 -25 
f -28 -25 -30 
f -30 -25 -27 
f -24 -21 -23 
f -23 -21 -20 
f -23 -20 -22 
f -22 -20 -19 
f -22 -19 -24 
f -24 -19 -21 
f -18 -15 -17 
f -17 -15 -14 
f -17 -14 -16 
f -16 -14 -13 
f -16 -13 -18 
f -18 -13 -15 
f -12 -9 -11 
f -11 -9 -8 
f -11 -8 -10 
f -10 -8 -7 
f -10 -7 -12 
f -12 -7 -9 
f -6 -3 -5 
f -5 -3 -2 
f -5 -2 -4 
f -4 -2 -1 
f -4 -1 -6 
f -6 -1 -3 

g corn_Petiole
s off

usemtl corn_Petiole

# 30 vertices
v 78.3688 131.718 0.2051
v 78.3124 131.7886 0.08131
v 78.2455 131.808 0.219
v 78.8698 132.3808 0.3551
v 78.8134 132.4514 0.2313
v 78.7465 132.4708 0.369
v 78.8698 132.3808 0.3551
v 78.8134 132.4514 0.2313
v 78.7465 132.4708 0.369
v 79.5056 132.8303 0.6005
v 79.4784 132.9295 0.4869
v 79.4115 132.9489 0.6246
v 79.5056 132.8303 0.6005
v 79.4784 132.9295 0.4869
v 79.4115 132.9489 0.6246
v 80.2255 133.0459 0.9198
v 80.2336 133.1626 0.8208
v 80.1667 133.182 0.9586
v 80.2255 133.0459 0.9198
v 80.2336 133.1626 0.8208
v 80.1667 133.182 0.9586
v 80.9568 133.0056 1.2806
v 81.00287 133.1271 1.1993
v 80.9359 133.1465 1.3371
v 80.9568 133.0056 1.2806
v 81.00287 133.1271 1.1993
v 80.9359 133.1465 1.3371
v 81.6257 132.7135 1.6465
v 81.7083 132.8266 1.5842
v 81.6414 132.846 1.7219

# 30 faces
f -30 -27 -29 
f -29 -27 -26 
f -29 -26 -28 
f -28 -26 -25 
f -28 -25 -30 
f -30 -25 -27 
f -24 -21 -23 
f -23 -21 -20 
f -23 -20 -22 
f -22 -20 -19 
f -22 -19 -24 
f -24 -19 -21 
f -18 -15 -17 
f -17 -15 -14 
f -17 -14 -16 
f -16 -14 -13 
f -16 -13 -18 
f -18 -13 -15 
f -12 -9 -11 
f -11 -9 -8 
f -11 -8 -10 
f -10 -8 -7 
f -10 -7 -12 
f -12 -7 -9 
f -6 -3 -5 
f -5 -3 -2 
f -5 -2 -4 
f -4 -2 -1 
f -4 -1 -6 
f -6 -1 -3 

g corn_Leaf
s off

usemtl corn_Leaf

# 8 vertices
v 81.6587 132.7958 1.6509
v 86.5127 131.9815 3.444
v 85.9986 131.3676 4.03928
v 85.2853 130.7885 5.02668
v 89.1257 131.1842 5.2619
v 88.5686 130.7422 5.9346
v 88.0028 130.074 6.7184
v 91.3566 127.8566 6.8816

# 16 faces
f -8 -7 -6 
f -8 -6 -7 
f -6 -5 -8 
f -6 -8 -5 
f -7 -4 -6 
f -7 -6 -4 
f -6 -4 -3 
f -6 -3 -4 
f -6 -3 -2 
f -6 -2 -3 
f -6 -2 -5 
f -6 -5 -2 
f -4 -1 -3 
f -4 -3 -1 
f -3 -1 -2 
f -3 -2 -1 

g corn_Mrstm
s off

usemtl corn_Mrstm

# 8 vertices
v 78.3086 131.7718 0.1683
v 78.3117 131.7746 0.1671
v 78.3098 131.7752 0.1682
v 78.3134 131.7778 0.167
v 78.3113 131.7787 0.1684
v 78.3131 131.7818 0.1689
v 78.3087 131.7758 0.17
v 78.3101 131.7792 0.1705

# 16 faces
f -8 -7 -6 
f -8 -6 -7 
f -6 -7 -5 
f -6 -5 -7 
f -6 -5 -4 
f -6 -4 -5 
f -5 -3 -4 
f -5 -4 -3 
f -6 -2 -8 
f -6 -8 -2 
f -2 -6 -4 
f -2 -4 -6 
f -1 -2 -4 
f -1 -4 -2 
f -1 -4 -3 
f -1 -3 -4 

g corn_Mrstm
s off

usemtl corn_Mrstm

# 8 vertices
v 78.3086 131.7718 0.1683
v 78.3093 131.7755 0.1662
v 78.3097 131.7752 0.1684
v 78.3105 131.779 0.1658
v 78.3111 131.7788 0.1685
v 78.3129 131.7819 0.1681
v 78.311 131.7749 0.1702
v 78.3126 131.7783 0.1703

# 16 faces
f -8 -7 -6 
f -8 -6 -7 
f -6 -7 -5 
f -6 -5 -7 
f -6 -5 -4 
f -6 -4 -5 
f -5 -3 -4 
f -5 -4 -3 
f -6 -2 -8 
f -6 -8 -2 
f -2 -6 -4 
f -2 -4 -6 
f -1 -2 -4 
f -1 -4 -2 
f -1 -4 -3 
f -1 -3 -4 

g corn_Mrstm
s off

usemtl corn_Mrstm

# 8 vertices
v 78.3086 131.7718 0.1683
v 78.3077 131.776 0.1683
v 78.3098 131.7752 0.1686
v 78.3085 131.7796 0.1684
v 78.3111 131.7788 0.1686
v 78.312 131.7822 0.1681
v 78.3118 131.7747 0.1679
v 78.3132 131.7782 0.1677

# 16 faces
f -8 -7 -6 
f -8 -6 -7 
f -6 -7 -5 
f -6 -5 -7 
f -6 -5 -4 
f -6 -4 -5 
f -5 -3 -4 
f -5 -4 -3 
f -6 -2 -8 
f -6 -8 -2 
f -2 -6 -4 
f -2 -4 -6 
f -1 -2 -4 
f -1 -4 -2 
f -1 -4 -3 
f -1 -3 -4 

g corn_Mrstm
s off

usemtl corn_Mrstm

# 8 vertices
v 78.3086 131.7718 0.1683
v 78.3091 131.7754 0.1706
v 78.31 131.7751 0.1685
v 78.3102 131.7789 0.1712
v 78.3112 131.7787 0.1687
v 78.3118 131.7823 0.169
v 78.3101 131.7754 0.1664
v 78.3112 131.779 0.1663

# 16 faces
f -8 -7 -6 
f -8 -6 -7 
f -6 -7 -5 
f -6 -5 -7 
f -6 -5 -4 
f -6 -4 -5 
f -5 -3 -4 
f -5 -4 -3 
f -6 -2 -8 
f -6 -8 -2 
f -2 -6 -4 
f -2 -4 -6 
f -1 -2 -4 
f -1 -4 -2 
f -1 -4 -3 
f -1 -3 -4 

g corn_Mrstm
s off

usemtl corn_Mrstm

# 8 vertices
v 78.3086 131.7718 0.1683
v 78.3115 131.7745 0.1699
v 78.31 131.7751 0.1683
v 78.3132 131.7778 0.1704
v 78.3114 131.7787 0.1686
v 78.3124 131.782 0.1695
v 78.3082 131.7761 0.1677
v 78.3092 131.7796 0.168

# 16 faces
f -8 -7 -6 
f -8 -6 -7 
f -6 -7 -5 
f -6 -5 -7 
f -6 -5 -4 
f -6 -4 -5 
f -5 -3 -4 
f -5 -4 -3 
f -6 -2 -8 
f -6 -8 -2 
f -2 -6 -4 
f -2 -4 -6 
f -1 -2 -4 
f -1 -4 -2 
f -1 -4 -3 
f -1 -3 -4 

g corn_Intrnd
s off

usemtl corn_Intrnd

# 30 vertices
v 77.9952 131.8981 -0.04557
v 78.2847 131.7643 0.5674
v 78.6415 131.6548 -0.01994
v 78.3572 132.8638 -0.005745
v 78.6467 132.73 0.6073
v 79.00352 132.6205 0.01988
v 78.3572 132.8638 -0.005745
v 78.6467 132.73 0.6073
v 79.00352 132.6205 0.01988
v 78.7191 133.8295 0.03408
v 79.00873 133.6957 0.6471
v 79.3655 133.5862 0.0597
v 78.7191 133.8295 0.03408
v 79.00873 133.6957 0.6471
v 79.3655 133.5862 0.0597
v 79.08118 134.7952 0.07391
v 79.3707 134.6614 0.6869
v 79.7274 134.5519 0.09953
v 79.08118 134.7952 0.07391
v 79.3707 134.6614 0.6869
v 79.7274 134.5519 0.09953
v 79.4431 135.7609 0.1137
v 79.7327 135.6271 0.7267
v 80.08947 135.5176 0.1393
v 79.4431 135.7609 0.1137
v 79.7327 135.6271 0.7267
v 80.08947 135.5176 0.1393
v 79.8051 136.7266 0.1535
v 80.09468 136.5928 0.7666
v 80.4514 136.4833 0.1791

# 30 faces
f -30 -27 -29 
f -29 -27 -26 
f -29 -26 -28 
f -28 -26 -25 
f -28 -25 -30 
f -30 -25 -27 
f -24 -21 -23 
f -23 -21 -20 
f -23 -20 -22 
f -22 -20 -19 
f -22 -19 -24 
f -24 -19 -21 
f -18 -15 -17 
f -17 -15 -14 
f -17 -14 -16 
f -16 -14 -13 
f -16 -13 -18 
f -18 -13 -15 
f -12 -9 -11 
f -11 -9 -8 
f -11 -8 -10 
f -10 -8 -7 
f -10 -7 -12 
f -12 -7 -9 
f -6 -3 -5 
f -5 -3 -2 
f -5 -2 -4 
f -4 -2 -1 
f -4 -1 -6 
f -6 -1 -3 

g corn_Petiole
s off

usemtl corn_Petiole

# 30 vertices
v 80.1107 136.6004 0.3627
v 80.1183 136.6015 0.3765
v 80.1265 136.599 0.3631
v 80.1183 136.6864 0.3512
v 80.1259 136.6875 0.3651
v 80.1341 136.685 0.3516
v 80.1183 136.6864 0.3512
v 80.1259 136.6875 0.3651
v 80.1341 136.685 0.3516
v 80.1023 136.7654 0.3268
v 80.1097 136.7708 0.3397
v 80.1179 136.7683 0.3263
v 80.1023 136.7654 0.3268
v 80.1097 136.7708 0.3397
v 80.1179 136.7683 0.3263
v 80.06507 136.8323 0.2917
v 80.07107 136.8415 0.303
v 80.07924 136.839 0.2896
v 80.06507 136.8323 0.2917
v 80.07107 136.8415 0.303
v 80.07924 136.839 0.2896
v 80.0102 136.8802 0.2494
v 80.01382 136.8925 0.2588
v 80.02198 136.89 0.2453
v 80.0102 136.8802 0.2494
v 80.01382 136.8925 0.2588
v 80.02198 136.89 0.2453
v 79.9433 136.9045 0.2043
v 79.9437 136.9186 0.2114
v 79.9519 136.9161 0.1979

# 30 faces
f -30 -27 -29 
f -29 -27 -26 
f -29 -26 -28 
f -28 -26 -25 
f -28 -25 -30 
f -30 -25 -27 
f -24 -21 -23 
f -23 -21 -20 
f -23 -20 -22 
f -22 -20 -19 
f -22 -19 -24 
f -24 -19 -21 
f -18 -15 -17 
f -17 -15 -14 
f -17 -14 -16 
f -16 -14 -13 
f -16 -13 -18 
f -18 -13 -15 
f -12 -9 -11 
f -11 -9 -8 
f -11 -8 -10 
f -10 -8 -7 
f -10 -7 -12 
f -12 -7 -9 
f -6 -3 -5 
f -5 -3 -2 
f -5 -2 -4 
f -4 -2 -1 
f -4 -1 -6 
f -6 -1 -3 

g corn_Leaf
s off

usemtl corn_Leaf

# 8 vertices
v 79.9463 136.9131 0.2045
v 79.5123 137.1337 -0.03014
v 79.5297 137.055 -0.09424
v 79.5717 136.9701 -0.1962
v 79.2704 137.2266 -0.248
v 79.3023 137.1606 -0.3175
v 79.3238 137.0754 -0.401
v 78.9151 137.0804 -0.4743

# 16 faces
f -8 -7 -6 
f -8 -6 -7 
f -6 -5 -8 
f -6 -8 -5 
f -7 -4 -6 
f -7 -6 -4 
f -6 -4 -3 
f -6 -3 -4 
f -6 -3 -2 
f -6 -2 -3 
f -6 -2 -5 
f -6 -5 -2 
f -4 -1 -3 
f -4 -3 -1 
f -3 -1 -2 
f -3 -2 -1 

g corn_Mrstm
s off

usemtl corn_Mrstm

# 8 vertices
v 80.1185 136.6003 0.3674
v 80.118 136.6044 0.3686
v 80.1199 136.6036 0.3676
v 80.1188 136.608 0.3689
v 80.1211 136.6073 0.3676
v 80.1217 136.6108 0.3672
v 80.1212 136.6034 0.366
v 80.1224 136.6069 0.3656

# 16 faces
f -8 -7 -6 
f -8 -6 -7 
f -6 -7 -5 
f -6 -5 -7 
f -6 -5 -4 
f -6 -4 -5 
f -5 -3 -4 
f -5 -4 -3 
f -6 -2 -8 
f -6 -8 -2 
f -2 -6 -4 
f -2 -4 -6 
f -1 -2 -4 
f -1 -4 -2 
f -1 -4 -3 
f -1 -3 -4 

g corn_Mrstm
s off

usemtl corn_Mrstm

# 8 vertices
v 80.1185 136.6003 0.3674
v 80.1201 136.6035 0.3698
v 80.1199 136.6036 0.3675
v 80.1214 136.607 0.3704
v 80.121 136.6073 0.3677
v 80.1216 136.6108 0.3683
v 80.1189 136.6043 0.3657
v 80.1197 136.6079 0.3658

# 16 faces
f -8 -7 -6 
f -8 -6 -7 
f -6 -7 -5 
f -6 -5 -7 
f -6 -5 -4 
f -6 -4 -5 
f -5 -3 -4 
f -5 -4 -3 
f -6 -2 -8 
f -6 -8 -2 
f -2 -6 -4 
f -2 -4 -6 
f -1 -2 -4 
f -1 -4 -2 
f -1 -4 -3 
f -1 -3 -4 

g corn_Mrstm
s off

usemtl corn_Mrstm

# 8 vertices
v 80.1185 136.6003 0.3674
v 80.1219 136.6029 0.3679
v 80.1198 136.6037 0.3675
v 80.1236 136.6062 0.3683
v 80.1211 136.6072 0.3678
v 80.1225 136.6104 0.3688
v 80.1179 136.6045 0.368
v 80.119 136.6081 0.3686

# 16 faces
f -8 -7 -6 
f -8 -6 -7 
f -6 -7 -5 
f -6 -5 -7 
f -6 -5 -4 
f -6 -4 -5 
f -5 -3 -4 
f -5 -4 -3 
f -6 -2 -8 
f -6 -8 -2 
f -2 -6 -4 
f -2 -4 -6 
f -1 -2 -4 
f -1 -4 -2 
f -1 -4 -3 
f -1 -3 -4 

g corn_Mrstm
s off

usemtl corn_Mrstm

# 8 vertices
v 80.1185 136.6003 0.3674
v 80.1208 136.6034 0.3656
v 80.1197 136.6037 0.3676
v 80.1224 136.6068 0.3653
v 80.1212 136.6072 0.3678
v 80.1232 136.6102 0.368
v 80.1196 136.6038 0.3697
v 80.1212 136.6072 0.3702

# 16 faces
f -8 -7 -6 
f -8 -6 -7 
f -6 -7 -5 
f -6 -5 -7 
f -6 -5 -4 
f -6 -4 -5 
f -5 -3 -4 
f -5 -4 -3 
f -6 -2 -8 
f -6 -8 -2 
f -2 -6 -4 
f -2 -4 -6 
f -1 -2 -4 
f -1 -4 -2 
f -1 -4 -3 
f -1 -3 -4 

g corn_Mrstm
s off

usemtl corn_Mrstm

# 8 vertices
v 80.1185 136.6003 0.3674
v 80.1184 136.6043 0.366
v 80.1198 136.6037 0.3676
v 80.1194 136.6079 0.3657
v 80.1212 136.6072 0.3676
v 80.1228 136.6104 0.367
v 80.1217 136.6031 0.3685
v 80.1234 136.6064 0.3684

# 16 faces
f -8 -7 -6 
f -8 -6 -7 
f -6 -7 -5 
f -6 -5 -7 
f -6 -5 -4 
f -6 -4 -5 
f -5 -3 -4 
f -5 -4 -3 
f -6 -2 -8 
f -6 -8 -2 
f -2 -6 -4 
f -2 -4 -6 
f -1 -2 -4 
f -1 -4 -2 
f -1 -4 -3 
f -1 -3 -4 

g corn_2Pdncle
s off

usemtl corn_2Pdncle

# 30 vertices
v 80.2067 136.5642 0.4418
v 80.1368 136.5984 0.2479
v 80.01336 136.6378 0.4136
v 80.3763 137.0166 0.4604
v 80.3064 137.0508 0.2666
v 80.1829 137.0903 0.4323
v 80.3763 137.0166 0.4604
v 80.3064 137.0508 0.2666
v 80.1829 137.0903 0.4323
v 80.5459 137.4691 0.4791
v 80.476 137.5033 0.2853
v 80.3525 137.5427 0.4509
v 80.5459 137.4691 0.4791
v 80.476 137.5033 0.2853
v 80.3525 137.5427 0.4509
v 80.7155 137.9215 0.4978
v 80.6456 137.9557 0.3039
v 80.5221 137.9952 0.4696
v 80.7155 137.9215 0.4978
v 80.6456 137.9557 0.3039
v 80.5221 137.9952 0.4696
v 80.8851 138.374 0.5164
v 80.8152 138.4082 0.3226
v 80.6917 138.4476 0.4883
v 80.8851 138.374 0.5164
v 80.8152 138.4082 0.3226
v 80.6917 138.4476 0.4883
v 81.05476 138.8264 0.5351
v 80.9848 138.8606 0.3412
v 80.8613 138.9001 0.5069

# 30 faces
f -30 -27 -29 
f -29 -27 -26 
f -29 -26 -28 
f -28 -26 -25 
f -28 -25 -30 
f -30 -25 -27 
f -24 -21 -23 
f -23 -21 -20 
f -23 -20 -22 
f -22 -20 -19 
f -22 -19 -24 
f -24 -19 -21 
f -18 -15 -17 
f -17 -15 -14 
f -17 -14 -16 
f -16 -14 -13 
f -16 -13 -18 
f -18 -13 -15 
f -12 -9 -11 
f -11 -9 -8 
f -11 -8 -10 
f -10 -8 -7 
f -10 -7 -12 
f -12 -7 -9 
f -6 -3 -5 
f -5 -3 -2 
f -5 -2 -4 
f -4 -2 -1 
f -4 -1 -6 
f -6 -1 -3 

g corn_2InfInt
s off

usemtl corn_2InfInt

# 30 vertices
v 80.9488 138.8741 0.3417
v 80.8779 138.8926 0.5373
v 81.07256 138.8212 0.5015
v 81.07603 139.2135 0.3557
v 81.00518 139.2319 0.5513
v 81.1997 139.1605 0.5155
v 81.07603 139.2135 0.3557
v 81.00518 139.2319 0.5513
v 81.1997 139.1605 0.5155
v 81.2032 139.5528 0.3697
v 81.1323 139.5713 0.5653
v 81.3269 139.4998 0.5295
v 81.2032 139.5528 0.3697
v 81.1323 139.5713 0.5653
v 81.3269 139.4998 0.5295
v 81.3304 139.8921 0.3837
v 81.2595 139.9106 0.5793
v 81.4541 139.8392 0.5434
v 81.3304 139.8921 0.3837
v 81.2595 139.9106 0.5793
v 81.4541 139.8392 0.5434
v 81.4576 140.2315 0.3977
v 81.3867 140.25 0.5933
v 81.5813 140.1785 0.5574
v 81.4576 140.2315 0.3977
v 81.3867 140.25 0.5933
v 81.5813 140.1785 0.5574
v 81.5848 140.5708 0.4117
v 81.5139 140.5893 0.6073
v 81.7085 140.5179 0.5714

# 30 faces
f -30 -27 -29 
f -29 -27 -26 
f -29 -26 -28 
f -28 -26 -25 
f -28 -25 -30 
f -30 -25 -27 
f -24 -21 -23 
f -23 -21 -20 
f -23 -20 -22 
f -22 -20 -19 
f -22 -19 -24 
f -24 -19 -21 
f -18 -15 -17 
f -17 -15 -14 
f -17 -14 -16 
f -16 -14 -13 
f -16 -13 -18 
f -18 -13 -15 
f -12 -9 -11 
f -11 -9 -8 
f -11 -8 -10 
f -10 -8 -7 
f -10 -7 -12 
f -12 -7 -9 
f -6 -3 -5 
f -5 -3 -2 
f -5 -2 -4 
f -4 -2 -1 
f -4 -1 -6 
f -6 -1 -3 

g corn_2InfInt
s off

usemtl corn_2InfInt

# 30 vertices
v 81.5537 140.6695 0.5223
v 81.7194 140.5437 0.504
v 81.5338 140.4662 0.5657
v 81.4659 140.6042 0.1765
v 81.6316 140.4783 0.1582
v 81.446 140.4008 0.22
v 81.4659 140.6042 0.1765
v 81.6316 140.4783 0.1582
v 81.446 140.4008 0.22
v 81.3781 140.5388 -0.1692
v 81.5438 140.4129 -0.1874
v 81.3583 140.3355 -0.1257
v 81.3781 140.5388 -0.1692
v 81.5438 140.4129 -0.1874
v 81.3583 140.3355 -0.1257
v 81.2904 140.4735 -0.5149
v 81.4561 140.3476 -0.5332
v 81.2705 140.2701 -0.4715
v 81.2904 140.4735 -0.5149
v 81.4561 140.3476 -0.5332
v 81.2705 140.2701 -0.4715
v 81.2026 140.4081 -0.8607
v 81.3683 140.2822 -0.879
v 81.1828 140.2048 -0.8172
v 81.2026 140.4081 -0.8607
v 81.3683 140.2822 -0.879
v 81.1828 140.2048 -0.8172
v 81.1149 140.3428 -1.2065
v 81.2806 140.2169 -1.2247
v 81.09505 140.1394 -1.163

# 30 faces
f -30 -27 -29 
f -29 -27 -26 
f -29 -26 -28 
f -28 -26 -25 
f -28 -25 -30 
f -30 -25 -27 
f -24 -21 -23 
f -23 -21 -20 
f -23 -20 -22 
f -22 -20 -19 
f -22 -19 -24 
f -24 -19 -21 
f -18 -15 -17 
f -17 -15 -14 
f -17 -14 -16 
f -16 -14 -13 
f -16 -13 -18 
f -18 -13 -15 
f -12 -9 -11 
f -11 -9 -8 
f -11 -8 -10 
f -10 -8 -7 
f -10 -7 -12 
f -12 -7 -9 
f -6 -3 -5 
f -5 -3 -2 
f -5 -2 -4 
f -4 -2 -1 
f -4 -1 -6 
f -6 -1 -3 

g corn_2Pdcel
s off

usemtl corn_2Pdcel

# 30 vertices
v 81.118 140.3444 -1.1951
v 81.2791 140.2161 -1.2303
v 81.09351 140.1386 -1.1686
v 80.9824 140.3009 -1.6573
v 81.1435 140.1726 -1.6924
v 80.9579 140.0951 -1.6307
v 80.9824 140.3009 -1.6573
v 81.1435 140.1726 -1.6924
v 80.9579 140.0951 -1.6307
v 80.8331 140.302 -2.1047
v 80.9889 140.1729 -2.1568
v 80.8033 140.0954 -2.09507
v 80.8331 140.302 -2.1047
v 80.9889 140.1729 -2.1568
v 80.8033 140.0954 -2.09507
v 80.6684 140.346 -2.5445
v 80.8182 140.2178 -2.6133
v 80.6327 140.1404 -2.5515
v 80.6684 140.346 -2.5445
v 80.8182 140.2178 -2.6133
v 80.6327 140.1404 -2.5515
v 80.4898 140.4327 -2.9724
v 80.6333 140.3069 -3.05755
v 80.4477 140.2294 -2.9958
v 80.4898 140.4327 -2.9724
v 80.6333 140.3069 -3.05755
v 80.4477 140.2294 -2.9958
v 80.2992 140.5611 -3.3844
v 80.4357 140.4393 -3.4852
v 80.2501 140.3618 -3.4235

# 30 faces
f -30 -27 -29 
f -29 -27 -26 
f -29 -26 -28 
f -28 -26 -25 
f -28 -25 -30 
f -30 -25 -27 
f -24 -21 -23 
f -23 -21 -20 
f -23 -20 -22 
f -22 -20 -19 
f -22 -19 -24 
f -24 -19 -21 
f -18 -15 -17 
f -17 -15 -14 
f -17 -14 -16 
f -16 -14 -13 
f -16 -13 -18 
f -18 -13 -15 
f -12 -9 -11 
f -11 -9 -8 
f -11 -8 -10 
f -10 -8 -7 
f -10 -7 -12 
f -12 -7 -9 
f -6 -3 -5 
f -5 -3 -2 
f -5 -2 -4 
f -4 -2 -1 
f -4 -1 -6 
f -6 -1 -3 

g corn_2Petal1
s off

usemtl corn_2Petal1

# 6 vertices
v 80.3285 140.4535 -3.4313
v 80.1042 140.7195 -3.9745
v 79.9416 140.5823 -3.9361
v 79.5786 141.012 -4.3868
v 79.7795 140.9787 -4.2417
v 79.6113 140.8841 -4.2069

# 8 faces
f -6 -5 -4 
f -6 -4 -5 
f -5 -3 -4 
f -5 -4 -3 
f -5 -2 -3 
f -5 -3 -2 
f -3 -1 -4 
f -3 -4 -1 

g corn_2Petal1
s off

usemtl corn_2Petal1

# 6 vertices
v 80.3285 140.4535 -3.4313
v 80.139 140.4846 -4.04713
v 80.1161 140.6933 -3.9956
v 80.1287 140.7883 -4.71
v 80.1728 140.6373 -4.5157
v 80.1753 140.8324 -4.4963

# 8 faces
f -6 -5 -4 
f -6 -4 -5 
f -5 -3 -4 
f -5 -4 -3 
f -5 -2 -3 
f -5 -3 -2 
f -3 -1 -4 
f -3 -4 -1 

g corn_2Petal1
s off

usemtl corn_2Petal1

# 6 vertices
v 80.3285 140.4535 -3.4313
v 79.9289 140.5499 -3.9284
v 80.1017 140.4814 -4.03869
v 79.6206 140.3602 -4.5615
v 79.6631 140.4072 -4.3196
v 79.7976 140.3192 -4.432

# 8 faces
f -6 -5 -4 
f -6 -4 -5 
f -5 -3 -4 
f -5 -4 -3 
f -5 -2 -3 
f -5 -3 -2 
f -3 -1 -4 
f -3 -4 -1 

g corn_2InfInt
s off

usemtl corn_2InfInt

# 30 vertices
v 81.2715 140.1807 -1.2156
v 81.07041 140.1649 -1.1616
v 81.1508 140.3512 -1.2172
v 81.1838 140.1153 -1.5614
v 80.9826 140.0995 -1.5073
v 81.0631 140.2858 -1.5629
v 81.1838 140.1153 -1.5614
v 80.9826 140.0995 -1.5073
v 81.0631 140.2858 -1.5629
v 81.09606 140.05 -1.9071
v 80.8949 140.0342 -1.8531
v 80.9753 140.2205 -1.9087
v 81.09606 140.05 -1.9071
v 80.8949 140.0342 -1.8531
v 80.9753 140.2205 -1.9087
v 81.00831 139.9846 -2.2529
v 80.8071 139.9688 -2.1989
v 80.8875 140.1551 -2.2545
v 81.00831 139.9846 -2.2529
v 80.8071 139.9688 -2.1989
v 80.8875 140.1551 -2.2545
v 80.9205 139.9193 -2.5987
v 80.7194 139.9035 -2.5446
v 80.7998 140.0898 -2.6002
v 80.9205 139.9193 -2.5987
v 80.7194 139.9035 -2.5446
v 80.7998 140.0898 -2.6002
v 80.8328 139.8539 -2.9444
v 80.6316 139.8381 -2.8904
v 80.712 140.0244 -2.946

# 30 faces
f -30 -27 -29 
f -29 -27 -26 
f -29 -26 -28 
f -28 -26 -25 
f -28 -25 -30 
f -30 -25 -27 
f -24 -21 -23 
f -23 -21 -20 
f -23 -20 -22 
f -22 -20 -19 
f -22 -19 -24 
f -24 -19 -21 
f -18 -15 -17 
f -17 -15 -14 
f -17 -14 -16 
f -16 -14 -13 
f -16 -13 -18 
f -18 -13 -15 
f -12 -9 -11 
f -11 -9 -8 
f -11 -8 -10 
f -10 -8 -7 
f -10 -7 -12 
f -12 -7 -9 
f -6 -3 -5 
f -5 -3 -2 
f -5 -2 -4 
f -4 -2 -1 
f -4 -1 -6 
f -6 -1 -3 

g corn_2Pdcel
s off

usemtl corn_2Pdcel

# 30 vertices
v 80.8351 139.8563 -2.933
v 80.6304 139.837 -2.896
v 80.7109 140.0232 -2.9516
v 80.7609 139.7493 -3.3987
v 80.5563 139.7299 -3.3617
v 80.6367 139.9162 -3.4173
v 80.7609 139.7493 -3.3987
v 80.5563 139.7299 -3.3617
v 80.6367 139.9162 -3.4173
v 80.7316 139.6262 -3.8532
v 80.525 139.6026 -3.8332
v 80.6054 139.7889 -3.8888
v 80.7316 139.6262 -3.8532
v 80.525 139.6026 -3.8332
v 80.6054 139.7889 -3.8888
v 80.745 139.486 -4.3033
v 80.5381 139.4574 -4.3004
v 80.6185 139.6437 -4.356
v 80.745 139.486 -4.3033
v 80.5381 139.4574 -4.3004
v 80.6185 139.6437 -4.356
v 80.8011 139.3299 -4.7449
v 80.5955 139.2958 -4.7587
v 80.6759 139.4821 -4.8144
v 80.8011 139.3299 -4.7449
v 80.5955 139.2958 -4.7587
v 80.6759 139.4821 -4.8144
v 80.8992 139.1595 -5.1737
v 80.6965 139.1192 -5.2039
v 80.7769 139.3055 -5.2595

# 30 faces
f -30 -27 -29 
f -29 -27 -26 
f -29 -26 -28 
f -28 -26 -25 
f -28 -25 -30 
f -30 -25 -27 
f -24 -21 -23 
f -23 -21 -20 
f -23 -20 -22 
f -22 -20 -19 
f -22 -19 -24 
f -24 -19 -21 
f -18 -15 -17 
f -17 -15 -14 
f -17 -14 -16 
f -16 -14 -13 
f -16 -13 -18 
f -18 -13 -15 
f -12 -9 -11 
f -11 -9 -8 
f -11 -8 -10 
f -10 -8 -7 
f -10 -7 -12 
f -12 -7 -9 
f -6 -3 -5 
f -5 -3 -2 
f -5 -2 -4 
f -4 -2 -1 
f -4 -1 -6 
f -6 -1 -3 

g corn_2Petal1
s off

usemtl corn_2Petal1

# 6 vertices
v 80.7904 139.1949 -5.2125
v 80.9625 138.8705 -5.7428
v 80.9855 139.0714 -5.819
v 81.3897 138.7493 -6.3213
v 81.2772 138.7345 -6.09853
v 81.3324 138.9068 -6.1741

# 8 faces
f -6 -5 -4 
f -6 -4 -5 
f -5 -3 -4 
f -5 -4 -3 
f -5 -2 -3 
f -5 -3 -2 
f -3 -1 -4 
f -3 -4 -1 

g corn_2Petal1
s off

usemtl corn_2Petal1

# 6 vertices
v 80.7904 139.1949 -5.2125
v 80.7802 138.993 -5.8251
v 80.9547 138.8844 -5.7582
v 80.8291 138.4812 -6.3423
v 80.744 138.6517 -6.1804
v 80.8839 138.5237 -6.1302

# 8 faces
f -6 -5 -4 
f -6 -4 -5 
f -5 -3 -4 
f -5 -4 -3 
f -5 -2 -3 
f -5 -3 -2 
f -3 -1 -4 
f -3 -4 -1 

g corn_2Petal1
s off

usemtl corn_2Petal1

# 6 vertices
v 80.7904 139.1949 -5.2125
v 80.9949 139.0912 -5.8155
v 80.8025 138.9937 -5.8294
v 80.9042 139.0709 -6.5388
v 80.9716 139.1357 -6.3069
v 80.7909 139.0708 -6.3465

# 8 faces
f -6 -5 -4 
f -6 -4 -5 
f -5 -3 -4 
f -5 -4 -3 
f -5 -2 -3 
f -5 -3 -2 
f -3 -1 -4 
f -3 -4 -1 

g corn_2InfInt
s off

usemtl corn_2InfInt

# 30 vertices
v 80.614 139.8722 -2.8924
v 80.7464 140.0215 -2.9542
v 80.8128 139.823 -2.9335
v 80.5263 139.8069 -3.2381
v 80.6587 139.9562 -3.3
v 80.7251 139.7576 -3.2793
v 80.5263 139.8069 -3.2381
v 80.6587 139.9562 -3.3
v 80.7251 139.7576 -3.2793
v 80.4385 139.7415 -3.5839
v 80.5709 139.8908 -3.6457
v 80.6373 139.6923 -3.625
v 80.4385 139.7415 -3.5839
v 80.5709 139.8908 -3.6457
v 80.6373 139.6923 -3.625
v 80.3508 139.6762 -3.9297
v 80.4832 139.8255 -3.9915
v 80.5496 139.6269 -3.9708
v 80.3508 139.6762 -3.9297
v 80.4832 139.8255 -3.9915
v 80.5496 139.6269 -3.9708
v 80.263 139.6108 -4.2754
v 80.3954 139.7601 -4.3373
v 80.4618 139.5616 -4.3166
v 80.263 139.6108 -4.2754
v 80.3954 139.7601 -4.3373
v 80.4618 139.5616 -4.3166
v 80.1753 139.5455 -4.6212
v 80.3077 139.6947 -4.683
v 80.3741 139.4962 -4.6623

# 30 faces
f -30 -27 -29 
f -29 -27 -26 
f -29 -26 -28 
f -28 -26 -25 
f -28 -25 -30 
f -30 -25 -27 
f -24 -21 -23 
f -23 -21 -20 
f -23 -20 -22 
f -22 -20 -19 
f -22 -19 -24 
f -24 -19 -21 
f -18 -15 -17 
f -17 -15 -14 
f -17 -14 -16 
f -16 -14 -13 
f -16 -13 -18 
f -18 -13 -15 
f -12 -9 -11 
f -11 -9 -8 
f -11 -8 -10 
f -10 -8 -7 
f -10 -7 -12 
f -12 -7 -9 
f -6 -3 -5 
f -5 -3 -2 
f -5 -2 -4 
f -4 -2 -1 
f -4 -1 -6 
f -6 -1 -3 

g corn_2Pdcel
s off

usemtl corn_2Pdcel

# 30 vertices
v 80.1787 139.5478 -4.6101
v 80.306 139.6936 -4.6885
v 80.3724 139.4951 -4.6678
v 80.01878 139.4479 -5.05541
v 80.1461 139.5938 -5.1338
v 80.2124 139.3952 -5.1131
v 80.01878 139.4479 -5.05541
v 80.1461 139.5938 -5.1338
v 80.2124 139.3952 -5.1131
v 79.8219 139.3389 -5.4699
v 79.9426 139.4809 -5.5643
v 80.009 139.2823 -5.5436
v 79.8219 139.3389 -5.4699
v 79.9426 139.4809 -5.5643
v 80.009 139.2823 -5.5436
v 79.5865 139.2195 -5.8609
v 79.6991 139.3572 -5.9705
v 79.7655 139.1586 -5.9498
v 79.5865 139.2195 -5.8609
v 79.6991 139.3572 -5.9705
v 79.7655 139.1586 -5.9498
v 79.315 139.0908 -6.2245
v 79.4181 139.2238 -6.3483
v 79.4845 139.0253 -6.3276
v 79.315 139.0908 -6.2245
v 79.4181 139.2238 -6.3483
v 79.4845 139.0253 -6.3276
v 79.00998 138.9541 -6.5573
v 79.1022 139.0822 -6.6942
v 79.1686 138.8837 -6.6735

# 30 faces
f -30 -27 -29 
f -29 -27 -26 
f -29 -26 -28 
f -28 -26 -25 
f -28 -25 -30 
f -30 -25 -27 
f -24 -21 -23 
f -23 -21 -20 
f -23 -20 -22 
f -22 -20 -19 
f -22 -19 -24 
f -24 -19 -21 
f -18 -15 -17 
f -17 -15 -14 
f -17 -14 -16 
f -16 -14 -13 
f -16 -13 -18 
f -18 -13 -15 
f -12 -9 -11 
f -11 -9 -8 
f -11 -8 -10 
f -10 -8 -7 
f -10 -7 -12 
f -12 -7 -9 
f -6 -3 -5 
f -5 -3 -2 
f -5 -2 -4 
f -4 -2 -1 
f -4 -1 -6 
f -6 -1 -3 

g corn_2Petal1
s off

usemtl corn_2Petal1

# 6 vertices
v 79.09401 138.9734 -6.6421
v 78.5989 138.875 -7.0438
v 78.6995 138.6854 -7.06936
v 78.06084 138.4722 -7.3266
v 78.1913 138.6429 -7.1988
v 78.251 138.4565 -7.211

# 8 faces
f -6 -5 -4 
f -6 -4 -5 
f -5 -3 -4 
f -5 -4 -3 
f -5 -2 -3 
f -5 -3 -2 
f -3 -1 -4 
f -3 -4 -1 

g corn_2Petal1
s off

usemtl corn_2Petal1

# 6 vertices
v 79.09401 138.9734 -6.6421
v 78.7693 138.8273 -7.18
v 78.6019 138.8411 -7.04397
v 78.2179 138.9106 -7.6499
v 78.4423 138.9148 -7.5398
v 78.2782 138.9527 -7.4393

# 8 faces
f -6 -5 -4 
f -6 -4 -5 
f -5 -3 -4 
f -5 -4 -3 
f -5 -2 -3 
f -5 -3 -2 
f -3 -1 -4 
f -3 -4 -1 

g corn_2Petal1
s off

usemtl corn_2Petal1

# 6 vertices
v 79.09401 138.9734 -6.6421
v 78.6878 138.6702 -7.04118
v 78.7406 138.8364 -7.1689
v 78.4891 138.41 -7.6928
v 78.568 138.431 -7.4564
v 78.6269 138.5561 -7.5955

# 8 faces
f -6 -5 -4 
f -6 -4 -5 
f -5 -3 -4 
f -5 -4 -3 
f -5 -2 -3 
f -5 -3 -2 
f -3 -1 -4 
f -3 -4 -1 

g corn_2InfInt
s off

usemtl corn_2InfInt

# 30 vertices
v 80.3428 139.6804 -4.6892
v 80.3477 139.475 -4.6517
v 80.1689 139.5829 -4.6267
v 80.255 139.6151 -5.03504
v 80.26 139.4096 -4.9974
v 80.08119 139.5176 -4.9724
v 80.255 139.6151 -5.03504
v 80.26 139.4096 -4.9974
v 80.08119 139.5176 -4.9724
v 80.1672 139.5497 -5.3808
v 80.1722 139.3443 -5.3432
v 79.9934 139.4522 -5.3182
v 80.1672 139.5497 -5.3808
v 80.1722 139.3443 -5.3432
v 79.9934 139.4522 -5.3182
v 80.07954 139.4843 -5.7265
v 80.0845 139.2789 -5.689
v 79.9056 139.3869 -5.664
v 80.07954 139.4843 -5.7265
v 80.0845 139.2789 -5.689
v 79.9056 139.3869 -5.664
v 79.9917 139.419 -6.07234
v 79.9967 139.2136 -6.03477
v 79.8179 139.3215 -6.009799
v 79.9917 139.419 -6.07234
v 79.9967 139.2136 -6.03477
v 79.8179 139.3215 -6.009799
v 79.904 139.3536 -6.4181
v 79.9089 139.1482 -6.3805
v 79.7301 139.2562 -6.3555

# 30 faces
f -30 -27 -29 
f -29 -27 -26 
f -29 -26 -28 
f -28 -26 -25 
f -28 -25 -30 
f -30 -25 -27 
f -24 -21 -23 
f -23 -21 -20 
f -23 -20 -22 
f -22 -20 -19 
f -22 -19 -24 
f -24 -19 -21 
f -18 -15 -17 
f -17 -15 -14 
f -17 -14 -16 
f -16 -14 -13 
f -16 -13 -18 
f -18 -13 -15 
f -12 -9 -11 
f -11 -9 -8 
f -11 -8 -10 
f -10 -8 -7 
f -10 -7 -12 
f -12 -7 -9 
f -6 -3 -5 
f -5 -3 -2 
f -5 -2 -4 
f -4 -2 -1 
f -4 -1 -6 
f -6 -1 -3 

g corn_2Pdcel
s off

usemtl corn_2Pdcel

# 30 vertices
v 79.9066 139.3553 -6.4066
v 79.9077 139.1474 -6.3861
v 79.7289 139.2554 -6.3612
v 79.8123 139.3083 -6.8786
v 79.8134 139.1004 -6.8581
v 79.6346 139.2084 -6.8331
v 79.8123 139.3083 -6.8786
v 79.8134 139.1004 -6.8581
v 79.6346 139.2084 -6.8331
v 79.7437 139.3027 -7.3452
v 79.7418 139.0938 -7.3422
v 79.563 139.2018 -7.3172
v 79.7437 139.3027 -7.3452
v 79.7418 139.0938 -7.3422
v 79.563 139.2018 -7.3172
v 79.6989 139.3367 -7.8135
v 79.6948 139.1284 -7.8281
v 79.516 139.2363 -7.8031
v 79.6989 139.3367 -7.8135
v 79.6948 139.1284 -7.8281
v 79.516 139.2363 -7.8031
v 79.6782 139.4101 -8.279
v 79.6729 139.2038 -8.3111
v 79.4941 139.3118 -8.2862
v 79.6782 139.4101 -8.279
v 79.6729 139.2038 -8.3111
v 79.4941 139.3118 -8.2862
v 79.6819 139.5222 -8.7372
v 79.6763 139.3194 -8.7867
v 79.4975 139.4273 -8.7617

# 30 faces
f -30 -27 -29 
f -29 -27 -26 
f -29 -26 -28 
f -28 -26 -25 
f -28 -25 -30 
f -30 -25 -27 
f -24 -21 -23 
f -23 -21 -20 
f -23 -20 -22 
f -22 -20 -19 
f -22 -19 -24 
f -24 -19 -21 
f -18 -15 -17 
f -17 -15 -14 
f -17 -14 -16 
f -16 -14 -13 
f -16 -13 -18 
f -18 -13 -15 
f -12 -9 -11 
f -11 -9 -8 
f -11 -8 -10 
f -10 -8 -7 
f -10 -7 -12 
f -12 -7 -9 
f -6 -3 -5 
f -5 -3 -2 
f -5 -2 -4 
f -4 -2 -1 
f -4 -1 -6 
f -6 -1 -3 

g corn_2Petal1
s off

usemtl corn_2Petal1

# 6 vertices
v 79.6182 139.4225 -8.762
v 79.7183 139.5208 -9.1685
v 79.5814 139.5658 -9.1685
v 79.719 139.8141 -9.5562
v 79.7636 139.7271 -9.4212
v 79.6488 139.7894 -9.4275

# 8 faces
f -6 -5 -4 
f -6 -4 -5 
f -5 -3 -4 
f -5 -4 -3 
f -5 -2 -3 
f -5 -3 -2 
f -3 -1 -4 
f -3 -4 -1 

g corn_2Petal1
s off

usemtl corn_2Petal1

# 6 vertices
v 79.6182 139.4225 -8.762
v 79.5916 139.4575 -9.1898
v 79.6974 139.5527 -9.1669
v 79.784 139.4886 -9.6352
v 79.7081 139.4346 -9.497
v 79.8168 139.5069 -9.4912

# 8 faces
f -6 -5 -4 
f -6 -4 -5 
f -5 -3 -4 
f -5 -4 -3 
f -5 -2 -3 
f -5 -3 -2 
f -3 -1 -4 
f -3 -4 -1 

g corn_2Petal1
s off

usemtl corn_2Petal1

# 6 vertices
v 79.6182 139.4225 -8.762
v 79.598 139.5972 -9.1544
v 79.6279 139.4615 -9.1927
v 79.4599 139.6017 -9.6206
v 79.4735 139.6324 -9.4573
v 79.4799 139.5107 -9.5046

# 8 faces
f -6 -5 -4 
f -6 -4 -5 
f -5 -3 -4 
f -5 -4 -3 
f -5 -2 -3 
f -5 -3 -2 
f -3 -1 -4 
f -3 -4 -1 

g corn_2InfInt
s off

usemtl corn_2InfInt

# 30 vertices
v 79.8745 139.1354 -6.3693
v 79.7348 139.2905 -6.3632
v 79.9334 139.3291 -6.4209
v 79.7868 139.07 -6.7151
v 79.647 139.2252 -6.7089
v 79.8456 139.2637 -6.7666
v 79.7868 139.07 -6.7151
v 79.647 139.2252 -6.7089
v 79.8456 139.2637 -6.7666
v 79.699 139.0047 -7.0609
v 79.5593 139.1598 -7.05476
v 79.7579 139.1983 -7.1124
v 79.699 139.0047 -7.0609
v 79.5593 139.1598 -7.05476
v 79.7579 139.1983 -7.1124
v 79.6113 138.9393 -7.4066
v 79.4715 139.0945 -7.4005
v 79.6701 139.133 -7.4582
v 79.6113 138.9393 -7.4066
v 79.4715 139.0945 -7.4005
v 79.6701 139.133 -7.4582
v 79.5235 138.874 -7.7524
v 79.3838 139.0291 -7.7462
v 79.5824 139.0676 -7.8039
v 79.5235 138.874 -7.7524
v 79.3838 139.0291 -7.7462
v 79.5824 139.0676 -7.8039
v 79.4357 138.8086 -8.0982
v 79.296 138.9637 -8.09206
v 79.4946 139.0023 -8.1497

# 30 faces
f -30 -27 -29 
f -29 -27 -26 
f -29 -26 -28 
f -28 -26 -25 
f -28 -25 -30 
f -30 -25 -27 
f -24 -21 -23 
f -23 -21 -20 
f -23 -20 -22 
f -22 -20 -19 
f -22 -19 -24 
f -24 -19 -21 
f -18 -15 -17 
f -17 -15 -14 
f -17 -14 -16 
f -16 -14 -13 
f -16 -13 -18 
f -18 -13 -15 
f -12 -9 -11 
f -11 -9 -8 
f -11 -8 -10 
f -10 -8 -7 
f -10 -7 -12 
f -12 -7 -9 
f -6 -3 -5 
f -5 -3 -2 
f -5 -2 -4 
f -4 -2 -1 
f -4 -1 -6 
f -6 -1 -3 

g corn_2Pdcel
s off

usemtl corn_2Pdcel

# 30 vertices
v 79.4385 138.8113 -8.08698
v 79.2947 138.9624 -8.09759
v 79.4932 139.001 -8.1552
v 79.3327 138.6788 -8.5398
v 79.1888 138.8299 -8.5504
v 79.3874 138.8684 -8.6081
v 79.3327 138.6788 -8.5398
v 79.1888 138.8299 -8.5504
v 79.3874 138.8684 -8.6081
v 79.2415 138.5059 -8.9691
v 79.09406 138.6514 -8.9961
v 79.2926 138.6899 -9.05382
v 79.2415 138.5059 -8.9691
v 79.09406 138.6514 -8.9961
v 79.2926 138.6899 -9.05382
v 79.1631 138.2917 -9.382
v 79.0125 138.4299 -9.4248
v 79.2111 138.4685 -9.4825
v 79.1631 138.2917 -9.382
v 79.0125 138.4299 -9.4248
v 79.2111 138.4685 -9.4825
v 79.09836 138.0383 -9.7745
v 78.9449 138.1677 -9.8325
v 79.1435 138.2062 -9.8902
v 79.09836 138.0383 -9.7745
v 78.9449 138.1677 -9.8325
v 79.1435 138.2062 -9.8902
v 79.04771 137.748 -10.1428
v 78.8921 137.8672 -10.2151
v 79.09076 137.9057 -10.2728

# 30 faces
f -30 -27 -29 
f -29 -27 -26 
f -29 -26 -28 
f -28 -26 -25 
f -28 -25 -30 
f -30 -25 -27 
f -24 -21 -23 
f -23 -21 -20 
f -23 -20 -22 
f -22 -20 -19 
f -22 -19 -24 
f -24 -19 -21 
f -18 -15 -17 
f -17 -15 -14 
f -17 -14 -16 
f -16 -14 -13 
f -16 -13 -18 
f -18 -13 -15 
f -12 -9 -11 
f -11 -9 -8 
f -11 -8 -10 
f -10 -8 -7 
f -10 -7 -12 
f -12 -7 -9 
f -6 -3 -5 
f -5 -3 -2 
f -5 -2 -4 
f -4 -2 -1 
f -4 -1 -6 
f -6 -1 -3 

g corn_2Bud
s off

usemtl corn_2Bud

# 6 vertices
v 79.01003 137.8407 -10.2106
v 78.9549 137.733 -10.4506
v 78.9885 137.6598 -10.4103
v 78.8459 137.5139 -10.6307
v 78.8587 137.6025 -10.5774
v 78.8758 137.5299 -10.5442

# 8 faces
f -6 -5 -4 
f -6 -4 -5 
f -5 -3 -4 
f -5 -4 -3 
f -5 -2 -3 
f -5 -3 -2 
f -3 -1 -4 
f -3 -4 -1 

g corn_2Bud
s off

usemtl corn_2Bud

# 6 vertices
v 79.01003 137.8407 -10.2106
v 79.02949 137.665 -10.413
v 78.9953 137.7346 -10.4588
v 79.1009 137.5862 -10.6976
v 79.1008 137.5981 -10.5941
v 79.08233 137.6599 -10.6442

# 8 faces
f -6 -5 -4 
f -6 -4 -5 
f -5 -3 -4 
f -5 -4 -3 
f -5 -2 -3 
f -5 -3 -2 
f -3 -1 -4 
f -3 -4 -1 

g corn_2InfInt
s off

usemtl corn_2InfInt

# 30 vertices
v 79.3119 138.9971 -8.1024
v 79.5141 138.9726 -8.149
v 79.3986 138.8076 -8.08857
v 79.2242 138.9318 -8.4481
v 79.4263 138.9073 -8.4948
v 79.3108 138.7422 -8.4343
v 79.2242 138.9318 -8.4481
v 79.4263 138.9073 -8.4948
v 79.3108 138.7422 -8.4343
v 79.1364 138.8664 -8.7939
v 79.3386 138.8419 -8.8406
v 79.2231 138.6768 -8.7801
v 79.1364 138.8664 -8.7939
v 79.3386 138.8419 -8.8406
v 79.2231 138.6768 -8.7801
v 79.04872 138.8011 -9.1397
v 79.2508 138.7766 -9.1863
v 79.1353 138.6115 -9.1258
v 79.04872 138.8011 -9.1397
v 79.2508 138.7766 -9.1863
v 79.1353 138.6115 -9.1258
v 78.9609 138.7357 -9.4854
v 79.1631 138.7112 -9.5321
v 79.04762 138.5461 -9.4716
v 78.9609 138.7357 -9.4854
v 79.1631 138.7112 -9.5321
v 79.04762 138.5461 -9.4716
v 78.8732 138.6703 -9.8312
v 79.07535 138.6459 -9.8779
v 78.9598 138.4808 -9.8174

# 30 faces
f -30 -27 -29 
f -29 -27 -26 
f -29 -26 -28 
f -28 -26 -25 
f -28 -25 -30 
f -30 -25 -27 
f -24 -21 -23 
f -23 -21 -20 
f -23 -20 -22 
f -22 -20 -19 
f -22 -19 -24 
f -24 -19 -21 
f -18 -15 -17 
f -17 -15 -14 
f -17 -14 -16 
f -16 -14 -13 
f -16 -13 -18 
f -18 -13 -15 
f -12 -9 -11 
f -11 -9 -8 
f -11 -8 -10 
f -10 -8 -7 
f -10 -7 -12 
f -12 -7 -9 
f -6 -3 -5 
f -5 -3 -2 
f -5 -2 -4 
f -4 -2 -1 
f -4 -1 -6 
f -6 -1 -3 

g corn_2Pdcel
s off

usemtl corn_2Pdcel

# 30 vertices
v 78.8765 138.6721 -9.82
v 79.07371 138.645 -9.8834
v 78.9582 138.4799 -9.8229
v 78.7221 138.6135 -10.2745
v 78.9193 138.5864 -10.3379
v 78.8038 138.4213 -10.2774
v 78.7221 138.6135 -10.2745
v 78.9193 138.5864 -10.3379
v 78.8038 138.4213 -10.2774
v 78.5361 138.5851 -10.707
v 78.727 138.5563 -10.7869
v 78.6115 138.3912 -10.7264
v 78.5361 138.5851 -10.707
v 78.727 138.5563 -10.7869
v 78.6115 138.3912 -10.7264
v 78.317 138.5853 -11.1247
v 78.5002 138.556 -11.2206
v 78.3847 138.3909 -11.1601
v 78.317 138.5853 -11.1247
v 78.5002 138.556 -11.2206
v 78.3847 138.3909 -11.1601
v 78.06677 138.6142 -11.5235
v 78.2412 138.5854 -11.6348
v 78.1257 138.4203 -11.5743
v 78.06677 138.6142 -11.5235
v 78.2412 138.5854 -11.6348
v 78.1257 138.4203 -11.5743
v 77.7878 138.6714 -11.8996
v 77.9523 138.6442 -12.0255
v 77.8368 138.4791 -11.9649

# 30 faces
f -30 -27 -29 
f -29 -27 -26 
f -29 -26 -28 
f -28 -26 -25 
f -28 -25 -30 
f -30 -25 -27 
f -24 -21 -23 
f -23 -21 -20 
f -23 -20 -22 
f -22 -20 -19 
f -22 -19 -24 
f -24 -19 -21 
f -18 -15 -17 
f -17 -15 -14 
f -17 -14 -16 
f -16 -14 -13 
f -16 -13 -18 
f -18 -13 -15 
f -12 -9 -11 
f -11 -9 -8 
f -11 -8 -10 
f -10 -8 -7 
f -10 -7 -12 
f -12 -7 -9 
f -6 -3 -5 
f -5 -3 -2 
f -5 -2 -4 
f -4 -2 -1 
f -4 -1 -6 
f -6 -1 -3 

g corn_2InfInt
s off

usemtl corn_2InfInt

# 30 vertices
v 81.5405 140.5783 0.6327
v 81.7155 140.5167 0.5367
v 81.5506 140.5831 0.4242
v 81.6677 140.9176 0.6467
v 81.8427 140.856 0.5507
v 81.6778 140.9225 0.4382
v 81.6677 140.9176 0.6467
v 81.8427 140.856 0.5507
v 81.6778 140.9225 0.4382
v 81.7949 141.257 0.6607
v 81.9699 141.1954 0.5647
v 81.805 141.2618 0.4521
v 81.7949 141.257 0.6607
v 81.9699 141.1954 0.5647
v 81.805 141.2618 0.4521
v 81.9221 141.5963 0.6747
v 82.0971 141.5347 0.5787
v 81.9322 141.6011 0.4661
v 81.9221 141.5963 0.6747
v 82.0971 141.5347 0.5787
v 81.9322 141.6011 0.4661
v 82.04935 141.9357 0.6887
v 82.2243 141.874 0.5927
v 82.05943 141.9405 0.4801
v 82.04935 141.9357 0.6887
v 82.2243 141.874 0.5927
v 82.05943 141.9405 0.4801
v 82.1765 142.275 0.7027
v 82.3514 142.2134 0.6067
v 82.1866 142.2798 0.4941

# 30 faces
f -30 -27 -29 
f -29 -27 -26 
f -29 -26 -28 
f -28 -26 -25 
f -28 -25 -30 
f -30 -25 -27 
f -24 -21 -23 
f -23 -21 -20 
f -23 -20 -22 
f -22 -20 -19 
f -22 -19 -24 
f -24 -19 -21 
f -18 -15 -17 
f -17 -15 -14 
f -17 -14 -16 
f -16 -14 -13 
f -16 -13 -18 
f -18 -13 -15 
f -12 -9 -11 
f -11 -9 -8 
f -11 -8 -10 
f -10 -8 -7 
f -10 -7 -12 
f -12 -7 -9 
f -6 -3 -5 
f -5 -3 -2 
f -5 -2 -4 
f -4 -2 -1 
f -4 -1 -6 
f -6 -1 -3 

g corn_2InfInt
s off

usemtl corn_2InfInt

# 30 vertices
v 82.3188 142.3146 0.6694
v 82.151 142.3181 0.5451
v 82.2468 142.136 0.5886
v 82.104 142.2707 0.9582
v 81.9361 142.2742 0.8339
v 82.03196 142.0921 0.8775
v 82.104 142.2707 0.9582
v 81.9361 142.2742 0.8339
v 82.03196 142.0921 0.8775
v 81.8892 142.2268 1.2471
v 81.7213 142.2303 1.1228
v 81.8171 142.0482 1.1663
v 81.8892 142.2268 1.2471
v 81.7213 142.2303 1.1228
v 81.8171 142.0482 1.1663
v 81.6743 142.1829 1.536
v 81.5065 142.1864 1.4117
v 81.6022 142.0043 1.4552
v 81.6743 142.1829 1.536
v 81.5065 142.1864 1.4117
v 81.6022 142.0043 1.4552
v 81.4595 142.139 1.8248
v 81.2916 142.1425 1.7005
v 81.3874 141.9604 1.7441
v 81.4595 142.139 1.8248
v 81.2916 142.1425 1.7005
v 81.3874 141.9604 1.7441
v 81.2447 142.0951 2.1137
v 81.07684 142.0986 1.9894
v 81.1726 141.9165 2.033

# 30 faces
f -30 -27 -29 
f -29 -27 -26 
f -29 -26 -28 
f -28 -26 -25 
f -28 -25 -30 
f -30 -25 -27 
f -24 -21 -23 
f -23 -21 -20 
f -23 -20 -22 
f -22 -20 -19 
f -22 -19 -24 
f -24 -19 -21 
f -18 -15 -17 
f -17 -15 -14 
f -17 -14 -16 
f -16 -14 -13 
f -16 -13 -18 
f -18 -13 -15 
f -12 -9 -11 
f -11 -9 -8 
f -11 -8 -10 
f -10 -8 -7 
f -10 -7 -12 
f -12 -7 -9 
f -6 -3 -5 
f -5 -3 -2 
f -5 -2 -4 
f -4 -2 -1 
f -4 -1 -6 
f -6 -1 -3 

g corn_2Pdcel
s off

usemtl corn_2Pdcel

# 30 vertices
v 81.2513 142.0963 2.1039
v 81.07358 142.0981 1.9942
v 81.1693 141.9159 2.03781
v 80.9977 142.061 2.5142
v 80.82 142.0628 2.4045
v 80.9157 141.8807 2.448
v 80.9977 142.061 2.5142
v 80.82 142.0628 2.4045
v 80.9157 141.8807 2.448
v 80.7853 142.05 2.9352
v 80.5989 142.0509 2.8409
v 80.6946 141.8687 2.8844
v 80.7853 142.05 2.9352
v 80.5989 142.0509 2.8409
v 80.6946 141.8687 2.8844
v 80.6094 142.0621 3.3727
v 80.4157 142.063 3.2945
v 80.5114 141.8808 3.3381
v 80.6094 142.0621 3.3727
v 80.4157 142.063 3.2945
v 80.5114 141.8808 3.3381
v 80.4717 142.0972 3.8225
v 80.2721 142.099 3.761
v 80.3678 141.9168 3.8046
v 80.4717 142.0972 3.8225
v 80.2721 142.099 3.761
v 80.3678 141.9168 3.8046
v 80.3736 142.155 4.2803
v 80.1695 142.1586 4.2358
v 80.2653 141.9764 4.2794

# 30 faces
f -30 -27 -29 
f -29 -27 -26 
f -29 -26 -28 
f -28 -26 -25 
f -28 -25 -30 
f -30 -25 -27 
f -24 -21 -23 
f -23 -21 -20 
f -23 -20 -22 
f -22 -20 -19 
f -22 -19 -24 
f -24 -19 -21 
f -18 -15 -17 
f -17 -15 -14 
f -17 -14 -16 
f -16 -14 -13 
f -16 -13 -18 
f -18 -13 -15 
f -12 -9 -11 
f -11 -9 -8 
f -11 -8 -10 
f -10 -8 -7 
f -10 -7 -12 
f -12 -7 -9 
f -6 -3 -5 
f -5 -3 -2 
f -5 -2 -4 
f -4 -2 -1 
f -4 -1 -6 
f -6 -1 -3 

g corn_2Petal1
s off

usemtl corn_2Petal1

# 6 vertices
v 80.2689 142.0964 4.2651
v 80.1869 142.2456 4.8873
v 80.219 142.033 4.909
v 80.3609 142.2054 5.5943
v 80.3306 142.2826 5.3585
v 80.3873 142.0995 5.3997

# 8 faces
f -6 -5 -4 
f -6 -4 -5 
f -5 -3 -4 
f -5 -4 -3 
f -5 -2 -3 
f -5 -3 -2 
f -3 -1 -4 
f -3 -4 -1 

g corn_2Petal1
s off

usemtl corn_2Petal1

# 6 vertices
v 80.2689 142.0964 4.2651
v 79.9672 142.1093 4.8351
v 80.1283 142.2461 4.8806
v 79.6955 142.4501 5.4198
v 79.7206 142.3281 5.2029
v 79.8401 142.4758 5.2517

# 8 faces
f -6 -5 -4 
f -6 -4 -5 
f -5 -3 -4 
f -5 -4 -3 
f -5 -2 -3 
f -5 -3 -2 
f -3 -1 -4 
f -3 -4 -1 

g corn_2Petal1
s off

usemtl corn_2Petal1

# 6 vertices
v 80.2689 142.0964 4.2651
v 80.1925 141.982 4.8953
v 79.994 142.0554 4.8515
v 79.8228 141.7277 5.4702
v 79.9882 141.7575 5.2851
v 79.7971 141.792 5.2581

# 8 faces
f -6 -5 -4 
f -6 -4 -5 
f -5 -3 -4 
f -5 -4 -3 
f -5 -2 -3 
f -5 -3 -2 
f -3 -1 -4 
f -3 -4 -1 

g corn_2InfInt
s off

usemtl corn_2InfInt

# 30 vertices
v 81.06784 142.0633 1.9773
v 81.2004 141.9215 2.05444
v 81.2233 142.125 2.1024
v 80.853 142.0194 2.2662
v 80.9855 141.8776 2.3433
v 81.00854 142.0811 2.3913
v 80.853 142.0194 2.2662
v 80.9855 141.8776 2.3433
v 81.00854 142.0811 2.3913
v 80.6381 141.9755 2.5551
v 80.7707 141.8337 2.6321
v 80.7937 142.0372 2.6801
v 80.6381 141.9755 2.5551
v 80.7707 141.8337 2.6321
v 80.7937 142.0372 2.6801
v 80.4233 141.9316 2.844
v 80.5559 141.7898 2.921
v 80.5788 141.9933 2.969
v 80.4233 141.9316 2.844
v 80.5559 141.7898 2.921
v 80.5788 141.9933 2.969
v 80.2085 141.8877 3.1328
v 80.341 141.7459 3.2099
v 80.364 141.9494 3.2579
v 80.2085 141.8877 3.1328
v 80.341 141.7459 3.2099
v 80.364 141.9494 3.2579
v 79.9936 141.8438 3.4217
v 80.1262 141.702 3.4987
v 80.1491 141.9055 3.5467

# 30 faces
f -30 -27 -29 
f -29 -27 -26 
f -29 -26 -28 
f -28 -26 -25 
f -28 -25 -30 
f -30 -25 -27 
f -24 -21 -23 
f -23 -21 -20 
f -23 -20 -22 
f -22 -20 -19 
f -22 -19 -24 
f -24 -19 -21 
f -18 -15 -17 
f -17 -15 -14 
f -17 -14 -16 
f -16 -14 -13 
f -16 -13 -18 
f -18 -13 -15 
f -12 -9 -11 
f -11 -9 -8 
f -11 -8 -10 
f -10 -8 -7 
f -10 -7 -12 
f -12 -7 -9 
f -6 -3 -5 
f -5 -3 -2 
f -5 -2 -4 
f -4 -2 -1 
f -4 -1 -6 
f -6 -1 -3 

g corn_2Pdcel
s off

usemtl corn_2Pdcel

# 30 vertices
v 80.00114 141.8451 3.4126
v 80.1225 141.7013 3.5032
v 80.1455 141.9049 3.5512
v 79.6782 141.7974 3.7693
v 79.7996 141.6536 3.86
v 79.8226 141.8571 3.908
v 79.6782 141.7974 3.7693
v 79.7996 141.6536 3.86
v 79.8226 141.8571 3.908
v 79.3303 141.762 4.08596
v 79.4393 141.6166 4.1891
v 79.4622 141.8202 4.2371
v 79.3303 141.762 4.08596
v 79.4393 141.6166 4.1891
v 79.4622 141.8202 4.2371
v 78.9532 141.7379 4.3683
v 79.04865 141.5914 4.4828
v 79.07159 141.795 4.5308
v 78.9532 141.7379 4.3683
v 79.04865 141.5914 4.4828
v 79.07159 141.795 4.5308
v 78.5507 141.7254 4.6139
v 78.6314 141.5782 4.7383
v 78.6544 141.7817 4.7863
v 78.5507 141.7254 4.6139
v 78.6314 141.5782 4.7383
v 78.6544 141.7817 4.7863
v 78.1265 141.7245 4.8203
v 78.1917 141.5771 4.9531
v 78.2147 141.7807 5.00119

# 30 faces
f -30 -27 -29 
f -29 -27 -26 
f -29 -26 -28 
f -28 -26 -25 
f -28 -25 -30 
f -30 -25 -27 
f -24 -21 -23 
f -23 -21 -20 
f -23 -20 -22 
f -22 -20 -19 
f -22 -19 -24 
f -24 -19 -21 
f -18 -15 -17 
f -17 -15 -14 
f -17 -14 -16 
f -16 -14 -13 
f -16 -13 -18 
f -18 -13 -15 
f -12 -9 -11 
f -11 -9 -8 
f -11 -8 -10 
f -10 -8 -7 
f -10 -7 -12 
f -12 -7 -9 
f -6 -3 -5 
f -5 -3 -2 
f -5 -2 -4 
f -4 -2 -1 
f -4 -1 -6 
f -6 -1 -3 

g corn_2Petal1
s off

usemtl corn_2Petal1

# 6 vertices
v 78.1779 141.694 4.9253
v 77.5646 141.6553 5.1216
v 77.6203 141.8367 5.225
v 76.9078 141.9388 5.2632
v 77.09877 141.8153 5.1592
v 77.1218 141.9949 5.2346

# 8 faces
f -6 -5 -4 
f -6 -4 -5 
f -5 -3 -4 
f -5 -4 -3 
f -5 -2 -3 
f -5 -3 -2 
f -3 -1 -4 
f -3 -4 -1 

g corn_2Petal1
s off

usemtl corn_2Petal1

# 6 vertices
v 78.1779 141.694 4.9253
v 77.6854 141.6267 5.3365
v 77.5725 141.6398 5.1527
v 77.04813 141.3415 5.5471
v 77.2911 141.3957 5.5243
v 77.1756 141.3751 5.3671

# 8 faces
f -6 -5 -4 
f -6 -4 -5 
f -5 -3 -4 
f -5 -4 -3 
f -5 -2 -3 
f -5 -3 -2 
f -3 -1 -4 
f -3 -4 -1 

g corn_2Petal1
s off

usemtl corn_2Petal1

# 6 vertices
v 78.1779 141.694 4.9253
v 77.642 141.8556 5.246
v 77.6793 141.6644 5.3396
v 77.2404 141.9194 5.8514
v 77.3829 141.9672 5.6516
v 77.4175 141.8127 5.7674

# 8 faces
f -6 -5 -4 
f -6 -4 -5 
f -5 -3 -4 
f -5 -4 -3 
f -5 -2 -3 
f -5 -3 -2 
f -3 -1 -4 
f -3 -4 -1 

g corn_2InfInt
s off

usemtl corn_2InfInt

# 30 vertices
v 80.1528 141.7185 3.521
v 80.1241 141.9252 3.5311
v 79.9943 141.8058 3.4165
v 79.9379 141.6746 3.8099
v 79.9093 141.8813 3.82
v 79.7795 141.7619 3.7053
v 79.9379 141.6746 3.8099
v 79.9093 141.8813 3.82
v 79.7795 141.7619 3.7053
v 79.7231 141.6307 4.0988
v 79.6945 141.8374 4.1089
v 79.5647 141.718 3.9942
v 79.7231 141.6307 4.0988
v 79.6945 141.8374 4.1089
v 79.5647 141.718 3.9942
v 79.5082 141.5868 4.3876
v 79.4796 141.7935 4.3977
v 79.3498 141.6741 4.2831
v 79.5082 141.5868 4.3876
v 79.4796 141.7935 4.3977
v 79.3498 141.6741 4.2831
v 79.2934 141.5429 4.6765
v 79.2648 141.7496 4.6866
v 79.135 141.6302 4.5719
v 79.2934 141.5429 4.6765
v 79.2648 141.7496 4.6866
v 79.135 141.6302 4.5719
v 79.07862 141.499 4.9654
v 79.04999 141.7057 4.9755
v 78.9202 141.5863 4.8608

# 30 faces
f -30 -27 -29 
f -29 -27 -26 
f -29 -26 -28 
f -28 -26 -25 
f -28 -25 -30 
f -30 -25 -27 
f -24 -21 -23 
f -23 -21 -20 
f -23 -20 -22 
f -22 -20 -19 
f -22 -19 -24 
f -24 -19 -21 
f -18 -15 -17 
f -17 -15 -14 
f -17 -14 -16 
f -16 -14 -13 
f -16 -13 -18 
f -18 -13 -15 
f -12 -9 -11 
f -11 -9 -8 
f -11 -8 -10 
f -10 -8 -7 
f -10 -7 -12 
f -12 -7 -9 
f -6 -3 -5 
f -5 -3 -2 
f -5 -2 -4 
f -4 -2 -1 
f -4 -1 -6 
f -6 -1 -3 

g corn_2Pdcel
s off

usemtl corn_2Pdcel

# 30 vertices
v 79.08533 141.5009 4.9558
v 79.04668 141.7048 4.9802
v 78.9169 141.5853 4.8655
v 78.8248 141.4041 5.3515
v 78.7861 141.6079 5.3759
v 78.6563 141.4885 5.2612
v 78.8248 141.4041 5.3515
v 78.7861 141.6079 5.3759
v 78.6563 141.4885 5.2612
v 78.5988 141.2727 5.7441
v 78.5511 141.4723 5.7832
v 78.4213 141.3529 5.6685
v 78.5988 141.2727 5.7441
v 78.5511 141.4723 5.7832
v 78.4213 141.3529 5.6685
v 78.4027 141.1062 6.1395
v 78.3471 141.3002 6.1934
v 78.2173 141.1807 6.07875
v 78.4027 141.1062 6.1395
v 78.3471 141.3002 6.1934
v 78.2173 141.1807 6.07875
v 78.2385 140.906 6.5338
v 78.1761 141.0931 6.6025
v 78.04636 140.9737 6.4879
v 78.2385 140.906 6.5338
v 78.1761 141.0931 6.6025
v 78.04636 140.9737 6.4879
v 78.1077 140.6742 6.9233
v 78.03979 140.8532 7.006761
v 77.91 140.7338 6.892

# 30 faces
f -30 -27 -29 
f -29 -27 -26 
f -29 -26 -28 
f -28 -26 -25 
f -28 -25 -30 
f -30 -25 -27 
f -24 -21 -23 
f -23 -21 -20 
f -23 -20 -22 
f -22 -20 -19 
f -22 -19 -24 
f -24 -19 -21 
f -18 -15 -17 
f -17 -15 -14 
f -17 -14 -16 
f -16 -14 -13 
f -16 -13 -18 
f -18 -13 -15 
f -12 -9 -11 
f -11 -9 -8 
f -11 -8 -10 
f -10 -8 -7 
f -10 -7 -12 
f -12 -7 -9 
f -6 -3 -5 
f -5 -3 -2 
f -5 -2 -4 
f -4 -2 -1 
f -4 -1 -6 
f -6 -1 -3 

g corn_2Petal1
s off

usemtl corn_2Petal1

# 6 vertices
v 78.01878 140.7541 6.9408
v 77.9992 140.5001 7.5334
v 77.8309 140.395 7.4476
v 77.9321 139.9446 8.001225
v 78.02258 140.1298 7.8596
v 77.8883 140.0045 7.7907

# 8 faces
f -6 -5 -4 
f -6 -4 -5 
f -5 -3 -4 
f -5 -4 -3 
f -5 -2 -3 
f -5 -3 -2 
f -3 -1 -4 
f -3 -4 -1 

g corn_2Petal1
s off

usemtl corn_2Petal1

# 6 vertices
v 78.01878 140.7541 6.9408
v 77.7969 140.4947 7.4881
v 77.9922 140.4022 7.4853
v 77.8625 140.2934 8.186
v 77.801 140.4132 7.9753
v 77.9825 140.3453 8.005204

# 8 faces
f -6 -5 -4 
f -6 -4 -5 
f -5 -3 -4 
f -5 -4 -3 
f -5 -2 -3 
f -5 -3 -2 
f -3 -1 -4 
f -3 -4 -1 

g corn_2Petal1
s off

usemtl corn_2Petal1

# 6 vertices
v 78.01878 140.7541 6.9408
v 77.9227 140.34 7.426
v 77.889 140.5244 7.5336
v 77.5601 140.0935 8.00872
v 77.6535 140.1227 7.7786
v 77.5903 140.2758 7.8836

# 8 faces
f -6 -5 -4 
f -6 -4 -5 
f -5 -3 -4 
f -5 -4 -3 
f -5 -2 -3 
f -5 -3 -2 
f -3 -1 -4 
f -3 -4 -1 

g corn_2InfInt
s off

usemtl corn_2InfInt

# 30 vertices
v 79.01965 141.7165 4.9545
v 78.9294 141.5521 4.8625
v 79.09885 141.5255 4.9844
v 78.8048 141.6726 5.2434
v 78.7146 141.5082 5.1514
v 78.884 141.4816 5.2733
v 78.8048 141.6726 5.2434
v 78.7146 141.5082 5.1514
v 78.884 141.4816 5.2733
v 78.5899 141.6287 5.5323
v 78.4998 141.4643 5.4402
v 78.6691 141.4377 5.5622
v 78.5899 141.6287 5.5323
v 78.4998 141.4643 5.4402
v 78.6691 141.4377 5.5622
v 78.3751 141.5848 5.8212
v 78.2849 141.4204 5.7291
v 78.4543 141.3938 5.851
v 78.3751 141.5848 5.8212
v 78.2849 141.4204 5.7291
v 78.4543 141.3938 5.851
v 78.1603 141.5409 6.11
v 78.07014 141.3765 6.01803
v 78.2395 141.3499 6.1399
v 78.1603 141.5409 6.11
v 78.07014 141.3765 6.01803
v 78.2395 141.3499 6.1399
v 77.9454 141.497 6.3989
v 77.8553 141.3326 6.3069
v 78.02467 141.306 6.4288

# 30 faces
f -30 -27 -29 
f -29 -27 -26 
f -29 -26 -28 
f -28 -26 -25 
f -28 -25 -30 
f -30 -25 -27 
f -24 -21 -23 
f -23 -21 -20 
f -23 -20 -22 
f -22 -20 -19 
f -22 -19 -24 
f -24 -19 -21 
f -18 -15 -17 
f -17 -15 -14 
f -17 -14 -16 
f -16 -14 -13 
f -16 -13 -18 
f -18 -13 -15 
f -12 -9 -11 
f -11 -9 -8 
f -11 -8 -10 
f -10 -8 -7 
f -10 -7 -12 
f -12 -7 -9 
f -6 -3 -5 
f -5 -3 -2 
f -5 -2 -4 
f -4 -2 -1 
f -4 -1 -6 
f -6 -1 -3 

g corn_2Pdcel
s off

usemtl corn_2Pdcel

# 30 vertices
v 77.9524 141.4979 6.3894
v 77.8518 141.3322 6.3116
v 78.02122 141.3056 6.4335
v 77.6688 141.4863 6.7808
v 77.5682 141.3206 6.703
v 77.7375 141.294 6.8249
v 77.6688 141.4863 6.7808
v 77.5682 141.3206 6.703
v 77.7375 141.294 6.8249
v 77.3976 141.5215 7.1652
v 77.2867 141.3562 7.1018
v 77.4561 141.3297 7.2237
v 77.3976 141.5215 7.1652
v 77.2867 141.3562 7.1018
v 77.4561 141.3297 7.2237
v 77.1345 141.6022 7.5483
v 77.01357 141.4391 7.4993
v 77.1829 141.4126 7.6212
v 77.1345 141.6022 7.5483
v 77.01357 141.4391 7.4993
v 77.1829 141.4126 7.6212
v 76.8819 141.7278 7.9264
v 76.7513 141.5685 7.8917
v 76.9206 141.542 8.01368
v 76.8819 141.7278 7.9264
v 76.7513 141.5685 7.8917
v 76.9206 141.542 8.01368
v 76.6424 141.8969 8.2959
v 76.5025 141.7431 8.2753
v 76.6719 141.7166 8.3972

# 30 faces
f -30 -27 -29 
f -29 -27 -26 
f -29 -26 -28 
f -28 -26 -25 
f -28 -25 -30 
f -30 -25 -27 
f -24 -21 -23 
f -23 -21 -20 
f -23 -20 -22 
f -22 -20 -19 
f -22 -19 -24 
f -24 -19 -21 
f -18 -15 -17 
f -17 -15 -14 
f -17 -14 -16 
f -16 -14 -13 
f -16 -13 -18 
f -18 -13 -15 
f -12 -9 -11 
f -11 -9 -8 
f -11 -8 -10 
f -10 -8 -7 
f -10 -7 -12 
f -12 -7 -9 
f -6 -3 -5 
f -5 -3 -2 
f -5 -2 -4 
f -4 -2 -1 
f -4 -1 -6 
f -6 -1 -3 

g corn_2Petal1
s off

usemtl corn_2Petal1

# 6 vertices
v 76.6054 141.785 8.3229
v 76.1615 142.0858 8.6815
v 76.3022 142.0373 8.8382
v 75.9524 142.552 9.2019
v 75.9999 142.4432 8.9818
v 76.1283 142.4351 9.1299

# 8 faces
f -6 -5 -4 
f -6 -4 -5 
f -5 -3 -4 
f -5 -4 -3 
f -5 -2 -3 
f -5 -3 -2 
f -3 -1 -4 
f -3 -4 -1 

g corn_2Petal1
s off

usemtl corn_2Petal1

# 6 vertices
v 76.6054 141.785 8.3229
v 76.2507 141.9685 8.8295
v 76.2651 142.1595 8.7293
v 75.6975 142.328 9.1403
v 75.8456 142.1497 9.04662
v 75.8224 142.3218 8.9555

# 8 faces
f -6 -5 -4 
f -6 -4 -5 
f -5 -3 -4 
f -5 -4 -3 
f -5 -2 -3 
f -5 -3 -2 
f -3 -1 -4 
f -3 -4 -1 

g corn_2Petal1
s off

usemtl corn_2Petal1

# 6 vertices
v 76.6054 141.785 8.3229
v 76.3341 142.1542 8.777
v 76.1675 142.0218 8.7392
v 75.9381 142.2574 9.3806
v 76.1266 142.237 9.2176
v 75.9779 142.1091 9.2188

# 8 faces
f -6 -5 -4 
f -6 -4 -5 
f -5 -3 -4 
f -5 -4 -3 
f -5 -2 -3 
f -5 -3 -2 
f -3 -1 -4 
f -3 -4 -1 

g corn_2InfInt
s off

usemtl corn_2InfInt

# 30 vertices
v 77.8737 141.3 6.3156
v 78.03595 141.337 6.4419
v 77.9147 141.4958 6.3759
v 77.6588 141.2561 6.6045
v 77.8211 141.2931 6.7307
v 77.6999 141.4519 6.6647
v 77.6588 141.2561 6.6045
v 77.8211 141.2931 6.7307
v 77.6999 141.4519 6.6647
v 77.444 141.2122 6.8933
v 77.6062 141.2492 7.01966
v 77.485 141.408 6.9536
v 77.444 141.2122 6.8933
v 77.6062 141.2492 7.01966
v 77.485 141.408 6.9536
v 77.2292 141.1683 7.1822
v 77.3914 141.2053 7.3085
v 77.2702 141.3641 7.2425
v 77.2292 141.1683 7.1822
v 77.3914 141.2053 7.3085
v 77.2702 141.3641 7.2425
v 77.01437 141.1244 7.4711
v 77.1766 141.1614 7.5974
v 77.0554 141.3202 7.5313
v 77.01437 141.1244 7.4711
v 77.1766 141.1614 7.5974
v 77.0554 141.3202 7.5313
v 76.7995 141.0805 7.7599
v 76.9617 141.1175 7.8862
v 76.8405 141.2763 7.8202

# 30 faces
f -30 -27 -29 
f -29 -27 -26 
f -29 -26 -28 
f -28 -26 -25 
f -28 -25 -30 
f -30 -25 -27 
f -24 -21 -23 
f -23 -21 -20 
f -23 -20 -22 
f -22 -20 -19 
f -22 -19 -24 
f -24 -19 -21 
f -18 -15 -17 
f -17 -15 -14 
f -17 -14 -16 
f -16 -14 -13 
f -16 -13 -18 
f -18 -13 -15 
f -12 -9 -11 
f -11 -9 -8 
f -11 -8 -10 
f -10 -8 -7 
f -10 -7 -12 
f -12 -7 -9 
f -6 -3 -5 
f -5 -3 -2 
f -5 -2 -4 
f -4 -2 -1 
f -4 -1 -6 
f -6 -1 -3 

g corn_2Pdcel
s off

usemtl corn_2Pdcel

# 30 vertices
v 76.8068 141.0823 7.7508
v 76.9581 141.1166 7.8907
v 76.8369 141.2754 7.8247
v 76.4951 140.9935 8.1096
v 76.6463 141.0278 8.2495
v 76.5251 141.1866 8.1835
v 76.4951 140.9935 8.1096
v 76.6463 141.0278 8.2495
v 76.5251 141.1866 8.1835
v 76.1689 140.8778 8.4302
v 76.3084 140.9083 8.5827
v 76.1872 141.0671 8.5167
v 76.1689 140.8778 8.4302
v 76.3084 140.9083 8.5827
v 76.1872 141.0671 8.5167
v 75.8242 140.7346 8.7185
v 75.9511 140.7602 8.8825
v 75.8298 140.919 8.8165
v 75.8242 140.7346 8.7185
v 75.9511 140.7602 8.8825
v 75.8298 140.919 8.8165
v 75.4642 140.5651 8.9719
v 75.5778 140.5849 9.1461
v 75.4566 140.7436 9.08013
v 75.4642 140.5651 8.9719
v 75.5778 140.5849 9.1461
v 75.4566 140.7436 9.08013
v 75.09251 140.371 9.1879
v 75.1923 140.384 9.3709
v 75.07114 140.5428 9.3049

# 30 faces
f -30 -27 -29 
f -29 -27 -26 
f -29 -26 -28 
f -28 -26 -25 
f -28 -25 -30 
f -30 -25 -27 
f -24 -21 -23 
f -23 -21 -20 
f -23 -20 -22 
f -22 -20 -19 
f -22 -19 -24 
f -24 -19 -21 
f -18 -15 -17 
f -17 -15 -14 
f -17 -14 -16 
f -16 -14 -13 
f -16 -13 -18 
f -18 -13 -15 
f -12 -9 -11 
f -11 -9 -8 
f -11 -8 -10 
f -10 -8 -7 
f -10 -7 -12 
f -12 -7 -9 
f -6 -3 -5 
f -5 -3 -2 
f -5 -2 -4 
f -4 -2 -1 
f -4 -1 -6 
f -6 -1 -3 

g corn_2Petal1
s off

usemtl corn_2Petal1

# 6 vertices
v 75.1187 140.4329 9.2884
v 74.6198 140.1012 9.5274
v 74.5276 140.2965 9.5186
v 73.9139 139.9205 9.5588
v 74.1605 139.9196 9.5169
v 74.05227 140.0806 9.4878

# 8 faces
f -6 -5 -4 
f -6 -4 -5 
f -5 -3 -4 
f -5 -4 -3 
f -5 -2 -3 
f -5 -3 -2 
f -3 -1 -4 
f -3 -4 -1 

g corn_2Petal1
s off

usemtl corn_2Petal1

# 6 vertices
v 75.1187 140.4329 9.2884
v 74.6895 140.2499 9.7338
v 74.6427 140.1036 9.5817
v 74.3358 139.7499 10.1297
v 74.4899 139.9321 10.05511
v 74.4553 139.775 9.9429

# 8 faces
f -6 -5 -4 
f -6 -4 -5 
f -5 -3 -4 
f -5 -4 -3 
f -5 -2 -3 
f -5 -3 -2 
f -3 -1 -4 
f -3 -4 -1 

g corn_2Petal1
s off

usemtl corn_2Petal1

# 6 vertices
v 75.1187 140.4329 9.2884
v 74.5324 140.3495 9.5441
v 74.6509 140.2958 9.7167
v 74.03873 140.4203 10.07616
v 74.169 140.4465 9.8643
v 74.2584 140.4245 10.03748

# 8 faces
f -6 -5 -4 
f -6 -4 -5 
f -5 -3 -4 
f -5 -4 -3 
f -5 -2 -3 
f -5 -3 -2 
f -3 -1 -4 
f -3 -4 -1 

g corn_2InfInt
s off

usemtl corn_2InfInt

# 30 vertices
v 76.9648 141.155 7.8942
v 76.8145 141.2646 7.7991
v 76.8248 141.0558 7.775
v 76.7499 141.1111 8.1831
v 76.5997 141.2207 8.08801
v 76.6099 141.0119 8.06391
v 76.7499 141.1111 8.1831
v 76.5997 141.2207 8.08801
v 76.6099 141.0119 8.06391
v 76.5351 141.0672 8.4719
v 76.3849 141.1768 8.3768
v 76.3951 140.968 8.3527
v 76.5351 141.0672 8.4719
v 76.3849 141.1768 8.3768
v 76.3951 140.968 8.3527
v 76.3203 141.0233 8.7608
v 76.17 141.1329 8.6657
v 76.1803 140.9241 8.6416
v 76.3203 141.0233 8.7608
v 76.17 141.1329 8.6657
v 76.1803 140.9241 8.6416
v 76.1054 140.9794 9.04971
v 75.9552 141.089 8.9546
v 75.9654 140.8802 8.9305
v 76.1054 140.9794 9.04971
v 75.9552 141.089 8.9546
v 75.9654 140.8802 8.9305
v 75.8906 140.9355 9.3385
v 75.7403 141.0451 9.2434
v 75.7506 140.8363 9.2193

# 30 faces
f -30 -27 -29 
f -29 -27 -26 
f -29 -26 -28 
f -28 -26 -25 
f -28 -25 -30 
f -30 -25 -27 
f -24 -21 -23 
f -23 -21 -20 
f -23 -20 -22 
f -22 -20 -19 
f -22 -19 -24 
f -24 -19 -21 
f -18 -15 -17 
f -17 -15 -14 
f -17 -14 -16 
f -16 -14 -13 
f -16 -13 -18 
f -18 -13 -15 
f -12 -9 -11 
f -11 -9 -8 
f -11 -8 -10 
f -10 -8 -7 
f -10 -7 -12 
f -12 -7 -9 
f -6 -3 -5 
f -5 -3 -2 
f -5 -2 -4 
f -4 -2 -1 
f -4 -1 -6 
f -6 -1 -3 

g corn_2Pdcel
s off

usemtl corn_2Pdcel

# 30 vertices
v 75.8972 140.9369 9.3288
v 75.7371 141.0444 9.2483
v 75.7474 140.8356 9.2242
v 75.6502 140.8773 9.7402
v 75.4902 140.9847 9.6597
v 75.5004 140.776 9.6356
v 75.6502 140.8773 9.7402
v 75.4902 140.9847 9.6597
v 75.5004 140.776 9.6356
v 75.4507 140.8186 10.1636
v 75.2823 140.9239 10.09864
v 75.2926 140.7151 10.07454
v 75.4507 140.8186 10.1636
v 75.2823 140.9239 10.09864
v 75.2926 140.7151 10.07454
v 75.2939 140.76 10.6046
v 75.1189 140.863 10.5559
v 75.1291 140.6543 10.5318
v 75.2939 140.76 10.6046
v 75.1189 140.863 10.5559
v 75.1291 140.6543 10.5318
v 75.1815 140.702 11.05909
v 75.00143 140.8029 11.02716
v 75.01169 140.5941 11.00307
v 75.1815 140.702 11.05909
v 75.00143 140.8029 11.02716
v 75.01169 140.5941 11.00307
v 75.1145 140.6452 11.5225
v 74.931 140.7439 11.5078
v 74.9412 140.5352 11.4837

# 30 faces
f -30 -27 -29 
f -29 -27 -26 
f -29 -26 -28 
f -28 -26 -25 
f -28 -25 -30 
f -30 -25 -27 
f -24 -21 -23 
f -23 -21 -20 
f -23 -20 -22 
f -22 -20 -19 
f -22 -19 -24 
f -24 -19 -21 
f -18 -15 -17 
f -17 -15 -14 
f -17 -14 -16 
f -16 -14 -13 
f -16 -13 -18 
f -18 -13 -15 
f -12 -9 -11 
f -11 -9 -8 
f -11 -8 -10 
f -10 -8 -7 
f -10 -7 -12 
f -12 -7 -9 
f -6 -3 -5 
f -5 -3 -2 
f -5 -2 -4 
f -4 -2 -1 
f -4 -1 -6 
f -6 -1 -3 

g corn_2Petal1
s off

usemtl corn_2Petal1

# 6 vertices
v 74.995 140.6414 11.5046
v 74.9788 140.648 12.1494
v 74.9267 140.4407 12.1179
v 75.1263 140.3688 12.8068
v 75.1272 140.5087 12.5995
v 75.1092 140.3136 12.5913

# 8 faces
f -6 -5 -4 
f -6 -4 -5 
f -5 -3 -4 
f -5 -4 -3 
f -5 -2 -3 
f -5 -3 -2 
f -3 -1 -4 
f -3 -4 -1 

g corn_2Petal1
s off

usemtl corn_2Petal1

# 6 vertices
v 74.995 140.6414 11.5046
v 74.7589 140.5817 12.1019
v 74.9625 140.6334 12.1527
v 74.6766 140.7978 12.7935
v 74.639 140.7477 12.5515
v 74.8087 140.8224 12.6154

# 8 faces
f -6 -5 -4 
f -6 -4 -5 
f -5 -3 -4 
f -5 -4 -3 
f -5 -2 -3 
f -5 -3 -2 
f -3 -1 -4 
f -3 -4 -1 

g corn_2Petal1
s off

usemtl corn_2Petal1

# 6 vertices
v 74.995 140.6414 11.5046
v 74.9327 140.4218 12.1079
v 74.7764 140.5711 12.1116
v 74.5422 140.1967 12.6812
v 74.6898 140.2052 12.4796
v 74.5263 140.3128 12.4914

# 8 faces
f -6 -5 -4 
f -6 -4 -5 
f -5 -3 -4 
f -5 -4 -3 
f -5 -2 -3 
f -5 -3 -2 
f -3 -1 -4 
f -3 -4 -1 

g corn_2InfInt
s off

usemtl corn_2InfInt

# 30 vertices
v 82.348 142.2162 0.5685
v 82.1596 142.289 0.5152
v 82.2093 142.2621 0.7179
v 82.4752 142.5556 0.5825
v 82.2868 142.6284 0.5292
v 82.3365 142.6014 0.7319
v 82.4752 142.5556 0.5825
v 82.2868 142.6284 0.5292
v 82.3365 142.6014 0.7319
v 82.6024 142.8949 0.5965
v 82.414 142.9677 0.5432
v 82.4637 142.9407 0.7458
v 82.6024 142.8949 0.5965
v 82.414 142.9677 0.5432
v 82.4637 142.9407 0.7458
v 82.7296 143.2343 0.6105
v 82.5412 143.3071 0.5572
v 82.5909 143.2801 0.7598
v 82.7296 143.2343 0.6105
v 82.5412 143.3071 0.5572
v 82.5909 143.2801 0.7598
v 82.8568 143.5736 0.6245
v 82.6684 143.6464 0.5712
v 82.7181 143.6194 0.7738
v 82.8568 143.5736 0.6245
v 82.6684 143.6464 0.5712
v 82.7181 143.6194 0.7738
v 82.984 143.9129 0.6385
v 82.7956 143.9857 0.5852
v 82.8453 143.9588 0.7878

# 30 faces
f -30 -27 -29 
f -29 -27 -26 
f -29 -26 -28 
f -28 -26 -25 
f -28 -25 -30 
f -30 -25 -27 
f -24 -21 -23 
f -23 -21 -20 
f -23 -20 -22 
f -22 -20 -19 
f -22 -19 -24 
f -24 -19 -21 
f -18 -15 -17 
f -17 -15 -14 
f -17 -14 -16 
f -16 -14 -13 
f -16 -13 -18 
f -18 -13 -15 
f -12 -9 -11 
f -11 -9 -8 
f -11 -8 -10 
f -10 -8 -7 
f -10 -7 -12 
f -12 -7 -9 
f -6 -3 -5 
f -5 -3 -2 
f -5 -2 -4 
f -4 -2 -1 
f -4 -1 -6 
f -6 -1 -3 

g corn_2InfInt
s off

usemtl corn_2InfInt

# 30 vertices
v 82.9089 144.0347 0.5889
v 82.9182 143.9587 0.7832
v 82.7968 143.8657 0.6388
v 83.1864 143.8222 0.4924
v 83.1958 143.7462 0.6867
v 83.07438 143.6531 0.5423
v 83.1864 143.8222 0.4924
v 83.1958 143.7462 0.6867
v 83.07438 143.6531 0.5423
v 83.464 143.6096 0.3959
v 83.4733 143.5336 0.5903
v 83.3519 143.4406 0.4459
v 83.464 143.6096 0.3959
v 83.4733 143.5336 0.5903
v 83.3519 143.4406 0.4459
v 83.7416 143.397 0.2995
v 83.7509 143.321 0.4938
v 83.6294 143.228 0.3494
v 83.7416 143.397 0.2995
v 83.7509 143.321 0.4938
v 83.6294 143.228 0.3494
v 84.01917 143.1845 0.203
v 84.02847 143.1084 0.3974
v 83.907 143.0154 0.253
v 84.01917 143.1845 0.203
v 84.02847 143.1084 0.3974
v 83.907 143.0154 0.253
v 84.2967 142.9719 0.1066
v 84.306 142.8959 0.3009
v 84.1846 142.8029 0.1565

# 30 faces
f -30 -27 -29 
f -29 -27 -26 
f -29 -26 -28 
f -28 -26 -25 
f -28 -25 -30 
f -30 -25 -27 
f -24 -21 -23 
f -23 -21 -20 
f -23 -20 -22 
f -22 -20 -19 
f -22 -19 -24 
f -24 -19 -21 
f -18 -15 -17 
f -17 -15 -14 
f -17 -14 -16 
f -16 -14 -13 
f -16 -13 -18 
f -18 -13 -15 
f -12 -9 -11 
f -11 -9 -8 
f -11 -8 -10 
f -10 -8 -7 
f -10 -7 -12 
f -12 -7 -9 
f -6 -3 -5 
f -5 -3 -2 
f -5 -2 -4 
f -4 -2 -1 
f -4 -1 -6 
f -6 -1 -3 

g corn_2Pdcel
s off

usemtl corn_2Pdcel

# 30 vertices
v 84.2874 142.9784 0.1101
v 84.3105 142.8926 0.2992
v 84.1891 142.7996 0.1548
v 84.6692 142.7285 -0.04988
v 84.6923 142.6427 0.1391
v 84.5709 142.5497 -0.005261
v 84.6692 142.7285 -0.04988
v 84.6923 142.6427 0.1391
v 84.5709 142.5497 -0.005261
v 85.04963 142.5203 -0.2355
v 85.08688 142.426 -0.05292
v 84.9654 142.333 -0.1973
v 85.04963 142.5203 -0.2355
v 85.08688 142.426 -0.05292
v 84.9654 142.333 -0.1973
v 85.4341 142.3492 -0.4486
v 85.4857 142.2477 -0.2734
v 85.3643 142.1547 -0.4178
v 85.4341 142.3492 -0.4486
v 85.4857 142.2477 -0.2734
v 85.3643 142.1547 -0.4178
v 85.819 142.2168 -0.6869
v 85.8851 142.1096 -0.5202
v 85.7636 142.0166 -0.6647
v 85.819 142.2168 -0.6869
v 85.8851 142.1096 -0.5202
v 85.7636 142.0166 -0.6647
v 86.2006 142.1244 -0.9483
v 86.2811 142.013 -0.791
v 86.1597 141.92 -0.9354

# 30 faces
f -30 -27 -29 
f -29 -27 -26 
f -29 -26 -28 
f -28 -26 -25 
f -28 -25 -30 
f -30 -25 -27 
f -24 -21 -23 
f -23 -21 -20 
f -23 -20 -22 
f -22 -20 -19 
f -22 -19 -24 
f -24 -19 -21 
f -18 -15 -17 
f -17 -15 -14 
f -17 -14 -16 
f -16 -14 -13 
f -16 -13 -18 
f -18 -13 -15 
f -12 -9 -11 
f -11 -9 -8 
f -11 -8 -10 
f -10 -8 -7 
f -10 -7 -12 
f -12 -7 -9 
f -6 -3 -5 
f -5 -3 -2 
f -5 -2 -4 
f -4 -2 -1 
f -4 -1 -6 
f -6 -1 -3 

g corn_2Petal1
s off

usemtl corn_2Petal1

# 6 vertices
v 86.2139 142.0186 -0.8913
v 86.7552 141.9896 -1.241
v 86.6401 141.8406 -1.3472
v 87.1221 141.9566 -1.8704
v 87.01965 142.0341 -1.6559
v 86.9208 141.9201 -1.7812

# 8 faces
f -6 -5 -4 
f -6 -4 -5 
f -5 -3 -4 
f -5 -4 -3 
f -5 -2 -3 
f -5 -3 -2 
f -3 -1 -4 
f -3 -4 -1 

g corn_2Petal1
s off

usemtl corn_2Petal1

# 6 vertices
v 86.2139 142.0186 -0.8913
v 86.7506 141.7624 -1.1411
v 86.7683 141.9614 -1.2236
v 87.4593 141.7764 -1.3128
v 87.2394 141.7278 -1.2041
v 87.2874 141.9091 -1.2615

# 8 faces
f -6 -5 -4 
f -6 -4 -5 
f -5 -3 -4 
f -5 -4 -3 
f -5 -2 -3 
f -5 -3 -2 
f -3 -1 -4 
f -3 -4 -1 

g corn_2Petal1
s off

usemtl corn_2Petal1

# 6 vertices
v 86.2139 142.0186 -0.8913
v 86.6195 141.8116 -1.3482
v 86.734 141.7532 -1.1744
v 87.07343 141.3221 -1.6419
v 86.8757 141.4671 -1.5926
v 86.9777 141.3807 -1.4491

# 8 faces
f -6 -5 -4 
f -6 -4 -5 
f -5 -3 -4 
f -5 -4 -3 
f -5 -2 -3 
f -5 -3 -2 
f -3 -1 -4 
f -3 -4 -1 

g corn_2InfInt
s off

usemtl corn_2InfInt

# 30 vertices
v 84.2836 142.8649 0.3047
v 84.1866 142.8197 0.1253
v 84.3168 142.9845 0.1367
v 84.5612 142.6523 0.2083
v 84.4642 142.6071 0.02892
v 84.5944 142.7719 0.04034
v 84.5612 142.6523 0.2083
v 84.4642 142.6071 0.02892
v 84.5944 142.7719 0.04034
v 84.8387 142.4398 0.1118
v 84.7417 142.3945 -0.06752
v 84.8719 142.5594 -0.05611
v 84.8387 142.4398 0.1118
v 84.7417 142.3945 -0.06752
v 84.8719 142.5594 -0.05611
v 85.1163 142.2272 0.01542
v 85.01933 142.182 -0.1639
v 85.1495 142.3468 -0.1525
v 85.1163 142.2272 0.01542
v 85.01933 142.182 -0.1639
v 85.1495 142.3468 -0.1525
v 85.3938 142.0146 -0.08103
v 85.2968 141.9694 -0.2604
v 85.4271 142.1342 -0.249
v 85.3938 142.0146 -0.08103
v 85.2968 141.9694 -0.2604
v 85.4271 142.1342 -0.249
v 85.6714 141.802 -0.1774
v 85.5744 141.7568 -0.3568
v 85.7046 141.9217 -0.3454

# 30 faces
f -30 -27 -29 
f -29 -27 -26 
f -29 -26 -28 
f -28 -26 -25 
f -28 -25 -30 
f -30 -25 -27 
f -24 -21 -23 
f -23 -21 -20 
f -23 -20 -22 
f -22 -20 -19 
f -22 -19 -24 
f -24 -19 -21 
f -18 -15 -17 
f -17 -15 -14 
f -17 -14 -16 
f -16 -14 -13 
f -16 -13 -18 
f -18 -13 -15 
f -12 -9 -11 
f -11 -9 -8 
f -11 -8 -10 
f -10 -8 -7 
f -10 -7 -12 
f -12 -7 -9 
f -6 -3 -5 
f -5 -3 -2 
f -5 -2 -4 
f -4 -2 -1 
f -4 -1 -6 
f -6 -1 -3 

g corn_2Pdcel
s off

usemtl corn_2Pdcel

# 30 vertices
v 85.6622 141.8091 -0.1748
v 85.5789 141.7533 -0.3581
v 85.7091 141.9182 -0.3467
v 86.03892 141.5173 -0.2572
v 85.9556 141.4615 -0.4405
v 86.08585 141.6263 -0.4291
v 86.03892 141.5173 -0.2572
v 85.9556 141.4615 -0.4405
v 86.08585 141.6263 -0.4291
v 86.4092 141.2271 -0.2911
v 86.3398 141.1605 -0.4765
v 86.47 141.3253 -0.4651
v 86.4092 141.2271 -0.2911
v 86.3398 141.1605 -0.4765
v 86.47 141.3253 -0.4651
v 86.7788 140.9343 -0.2788
v 86.7233 140.8568 -0.4647
v 86.8535 141.0216 -0.4532
v 86.7788 140.9343 -0.2788
v 86.7233 140.8568 -0.4647
v 86.8535 141.0216 -0.4532
v 87.1442 140.6416 -0.2204
v 87.1025 140.5531 -0.4049
v 87.2327 140.7179 -0.3935
v 87.1442 140.6416 -0.2204
v 87.1025 140.5531 -0.4049
v 87.2327 140.7179 -0.3935
v 87.5017 140.352 -0.1165
v 87.4736 140.2525 -0.298
v 87.6038 140.4174 -0.2866

# 30 faces
f -30 -27 -29 
f -29 -27 -26 
f -29 -26 -28 
f -28 -26 -25 
f -28 -25 -30 
f -30 -25 -27 
f -24 -21 -23 
f -23 -21 -20 
f -23 -20 -22 
f -22 -20 -19 
f -22 -19 -24 
f -24 -19 -21 
f -18 -15 -17 
f -17 -15 -14 
f -17 -14 -16 
f -16 -14 -13 
f -16 -13 -18 
f -18 -13 -15 
f -12 -9 -11 
f -11 -9 -8 
f -11 -8 -10 
f -10 -8 -7 
f -10 -7 -12 
f -12 -7 -9 
f -6 -3 -5 
f -5 -3 -2 
f -5 -2 -4 
f -4 -2 -1 
f -4 -1 -6 
f -6 -1 -3 

g corn_2Petal1
s off

usemtl corn_2Petal1

# 6 vertices
v 87.5265 140.3406 -0.2342
v 87.9413 139.8945 -0.02187
v 88.08331 140.0498 -0.0714
v 88.5216 139.6762 0.362
v 88.2884 139.7192 0.2827
v 88.427 139.8575 0.2726

# 8 faces
f -6 -5 -4 
f -6 -4 -5 
f -5 -3 -4 
f -5 -4 -3 
f -5 -2 -3 
f -5 -3 -2 
f -3 -1 -4 
f -3 -4 -1 

g corn_2Petal1
s off

usemtl corn_2Petal1

# 6 vertices
v 87.5265 140.3406 -0.2342
v 88.01983 139.925 -0.2408
v 87.9584 139.8991 -0.03521
v 88.3341 139.2859 -0.08408
v 88.2246 139.4771 -0.2022
v 88.1648 139.4186 -0.02482

# 8 faces
f -6 -5 -4 
f -6 -4 -5 
f -5 -3 -4 
f -5 -4 -3 
f -5 -2 -3 
f -5 -3 -2 
f -3 -1 -4 
f -3 -4 -1 

g corn_2Petal1
s off

usemtl corn_2Petal1

# 6 vertices
v 87.5265 140.3406 -0.2342
v 88.08862 140.0711 -0.06837
v 88.02863 139.9297 -0.2204
v 88.7276 139.7537 -0.2194
v 88.5502 139.9171 -0.1532
v 88.5272 139.7978 -0.3072

# 8 faces
f -6 -5 -4 
f -6 -4 -5 
f -5 -3 -4 
f -5 -4 -3 
f -5 -2 -3 
f -5 -3 -2 
f -3 -1 -4 
f -3 -4 -1 

g corn_2InfInt
s off

usemtl corn_2InfInt

# 30 vertices
v 85.584 141.7818 -0.3844
v 85.7184 141.9249 -0.3129
v 85.6468 141.7736 -0.1854
v 85.8615 141.5692 -0.4809
v 85.9959 141.7123 -0.4093
v 85.9244 141.561 -0.2818
v 85.8615 141.5692 -0.4809
v 85.9959 141.7123 -0.4093
v 85.9244 141.561 -0.2818
v 86.1391 141.3567 -0.5773
v 86.2735 141.4997 -0.5058
v 86.202 141.3484 -0.3783
v 86.1391 141.3567 -0.5773
v 86.2735 141.4997 -0.5058
v 86.202 141.3484 -0.3783
v 86.4166 141.1441 -0.6738
v 86.551 141.2871 -0.6022
v 86.4795 141.1359 -0.4747
v 86.4166 141.1441 -0.6738
v 86.551 141.2871 -0.6022
v 86.4795 141.1359 -0.4747
v 86.6942 140.9315 -0.7702
v 86.8286 141.0746 -0.6987
v 86.7571 140.9233 -0.5712
v 86.6942 140.9315 -0.7702
v 86.8286 141.0746 -0.6987
v 86.7571 140.9233 -0.5712
v 86.9717 140.719 -0.8667
v 87.1061 140.862 -0.7952
v 87.03467 140.7107 -0.6676

# 30 faces
f -30 -27 -29 
f -29 -27 -26 
f -29 -26 -28 
f -28 -26 -25 
f -28 -25 -30 
f -30 -25 -27 
f -24 -21 -23 
f -23 -21 -20 
f -23 -20 -22 
f -22 -20 -19 
f -22 -19 -24 
f -24 -19 -21 
f -18 -15 -17 
f -17 -15 -14 
f -17 -14 -16 
f -16 -14 -13 
f -16 -13 -18 
f -18 -13 -15 
f -12 -9 -11 
f -11 -9 -8 
f -11 -8 -10 
f -10 -8 -7 
f -10 -7 -12 
f -12 -7 -9 
f -6 -3 -5 
f -5 -3 -2 
f -5 -2 -4 
f -4 -2 -1 
f -4 -1 -6 
f -6 -1 -3 

g corn_2Pdcel
s off

usemtl corn_2Pdcel

# 30 vertices
v 86.963 140.7261 -0.8631
v 87.1105 140.8585 -0.7969
v 87.03898 140.7072 -0.6694
v 87.3054 140.4264 -1.02665
v 87.4528 140.5587 -0.9604
v 87.3813 140.4074 -0.8329
v 87.3054 140.4264 -1.02665
v 87.4528 140.5587 -0.9604
v 87.3813 140.4074 -0.8329
v 87.6088 140.1207 -1.219
v 87.7682 140.2418 -1.1595
v 87.6967 140.0905 -1.032
v 87.6088 140.1207 -1.219
v 87.7682 140.2418 -1.1595
v 87.6967 140.0905 -1.032
v 87.8789 139.8048 -1.4421
v 88.04923 139.9142 -1.3903
v 87.9777 139.763 -1.2628
v 87.8789 139.8048 -1.4421
v 88.04923 139.9142 -1.3903
v 87.9777 139.763 -1.2628
v 88.1134 139.4819 -1.6936
v 88.2931 139.5793 -1.6508
v 88.2216 139.4281 -1.5233
v 88.1134 139.4819 -1.6936
v 88.2931 139.5793 -1.6508
v 88.2216 139.4281 -1.5233
v 88.3097 139.155 -1.9713
v 88.4976 139.2402 -1.9384
v 88.426 139.0889 -1.8108

# 30 faces
f -30 -27 -29 
f -29 -27 -26 
f -29 -26 -28 
f -28 -26 -25 
f -28 -25 -30 
f -30 -25 -27 
f -24 -21 -23 
f -23 -21 -20 
f -23 -20 -22 
f -22 -20 -19 
f -22 -19 -24 
f -24 -19 -21 
f -18 -15 -17 
f -17 -15 -14 
f -17 -14 -16 
f -16 -14 -13 
f -16 -13 -18 
f -18 -13 -15 
f -12 -9 -11 
f -11 -9 -8 
f -11 -8 -10 
f -10 -8 -7 
f -10 -7 -12 
f -12 -7 -9 
f -6 -3 -5 
f -5 -3 -2 
f -5 -2 -4 
f -4 -2 -1 
f -4 -1 -6 
f -6 -1 -3 

g corn_2Petal1
s off

usemtl corn_2Petal1

# 6 vertices
v 88.4116 139.1614 -1.9065
v 88.6241 138.7416 -2.3477
v 88.6114 138.6073 -2.1788
v 88.6194 138.0959 -2.6867
v 88.59 138.3376 -2.6301
v 88.556 138.1967 -2.498

# 8 faces
f -6 -5 -4 
f -6 -4 -5 
f -5 -3 -4 
f -5 -4 -3 
f -5 -2 -3 
f -5 -3 -2 
f -3 -1 -4 
f -3 -4 -1 

g corn_2Petal1
s off

usemtl corn_2Petal1

# 6 vertices
v 88.4116 139.1614 -1.9065
v 88.8343 138.765 -2.19
v 88.6796 138.7607 -2.3409
v 89.2103 138.5177 -2.7638
v 89.1441 138.629 -2.5499
v 89.0299 138.637 -2.7091

# 8 faces
f -6 -5 -4 
f -6 -4 -5 
f -5 -3 -4 
f -5 -4 -3 
f -5 -2 -3 
f -5 -3 -2 
f -3 -1 -4 
f -3 -4 -1 

g corn_2Petal1
s off

usemtl corn_2Petal1

# 6 vertices
v 88.4116 139.1614 -1.9065
v 88.6372 138.5985 -2.1265
v 88.8154 138.7178 -2.154
v 89.144 138.0767 -2.1792
v 88.939 138.2075 -2.1206
v 89.1164 138.2911 -2.1239

# 8 faces
f -6 -5 -4 
f -6 -4 -5 
f -5 -3 -4 
f -5 -4 -3 
f -5 -2 -3 
f -5 -3 -2 
f -3 -1 -4 
f -3 -4 -1 

g corn_2InfInt
s off

usemtl corn_2InfInt

# 30 vertices
v 87.1144 140.8559 -0.7581
v 87.01224 140.6892 -0.6847
v 86.988 140.7485 -0.8851
v 87.3919 140.6434 -0.8546
v 87.2897 140.4766 -0.7812
v 87.2655 140.5359 -0.9815
v 87.3919 140.6434 -0.8546
v 87.2897 140.4766 -0.7812
v 87.2655 140.5359 -0.9815
v 87.6695 140.4308 -0.951
v 87.5673 140.2641 -0.8776
v 87.5431 140.3234 -1.07805
v 87.6695 140.4308 -0.951
v 87.5673 140.2641 -0.8776
v 87.5431 140.3234 -1.07805
v 87.9471 140.2182 -1.04755
v 87.8449 140.0515 -0.9741
v 87.8206 140.1108 -1.1745
v 87.9471 140.2182 -1.04755
v 87.8449 140.0515 -0.9741
v 87.8206 140.1108 -1.1745
v 88.2246 140.0057 -1.144
v 88.1224 139.8389 -1.07058
v 88.09825 139.8982 -1.2709
v 88.2246 140.0057 -1.144
v 88.1224 139.8389 -1.07058
v 88.09825 139.8982 -1.2709
v 88.5022 139.7931 -1.2404
v 88.4 139.6263 -1.167
v 88.3758 139.6857 -1.3674

# 30 faces
f -30 -27 -29 
f -29 -27 -26 
f -29 -26 -28 
f -28 -26 -25 
f -28 -25 -30 
f -30 -25 -27 
f -24 -21 -23 
f -23 -21 -20 
f -23 -20 -22 
f -22 -20 -19 
f -22 -19 -24 
f -24 -19 -21 
f -18 -15 -17 
f -17 -15 -14 
f -17 -14 -16 
f -16 -14 -13 
f -16 -13 -18 
f -18 -13 -15 
f -12 -9 -11 
f -11 -9 -8 
f -11 -8 -10 
f -10 -8 -7 
f -10 -7 -12 
f -12 -7 -9 
f -6 -3 -5 
f -5 -3 -2 
f -5 -2 -4 
f -4 -2 -1 
f -4 -1 -6 
f -6 -1 -3 

g corn_2Pdcel
s off

usemtl corn_2Pdcel

# 30 vertices
v 88.4927 139.7996 -1.2373
v 88.4046 139.6231 -1.1685
v 88.3804 139.6824 -1.3689
v 88.891 139.5535 -1.3583
v 88.8029 139.3771 -1.2895
v 88.7787 139.4364 -1.4898
v 88.891 139.5535 -1.3583
v 88.8029 139.3771 -1.2895
v 88.7787 139.4364 -1.4898
v 89.3037 139.3528 -1.4676
v 89.2306 139.168 -1.403
v 89.2064 139.2273 -1.6034
v 89.3037 139.3528 -1.4676
v 89.2306 139.168 -1.403
v 89.2064 139.2273 -1.6034
v 89.7361 139.1927 -1.5672
v 89.6789 139.0012 -1.5066
v 89.6547 139.0605 -1.7069
v 89.7361 139.1927 -1.5672
v 89.6789 139.0012 -1.5066
v 89.6547 139.0605 -1.7069
v 90.1841 139.0749 -1.6562
v 90.1434 138.8781 -1.5991
v 90.1192 138.9374 -1.7995
v 90.1841 139.0749 -1.6562
v 90.1434 138.8781 -1.5991
v 90.1192 138.9374 -1.7995
v 90.6434 139.0005 -1.7337
v 90.6198 138.8001 -1.6798
v 90.5956 138.8594 -1.8801

# 30 faces
f -30 -27 -29 
f -29 -27 -26 
f -29 -26 -28 
f -28 -26 -25 
f -28 -25 -30 
f -30 -25 -27 
f -24 -21 -23 
f -23 -21 -20 
f -23 -20 -22 
f -22 -20 -19 
f -22 -19 -24 
f -24 -19 -21 
f -18 -15 -17 
f -17 -15 -14 
f -17 -14 -16 
f -16 -14 -13 
f -16 -13 -18 
f -18 -13 -15 
f -12 -9 -11 
f -11 -9 -8 
f -11 -8 -10 
f -10 -8 -7 
f -10 -7 -12 
f -12 -7 -9 
f -6 -3 -5 
f -5 -3 -2 
f -5 -2 -4 
f -4 -2 -1 
f -4 -1 -6 
f -6 -1 -3 

g corn_2Petal1
s off

usemtl corn_2Petal1

# 6 vertices
v 90.6195 138.8861 -1.7647
v 91.2551 138.8049 -1.6905
v 91.2494 138.8199 -1.906
v 91.9523 138.9625 -1.8349
v 91.7282 138.9425 -1.7258
v 91.7458 138.9841 -1.9167

# 8 faces
f -6 -5 -4 
f -6 -4 -5 
f -5 -3 -4 
f -5 -4 -3 
f -5 -2 -3 
f -5 -3 -2 
f -3 -1 -4 
f -3 -4 -1 

g corn_2Petal1
s off

usemtl corn_2Petal1

# 6 vertices
v 90.6195 138.8861 -1.7647
v 91.2311 138.7131 -1.8749
v 91.2683 138.8904 -1.7571
v 91.9216 138.5984 -1.6704
v 91.6834 138.5675 -1.7397
v 91.7354 138.7059 -1.6109

# 8 faces
f -6 -5 -4 
f -6 -4 -5 
f -5 -3 -4 
f -5 -4 -3 
f -5 -2 -3 
f -5 -3 -2 
f -3 -1 -4 
f -3 -4 -1 

g corn_2Petal1
s off

usemtl corn_2Petal1

# 6 vertices
v 90.6195 138.8861 -1.7647
v 91.2561 138.9201 -1.8629
v 91.2481 138.7251 -1.7699
v 91.898 138.6432 -2.07082
v 91.6842 138.7725 -2.06047
v 91.6925 138.584 -2.006801

# 8 faces
f -6 -5 -4 
f -6 -4 -5 
f -5 -3 -4 
f -5 -4 -3 
f -5 -2 -3 
f -5 -3 -2 
f -3 -1 -4 
f -3 -4 -1 

g corn_2InfInt
s off

usemtl corn_2InfInt

# 30 vertices
v 88.3782 139.6103 -1.1943
v 88.3953 139.7144 -1.3746
v 88.5027 139.7778 -1.2052
v 88.6558 139.3978 -1.2908
v 88.6728 139.5018 -1.4711
v 88.7802 139.5652 -1.3017
v 88.6558 139.3978 -1.2908
v 88.6728 139.5018 -1.4711
v 88.7802 139.5652 -1.3017
v 88.9333 139.1852 -1.3872
v 88.9504 139.2893 -1.5675
v 89.05782 139.3526 -1.3981
v 88.9333 139.1852 -1.3872
v 88.9504 139.2893 -1.5675
v 89.05782 139.3526 -1.3981
v 89.2109 138.9726 -1.4837
v 89.2279 139.0767 -1.664
v 89.3353 139.14 -1.4946
v 89.2109 138.9726 -1.4837
v 89.2279 139.0767 -1.664
v 89.3353 139.14 -1.4946
v 89.4884 138.7601 -1.5801
v 89.5055 138.8641 -1.7604
v 89.6129 138.9275 -1.591
v 89.4884 138.7601 -1.5801
v 89.5055 138.8641 -1.7604
v 89.6129 138.9275 -1.591
v 89.766 138.5475 -1.6766
v 89.783 138.6516 -1.8569
v 89.8905 138.7149 -1.6875

# 30 faces
f -30 -27 -29 
f -29 -27 -26 
f -29 -26 -28 
f -28 -26 -25 
f -28 -25 -30 
f -30 -25 -27 
f -24 -21 -23 
f -23 -21 -20 
f -23 -20 -22 
f -22 -20 -19 
f -22 -19 -24 
f -24 -19 -21 
f -18 -15 -17 
f -17 -15 -14 
f -17 -14 -16 
f -16 -14 -13 
f -16 -13 -18 
f -18 -13 -15 
f -12 -9 -11 
f -11 -9 -8 
f -11 -8 -10 
f -10 -8 -7 
f -10 -7 -12 
f -12 -7 -9 
f -6 -3 -5 
f -5 -3 -2 
f -5 -2 -4 
f -4 -2 -1 
f -4 -1 -6 
f -6 -1 -3 

g corn_2Pdcel
s off

usemtl corn_2Pdcel

# 30 vertices
v 89.7572 138.5549 -1.6737
v 89.7874 138.6479 -1.8583
v 89.8948 138.7113 -1.6889
v 90.1069 138.2372 -1.7766
v 90.1371 138.3302 -1.9612
v 90.2445 138.3936 -1.7918
v 90.1069 138.2372 -1.7766
v 90.1371 138.3302 -1.9612
v 90.2445 138.3936 -1.7918
v 90.4246 137.8964 -1.8506
v 90.4672 137.9772 -2.03847
v 90.5746 138.0406 -1.869
v 90.4246 137.8964 -1.8506
v 90.4672 137.9772 -2.03847
v 90.5746 138.0406 -1.869
v 90.716 137.5285 -1.8977
v 90.7701 137.596 -2.08793
v 90.8775 137.6594 -1.9185
v 90.716 137.5285 -1.8977
v 90.7701 137.596 -2.08793
v 90.8775 137.6594 -1.9185
v 90.9784 137.137 -1.9177
v 91.04296 137.1903 -2.1091
v 91.1503 137.2536 -1.9397
v 90.9784 137.137 -1.9177
v 91.04296 137.1903 -2.1091
v 91.1503 137.2536 -1.9397
v 91.2092 136.7257 -1.9102
v 91.283 136.7639 -2.1018
v 91.3904 136.8272 -1.9324

# 30 faces
f -30 -27 -29 
f -29 -27 -26 
f -29 -26 -28 
f -28 -26 -25 
f -28 -25 -30 
f -30 -25 -27 
f -24 -21 -23 
f -23 -21 -20 
f -23 -20 -22 
f -22 -20 -19 
f -22 -19 -24 
f -24 -19 -21 
f -18 -15 -17 
f -17 -15 -14 
f -17 -14 -16 
f -16 -14 -13 
f -16 -13 -18 
f -18 -13 -15 
f -12 -9 -11 
f -11 -9 -8 
f -11 -8 -10 
f -10 -8 -7 
f -10 -7 -12 
f -12 -7 -9 
f -6 -3 -5 
f -5 -3 -2 
f -5 -2 -4 
f -4 -2 -1 
f -4 -1 -6 
f -6 -1 -3 

g corn_2Petal1
s off

usemtl corn_2Petal1

# 6 vertices
v 91.2946 136.7725 -1.9818
v 91.5324 136.1734 -1.9555
v 91.6818 136.2728 -1.835
v 91.8261 135.6049 -1.6057
v 91.6685 135.7587 -1.7242
v 91.7943 135.8251 -1.5892

# 8 faces
f -6 -5 -4 
f -6 -4 -5 
f -5 -3 -4 
f -5 -4 -3 
f -5 -2 -3 
f -5 -3 -2 
f -3 -1 -4 
f -3 -4 -1 

g corn_2Petal1
s off

usemtl corn_2Petal1

# 6 vertices
v 91.2946 136.7725 -1.9818
v 91.7113 136.2959 -2.1057
v 91.557 136.1796 -2.008798
v 91.883 135.6247 -2.3333
v 91.8526 135.8723 -2.317
v 91.712 135.748 -2.2602

# 8 faces
f -6 -5 -4 
f -6 -4 -5 
f -5 -3 -4 
f -5 -4 -3 
f -5 -2 -3 
f -5 -3 -2 
f -3 -1 -4 
f -3 -4 -1 

g corn_2Petal1
s off

usemtl corn_2Petal1

# 6 vertices
v 91.2946 136.7725 -1.9818
v 91.7247 136.3129 -1.8409
v 91.7455 136.3117 -2.05609
v 92.3703 135.9816 -1.914
v 92.1778 136.1164 -1.8286
v 92.2316 136.1227 -2.01712

# 8 faces
f -6 -5 -4 
f -6 -4 -5 
f -5 -3 -4 
f -5 -4 -3 
f -5 -2 -3 
f -5 -3 -2 
f -3 -1 -4 
f -3 -4 -1 

g corn_2InfInt
s off

usemtl corn_2InfInt

# 30 vertices
v 89.8071 138.6813 -1.8535
v 89.884 138.6939 -1.6597
v 89.749 138.5406 -1.7103
v 90.08466 138.4688 -1.9499
v 90.1616 138.4813 -1.7561
v 90.02664 138.3281 -1.8068
v 90.08466 138.4688 -1.9499
v 90.1616 138.4813 -1.7561
v 90.02664 138.3281 -1.8068
v 90.3622 138.2562 -2.04641
v 90.4391 138.2687 -1.8526
v 90.3042 138.1155 -1.9033
v 90.3622 138.2562 -2.04641
v 90.4391 138.2687 -1.8526
v 90.3042 138.1155 -1.9033
v 90.6397 138.0436 -2.1428
v 90.7167 138.0562 -1.949
v 90.5817 137.9029 -1.9997
v 90.6397 138.0436 -2.1428
v 90.7167 138.0562 -1.949
v 90.5817 137.9029 -1.9997
v 90.9173 137.8311 -2.2393
v 90.9942 137.8436 -2.04552
v 90.8593 137.6904 -2.09622
v 90.9173 137.8311 -2.2393
v 90.9942 137.8436 -2.04552
v 90.8593 137.6904 -2.09622
v 91.1948 137.6185 -2.3357
v 91.2718 137.631 -2.1419
v 91.1368 137.4778 -2.1926

# 30 faces
f -30 -27 -29 
f -29 -27 -26 
f -29 -26 -28 
f -28 -26 -25 
f -28 -25 -30 
f -30 -25 -27 
f -24 -21 -23 
f -23 -21 -20 
f -23 -20 -22 
f -22 -20 -19 
f -22 -19 -24 
f -24 -19 -21 
f -18 -15 -17 
f -17 -15 -14 
f -17 -14 -16 
f -16 -14 -13 
f -16 -13 -18 
f -18 -13 -15 
f -12 -9 -11 
f -11 -9 -8 
f -11 -8 -10 
f -10 -8 -7 
f -10 -7 -12 
f -12 -7 -9 
f -6 -3 -5 
f -5 -3 -2 
f -5 -2 -4 
f -4 -2 -1 
f -4 -1 -6 
f -6 -1 -3 

g corn_2Pdcel
s off

usemtl corn_2Pdcel

# 30 vertices
v 91.1858 137.6252 -2.332
v 91.2762 137.6277 -2.1438
v 91.1413 137.4745 -2.1944
v 91.5516 137.36 -2.5043
v 91.642 137.3624 -2.316
v 91.5071 137.2092 -2.3667
v 91.5516 137.36 -2.5043
v 91.642 137.3624 -2.316
v 91.5071 137.2092 -2.3667
v 91.9007 137.1217 -2.7137
v 92.00448 137.1149 -2.5325
v 91.8695 136.9617 -2.5832
v 91.9007 137.1217 -2.7137
v 92.00448 137.1149 -2.5325
v 91.8695 136.9617 -2.5832
v 92.2388 136.9061 -2.962
v 92.3555 136.8907 -2.7894
v 92.2205 136.7375 -2.8401
v 92.2388 136.9061 -2.962
v 92.3555 136.8907 -2.7894
v 92.2205 136.7375 -2.8401
v 92.5627 136.7151 -3.2469
v 92.6918 136.692 -3.08432
v 92.5568 136.5388 -3.135
v 92.5627 136.7151 -3.2469
v 92.6918 136.692 -3.08432
v 92.5568 136.5388 -3.135
v 92.8692 136.5505 -3.5655
v 93.01015 136.5207 -3.4142
v 92.8752 136.3675 -3.4649

# 30 faces
f -30 -27 -29 
f -29 -27 -26 
f -29 -26 -28 
f -28 -26 -25 
f -28 -25 -30 
f -30 -25 -27 
f -24 -21 -23 
f -23 -21 -20 
f -23 -20 -22 
f -22 -20 -19 
f -22 -19 -24 
f -24 -19 -21 
f -18 -15 -17 
f -17 -15 -14 
f -17 -14 -16 
f -16 -14 -13 
f -16 -13 -18 
f -18 -13 -15 
f -12 -9 -11 
f -11 -9 -8 
f -11 -8 -10 
f -10 -8 -7 
f -10 -7 -12 
f -12 -7 -9 
f -6 -3 -5 
f -5 -3 -2 
f -5 -2 -4 
f -4 -2 -1 
f -4 -1 -6 
f -6 -1 -3 

g corn_2Petal1
s off

usemtl corn_2Petal1

# 6 vertices
v 92.9184 136.4792 -3.4811
v 93.3634 136.3794 -3.9373
v 93.2585 136.191 -3.9526
v 93.5804 136.1557 -4.5966
v 93.5152 136.2955 -4.3998
v 93.4149 136.1342 -4.4485

# 8 faces
f -6 -5 -4 
f -6 -4 -5 
f -5 -3 -4 
f -5 -4 -3 
f -5 -2 -3 
f -5 -3 -2 
f -3 -1 -4 
f -3 -4 -1 

g corn_2Petal1
s off

usemtl corn_2Petal1

# 6 vertices
v 92.9184 136.4792 -3.4811
v 93.3926 136.1955 -3.8139
v 93.3462 136.3544 -3.9528
v 93.9995 136.205 -4.2181
v 93.8364 136.1799 -4.03028
v 93.8292 136.3332 -4.1522

# 8 faces
f -6 -5 -4 
f -6 -4 -5 
f -5 -3 -4 
f -5 -4 -3 
f -5 -2 -3 
f -5 -3 -2 
f -3 -1 -4 
f -3 -4 -1 

g corn_2Petal1
s off

usemtl corn_2Petal1

# 6 vertices
v 92.9184 136.4792 -3.4811
v 93.2324 136.2018 -3.9716
v 93.3977 136.2202 -3.8336
v 93.7008 135.7198 -4.2547
v 93.4932 135.8409 -4.1854
v 93.6459 135.8215 -4.06385

# 8 faces
f -6 -5 -4 
f -6 -4 -5 
f -5 -3 -4 
f -5 -4 -3 
f -5 -2 -3 
f -5 -3 -2 
f -3 -1 -4 
f -3 -4 -1 

g corn_2InfInt
s off

usemtl corn_2InfInt

# 30 vertices
v 82.7741 143.9925 0.6163
v 82.8783 143.9462 0.7913
v 82.9695 143.9198 0.6036
v 82.9013 144.3319 0.6303
v 83.00558 144.2856 0.8053
v 83.09675 144.2591 0.6176
v 82.9013 144.3319 0.6303
v 83.00558 144.2856 0.8053
v 83.09675 144.2591 0.6176
v 83.02854 144.6712 0.6443
v 83.1327 144.6249 0.8193
v 83.2239 144.5985 0.6316
v 83.02854 144.6712 0.6443
v 83.1327 144.6249 0.8193
v 83.2239 144.5985 0.6316
v 83.1557 145.0105 0.6583
v 83.2599 144.9642 0.8333
v 83.3511 144.9378 0.6456
v 83.1557 145.0105 0.6583
v 83.2599 144.9642 0.8333
v 83.3511 144.9378 0.6456
v 83.2829 145.3499 0.6723
v 83.3871 145.3036 0.8473
v 83.4783 145.2772 0.6596
v 83.2829 145.3499 0.6723
v 83.3871 145.3036 0.8473
v 83.4783 145.2772 0.6596
v 83.4101 145.6892 0.6863
v 83.5143 145.6429 0.8613
v 83.6055 145.6165 0.6736

# 30 faces
f -30 -27 -29 
f -29 -27 -26 
f -29 -26 -28 
f -28 -26 -25 
f -28 -25 -30 
f -30 -25 -27 
f -24 -21 -23 
f -23 -21 -20 
f -23 -20 -22 
f -22 -20 -19 
f -22 -19 -24 
f -24 -19 -21 
f -18 -15 -17 
f -17 -15 -14 
f -17 -14 -16 
f -16 -14 -13 
f -16 -13 -18 
f -18 -13 -15 
f -12 -9 -11 
f -11 -9 -8 
f -11 -8 -10 
f -10 -8 -7 
f -10 -7 -12 
f -12 -7 -9 
f -6 -3 -5 
f -5 -3 -2 
f -5 -2 -4 
f -4 -2 -1 
f -4 -1 -6 
f -6 -1 -3 

g corn_2InfInt
s off

usemtl corn_2InfInt

# 30 vertices
v 83.4837 145.7483 0.8047
v 83.5641 145.6608 0.6329
v 83.4831 145.5404 0.7852
v 83.1587 145.7643 0.6446
v 83.239 145.6767 0.4728
v 83.1581 145.5563 0.6251
v 83.1587 145.7643 0.6446
v 83.239 145.6767 0.4728
v 83.1581 145.5563 0.6251
v 82.8337 145.7802 0.4846
v 82.914 145.6927 0.3127
v 82.8331 145.5722 0.4651
v 82.8337 145.7802 0.4846
v 82.914 145.6927 0.3127
v 82.8331 145.5722 0.4651
v 82.5086 145.7961 0.3245
v 82.589 145.7086 0.1527
v 82.508 145.5882 0.305
v 82.5086 145.7961 0.3245
v 82.589 145.7086 0.1527
v 82.508 145.5882 0.305
v 82.1836 145.8121 0.1644
v 82.2639 145.7245 -0.007359
v 82.183 145.6041 0.1449
v 82.1836 145.8121 0.1644
v 82.2639 145.7245 -0.007359
v 82.183 145.6041 0.1449
v 81.8586 145.828 0.004372
v 81.9389 145.7404 -0.1674
v 81.858 145.62 -0.01511

# 30 faces
f -30 -27 -29 
f -29 -27 -26 
f -29 -26 -28 
f -28 -26 -25 
f -28 -25 -30 
f -30 -25 -27 
f -24 -21 -23 
f -23 -21 -20 
f -23 -20 -22 
f -22 -20 -19 
f -22 -19 -24 
f -24 -19 -21 
f -18 -15 -17 
f -17 -15 -14 
f -17 -14 -16 
f -16 -14 -13 
f -16 -13 -18 
f -18 -13 -15 
f -12 -9 -11 
f -11 -9 -8 
f -11 -8 -10 
f -10 -8 -7 
f -10 -7 -12 
f -12 -7 -9 
f -6 -3 -5 
f -5 -3 -2 
f -5 -2 -4 
f -4 -2 -1 
f -4 -1 -6 
f -6 -1 -3 

g corn_2Pdcel
s off

usemtl corn_2Pdcel

# 30 vertices
v 81.8693 145.827 0.009294
v 81.9336 145.7409 -0.1698
v 81.8527 145.6205 -0.01754
v 81.4276 145.8869 -0.1779
v 81.4918 145.8009 -0.3571
v 81.4109 145.6805 -0.2048
v 81.4276 145.8869 -0.1779
v 81.4918 145.8009 -0.3571
v 81.4109 145.6805 -0.2048
v 80.9926 145.9831 -0.333
v 81.04061 145.8999 -0.5185
v 80.9596 145.7795 -0.3662
v 80.9926 145.9831 -0.333
v 81.04061 145.8999 -0.5185
v 80.9596 145.7795 -0.3662
v 80.5578 146.1154 -0.4593
v 80.5894 146.0366 -0.6501
v 80.5085 145.9161 -0.4978
v 80.5578 146.1154 -0.4593
v 80.5894 146.0366 -0.6501
v 80.5085 145.9161 -0.4978
v 80.1274 146.2828 -0.5556
v 80.1428 146.2095 -0.7506
v 80.06193 146.0891 -0.5983
v 80.1274 146.2828 -0.5556
v 80.1428 146.2095 -0.7506
v 80.06193 146.0891 -0.5983
v 79.7056 146.4835 -0.621
v 79.7049 146.4172 -0.8191
v 79.624 146.2967 -0.6668

# 30 faces
f -30 -27 -29 
f -29 -27 -26 
f -29 -26 -28 
f -28 -26 -25 
f -28 -25 -30 
f -30 -25 -27 
f -24 -21 -23 
f -23 -21 -20 
f -23 -20 -22 
f -22 -20 -19 
f -22 -19 -24 
f -24 -19 -21 
f -18 -15 -17 
f -17 -15 -14 
f -17 -14 -16 
f -16 -14 -13 
f -16 -13 -18 
f -18 -13 -15 
f -12 -9 -11 
f -11 -9 -8 
f -11 -8 -10 
f -10 -8 -7 
f -10 -7 -12 
f -12 -7 -9 
f -6 -3 -5 
f -5 -3 -2 
f -5 -2 -4 
f -4 -2 -1 
f -4 -1 -6 
f -6 -1 -3 

g corn_2Petal1
s off

usemtl corn_2Petal1

# 6 vertices
v 79.6781 146.3987 -0.7027
v 79.1391 146.7476 -0.7655
v 79.05475 146.5753 -0.6657
v 78.5122 147.0264 -0.5184
v 78.7484 146.9972 -0.5948
v 78.6611 146.865 -0.4793

# 8 faces
f -6 -5 -4 
f -6 -4 -5 
f -5 -3 -4 
f -5 -4 -3 
f -5 -2 -3 
f -5 -3 -2 
f -3 -1 -4 
f -3 -4 -1 

g corn_2Petal1
s off

usemtl corn_2Petal1

# 6 vertices
v 79.6781 146.3987 -0.7027
v 79.09553 146.55 -0.9347
v 79.133 146.7303 -0.8216
v 78.6154 147.0057 -1.2408
v 78.7791 146.8211 -1.2001
v 78.8086 147.0016 -1.1293

# 8 faces
f -6 -5 -4 
f -6 -4 -5 
f -5 -3 -4 
f -5 -4 -3 
f -5 -2 -3 
f -5 -3 -2 
f -3 -1 -4 
f -3 -4 -1 

g corn_2Petal1
s off

usemtl corn_2Petal1

# 6 vertices
v 79.6781 146.3987 -0.7027
v 79.04472 146.5181 -0.676
v 79.06808 146.5154 -0.8908
v 78.3541 146.4165 -0.8871
v 78.5687 146.4149 -0.7589
v 78.5651 146.3859 -0.9528

# 8 faces
f -6 -5 -4 
f -6 -4 -5 
f -5 -3 -4 
f -5 -4 -3 
f -5 -2 -3 
f -5 -3 -2 
f -3 -1 -4 
f -3 -4 -1 

g corn_2InfInt
s off

usemtl corn_2InfInt

# 30 vertices
v 81.9363 145.7022 -0.1659
v 81.8457 145.6398 0.01167
v 81.8745 145.8447 -0.02631
v 81.6113 145.7181 -0.326
v 81.5207 145.6557 -0.1484
v 81.5495 145.8606 -0.1863
v 81.6113 145.7181 -0.326
v 81.5207 145.6557 -0.1484
v 81.5495 145.8606 -0.1863
v 81.2862 145.734 -0.4861
v 81.1957 145.6717 -0.3084
v 81.2244 145.8766 -0.3464
v 81.2862 145.734 -0.4861
v 81.1957 145.6717 -0.3084
v 81.2244 145.8766 -0.3464
v 80.9612 145.75 -0.6461
v 80.8706 145.6876 -0.4685
v 80.8994 145.8925 -0.5065
v 80.9612 145.75 -0.6461
v 80.8706 145.6876 -0.4685
v 80.8994 145.8925 -0.5065
v 80.6361 145.7659 -0.8062
v 80.5456 145.7035 -0.6286
v 80.5744 145.9084 -0.6666
v 80.6361 145.7659 -0.8062
v 80.5456 145.7035 -0.6286
v 80.5744 145.9084 -0.6666
v 80.3111 145.7818 -0.9663
v 80.2206 145.7195 -0.7887
v 80.2493 145.9244 -0.8267

# 30 faces
f -30 -27 -29 
f -29 -27 -26 
f -29 -26 -28 
f -28 -26 -25 
f -28 -25 -30 
f -30 -25 -27 
f -24 -21 -23 
f -23 -21 -20 
f -23 -20 -22 
f -22 -20 -19 
f -22 -19 -24 
f -24 -19 -21 
f -18 -15 -17 
f -17 -15 -14 
f -17 -14 -16 
f -16 -14 -13 
f -16 -13 -18 
f -18 -13 -15 
f -12 -9 -11 
f -11 -9 -8 
f -11 -8 -10 
f -10 -8 -7 
f -10 -7 -12 
f -12 -7 -9 
f -6 -3 -5 
f -5 -3 -2 
f -5 -2 -4 
f -4 -2 -1 
f -4 -1 -6 
f -6 -1 -3 

g corn_2Pdcel
s off

usemtl corn_2Pdcel

# 30 vertices
v 80.3215 145.7814 -0.9606
v 80.2155 145.7197 -0.7915
v 80.2442 145.9245 -0.8295
v 79.9102 145.792 -1.2146
v 79.8042 145.7303 -1.04561
v 79.8329 145.9352 -1.0836
v 79.9102 145.792 -1.2146
v 79.8042 145.7303 -1.04561
v 79.8329 145.9352 -1.0836
v 79.5347 145.7918 -1.5002
v 79.4141 145.7302 -1.3411
v 79.4428 145.9351 -1.3791
v 79.5347 145.7918 -1.5002
v 79.4141 145.7302 -1.3411
v 79.4428 145.9351 -1.3791
v 79.1883 145.781 -1.8202
v 79.05418 145.7193 -1.6725
v 79.08292 145.9241 -1.7105
v 79.1883 145.781 -1.8202
v 79.05418 145.7193 -1.6725
v 79.08292 145.9241 -1.7105
v 78.8744 145.7599 -2.1716
v 78.7277 145.6976 -2.03655
v 78.7565 145.9025 -2.07454
v 78.8744 145.7599 -2.1716
v 78.7277 145.6976 -2.03655
v 78.7565 145.9025 -2.07454
v 78.5958 145.7287 -2.551
v 78.438 145.6653 -2.4296
v 78.4668 145.8702 -2.4676

# 30 faces
f -30 -27 -29 
f -29 -27 -26 
f -29 -26 -28 
f -28 -26 -25 
f -28 -25 -30 
f -30 -25 -27 
f -24 -21 -23 
f -23 -21 -20 
f -23 -20 -22 
f -22 -20 -19 
f -22 -19 -24 
f -24 -19 -21 
f -18 -15 -17 
f -17 -15 -14 
f -17 -14 -16 
f -16 -14 -13 
f -16 -13 -18 
f -18 -13 -15 
f -12 -9 -11 
f -11 -9 -8 
f -11 -8 -10 
f -10 -8 -7 
f -10 -7 -12 
f -12 -7 -9 
f -6 -3 -5 
f -5 -3 -2 
f -5 -2 -4 
f -4 -2 -1 
f -4 -1 -6 
f -6 -1 -3 

g corn_2Petal1
s off

usemtl corn_2Petal1

# 6 vertices
v 78.4997 145.7549 -2.4824
v 78.1741 145.596 -3.01615
v 78.152 145.8107 -3.0275
v 77.997 145.6781 -3.7188
v 78.09229 145.5943 -3.5033
v 78.08837 145.7857 -3.546

# 8 faces
f -6 -5 -4 
f -6 -4 -5 
f -5 -3 -4 
f -5 -4 -3 
f -5 -2 -3 
f -5 -3 -2 
f -3 -1 -4 
f -3 -4 -1 

g corn_2Petal1
s off

usemtl corn_2Petal1

# 6 vertices
v 78.4997 145.7549 -2.4824
v 78.02183 145.7239 -2.9145
v 78.1764 145.6269 -3.03034
v 77.6205 145.3802 -3.4172
v 77.7004 145.4879 -3.2061
v 77.8174 145.372 -3.3126

# 8 faces
f -6 -5 -4 
f -6 -4 -5 
f -5 -3 -4 
f -5 -4 -3 
f -5 -2 -3 
f -5 -3 -2 
f -3 -1 -4 
f -3 -4 -1 

g corn_2Petal1
s off

usemtl corn_2Petal1

# 6 vertices
v 78.4997 145.7549 -2.4824
v 78.1826 145.8178 -3.04066
v 78.03569 145.7016 -2.9329
v 77.5858 145.9497 -3.4385
v 77.8076 145.9688 -3.3245
v 77.6521 145.8913 -3.2336

# 8 faces
f -6 -5 -4 
f -6 -4 -5 
f -5 -3 -4 
f -5 -4 -3 
f -5 -2 -3 
f -5 -3 -2 
f -3 -1 -4 
f -3 -4 -1 

g corn_2InfInt
s off

usemtl corn_2InfInt

# 30 vertices
v 80.2112 145.7495 -0.7666
v 80.265 145.9294 -0.8581
v 80.3034 145.7462 -0.9541
v 79.8862 145.7654 -0.9267
v 79.94 145.9454 -1.01818
v 79.9783 145.7622 -1.1142
v 79.8862 145.7654 -0.9267
v 79.94 145.9454 -1.01818
v 79.9783 145.7622 -1.1142
v 79.5611 145.7814 -1.08685
v 79.615 145.9613 -1.1782
v 79.6533 145.7781 -1.2742
v 79.5611 145.7814 -1.08685
v 79.615 145.9613 -1.1782
v 79.6533 145.7781 -1.2742
v 79.2361 145.7973 -1.2469
v 79.2899 145.9772 -1.3383
v 79.3282 145.794 -1.4343
v 79.2361 145.7973 -1.2469
v 79.2899 145.9772 -1.3383
v 79.3282 145.794 -1.4343
v 78.9111 145.8132 -1.407
v 78.9649 145.9932 -1.4984
v 79.00326 145.81 -1.5944
v 78.9111 145.8132 -1.407
v 78.9649 145.9932 -1.4984
v 79.00326 145.81 -1.5944
v 78.586 145.8291 -1.567
v 78.6399 146.0091 -1.6584
v 78.6782 145.8259 -1.7545

# 30 faces
f -30 -27 -29 
f -29 -27 -26 
f -29 -26 -28 
f -28 -26 -25 
f -28 -25 -30 
f -30 -25 -27 
f -24 -21 -23 
f -23 -21 -20 
f -23 -20 -22 
f -22 -20 -19 
f -22 -19 -24 
f -24 -19 -21 
f -18 -15 -17 
f -17 -15 -14 
f -17 -14 -16 
f -16 -14 -13 
f -16 -13 -18 
f -18 -13 -15 
f -12 -9 -11 
f -11 -9 -8 
f -11 -8 -10 
f -10 -8 -7 
f -10 -7 -12 
f -12 -7 -9 
f -6 -3 -5 
f -5 -3 -2 
f -5 -2 -4 
f -4 -2 -1 
f -4 -1 -6 
f -6 -1 -3 

g corn_2Pdcel
s off

usemtl corn_2Pdcel

# 30 vertices
v 78.5969 145.8289 -1.5623
v 78.6345 146.0092 -1.6608
v 78.6728 145.826 -1.7568
v 78.1464 145.8268 -1.738
v 78.184 146.0071 -1.8366
v 78.2224 145.8239 -1.9326
v 78.1464 145.8268 -1.738
v 78.184 146.0071 -1.8366
v 78.2224 145.8239 -1.9326
v 77.6944 145.8018 -1.8707
v 77.7153 145.9816 -1.9749
v 77.7536 145.7984 -2.07101
v 77.6944 145.8018 -1.8707
v 77.7153 145.9816 -1.9749
v 77.7536 145.7984 -2.07101
v 77.2344 145.7543 -1.9636
v 77.2382 145.9328 -2.0722
v 77.2765 145.7496 -2.1682
v 77.2344 145.7543 -1.9636
v 77.2382 145.9328 -2.0722
v 77.2765 145.7496 -2.1682
v 76.7708 145.6848 -2.01606
v 76.7572 145.8611 -2.1273
v 76.7955 145.6779 -2.2233
v 76.7708 145.6848 -2.01606
v 76.7572 145.8611 -2.1273
v 76.7955 145.6779 -2.2233
v 76.3081 145.594 -2.02738
v 76.277 145.7673 -2.1398
v 76.3154 145.584 -2.2359

# 30 faces
f -30 -27 -29 
f -29 -27 -26 
f -29 -26 -28 
f -28 -26 -25 
f -28 -25 -30 
f -30 -25 -27 
f -24 -21 -23 
f -23 -21 -20 
f -23 -20 -22 
f -22 -20 -19 
f -22 -19 -24 
f -24 -19 -21 
f -18 -15 -17 
f -17 -15 -14 
f -17 -14 -16 
f -16 -14 -13 
f -16 -13 -18 
f -18 -13 -15 
f -12 -9 -11 
f -11 -9 -8 
f -11 -8 -10 
f -10 -8 -7 
f -10 -7 -12 
f -12 -7 -9 
f -6 -3 -5 
f -5 -3 -2 
f -5 -2 -4 
f -4 -2 -1 
f -4 -1 -6 
f -6 -1 -3 

g corn_2Petal1
s off

usemtl corn_2Petal1

# 6 vertices
v 76.3001 145.6487 -2.1349
v 75.6665 145.6443 -2.01405
v 75.675 145.475 -2.1481
v 75.03687 145.3125 -1.8551
v 75.2478 145.4461 -1.8424
v 75.2411 145.274 -1.9363

# 8 faces
f -6 -5 -4 
f -6 -4 -5 
f -5 -3 -4 
f -5 -4 -3 
f -5 -2 -3 
f -5 -3 -2 
f -3 -1 -4 
f -3 -4 -1 

g corn_2Petal1
s off

usemtl corn_2Petal1

# 6 vertices
v 76.3001 145.6487 -2.1349
v 75.664 145.5701 -2.2076
v 75.6764 145.5373 -1.9944
v 74.9691 145.6746 -2.01271
v 75.1899 145.6848 -2.1296
v 75.1777 145.6827 -1.9339

# 8 faces
f -6 -5 -4 
f -6 -4 -5 
f -5 -3 -4 
f -5 -4 -3 
f -5 -2 -3 
f -5 -3 -2 
f -3 -1 -4 
f -3 -4 -1 

g corn_2Petal1
s off

usemtl corn_2Petal1

# 6 vertices
v 76.3001 145.6487 -2.1349
v 75.6957 145.4415 -2.04621
v 75.6513 145.6376 -2.1256
v 75.00201 145.3516 -2.2524
v 75.2427 145.3138 -2.1964
v 75.1842 145.4736 -2.294

# 8 faces
f -6 -5 -4 
f -6 -4 -5 
f -5 -3 -4 
f -5 -4 -3 
f -5 -2 -3 
f -5 -3 -2 
f -3 -1 -4 
f -3 -4 -1 

g corn_2InfInt
s off

usemtl corn_2InfInt

# 30 vertices
v 78.6564 146.0029 -1.6926
v 78.6671 145.7986 -1.7347
v 78.5816 145.8652 -1.5544
v 78.3313 146.0188 -1.8526
v 78.3421 145.8145 -1.8948
v 78.2566 145.8811 -1.7145
v 78.3313 146.0188 -1.8526
v 78.3421 145.8145 -1.8948
v 78.2566 145.8811 -1.7145
v 78.00633 146.0347 -2.01277
v 78.01709 145.8304 -2.05493
v 77.9315 145.897 -1.8746
v 78.00633 146.0347 -2.01277
v 78.01709 145.8304 -2.05493
v 77.9315 145.897 -1.8746
v 77.6813 146.0507 -2.1728
v 77.692 145.8464 -2.215
v 77.6065 145.9129 -2.03472
v 77.6813 146.0507 -2.1728
v 77.692 145.8464 -2.215
v 77.6065 145.9129 -2.03472
v 77.3562 146.0666 -2.3329
v 77.367 145.8623 -2.375
v 77.2814 145.9289 -2.1948
v 77.3562 146.0666 -2.3329
v 77.367 145.8623 -2.375
v 77.2814 145.9289 -2.1948
v 77.03123 146.0825 -2.493
v 77.04198 145.8782 -2.5351
v 76.9564 145.9448 -2.3548

# 30 faces
f -30 -27 -29 
f -29 -27 -26 
f -29 -26 -28 
f -28 -26 -25 
f -28 -25 -30 
f -30 -25 -27 
f -24 -21 -23 
f -23 -21 -20 
f -23 -20 -22 
f -22 -20 -19 
f -22 -19 -24 
f -24 -19 -21 
f -18 -15 -17 
f -17 -15 -14 
f -17 -14 -16 
f -16 -14 -13 
f -16 -13 -18 
f -18 -13 -15 
f -12 -9 -11 
f -11 -9 -8 
f -11 -8 -10 
f -10 -8 -7 
f -10 -7 -12 
f -12 -7 -9 
f -6 -3 -5 
f -5 -3 -2 
f -5 -2 -4 
f -4 -2 -1 
f -4 -1 -6 
f -6 -1 -3 

g corn_2Pdcel
s off

usemtl corn_2Pdcel

# 30 vertices
v 77.04175 146.0815 -2.4876
v 77.0368 145.8787 -2.5378
v 76.9512 145.9453 -2.3575
v 76.6188 146.1475 -2.7126
v 76.6139 145.9448 -2.7628
v 76.5283 146.0114 -2.5825
v 76.6188 146.1475 -2.7126
v 76.6139 145.9448 -2.7628
v 76.5283 146.0114 -2.5825
v 76.2207 146.2555 -2.9414
v 76.2005 146.0561 -3.000034
v 76.115 146.1227 -2.8197
v 76.2207 146.2555 -2.9414
v 76.2005 146.0561 -3.000034
v 76.115 146.1227 -2.8197
v 75.8407 146.4056 -3.1771
v 75.8059 146.211 -3.2444
v 75.7203 146.2776 -3.06419
v 75.8407 146.4056 -3.1771
v 75.8059 146.211 -3.2444
v 75.7203 146.2776 -3.06419
v 75.4824 146.5963 -3.4175
v 75.4337 146.4081 -3.4938
v 75.3482 146.4746 -3.3135
v 75.4824 146.5963 -3.4175
v 75.4337 146.4081 -3.4938
v 75.3482 146.4746 -3.3135
v 75.1493 146.8257 -3.6602
v 75.08767 146.6454 -3.7456
v 75.00214 146.712 -3.5653

# 30 faces
f -30 -27 -29 
f -29 -27 -26 
f -29 -26 -28 
f -28 -26 -25 
f -28 -25 -30 
f -30 -25 -27 
f -24 -21 -23 
f -23 -21 -20 
f -23 -20 -22 
f -22 -20 -19 
f -22 -19 -24 
f -24 -19 -21 
f -18 -15 -17 
f -17 -15 -14 
f -17 -14 -16 
f -16 -14 -13 
f -16 -13 -18 
f -18 -13 -15 
f -12 -9 -11 
f -11 -9 -8 
f -11 -8 -10 
f -10 -8 -7 
f -10 -7 -12 
f -12 -7 -9 
f -6 -3 -5 
f -5 -3 -2 
f -5 -2 -4 
f -4 -2 -1 
f -4 -1 -6 
f -6 -1 -3 

g corn_2Petal1
s off

usemtl corn_2Petal1

# 6 vertices
v 75.0794 146.7272 -3.657
v 74.6995 147.083 -4.03819
v 74.5804 147.0903 -3.8579
v 74.2751 147.6593 -4.1782
v 74.4654 147.4973 -4.1709
v 74.361 147.5399 -4.01048

# 8 faces
f -6 -5 -4 
f -6 -4 -5 
f -5 -3 -4 
f -5 -4 -3 
f -5 -2 -3 
f -5 -3 -2 
f -3 -1 -4 
f -3 -4 -1 

g corn_2Petal1
s off

usemtl corn_2Petal1

# 6 vertices
v 75.0794 146.7272 -3.657
v 74.5535 146.8871 -3.9947
v 74.6779 147.056 -4.04673
v 74.2128 147.1286 -4.5926
v 74.3041 146.9843 -4.4099
v 74.4116 147.1267 -4.4913

# 8 faces
f -6 -5 -4 
f -6 -4 -5 
f -5 -3 -4 
f -5 -4 -3 
f -5 -2 -3 
f -5 -3 -2 
f -3 -1 -4 
f -3 -4 -1 

g corn_2Petal1
s off

usemtl corn_2Petal1

# 6 vertices
v 75.0794 146.7272 -3.657
v 74.5643 147.0749 -3.8302
v 74.5393 146.9096 -3.9672
v 73.8616 147.1515 -4.009766
v 74.08017 147.154 -3.8881
v 74.02505 147.0001 -3.9965

# 8 faces
f -6 -5 -4 
f -6 -4 -5 
f -5 -3 -4 
f -5 -4 -3 
f -5 -2 -3 
f -5 -3 -2 
f -3 -1 -4 
f -3 -4 -1 

g corn_2InfInt
s off

usemtl corn_2InfInt

# 30 vertices
v 77.02691 145.8574 -2.5066
v 76.9571 145.9802 -2.3527
v 77.04556 146.0647 -2.5238
v 76.7018 145.8733 -2.6667
v 76.6321 145.9961 -2.5128
v 76.7205 146.0807 -2.6839
v 76.7018 145.8733 -2.6667
v 76.6321 145.9961 -2.5128
v 76.7205 146.0807 -2.6839
v 76.3768 145.8893 -2.8267
v 76.307 146.0121 -2.6728
v 76.3954 146.0966 -2.844
v 76.3768 145.8893 -2.8267
v 76.307 146.0121 -2.6728
v 76.3954 146.0966 -2.844
v 76.0518 145.9052 -2.9868
v 75.982 146.028 -2.8329
v 76.07046 146.1125 -3.004119
v 76.0518 145.9052 -2.9868
v 75.982 146.028 -2.8329
v 76.07046 146.1125 -3.004119
v 75.7267 145.9211 -3.1469
v 75.657 146.0439 -2.993
v 75.7454 146.1284 -3.1641
v 75.7267 145.9211 -3.1469
v 75.657 146.0439 -2.993
v 75.7454 146.1284 -3.1641
v 75.4017 145.937 -3.307
v 75.3319 146.0599 -3.1531
v 75.4203 146.1444 -3.3242

# 30 faces
f -30 -27 -29 
f -29 -27 -26 
f -29 -26 -28 
f -28 -26 -25 
f -28 -25 -30 
f -30 -25 -27 
f -24 -21 -23 
f -23 -21 -20 
f -23 -20 -22 
f -22 -20 -19 
f -22 -19 -24 
f -24 -19 -21 
f -18 -15 -17 
f -17 -15 -14 
f -17 -14 -16 
f -16 -14 -13 
f -16 -13 -18 
f -18 -13 -15 
f -12 -9 -11 
f -11 -9 -8 
f -11 -8 -10 
f -10 -8 -7 
f -10 -7 -12 
f -12 -7 -9 
f -6 -3 -5 
f -5 -3 -2 
f -5 -2 -4 
f -4 -2 -1 
f -4 -1 -6 
f -6 -1 -3 

g corn_2Pdcel
s off

usemtl corn_2Pdcel

# 30 vertices
v 75.4122 145.9371 -3.3015
v 75.3267 146.0599 -3.1558
v 75.4152 146.1444 -3.3269
v 74.9876 145.9148 -3.5319
v 74.9021 146.0376 -3.3861
v 74.9906 146.1222 -3.5573
v 74.9876 145.9148 -3.5319
v 74.9021 146.0376 -3.3861
v 74.9906 146.1222 -3.5573
v 74.5862 145.8505 -3.7711
v 74.4854 145.9716 -3.634
v 74.5738 146.0562 -3.8052
v 74.5862 145.8505 -3.7711
v 74.4854 145.9716 -3.634
v 74.5738 146.0562 -3.8052
v 74.2013 145.7445 -4.02233
v 74.08569 145.8625 -3.8945
v 74.1741 145.947 -4.06566
v 74.2013 145.7445 -4.02233
v 74.08569 145.8625 -3.8945
v 74.1741 145.947 -4.06566
v 73.8365 145.598 -4.2831
v 73.7068 145.7113 -4.1649
v 73.7952 145.7958 -4.336
v 73.8365 145.598 -4.2831
v 73.7068 145.7113 -4.1649
v 73.7952 145.7958 -4.336
v 73.4955 145.4124 -4.551
v 73.3525 145.5195 -4.4427
v 73.4409 145.604 -4.6138

# 30 faces
f -30 -27 -29 
f -29 -27 -26 
f -29 -26 -28 
f -28 -26 -25 
f -28 -25 -30 
f -30 -25 -27 
f -24 -21 -23 
f -23 -21 -20 
f -23 -20 -22 
f -22 -20 -19 
f -22 -19 -24 
f -24 -19 -21 
f -18 -15 -17 
f -17 -15 -14 
f -17 -14 -16 
f -16 -14 -13 
f -16 -13 -18 
f -18 -13 -15 
f -12 -9 -11 
f -11 -9 -8 
f -11 -8 -10 
f -10 -8 -7 
f -10 -7 -12 
f -12 -7 -9 
f -6 -3 -5 
f -5 -3 -2 
f -5 -2 -4 
f -4 -2 -1 
f -4 -1 -6 
f -6 -1 -3 

g corn_2Petal1
s off

usemtl corn_2Petal1

# 6 vertices
v 73.4293 145.5125 -4.5357
v 72.9945 145.1807 -4.8778
v 73.04861 145.327 -5.02745
v 72.7577 144.8504 -5.4833
v 72.8474 144.8972 -5.2546
v 72.9054 145.001 -5.4106

# 8 faces
f -6 -5 -4 
f -6 -4 -5 
f -5 -3 -4 
f -5 -4 -3 
f -5 -2 -3 
f -5 -3 -2 
f -3 -1 -4 
f -3 -4 -1 

g corn_2Petal1
s off

usemtl corn_2Petal1

# 6 vertices
v 73.4293 145.5125 -4.5357
v 72.8691 145.4094 -4.8385
v 72.9502 145.2094 -4.8515
v 72.2642 145.0256 -4.9746
v 72.4259 145.1985 -4.8943
v 72.4692 145.0074 -4.8884

# 8 faces
f -6 -5 -4 
f -6 -4 -5 
f -5 -3 -4 
f -5 -4 -3 
f -5 -2 -3 
f -5 -3 -2 
f -3 -1 -4 
f -3 -4 -1 

g corn_2Petal1
s off

usemtl corn_2Petal1

# 6 vertices
v 73.4293 145.5125 -4.5357
v 73.04396 145.385 -5.03713
v 72.8921 145.4337 -4.8911
v 72.4755 145.5237 -5.4724
v 72.7061 145.4996 -5.3788
v 72.5584 145.5692 -5.2703

# 8 faces
f -6 -5 -4 
f -6 -4 -5 
f -5 -3 -4 
f -5 -4 -3 
f -5 -2 -3 
f -5 -3 -2 
f -3 -1 -4 
f -3 -4 -1 

g corn_2InfInt
s off

usemtl corn_2InfInt

# 30 vertices
v 75.3378 146.0969 -3.1613
v 75.4304 146.1192 -3.3471
v 75.3849 145.9274 -3.2738
v 75.01276 146.1129 -3.3213
v 75.1054 146.1352 -3.5072
v 75.05989 145.9433 -3.4339
v 75.01276 146.1129 -3.3213
v 75.1054 146.1352 -3.5072
v 75.05989 145.9433 -3.4339
v 74.6877 146.1288 -3.4814
v 74.7803 146.1511 -3.6673
v 74.7348 145.9593 -3.594
v 74.6877 146.1288 -3.4814
v 74.7803 146.1511 -3.6673
v 74.7348 145.9593 -3.594
v 74.3626 146.1447 -3.6415
v 74.4553 146.167 -3.8274
v 74.4098 145.9752 -3.754
v 74.3626 146.1447 -3.6415
v 74.4553 146.167 -3.8274
v 74.4098 145.9752 -3.754
v 74.03766 146.1607 -3.8016
v 74.1303 146.183 -3.9875
v 74.08479 145.9911 -3.9141
v 74.03766 146.1607 -3.8016
v 74.1303 146.183 -3.9875
v 74.08479 145.9911 -3.9141
v 73.7126 146.1766 -3.9616
v 73.8052 146.1989 -4.1475
v 73.7597 146.007 -4.07424

# 30 faces
f -30 -27 -29 
f -29 -27 -26 
f -29 -26 -28 
f -28 -26 -25 
f -28 -25 -30 
f -30 -25 -27 
f -24 -21 -23 
f -23 -21 -20 
f -23 -20 -22 
f -22 -20 -19 
f -22 -19 -24 
f -24 -19 -21 
f -18 -15 -17 
f -17 -15 -14 
f -17 -14 -16 
f -16 -14 -13 
f -16 -13 -18 
f -18 -13 -15 
f -12 -9 -11 
f -11 -9 -8 
f -11 -8 -10 
f -10 -8 -7 
f -10 -7 -12 
f -12 -7 -9 
f -6 -3 -5 
f -5 -3 -2 
f -5 -2 -4 
f -4 -2 -1 
f -4 -1 -6 
f -6 -1 -3 

g corn_2Pdcel
s off

usemtl corn_2Pdcel

# 30 vertices
v 73.7234 146.1758 -3.9569
v 73.7999 146.1993 -4.1499
v 73.7544 146.0074 -4.07658
v 73.2738 146.2163 -4.1301
v 73.3502 146.2397 -4.3231
v 73.3047 146.0479 -4.2498
v 73.2738 146.2163 -4.1301
v 73.3502 146.2397 -4.3231
v 73.3047 146.0479 -4.2498
v 72.8234 146.2744 -4.2577
v 72.8831 146.2997 -4.4563
v 72.8376 146.1078 -4.3829
v 72.8234 146.2744 -4.2577
v 72.8831 146.2997 -4.4563
v 72.8376 146.1078 -4.3829
v 72.3657 146.3503 -4.3432
v 72.4084 146.3781 -4.5458
v 72.3629 146.1862 -4.4725
v 72.3657 146.3503 -4.3432
v 72.4084 146.3781 -4.5458
v 72.3629 146.1862 -4.4725
v 71.9053 146.4433 -4.3858
v 71.9307 146.4742 -4.5908
v 71.8852 146.2823 -4.5174
v 71.9053 146.4433 -4.3858
v 71.9307 146.4742 -4.5908
v 71.8852 146.2823 -4.5174
v 71.4464 146.5524 -4.385
v 71.4545 146.5872 -4.5908
v 71.409 146.3953 -4.5175

# 30 faces
f -30 -27 -29 
f -29 -27 -26 
f -29 -26 -28 
f -28 -26 -25 
f -28 -25 -30 
f -30 -25 -27 
f -24 -21 -23 
f -23 -21 -20 
f -23 -20 -22 
f -22 -20 -19 
f -22 -19 -24 
f -24 -19 -21 
f -18 -15 -17 
f -17 -15 -14 
f -17 -14 -16 
f -16 -14 -13 
f -16 -13 -18 
f -18 -13 -15 
f -12 -9 -11 
f -11 -9 -8 
f -11 -8 -10 
f -10 -8 -7 
f -10 -7 -12 
f -12 -7 -9 
f -6 -3 -5 
f -5 -3 -2 
f -5 -2 -4 
f -4 -2 -1 
f -4 -1 -6 
f -6 -1 -3 

g corn_2Petal1
s off

usemtl corn_2Petal1

# 6 vertices
v 71.4366 146.5114 -4.4983
v 70.8666 146.813 -4.481
v 70.7969 146.6104 -4.4521
v 70.2033 146.9351 -4.2034
v 70.4445 146.9543 -4.2668
v 70.3669 146.7834 -4.2098

# 8 faces
f -6 -5 -4 
f -6 -4 -5 
f -5 -3 -4 
f -5 -4 -3 
f -5 -2 -3 
f -5 -3 -2 
f -3 -1 -4 
f -3 -4 -1 

g corn_2Petal1
s off

usemtl corn_2Petal1

# 6 vertices
v 71.4366 146.5114 -4.4983
v 70.811 146.6414 -4.5874
v 70.846 146.7671 -4.4151
v 70.2401 147.0931 -4.63
v 70.4278 146.9373 -4.6851
v 70.448 147.0784 -4.5503

# 8 faces
f -6 -5 -4 
f -6 -4 -5 
f -5 -3 -4 
f -5 -4 -3 
f -5 -2 -3 
f -5 -3 -2 
f -3 -1 -4 
f -3 -4 -1 

g corn_2Petal1
s off

usemtl corn_2Petal1

# 6 vertices
v 71.4366 146.5114 -4.4983
v 70.816 146.6387 -4.3766
v 70.827 146.7196 -4.5767
v 70.109 146.6591 -4.5545
v 70.3299 146.5977 -4.4546
v 70.3133 146.6475 -4.6436

# 8 faces
f -6 -5 -4 
f -6 -4 -5 
f -5 -3 -4 
f -5 -4 -3 
f -5 -2 -3 
f -5 -3 -2 
f -3 -1 -4 
f -3 -4 -1 

g corn_2InfInt
s off

usemtl corn_2InfInt

# 30 vertices
v 83.5496 145.63 0.8534
v 83.5836 145.6258 0.6473
v 83.3987 145.692 0.7229
v 83.6768 145.9694 0.8674
v 83.7107 145.9652 0.6613
v 83.5259 146.0313 0.7369
v 83.6768 145.9694 0.8674
v 83.7107 145.9652 0.6613
v 83.5259 146.0313 0.7369
v 83.804 146.3087 0.8814
v 83.8379 146.3045 0.6753
v 83.6531 146.3707 0.7509
v 83.804 146.3087 0.8814
v 83.8379 146.3045 0.6753
v 83.6531 146.3707 0.7509
v 83.9312 146.6481 0.8953
v 83.9651 146.6438 0.6893
v 83.7803 146.71 0.7649
v 83.9312 146.6481 0.8953
v 83.9651 146.6438 0.6893
v 83.7803 146.71 0.7649
v 84.05846 146.9874 0.9093
v 84.09238 146.9832 0.7033
v 83.9075 147.0493 0.7789
v 84.05846 146.9874 0.9093
v 84.09238 146.9832 0.7033
v 83.9075 147.0493 0.7789
v 84.1856 147.3267 0.9233
v 84.2195 147.3225 0.7173
v 84.03475 147.3887 0.7929

# 30 faces
f -30 -27 -29 
f -29 -27 -26 
f -29 -26 -28 
f -28 -26 -25 
f -28 -25 -30 
f -30 -25 -27 
f -24 -21 -23 
f -23 -21 -20 
f -23 -20 -22 
f -22 -20 -19 
f -22 -19 -24 
f -24 -19 -21 
f -18 -15 -17 
f -17 -15 -14 
f -17 -14 -16 
f -16 -14 -13 
f -16 -13 -18 
f -18 -13 -15 
f -12 -9 -11 
f -11 -9 -8 
f -11 -8 -10 
f -10 -8 -7 
f -10 -7 -12 
f -12 -7 -9 
f -6 -3 -5 
f -5 -3 -2 
f -5 -2 -4 
f -4 -2 -1 
f -4 -1 -6 
f -6 -1 -3 

g corn_2InfInt
s off

usemtl corn_2InfInt

# 30 vertices
v 84.2562 147.3966 0.809
v 84.05422 147.4057 0.8612
v 84.1304 147.2367 0.7617
v 84.3318 147.2426 1.1285
v 84.1297 147.2516 1.1807
v 84.206 147.0827 1.08126
v 84.3318 147.2426 1.1285
v 84.1297 147.2516 1.1807
v 84.206 147.0827 1.08126
v 84.4074 147.0886 1.4481
v 84.2053 147.0976 1.5002
v 84.2815 146.9287 1.4007
v 84.4074 147.0886 1.4481
v 84.2053 147.0976 1.5002
v 84.2815 146.9287 1.4007
v 84.4829 146.9346 1.7676
v 84.2808 146.9436 1.8197
v 84.3571 146.7747 1.7203
v 84.4829 146.9346 1.7676
v 84.2808 146.9436 1.8197
v 84.3571 146.7747 1.7203
v 84.5585 146.7805 2.08716
v 84.3564 146.7896 2.1393
v 84.4326 146.6207 2.03985
v 84.5585 146.7805 2.08716
v 84.3564 146.7896 2.1393
v 84.4326 146.6207 2.03985
v 84.634 146.6265 2.4066
v 84.4319 146.6356 2.4588
v 84.5082 146.4667 2.3593

# 30 faces
f -30 -27 -29 
f -29 -27 -26 
f -29 -26 -28 
f -28 -26 -25 
f -28 -25 -30 
f -30 -25 -27 
f -24 -21 -23 
f -23 -21 -20 
f -23 -20 -22 
f -22 -20 -19 
f -22 -19 -24 
f -24 -19 -21 
f -18 -15 -17 
f -17 -15 -14 
f -17 -14 -16 
f -16 -14 -13 
f -16 -13 -18 
f -18 -13 -15 
f -12 -9 -11 
f -11 -9 -8 
f -11 -8 -10 
f -10 -8 -7 
f -10 -7 -12 
f -12 -7 -9 
f -6 -3 -5 
f -5 -3 -2 
f -5 -2 -4 
f -4 -2 -1 
f -4 -1 -6 
f -6 -1 -3 

g corn_2Pdcel
s off

usemtl corn_2Pdcel

# 30 vertices
v 84.631 146.6313 2.3962
v 84.4334 146.6333 2.4639
v 84.5097 146.4643 2.3645
v 84.7743 146.4468 2.8196
v 84.5767 146.4487 2.8873
v 84.653 146.2797 2.7878
v 84.7743 146.4468 2.8196
v 84.5767 146.4487 2.8873
v 84.653 146.2797 2.7878
v 84.9548 146.289 3.2258
v 84.7632 146.2846 3.309
v 84.8395 146.1157 3.2095
v 84.9548 146.289 3.2258
v 84.7632 146.2846 3.309
v 84.8395 146.1157 3.2095
v 85.1737 146.1549 3.6216
v 84.9896 146.1449 3.7198
v 85.0659 145.976 3.6203
v 85.1737 146.1549 3.6216
v 84.9896 146.1449 3.7198
v 85.0659 145.976 3.6203
v 85.4289 146.0455 4.00294
v 85.2537 146.031 4.1157
v 85.33 145.8621 4.01629
v 85.4289 146.0455 4.00294
v 85.2537 146.031 4.1157
v 85.33 145.8621 4.01629
v 85.718 145.9621 4.3662
v 85.553 145.944 4.493
v 85.6293 145.775 4.3935

# 30 faces
f -30 -27 -29 
f -29 -27 -26 
f -29 -26 -28 
f -28 -26 -25 
f -28 -25 -30 
f -30 -25 -27 
f -24 -21 -23 
f -23 -21 -20 
f -23 -20 -22 
f -22 -20 -19 
f -22 -19 -24 
f -24 -19 -21 
f -18 -15 -17 
f -17 -15 -14 
f -17 -14 -16 
f -16 -14 -13 
f -16 -13 -18 
f -18 -13 -15 
f -12 -9 -11 
f -11 -9 -8 
f -11 -8 -10 
f -10 -8 -7 
f -10 -7 -12 
f -12 -7 -9 
f -6 -3 -5 
f -5 -3 -2 
f -5 -2 -4 
f -4 -2 -1 
f -4 -1 -6 
f -6 -1 -3 

g corn_2Petal1
s off

usemtl corn_2Petal1

# 6 vertices
v 85.633 145.8934 4.4178
v 86.03757 145.9083 4.9201
v 86.07742 145.7069 4.8524
v 86.6787 145.7802 5.243
v 86.4828 145.8901 5.1333
v 86.5533 145.7188 5.06899

# 8 faces
f -6 -5 -4 
f -6 -4 -5 
f -5 -3 -4 
f -5 -4 -3 
f -5 -2 -3 
f -5 -3 -2 
f -3 -1 -4 
f -3 -4 -1 

g corn_2Petal1
s off

usemtl corn_2Petal1

# 6 vertices
v 85.633 145.8934 4.4178
v 85.9234 145.7223 4.9678
v 86.05665 145.8822 4.9093
v 86.25 145.8675 5.6035
v 86.08524 145.7997 5.4281
v 86.1972 145.9593 5.4071

# 8 faces
f -6 -5 -4 
f -6 -4 -5 
f -5 -3 -4 
f -5 -4 -3 
f -5 -2 -3 
f -5 -3 -2 
f -3 -1 -4 
f -3 -4 -1 

g corn_2Petal1
s off

usemtl corn_2Petal1

# 6 vertices
v 85.633 145.8934 4.4178
v 86.09866 145.7147 4.827
v 85.9408 145.7491 4.9706
v 86.3532 145.3438 5.401
v 86.3019 145.4219 5.169
v 86.1642 145.4185 5.3087

# 8 faces
f -6 -5 -4 
f -6 -4 -5 
f -5 -3 -4 
f -5 -4 -3 
f -5 -2 -3 
f -5 -3 -2 
f -3 -1 -4 
f -3 -4 -1 

g corn_2InfInt
s off

usemtl corn_2InfInt

# 30 vertices
v 84.4134 146.6038 2.4479
v 84.5429 146.4702 2.3529
v 84.6147 146.6544 2.4247
v 84.489 146.4498 2.7674
v 84.6184 146.3162 2.6724
v 84.6903 146.5004 2.7442
v 84.489 146.4498 2.7674
v 84.6184 146.3162 2.6724
v 84.6903 146.5004 2.7442
v 84.5645 146.2958 3.08696
v 84.694 146.1622 2.9919
v 84.7658 146.3464 3.06376
v 84.5645 146.2958 3.08696
v 84.694 146.1622 2.9919
v 84.7658 146.3464 3.06376
v 84.6401 146.1418 3.4064
v 84.7695 146.0082 3.3114
v 84.8414 146.1924 3.3832
v 84.6401 146.1418 3.4064
v 84.7695 146.0082 3.3114
v 84.8414 146.1924 3.3832
v 84.7156 145.9878 3.726
v 84.8451 145.8542 3.631
v 84.9169 146.0384 3.7028
v 84.7156 145.9878 3.726
v 84.8451 145.8542 3.631
v 84.9169 146.0384 3.7028
v 84.7912 145.8338 4.04555
v 84.9207 145.7002 3.9505
v 84.9925 145.8844 4.02235

# 30 faces
f -30 -27 -29 
f -29 -27 -26 
f -29 -26 -28 
f -28 -26 -25 
f -28 -25 -30 
f -30 -25 -27 
f -24 -21 -23 
f -23 -21 -20 
f -23 -20 -22 
f -22 -20 -19 
f -22 -19 -24 
f -24 -19 -21 
f -18 -15 -17 
f -17 -15 -14 
f -17 -14 -16 
f -16 -14 -13 
f -16 -13 -18 
f -18 -13 -15 
f -12 -9 -11 
f -11 -9 -8 
f -11 -8 -10 
f -10 -8 -7 
f -10 -7 -12 
f -12 -7 -9 
f -6 -3 -5 
f -5 -3 -2 
f -5 -2 -4 
f -4 -2 -1 
f -4 -1 -6 
f -6 -1 -3 

g corn_2Pdcel
s off

usemtl corn_2Pdcel

# 30 vertices
v 84.7892 145.8387 4.03492
v 84.9216 145.6978 3.9557
v 84.9935 145.882 4.02759
v 84.8461 145.6452 4.4744
v 84.9784 145.5043 4.3952
v 85.05032 145.6885 4.4671
v 84.8461 145.6452 4.4744
v 84.9784 145.5043 4.3952
v 85.05032 145.6885 4.4671
v 84.8576 145.4701 4.9122
v 84.9912 145.3223 4.8494
v 85.06308 145.5065 4.9212
v 84.8576 145.4701 4.9122
v 84.9912 145.3223 4.8494
v 85.06308 145.5065 4.9212
v 84.8255 145.31 5.3548
v 84.9588 145.156 5.3085
v 85.03071 145.3402 5.3803
v 84.8255 145.31 5.3548
v 84.9588 145.156 5.3085
v 85.03071 145.3402 5.3803
v 84.7504 145.1667 5.7978
v 84.8816 145.0069 5.7682
v 84.9535 145.1911 5.84
v 84.7504 145.1667 5.7978
v 84.8816 145.0069 5.7682
v 84.9535 145.1911 5.84
v 84.6327 145.0413 6.2371
v 84.7604 144.8765 6.224
v 84.8322 145.0607 6.2959

# 30 faces
f -30 -27 -29 
f -29 -27 -26 
f -29 -26 -28 
f -28 -26 -25 
f -28 -25 -30 
f -30 -25 -27 
f -24 -21 -23 
f -23 -21 -20 
f -23 -20 -22 
f -22 -20 -19 
f -22 -19 -24 
f -24 -19 -21 
f -18 -15 -17 
f -17 -15 -14 
f -17 -14 -16 
f -16 -14 -13 
f -16 -13 -18 
f -18 -13 -15 
f -12 -9 -11 
f -11 -9 -8 
f -11 -8 -10 
f -10 -8 -7 
f -10 -7 -12 
f -12 -7 -9 
f -6 -3 -5 
f -5 -3 -2 
f -5 -2 -4 
f -4 -2 -1 
f -4 -1 -6 
f -6 -1 -3 

g corn_2Petal1
s off

usemtl corn_2Petal1

# 6 vertices
v 84.7423 144.9926 6.2524
v 84.472 144.728 6.775
v 84.5813 144.8872 6.8722
v 84.1241 144.7615 7.415
v 84.1801 144.7289 7.1735
v 84.2468 144.8835 7.2741

# 8 faces
f -6 -5 -4 
f -6 -4 -5 
f -5 -3 -4 
f -5 -4 -3 
f -5 -2 -3 
f -5 -3 -2 
f -3 -1 -4 
f -3 -4 -1 

g corn_2Petal1
s off

usemtl corn_2Petal1

# 6 vertices
v 84.7423 144.9926 6.2524
v 84.6605 144.7739 6.8537
v 84.4529 144.8041 6.8018
v 84.3324 144.3596 7.3563
v 84.4957 144.4539 7.1921
v 84.3038 144.446 7.1525

# 8 faces
f -6 -5 -4 
f -6 -4 -5 
f -5 -3 -4 
f -5 -4 -3 
f -5 -2 -3 
f -5 -3 -2 
f -3 -1 -4 
f -3 -4 -1 

g corn_2Petal1
s off

usemtl corn_2Petal1

# 6 vertices
v 84.7423 144.9926 6.2524
v 84.5088 144.9203 6.8494
v 84.6013 144.7262 6.8271
v 84.5584 144.7119 7.5465
v 84.5477 144.847 7.3364
v 84.6506 144.6803 7.3458

# 8 faces
f -6 -5 -4 
f -6 -4 -5 
f -5 -3 -4 
f -5 -4 -3 
f -5 -2 -3 
f -5 -3 -2 
f -3 -1 -4 
f -3 -4 -1 

g corn_2InfInt
s off

usemtl corn_2InfInt

# 30 vertices
v 84.9563 145.7143 3.9489
v 84.9665 145.9032 4.03755
v 84.7838 145.7992 4.03061
v 85.03194 145.5603 4.2684
v 85.04213 145.7492 4.357
v 84.8594 145.6452 4.3501
v 85.03194 145.5603 4.2684
v 85.04213 145.7492 4.357
v 84.8594 145.6452 4.3501
v 85.1074 145.4063 4.5879
v 85.1176 145.5952 4.6766
v 84.9349 145.4911 4.6696
v 85.1074 145.4063 4.5879
v 85.1176 145.5952 4.6766
v 84.9349 145.4911 4.6696
v 85.183 145.2523 4.9075
v 85.1932 145.4412 4.9961
v 85.01052 145.3371 4.9891
v 85.183 145.2523 4.9075
v 85.1932 145.4412 4.9961
v 85.01052 145.3371 4.9891
v 85.2586 145.0983 5.227
v 85.2687 145.2872 5.3156
v 85.08607 145.1831 5.3087
v 85.2586 145.0983 5.227
v 85.2687 145.2872 5.3156
v 85.08607 145.1831 5.3087
v 85.3341 144.9443 5.5465
v 85.3443 145.1332 5.6352
v 85.1616 145.0291 5.6282

# 30 faces
f -30 -27 -29 
f -29 -27 -26 
f -29 -26 -28 
f -28 -26 -25 
f -28 -25 -30 
f -30 -25 -27 
f -24 -21 -23 
f -23 -21 -20 
f -23 -20 -22 
f -22 -20 -19 
f -22 -19 -24 
f -24 -19 -21 
f -18 -15 -17 
f -17 -15 -14 
f -17 -14 -16 
f -16 -14 -13 
f -16 -13 -18 
f -18 -13 -15 
f -12 -9 -11 
f -11 -9 -8 
f -11 -8 -10 
f -10 -8 -7 
f -10 -7 -12 
f -12 -7 -9 
f -6 -3 -5 
f -5 -3 -2 
f -5 -2 -4 
f -4 -2 -1 
f -4 -1 -6 
f -6 -1 -3 

g corn_2Pdcel
s off

usemtl corn_2Pdcel

# 30 vertices
v 85.3314 144.9498 5.5364
v 85.3456 145.1305 5.6402
v 85.1629 145.0264 5.6332
v 85.4529 144.7095 5.938
v 85.4672 144.8902 6.04183
v 85.2845 144.7861 6.03489
v 85.4529 144.7095 5.938
v 85.4672 144.8902 6.04183
v 85.2845 144.7861 6.03489
v 85.5909 144.4428 6.3018
v 85.61 144.6141 6.4198
v 85.4273 144.5101 6.4129
v 85.5909 144.4428 6.3018
v 85.61 144.6141 6.4198
v 85.4273 144.5101 6.4129
v 85.7468 144.1469 6.6345
v 85.7714 144.3076 6.7656
v 85.5887 144.2036 6.7587
v 85.7468 144.1469 6.6345
v 85.7714 144.3076 6.7656
v 85.5887 144.2036 6.7587
v 85.9189 143.8246 6.9328
v 85.9497 143.9738 7.07586
v 85.767 143.8697 7.06892
v 85.9189 143.8246 6.9328
v 85.9497 143.9738 7.07586
v 85.767 143.8697 7.06892
v 86.1058 143.4791 7.1939
v 86.1433 143.6157 7.3475
v 85.9606 143.5116 7.3405

# 30 faces
f -30 -27 -29 
f -29 -27 -26 
f -29 -26 -28 
f -28 -26 -25 
f -28 -25 -30 
f -30 -25 -27 
f -24 -21 -23 
f -23 -21 -20 
f -23 -20 -22 
f -22 -20 -19 
f -22 -19 -24 
f -24 -19 -21 
f -18 -15 -17 
f -17 -15 -14 
f -17 -14 -16 
f -16 -14 -13 
f -16 -13 -18 
f -18 -13 -15 
f -12 -9 -11 
f -11 -9 -8 
f -11 -8 -10 
f -10 -8 -7 
f -10 -7 -12 
f -12 -7 -9 
f -6 -3 -5 
f -5 -3 -2 
f -5 -2 -4 
f -4 -2 -1 
f -4 -1 -6 
f -6 -1 -3 

g corn_2Petal1
s off

usemtl corn_2Petal1

# 6 vertices
v 86.06976 143.5357 7.2944
v 86.3792 143.0494 7.584
v 86.1764 142.9914 7.6313
v 86.4738 142.3457 7.7502
v 86.4965 142.5743 7.6516
v 86.3209 142.4908 7.6772

# 8 faces
f -6 -5 -4 
f -6 -4 -5 
f -5 -3 -4 
f -5 -4 -3 
f -5 -2 -3 
f -5 -3 -2 
f -3 -1 -4 
f -3 -4 -1 

g corn_2Petal1
s off

usemtl corn_2Petal1

# 6 vertices
v 86.06976 143.5357 7.2944
v 86.286 143.1846 7.7905
v 86.3909 143.0833 7.6309
v 86.8092 142.8429 8.1665
v 86.636 143.0063 8.09012
v 86.7611 142.9232 7.9639

# 8 faces
f -6 -5 -4 
f -6 -4 -5 
f -5 -3 -4 
f -5 -4 -3 
f -5 -2 -3 
f -5 -3 -2 
f -3 -1 -4 
f -3 -4 -1 

g corn_2Petal1
s off

usemtl corn_2Petal1

# 6 vertices
v 86.06976 143.5357 7.2944
v 86.1308 143.0103 7.6636
v 86.2332 143.1515 7.7912
v 86.1106 142.6575 8.3015
v 86.05773 142.7431 8.0727
v 86.1258 142.8618 8.2132

# 8 faces
f -6 -5 -4 
f -6 -4 -5 
f -5 -3 -4 
f -5 -4 -3 
f -5 -2 -3 
f -5 -3 -2 
f -3 -1 -4 
f -3 -4 -1 

g corn_2InfInt
s off

usemtl corn_2InfInt

# 30 vertices
v 85.31 145.144 5.6485
v 85.1654 144.9977 5.6122
v 85.3643 144.9677 5.5507
v 85.3855 144.99 5.968
v 85.2409 144.8437 5.9317
v 85.4399 144.8137 5.8702
v 85.3855 144.99 5.968
v 85.2409 144.8437 5.9317
v 85.4399 144.8137 5.8702
v 85.4611 144.836 6.2876
v 85.3165 144.6897 6.2512
v 85.5154 144.6597 6.1897
v 85.4611 144.836 6.2876
v 85.3165 144.6897 6.2512
v 85.5154 144.6597 6.1897
v 85.5366 144.682 6.6071
v 85.392 144.5357 6.5708
v 85.591 144.5056 6.5092
v 85.5366 144.682 6.6071
v 85.392 144.5357 6.5708
v 85.591 144.5056 6.5092
v 85.6122 144.528 6.9266
v 85.4676 144.3817 6.8903
v 85.6665 144.3516 6.8288
v 85.6122 144.528 6.9266
v 85.4676 144.3817 6.8903
v 85.6665 144.3516 6.8288
v 85.6877 144.374 7.2462
v 85.5432 144.2277 7.2098
v 85.7421 144.1976 7.1483

# 30 faces
f -30 -27 -29 
f -29 -27 -26 
f -29 -26 -28 
f -28 -26 -25 
f -28 -25 -30 
f -30 -25 -27 
f -24 -21 -23 
f -23 -21 -20 
f -23 -20 -22 
f -22 -20 -19 
f -22 -19 -24 
f -24 -19 -21 
f -18 -15 -17 
f -17 -15 -14 
f -17 -14 -16 
f -16 -14 -13 
f -16 -13 -18 
f -18 -13 -15 
f -12 -9 -11 
f -11 -9 -8 
f -11 -8 -10 
f -10 -8 -7 
f -10 -7 -12 
f -12 -7 -9 
f -6 -3 -5 
f -5 -3 -2 
f -5 -2 -4 
f -4 -2 -1 
f -4 -1 -6 
f -6 -1 -3 

g corn_2Pdcel
s off

usemtl corn_2Pdcel

# 30 vertices
v 85.6851 144.3785 7.2355
v 85.5444 144.2255 7.2151
v 85.7434 144.1954 7.1536
v 85.7972 144.2165 7.6771
v 85.6565 144.0635 7.6567
v 85.8555 144.0334 7.5952
v 85.7972 144.2165 7.6771
v 85.6565 144.0635 7.6567
v 85.8555 144.0334 7.5952
v 85.9167 144.1029 8.119
v 85.7804 143.9447 8.115
v 85.9793 143.9147 8.05355
v 85.9167 144.1029 8.119
v 85.7804 143.9447 8.115
v 85.9793 143.9147 8.05355
v 86.04517 144.0342 8.5677
v 85.9134 143.8726 8.5804
v 86.1123 143.8425 8.5189
v 86.04517 144.0342 8.5677
v 85.9134 143.8726 8.5804
v 86.1123 143.8425 8.5189
v 86.1811 144.0111 9.01884
v 86.05442 143.8477 9.04846
v 86.2533 143.8177 8.9869
v 86.1811 144.0111 9.01884
v 86.05442 143.8477 9.04846
v 86.2533 143.8177 8.9869
v 86.3235 144.0338 9.4679
v 86.2019 143.8704 9.5145
v 86.4009 143.8403 9.453

# 30 faces
f -30 -27 -29 
f -29 -27 -26 
f -29 -26 -28 
f -28 -26 -25 
f -28 -25 -30 
f -30 -25 -27 
f -24 -21 -23 
f -23 -21 -20 
f -23 -20 -22 
f -22 -20 -19 
f -22 -19 -24 
f -24 -19 -21 
f -18 -15 -17 
f -17 -15 -14 
f -17 -14 -16 
f -16 -14 -13 
f -16 -13 -18 
f -18 -13 -15 
f -12 -9 -11 
f -11 -9 -8 
f -11 -8 -10 
f -10 -8 -7 
f -10 -7 -12 
f -12 -7 -9 
f -6 -3 -5 
f -5 -3 -2 
f -5 -2 -4 
f -4 -2 -1 
f -4 -1 -6 
f -6 -1 -3 

g corn_2Petal1
s off

usemtl corn_2Petal1

# 6 vertices
v 86.3087 143.9143 9.4785
v 86.4116 144.036 10.1036
v 86.6038 143.9497 10.05542
v 86.8139 144.2783 10.6615
v 86.6413 144.2551 10.4821
v 86.8291 144.2085 10.4501

# 8 faces
f -6 -5 -4 
f -6 -4 -5 
f -5 -3 -4 
f -5 -4 -3 
f -5 -2 -3 
f -5 -3 -2 
f -3 -1 -4 
f -3 -4 -1 

g corn_2Petal1
s off

usemtl corn_2Petal1

# 6 vertices
v 86.3087 143.9143 9.4785
v 86.4672 143.8198 10.09669
v 86.4456 144.0348 10.1013
v 86.3898 143.9338 10.8128
v 86.386 143.8336 10.5837
v 86.3416 144.0222 10.6137

# 8 faces
f -6 -5 -4 
f -6 -4 -5 
f -5 -3 -4 
f -5 -4 -3 
f -5 -2 -3 
f -5 -3 -2 
f -3 -1 -4 
f -3 -4 -1 

g corn_2Petal1
s off

usemtl corn_2Petal1

# 6 vertices
v 86.3087 143.9143 9.4785
v 86.6179 143.9773 10.04122
v 86.4572 143.8485 10.1068
v 86.8965 143.7174 10.663
v 86.8689 143.8091 10.432
v 86.7498 143.6698 10.5018

# 8 faces
f -6 -5 -4 
f -6 -4 -5 
f -5 -3 -4 
f -5 -4 -3 
f -5 -2 -3 
f -5 -3 -2 
f -3 -1 -4 
f -3 -4 -1 

g corn_2InfInt
s off

usemtl corn_2InfInt

# 30 vertices
v 85.5584 144.1974 7.1917
v 85.7624 144.2254 7.1569
v 85.6504 144.374 7.255
v 85.6339 144.0434 7.5112
v 85.838 144.0714 7.4764
v 85.7259 144.22 7.5745
v 85.6339 144.0434 7.5112
v 85.838 144.0714 7.4764
v 85.7259 144.22 7.5745
v 85.7095 143.8894 7.8307
v 85.9135 143.9174 7.7959
v 85.8015 144.0659 7.894
v 85.7095 143.8894 7.8307
v 85.9135 143.9174 7.7959
v 85.8015 144.0659 7.894
v 85.785 143.7354 8.1502
v 85.9891 143.7634 8.1155
v 85.877 143.9119 8.2136
v 85.785 143.7354 8.1502
v 85.9891 143.7634 8.1155
v 85.877 143.9119 8.2136
v 85.8606 143.5814 8.4698
v 86.06467 143.6094 8.435
v 85.9526 143.7579 8.5331
v 85.8606 143.5814 8.4698
v 86.06467 143.6094 8.435
v 85.9526 143.7579 8.5331
v 85.9361 143.4274 8.7893
v 86.1402 143.4554 8.7545
v 86.02817 143.6039 8.8526

# 30 faces
f -30 -27 -29 
f -29 -27 -26 
f -29 -26 -28 
f -28 -26 -25 
f -28 -25 -30 
f -30 -25 -27 
f -24 -21 -23 
f -23 -21 -20 
f -23 -20 -22 
f -22 -20 -19 
f -22 -19 -24 
f -24 -19 -21 
f -18 -15 -17 
f -17 -15 -14 
f -17 -14 -16 
f -16 -14 -13 
f -16 -13 -18 
f -18 -13 -15 
f -12 -9 -11 
f -11 -9 -8 
f -11 -8 -10 
f -10 -8 -7 
f -10 -7 -12 
f -12 -7 -9 
f -6 -3 -5 
f -5 -3 -2 
f -5 -2 -4 
f -4 -2 -1 
f -4 -1 -6 
f -6 -1 -3 

g corn_2Pdcel
s off

usemtl corn_2Pdcel

# 30 vertices
v 85.9341 143.4328 8.7789
v 86.1412 143.4527 8.7596
v 86.02915 143.6013 8.8577
v 85.9955 143.2016 9.1991
v 86.2025 143.2215 9.1799
v 86.09053 143.3701 9.278
v 85.9955 143.2016 9.1991
v 86.2025 143.2215 9.1799
v 86.09053 143.3701 9.278
v 86.01596 142.9527 9.5993
v 86.2245 142.9637 9.5953
v 86.1124 143.1123 9.6934
v 86.01596 142.9527 9.5993
v 86.2245 142.9637 9.5953
v 86.1124 143.1123 9.6934
v 85.9971 142.6832 9.986
v 86.2058 142.6845 9.9968
v 86.09373 142.8331 10.09493
v 85.9971 142.6832 9.986
v 86.2058 142.6845 9.9968
v 86.09373 142.8331 10.09493
v 85.9394 142.3956 10.3555
v 86.1466 142.3865 10.3805
v 86.03455 142.535 10.4786
v 85.9394 142.3956 10.3555
v 86.1466 142.3865 10.3805
v 86.03455 142.535 10.4786
v 85.8432 142.0928 10.7041
v 86.04752 142.0726 10.7426
v 85.9354 142.2212 10.8407

# 30 faces
f -30 -27 -29 
f -29 -27 -26 
f -29 -26 -28 
f -28 -26 -25 
f -28 -25 -30 
f -30 -25 -27 
f -24 -21 -23 
f -23 -21 -20 
f -23 -20 -22 
f -22 -20 -19 
f -22 -19 -24 
f -24 -19 -21 
f -18 -15 -17 
f -17 -15 -14 
f -17 -14 -16 
f -16 -14 -13 
f -16 -13 -18 
f -18 -13 -15 
f -12 -9 -11 
f -11 -9 -8 
f -11 -8 -10 
f -10 -8 -7 
f -10 -7 -12 
f -12 -7 -9 
f -6 -3 -5 
f -5 -3 -2 
f -5 -2 -4 
f -4 -2 -1 
f -4 -1 -6 
f -6 -1 -3 

g corn_2Petal1
s off

usemtl corn_2Petal1

# 6 vertices
v 85.9425 142.129 10.7628
v 85.7676 141.6685 11.1793
v 85.7214 141.8412 11.3007
v 85.3175 141.373 11.671
v 85.4448 141.4237 11.4619
v 85.3693 141.5666 11.573

# 8 faces
f -6 -5 -4 
f -6 -4 -5 
f -5 -3 -4 
f -5 -4 -3 
f -5 -2 -3 
f -5 -3 -2 
f -3 -1 -4 
f -3 -4 -1 

g corn_2Petal1
s off

usemtl corn_2Petal1

# 6 vertices
v 85.9425 142.129 10.7628
v 85.984 141.766 11.2944
v 85.8238 141.66 11.1953
v 86.00469 141.1276 11.6462
v 86.06618 141.3458 11.5407
v 85.9429 141.2209 11.4531

# 8 faces
f -6 -5 -4 
f -6 -4 -5 
f -5 -3 -4 
f -5 -4 -3 
f -5 -2 -3 
f -5 -3 -2 
f -3 -1 -4 
f -3 -4 -1 

g corn_2Petal1
s off

usemtl corn_2Petal1

# 6 vertices
v 85.9425 142.129 10.7628
v 85.7492 141.8856 11.328
v 85.9508 141.8078 11.3266
v 85.8405 141.7299 12.03463
v 85.7668 141.8326 11.8188
v 85.9534 141.7802 11.8488

# 8 faces
f -6 -5 -4 
f -6 -4 -5 
f -5 -3 -4 
f -5 -4 -3 
f -5 -2 -3 
f -5 -3 -2 
f -3 -1 -4 
f -3 -4 -1 

g corn_2InfInt
s off

usemtl corn_2InfInt

# 30 vertices
v 86.152 143.4893 8.7681
v 85.9942 143.5942 8.856
v 85.9613 143.4041 8.7721
v 86.2276 143.3353 9.08766
v 86.06977 143.4402 9.1755
v 86.03692 143.2501 9.09167
v 86.2276 143.3353 9.08766
v 86.06977 143.4402 9.1755
v 86.03692 143.2501 9.09167
v 86.3031 143.1813 9.4071
v 86.1453 143.2862 9.495
v 86.1124 143.0961 9.4112
v 86.3031 143.1813 9.4071
v 86.1453 143.2862 9.495
v 86.1124 143.0961 9.4112
v 86.3787 143.0273 9.7267
v 86.2208 143.1322 9.8145
v 86.188 142.9421 9.7307
v 86.3787 143.0273 9.7267
v 86.2208 143.1322 9.8145
v 86.188 142.9421 9.7307
v 86.4542 142.8733 10.04625
v 86.2964 142.9782 10.1341
v 86.2635 142.7881 10.05026
v 86.4542 142.8733 10.04625
v 86.2964 142.9782 10.1341
v 86.2635 142.7881 10.05026
v 86.5298 142.7193 10.3657
v 86.3719 142.8242 10.4536
v 86.3391 142.634 10.3697

# 30 faces
f -30 -27 -29 
f -29 -27 -26 
f -29 -26 -28 
f -28 -26 -25 
f -28 -25 -30 
f -30 -25 -27 
f -24 -21 -23 
f -23 -21 -20 
f -23 -20 -22 
f -22 -20 -19 
f -22 -19 -24 
f -24 -19 -21 
f -18 -15 -17 
f -17 -15 -14 
f -17 -14 -16 
f -16 -14 -13 
f -16 -13 -18 
f -18 -13 -15 
f -12 -9 -11 
f -11 -9 -8 
f -11 -8 -10 
f -10 -8 -7 
f -10 -7 -12 
f -12 -7 -9 
f -6 -3 -5 
f -5 -3 -2 
f -5 -2 -4 
f -4 -2 -1 
f -4 -1 -6 
f -6 -1 -3 

g corn_2Pdcel
s off

usemtl corn_2Pdcel

# 30 vertices
v 86.5267 142.7243 10.3554
v 86.3734 142.8217 10.4587
v 86.3406 142.6316 10.3748
v 86.6728 142.5174 10.7674
v 86.5195 142.6147 10.8706
v 86.4866 142.4246 10.7867
v 86.6728 142.5174 10.7674
v 86.5195 142.6147 10.8706
v 86.4866 142.4246 10.7867
v 86.8585 142.3159 11.1513
v 86.7114 142.4057 11.2693
v 86.6785 142.2156 11.1855
v 86.8585 142.3159 11.1513
v 86.7114 142.4057 11.2693
v 86.6785 142.2156 11.1855
v 87.08531 142.1168 11.5139
v 86.9459 142.199 11.6459
v 86.913 142.0089 11.5621
v 87.08531 142.1168 11.5139
v 86.9459 142.199 11.6459
v 86.913 142.0089 11.5621
v 87.3508 141.922 11.8515
v 87.2206 141.9968 11.9968
v 87.1878 141.8067 11.9129
v 87.3508 141.922 11.8515
v 87.2206 141.9968 11.9968
v 87.1878 141.8067 11.9129
v 87.6526 141.7333 12.1611
v 87.5331 141.8009 12.3185
v 87.5002 141.6108 12.2346

# 30 faces
f -30 -27 -29 
f -29 -27 -26 
f -29 -26 -28 
f -28 -26 -25 
f -28 -25 -30 
f -30 -25 -27 
f -24 -21 -23 
f -23 -21 -20 
f -23 -20 -22 
f -22 -20 -19 
f -22 -19 -24 
f -24 -19 -21 
f -18 -15 -17 
f -17 -15 -14 
f -17 -14 -16 
f -16 -14 -13 
f -16 -13 -18 
f -18 -13 -15 
f -12 -9 -11 
f -11 -9 -8 
f -11 -8 -10 
f -10 -8 -7 
f -10 -7 -12 
f -12 -7 -9 
f -6 -3 -5 
f -5 -3 -2 
f -5 -2 -4 
f -4 -2 -1 
f -4 -1 -6 
f -6 -1 -3 

g corn_2Petal1
s off

usemtl corn_2Petal1

# 6 vertices
v 87.5615 141.7149 12.2384
v 88.03566 141.5054 12.6225
v 87.9418 141.3153 12.5803
v 88.5724 141.0454 12.8017
v 88.4427 141.245 12.7251
v 88.3902 141.063 12.6741

# 8 faces
f -6 -5 -4 
f -6 -4 -5 
f -5 -3 -4 
f -5 -4 -3 
f -5 -2 -3 
f -5 -3 -2 
f -3 -1 -4 
f -3 -4 -1 

g corn_2Petal1
s off

usemtl corn_2Petal1

# 6 vertices
v 87.5615 141.7149 12.2384
v 87.8229 141.4674 12.7738
v 88.00515 141.5209 12.6706
v 88.2973 141.4707 13.3276
v 88.09013 141.4879 13.1887
v 88.2622 141.5565 13.1246

# 8 faces
f -6 -5 -4 
f -6 -4 -5 
f -5 -3 -4 
f -5 -4 -3 
f -5 -2 -3 
f -5 -3 -2 
f -3 -1 -4 
f -3 -4 -1 

g corn_2Petal1
s off

usemtl corn_2Petal1

# 6 vertices
v 87.5615 141.7149 12.2384
v 87.8911 141.287 12.5911
v 87.8149 141.4095 12.752
v 87.9708 140.8343 13.1573
v 87.9357 140.9289 12.9285
v 87.8517 141.0092 13.08654

# 8 faces
f -6 -5 -4 
f -6 -4 -5 
f -5 -3 -4 
f -5 -4 -3 
f -5 -2 -3 
f -5 -3 -2 
f -3 -1 -4 
f -3 -4 -1 

g corn_2InfInt
s off

usemtl corn_2InfInt

# 30 vertices
v 84.1887 147.3349 0.6979
v 84.03426 147.3874 0.8283
v 84.217 147.3158 0.904
v 84.3159 147.6742 0.7119
v 84.1614 147.7267 0.8423
v 84.3441 147.6551 0.918
v 84.3159 147.6742 0.7119
v 84.1614 147.7267 0.8423
v 84.3441 147.6551 0.918
v 84.4431 148.0135 0.7259
v 84.2886 148.0661 0.8563
v 84.4713 147.9945 0.932
v 84.4431 148.0135 0.7259
v 84.2886 148.0661 0.8563
v 84.4713 147.9945 0.932
v 84.5703 148.3529 0.7399
v 84.4158 148.4054 0.8703
v 84.5985 148.3338 0.946
v 84.5703 148.3529 0.7399
v 84.4158 148.4054 0.8703
v 84.5985 148.3338 0.946
v 84.6975 148.6922 0.7539
v 84.543 148.7448 0.8843
v 84.7257 148.6731 0.96
v 84.6975 148.6922 0.7539
v 84.543 148.7448 0.8843
v 84.7257 148.6731 0.96
v 84.8247 149.0316 0.7679
v 84.6702 149.0841 0.8983
v 84.8529 149.0125 0.974

# 30 faces
f -30 -27 -29 
f -29 -27 -26 
f -29 -26 -28 
f -28 -26 -25 
f -28 -25 -30 
f -30 -25 -27 
f -24 -21 -23 
f -23 -21 -20 
f -23 -20 -22 
f -22 -20 -19 
f -22 -19 -24 
f -24 -19 -21 
f -18 -15 -17 
f -17 -15 -14 
f -17 -14 -16 
f -16 -14 -13 
f -16 -13 -18 
f -18 -13 -15 
f -12 -9 -11 
f -11 -9 -8 
f -11 -8 -10 
f -10 -8 -7 
f -10 -7 -12 
f -12 -7 -9 
f -6 -3 -5 
f -5 -3 -2 
f -5 -2 -4 
f -4 -2 -1 
f -4 -1 -6 
f -6 -1 -3 

g corn_2InfInt
s off

usemtl corn_2InfInt

# 30 vertices
v 84.7511 149.1482 0.8305
v 84.8965 149.0256 0.9169
v 84.6993 148.956 0.8938
v 84.8356 149.0175 0.5029
v 84.981 148.8949 0.5893
v 84.7838 148.8253 0.5662
v 84.8356 149.0175 0.5029
v 84.981 148.8949 0.5893
v 84.7838 148.8253 0.5662
v 84.9201 148.8869 0.1753
v 85.06552 148.7643 0.2617
v 84.8683 148.6946 0.2386
v 84.9201 148.8869 0.1753
v 85.06552 148.7643 0.2617
v 84.8683 148.6946 0.2386
v 85.00464 148.7562 -0.1522
v 85.15 148.6336 -0.06582
v 84.9528 148.564 -0.08891
v 85.00464 148.7562 -0.1522
v 85.15 148.6336 -0.06582
v 84.9528 148.564 -0.08891
v 85.08915 148.6255 -0.4798
v 85.2345 148.5029 -0.3934
v 85.03738 148.4333 -0.4164
v 85.08915 148.6255 -0.4798
v 85.2345 148.5029 -0.3934
v 85.03738 148.4333 -0.4164
v 85.1736 148.4948 -0.8073
v 85.319 148.3722 -0.7209
v 85.1218 148.3026 -0.744

# 30 faces
f -30 -27 -29 
f -29 -27 -26 
f -29 -26 -28 
f -28 -26 -25 
f -28 -25 -30 
f -30 -25 -27 
f -24 -21 -23 
f -23 -21 -20 
f -23 -20 -22 
f -22 -20 -19 
f -22 -19 -24 
f -24 -19 -21 
f -18 -15 -17 
f -17 -15 -14 
f -17 -14 -16 
f -16 -14 -13 
f -16 -13 -18 
f -18 -13 -15 
f -12 -9 -11 
f -11 -9 -8 
f -11 -8 -10 
f -10 -8 -7 
f -10 -7 -12 
f -12 -7 -9 
f -6 -3 -5 
f -5 -3 -2 
f -5 -2 -4 
f -4 -2 -1 
f -4 -1 -6 
f -6 -1 -3 

g corn_2Pdcel
s off

usemtl corn_2Pdcel

# 30 vertices
v 85.171 148.4986 -0.7964
v 85.3203 148.3704 -0.7263
v 85.1231 148.3008 -0.7494
v 85.2708 148.3665 -1.2507
v 85.4201 148.2383 -1.1807
v 85.223 148.1687 -1.2037
v 85.2708 148.3665 -1.2507
v 85.4201 148.2383 -1.1807
v 85.223 148.1687 -1.2037
v 85.3546 148.2806 -1.7069
v 85.5073 148.1484 -1.6538
v 85.3101 148.0787 -1.6768
v 85.3546 148.2806 -1.7069
v 85.5073 148.1484 -1.6538
v 85.3101 148.0787 -1.6768
v 85.4241 148.2379 -2.1715
v 85.5797 148.1032 -2.1357
v 85.3825 148.0336 -2.1588
v 85.4241 148.2379 -2.1715
v 85.5797 148.1032 -2.1357
v 85.3825 148.0336 -2.1588
v 85.4786 148.2389 -2.6401
v 85.6365 148.1034 -2.6217
v 85.4394 148.0338 -2.6448
v 85.4786 148.2389 -2.6401
v 85.6365 148.1034 -2.6217
v 85.4394 148.0338 -2.6448
v 85.5177 148.2834 -3.108
v 85.6774 148.1488 -3.1073
v 85.4802 148.0792 -3.1304

# 30 faces
f -30 -27 -29 
f -29 -27 -26 
f -29 -26 -28 
f -28 -26 -25 
f -28 -25 -30 
f -30 -25 -27 
f -24 -21 -23 
f -23 -21 -20 
f -23 -20 -22 
f -22 -20 -19 
f -22 -19 -24 
f -24 -19 -21 
f -18 -15 -17 
f -17 -15 -14 
f -17 -14 -16 
f -16 -14 -13 
f -16 -13 -18 
f -18 -13 -15 
f -12 -9 -11 
f -11 -9 -8 
f -11 -8 -10 
f -10 -8 -7 
f -10 -7 -12 
f -12 -7 -9 
f -6 -3 -5 
f -5 -3 -2 
f -5 -2 -4 
f -4 -2 -1 
f -4 -1 -6 
f -6 -1 -3 

g corn_2InfInt
s off

usemtl corn_2InfInt

# 30 vertices
v 85.3043 148.3381 -0.7111
v 85.1013 148.3273 -0.7592
v 85.2107 148.502 -0.8007
v 85.3888 148.2075 -1.03875
v 85.1858 148.1966 -1.08678
v 85.2952 148.3714 -1.1282
v 85.3888 148.2075 -1.03875
v 85.1858 148.1966 -1.08678
v 85.2952 148.3714 -1.1282
v 85.4733 148.0768 -1.3663
v 85.2703 148.0659 -1.4143
v 85.3798 148.2407 -1.4558
v 85.4733 148.0768 -1.3663
v 85.2703 148.0659 -1.4143
v 85.3798 148.2407 -1.4558
v 85.5578 147.9461 -1.6939
v 85.3548 147.9352 -1.7419
v 85.4643 148.11 -1.7834
v 85.5578 147.9461 -1.6939
v 85.3548 147.9352 -1.7419
v 85.4643 148.11 -1.7834
v 85.6423 147.8154 -2.02149
v 85.4393 147.8046 -2.06952
v 85.5488 147.9793 -2.111
v 85.6423 147.8154 -2.02149
v 85.4393 147.8046 -2.06952
v 85.5488 147.9793 -2.111
v 85.7269 147.6848 -2.349
v 85.5239 147.6739 -2.3971
v 85.6333 147.8487 -2.4385

# 30 faces
f -30 -27 -29 
f -29 -27 -26 
f -29 -26 -28 
f -28 -26 -25 
f -28 -25 -30 
f -30 -25 -27 
f -24 -21 -23 
f -23 -21 -20 
f -23 -20 -22 
f -22 -20 -19 
f -22 -19 -24 
f -24 -19 -21 
f -18 -15 -17 
f -17 -15 -14 
f -17 -14 -16 
f -16 -14 -13 
f -16 -13 -18 
f -18 -13 -15 
f -12 -9 -11 
f -11 -9 -8 
f -11 -8 -10 
f -10 -8 -7 
f -10 -7 -12 
f -12 -7 -9 
f -6 -3 -5 
f -5 -3 -2 
f -5 -2 -4 
f -4 -2 -1 
f -4 -1 -6 
f -6 -1 -3 

g corn_2Pdcel
s off

usemtl corn_2Pdcel

# 30 vertices
v 85.7236 147.6893 -2.3385
v 85.5254 147.6716 -2.4022
v 85.6349 147.8464 -2.4437
v 85.8747 147.4958 -2.7552
v 85.6765 147.4781 -2.8188
v 85.786 147.6529 -2.8603
v 85.8747 147.4958 -2.7552
v 85.6765 147.4781 -2.8188
v 85.786 147.6529 -2.8603
v 86.05859 147.2899 -3.1376
v 85.8666 147.2648 -3.2162
v 85.976 147.4396 -3.2576
v 86.05859 147.2899 -3.1376
v 85.8666 147.2648 -3.2162
v 85.976 147.4396 -3.2576
v 86.2767 147.069 -3.4928
v 86.09229 147.0359 -3.5852
v 86.2017 147.2107 -3.6267
v 86.2767 147.069 -3.4928
v 86.09229 147.0359 -3.5852
v 86.2017 147.2107 -3.6267
v 86.5269 146.8353 -3.8173
v 86.3513 146.7937 -3.9224
v 86.4607 146.9685 -3.9639
v 86.5269 146.8353 -3.8173
v 86.3513 146.7937 -3.9224
v 86.4607 146.9685 -3.9639
v 86.8069 146.591 -4.1078
v 86.6412 146.5404 -4.2246
v 86.7507 146.7152 -4.2661

# 30 faces
f -30 -27 -29 
f -29 -27 -26 
f -29 -26 -28 
f -28 -26 -25 
f -28 -25 -30 
f -30 -25 -27 
f -24 -21 -23 
f -23 -21 -20 
f -23 -20 -22 
f -22 -20 -19 
f -22 -19 -24 
f -24 -19 -21 
f -18 -15 -17 
f -17 -15 -14 
f -17 -14 -16 
f -16 -14 -13 
f -16 -13 -18 
f -18 -13 -15 
f -12 -9 -11 
f -11 -9 -8 
f -11 -8 -10 
f -10 -8 -7 
f -10 -7 -12 
f -12 -7 -9 
f -6 -3 -5 
f -5 -3 -2 
f -5 -2 -4 
f -4 -2 -1 
f -4 -1 -6 
f -6 -1 -3 

g corn_2InfInt
s off

usemtl corn_2InfInt

# 30 vertices
v 85.5117 147.7065 -2.4132
v 85.6671 147.8452 -2.4285
v 85.7021 147.6558 -2.3439
v 85.5962 147.5759 -2.7408
v 85.7516 147.7146 -2.756
v 85.7866 147.5252 -2.6714
v 85.5962 147.5759 -2.7408
v 85.7516 147.7146 -2.756
v 85.7866 147.5252 -2.6714
v 85.6807 147.4452 -3.06842
v 85.8362 147.5839 -3.08366
v 85.8711 147.3945 -2.999
v 85.6807 147.4452 -3.06842
v 85.8362 147.5839 -3.08366
v 85.8711 147.3945 -2.999
v 85.7652 147.3145 -3.3959
v 85.9207 147.4532 -3.4112
v 85.9556 147.2638 -3.3266
v 85.7652 147.3145 -3.3959
v 85.9207 147.4532 -3.4112
v 85.9556 147.2638 -3.3266
v 85.8497 147.1838 -3.7235
v 86.00522 147.3225 -3.7388
v 86.0402 147.1331 -3.6542
v 85.8497 147.1838 -3.7235
v 86.00522 147.3225 -3.7388
v 86.0402 147.1331 -3.6542
v 85.9343 147.0531 -4.05115
v 86.08973 147.1919 -4.0664
v 86.1247 147.0025 -3.9818

# 30 faces
f -30 -27 -29 
f -29 -27 -26 
f -29 -26 -28 
f -28 -26 -25 
f -28 -25 -30 
f -30 -25 -27 
f -24 -21 -23 
f -23 -21 -20 
f -23 -20 -22 
f -22 -20 -19 
f -22 -19 -24 
f -24 -19 -21 
f -18 -15 -17 
f -17 -15 -14 
f -17 -14 -16 
f -16 -14 -13 
f -16 -13 -18 
f -18 -13 -15 
f -12 -9 -11 
f -11 -9 -8 
f -11 -8 -10 
f -10 -8 -7 
f -10 -7 -12 
f -12 -7 -9 
f -6 -3 -5 
f -5 -3 -2 
f -5 -2 -4 
f -4 -2 -1 
f -4 -1 -6 
f -6 -1 -3 

g corn_2Pdcel
s off

usemtl corn_2Pdcel

# 30 vertices
v 85.932 147.0576 -4.04036
v 86.09081 147.1897 -4.07171
v 86.1257 147.0003 -3.9871
v 85.9988 146.8726 -4.4821
v 86.1575 147.0047 -4.5134
v 86.1925 146.8153 -4.4289
v 85.9988 146.8726 -4.4821
v 86.1575 147.0047 -4.5134
v 86.1925 146.8153 -4.4289
v 86.01787 146.6833 -4.9138
v 86.1781 146.8085 -4.9613
v 86.2131 146.6191 -4.8767
v 86.01787 146.6833 -4.9138
v 86.1781 146.8085 -4.9613
v 86.2131 146.6191 -4.8767
v 85.9912 146.4872 -5.3419
v 86.1514 146.6052 -5.4057
v 86.1864 146.4158 -5.3211
v 85.9912 146.4872 -5.3419
v 86.1514 146.6052 -5.4057
v 86.1864 146.4158 -5.3211
v 85.9193 146.2861 -5.7625
v 86.07767 146.3966 -5.8422
v 86.1126 146.2072 -5.7576
v 85.9193 146.2861 -5.7625
v 86.07767 146.3966 -5.8422
v 86.1126 146.2072 -5.7576
v 85.8026 146.082 -6.1714
v 85.9574 146.1848 -6.2667
v 85.9924 145.9954 -6.1821

# 30 faces
f -30 -27 -29 
f -29 -27 -26 
f -29 -26 -28 
f -28 -26 -25 
f -28 -25 -30 
f -30 -25 -27 
f -24 -21 -23 
f -23 -21 -20 
f -23 -20 -22 
f -22 -20 -19 
f -22 -19 -24 
f -24 -19 -21 
f -18 -15 -17 
f -17 -15 -14 
f -17 -14 -16 
f -16 -14 -13 
f -16 -13 -18 
f -18 -13 -15 
f -12 -9 -11 
f -11 -9 -8 
f -11 -8 -10 
f -10 -8 -7 
f -10 -7 -12 
f -12 -7 -9 
f -6 -3 -5 
f -5 -3 -2 
f -5 -2 -4 
f -4 -2 -1 
f -4 -1 -6 
f -6 -1 -3 

g corn_2Petal1
s off

usemtl corn_2Petal1

# 6 vertices
v 85.918 146.0874 -6.2069
v 85.6747 145.8616 -6.76
v 85.7748 145.6821 -6.693
v 85.336 145.3577 -7.164
v 85.3901 145.5628 -7.0316
v 85.4479 145.3848 -6.9728

# 8 faces
f -6 -5 -4 
f -6 -4 -5 
f -5 -3 -4 
f -5 -4 -3 
f -5 -2 -3 
f -5 -3 -2 
f -3 -1 -4 
f -3 -4 -1 

g corn_2Petal1
s off

usemtl corn_2Petal1

# 6 vertices
v 85.918 146.0874 -6.2069
v 85.9183 145.8478 -6.8058
v 85.7047 145.8667 -6.7786
v 85.6902 145.8268 -7.4982
v 85.8252 145.8624 -7.2908
v 85.6329 145.9007 -7.2956

# 8 faces
f -6 -5 -4 
f -6 -4 -5 
f -5 -3 -4 
f -5 -4 -3 
f -5 -2 -3 
f -5 -3 -2 
f -3 -1 -4 
f -3 -4 -1 

g corn_2Petal1
s off

usemtl corn_2Petal1

# 6 vertices
v 85.918 146.0874 -6.2069
v 85.8032 145.6647 -6.6805
v 85.9137 145.8115 -6.7943
v 85.9992 145.2685 -7.2605
v 85.9354 145.3417 -7.03014
v 86.05818 145.4474 -7.1408

# 8 faces
f -6 -5 -4 
f -6 -4 -5 
f -5 -3 -4 
f -5 -4 -3 
f -5 -2 -3 
f -5 -3 -2 
f -3 -1 -4 
f -3 -4 -1 

g corn_2InfInt
s off

usemtl corn_2InfInt

# 30 vertices
v 86.1224 147.1776 -4.05225
v 86.09512 146.9829 -3.9816
v 85.9338 147.0888 -4.06549
v 86.2069 147.0469 -4.3798
v 86.1796 146.8522 -4.3092
v 86.01835 146.9581 -4.393
v 86.2069 147.0469 -4.3798
v 86.1796 146.8522 -4.3092
v 86.01835 146.9581 -4.393
v 86.2914 146.9162 -4.7074
v 86.2641 146.7215 -4.6368
v 86.1028 146.8274 -4.7206
v 86.2914 146.9162 -4.7074
v 86.2641 146.7215 -4.6368
v 86.1028 146.8274 -4.7206
v 86.3759 146.7855 -5.03499
v 86.3486 146.5909 -4.9643
v 86.1873 146.6967 -5.04822
v 86.3759 146.7855 -5.03499
v 86.3486 146.5909 -4.9643
v 86.1873 146.6967 -5.04822
v 86.4604 146.6549 -5.3625
v 86.4331 146.4602 -5.2919
v 86.2718 146.5661 -5.3758
v 86.4604 146.6549 -5.3625
v 86.4331 146.4602 -5.2919
v 86.2718 146.5661 -5.3758
v 86.545 146.5242 -5.6901
v 86.5176 146.3295 -5.6195
v 86.3563 146.4354 -5.7033

# 30 faces
f -30 -27 -29 
f -29 -27 -26 
f -29 -26 -28 
f -28 -26 -25 
f -28 -25 -30 
f -30 -25 -27 
f -24 -21 -23 
f -23 -21 -20 
f -23 -20 -22 
f -22 -20 -19 
f -22 -19 -24 
f -24 -19 -21 
f -18 -15 -17 
f -17 -15 -14 
f -17 -14 -16 
f -16 -14 -13 
f -16 -13 -18 
f -18 -13 -15 
f -12 -9 -11 
f -11 -9 -8 
f -11 -8 -10 
f -10 -8 -7 
f -10 -7 -12 
f -12 -7 -9 
f -6 -3 -5 
f -5 -3 -2 
f -5 -2 -4 
f -4 -2 -1 
f -4 -1 -6 
f -6 -1 -3 

g corn_2Pdcel
s off

usemtl corn_2Pdcel

# 30 vertices
v 86.5418 146.528 -5.6793
v 86.5192 146.3276 -5.6248
v 86.3579 146.4335 -5.7087
v 86.6823 146.3918 -6.1215
v 86.6597 146.1915 -6.06706
v 86.4984 146.2973 -6.1509
v 86.6823 146.3918 -6.1215
v 86.6597 146.1915 -6.06706
v 86.4984 146.2973 -6.1509
v 86.8455 146.2979 -6.554
v 86.8285 146.0932 -6.5157
v 86.6672 146.1991 -6.5996
v 86.8455 146.2979 -6.554
v 86.8285 146.0932 -6.5157
v 86.6672 146.1991 -6.5996
v 87.03297 146.2433 -6.9834
v 87.02249 146.0358 -6.9614
v 86.8612 146.1417 -7.04527
v 87.03297 146.2433 -6.9834
v 87.02249 146.0358 -6.9614
v 86.8612 146.1417 -7.04527
v 87.2427 146.2285 -7.4057
v 87.2397 146.0197 -7.3996
v 87.07848 146.1256 -7.4835
v 87.2427 146.2285 -7.4057
v 87.2397 146.0197 -7.3996
v 87.07848 146.1256 -7.4835
v 87.4729 146.2538 -7.8166
v 87.4782 146.0452 -7.8262
v 87.3169 146.1511 -7.9101

# 30 faces
f -30 -27 -29 
f -29 -27 -26 
f -29 -26 -28 
f -28 -26 -25 
f -28 -25 -30 
f -30 -25 -27 
f -24 -21 -23 
f -23 -21 -20 
f -23 -20 -22 
f -22 -20 -19 
f -22 -19 -24 
f -24 -19 -21 
f -18 -15 -17 
f -17 -15 -14 
f -17 -14 -16 
f -16 -14 -13 
f -16 -13 -18 
f -18 -13 -15 
f -12 -9 -11 
f -11 -9 -8 
f -11 -8 -10 
f -10 -8 -7 
f -10 -7 -12 
f -12 -7 -9 
f -6 -3 -5 
f -5 -3 -2 
f -5 -2 -4 
f -4 -2 -1 
f -4 -1 -6 
f -6 -1 -3 

g corn_2Petal1
s off

usemtl corn_2Petal1

# 6 vertices
v 87.4224 146.1495 -7.8511
v 87.7795 146.2421 -8.3803
v 87.5842 146.2755 -8.4668
v 87.9594 146.601 -8.9891
v 87.9561 146.509 -8.7567
v 87.7923 146.5719 -8.8442

# 8 faces
f -6 -5 -4 
f -6 -4 -5 
f -5 -3 -4 
f -5 -4 -3 
f -5 -2 -3 
f -5 -3 -2 
f -3 -1 -4 
f -3 -4 -1 

g corn_2Petal1
s off

usemtl corn_2Petal1

# 6 vertices
v 87.4224 146.1495 -7.8511
v 87.6654 145.9896 -8.4269
v 87.7928 146.1588 -8.3839
v 88.2157 145.8672 -8.8896
v 88.02324 145.8391 -8.7324
v 88.166 145.9688 -8.6972

# 8 faces
f -6 -5 -4 
f -6 -4 -5 
f -5 -3 -4 
f -5 -4 -3 
f -5 -2 -3 
f -5 -3 -2 
f -3 -1 -4 
f -3 -4 -1 

g corn_2Petal1
s off

usemtl corn_2Petal1

# 6 vertices
v 87.4224 146.1495 -7.8511
v 87.5191 146.2249 -8.4845
v 87.593 146.0227 -8.4643
v 87.4931 146.0002 -9.1778
v 87.448 146.1167 -8.9612
v 87.4897 145.9252 -8.9676

# 8 faces
f -6 -5 -4 
f -6 -4 -5 
f -5 -3 -4 
f -5 -4 -3 
f -5 -2 -3 
f -5 -3 -2 
f -3 -1 -4 
f -3 -4 -1 

g corn_2InfInt
s off

usemtl corn_2InfInt

# 30 vertices
v 86.4813 146.318 -5.6243
v 86.3664 146.4678 -5.7137
v 86.5704 146.5003 -5.674
v 86.5658 146.1874 -5.9519
v 86.4509 146.3371 -6.04131
v 86.6549 146.3696 -6.001646
v 86.5658 146.1874 -5.9519
v 86.4509 146.3371 -6.04131
v 86.6549 146.3696 -6.001646
v 86.6503 146.0567 -6.2794
v 86.5354 146.2065 -6.3688
v 86.7394 146.239 -6.3292
v 86.6503 146.0567 -6.2794
v 86.5354 146.2065 -6.3688
v 86.7394 146.239 -6.3292
v 86.7348 145.926 -6.607
v 86.6199 146.0758 -6.6964
v 86.8239 146.1083 -6.6568
v 86.7348 145.926 -6.607
v 86.6199 146.0758 -6.6964
v 86.8239 146.1083 -6.6568
v 86.8193 145.7953 -6.9346
v 86.7044 145.9451 -7.02405
v 86.9084 145.9776 -6.9843
v 86.8193 145.7953 -6.9346
v 86.7044 145.9451 -7.02405
v 86.9084 145.9776 -6.9843
v 86.9038 145.6647 -7.2622
v 86.7889 145.8144 -7.3516
v 86.9929 145.8469 -7.3119

# 30 faces
f -30 -27 -29 
f -29 -27 -26 
f -29 -26 -28 
f -28 -26 -25 
f -28 -25 -30 
f -30 -25 -27 
f -24 -21 -23 
f -23 -21 -20 
f -23 -20 -22 
f -22 -20 -19 
f -22 -19 -24 
f -24 -19 -21 
f -18 -15 -17 
f -17 -15 -14 
f -17 -14 -16 
f -16 -14 -13 
f -16 -13 -18 
f -18 -13 -15 
f -12 -9 -11 
f -11 -9 -8 
f -11 -8 -10 
f -10 -8 -7 
f -10 -7 -12 
f -12 -7 -9 
f -6 -3 -5 
f -5 -3 -2 
f -5 -2 -4 
f -4 -2 -1 
f -4 -1 -6 
f -6 -1 -3 

g corn_2Pdcel
s off

usemtl corn_2Pdcel

# 30 vertices
v 86.901 145.6695 -7.2517
v 86.7903 145.8121 -7.3567
v 86.9943 145.8446 -7.3171
v 87.01662 145.4525 -7.6681
v 86.9058 145.595 -7.7731
v 87.1098 145.6275 -7.7335
v 87.01662 145.4525 -7.6681
v 86.9058 145.595 -7.7731
v 87.1098 145.6275 -7.7335
v 87.131 145.2006 -8.05024
v 87.02454 145.3345 -8.1701
v 87.2285 145.367 -8.1304
v 87.131 145.2006 -8.05024
v 87.02454 145.3345 -8.1701
v 87.2285 145.367 -8.1304
v 87.246 144.9115 -8.4048
v 87.1438 145.0353 -8.5385
v 87.3478 145.0678 -8.4988
v 87.246 144.9115 -8.4048
v 87.1438 145.0353 -8.5385
v 87.3478 145.0678 -8.4988
v 87.3604 144.588 -8.7284
v 87.2626 144.7003 -8.8749
v 87.4666 144.7328 -8.8352
v 87.3604 144.588 -8.7284
v 87.2626 144.7003 -8.8749
v 87.4666 144.7328 -8.8352
v 87.4733 144.2332 -9.01806
v 87.3797 144.3327 -9.1761
v 87.5837 144.3652 -9.1364

# 30 faces
f -30 -27 -29 
f -29 -27 -26 
f -29 -26 -28 
f -28 -26 -25 
f -28 -25 -30 
f -30 -25 -27 
f -24 -21 -23 
f -23 -21 -20 
f -23 -20 -22 
f -22 -20 -19 
f -22 -19 -24 
f -24 -19 -21 
f -18 -15 -17 
f -17 -15 -14 
f -17 -14 -16 
f -16 -14 -13 
f -16 -13 -18 
f -18 -13 -15 
f -12 -9 -11 
f -11 -9 -8 
f -11 -8 -10 
f -10 -8 -7 
f -10 -7 -12 
f -12 -7 -9 
f -6 -3 -5 
f -5 -3 -2 
f -5 -2 -4 
f -4 -2 -1 
f -4 -1 -6 
f -6 -1 -3 

g corn_2Petal1
s off

usemtl corn_2Petal1

# 6 vertices
v 87.4789 144.3107 -9.1106
v 87.5699 143.7712 -9.4523
v 87.7709 143.8502 -9.4624
v 87.943 143.1717 -9.6345
v 87.7735 143.33 -9.5411
v 87.9653 143.3701 -9.5348

# 8 faces
f -6 -5 -4 
f -6 -4 -5 
f -5 -3 -4 
f -5 -4 -3 
f -5 -2 -3 
f -5 -3 -2 
f -3 -1 -4 
f -3 -4 -1 

g corn_2Petal1
s off

usemtl corn_2Petal1

# 6 vertices
v 87.4789 144.3107 -9.1106
v 87.6114 143.9447 -9.625
v 87.5662 143.7872 -9.484
v 87.4815 143.3886 -10.07857
v 87.5017 143.6164 -9.9774
v 87.4353 143.4638 -9.8736

# 8 faces
f -6 -5 -4 
f -6 -4 -5 
f -5 -3 -4 
f -5 -4 -3 
f -5 -2 -3 
f -5 -3 -2 
f -3 -1 -4 
f -3 -4 -1 

g corn_2Petal1
s off

usemtl corn_2Petal1

# 6 vertices
v 87.4789 144.3107 -9.1106
v 87.7941 143.8764 -9.4686
v 87.648 143.9392 -9.615
v 88.1111 143.6478 -10.0843
v 88.06937 143.7321 -9.8526
v 87.9657 143.7977 -10.0057

# 8 faces
f -6 -5 -4 
f -6 -4 -5 
f -5 -3 -4 
f -5 -4 -3 
f -5 -2 -3 
f -5 -3 -2 
f -3 -1 -4 
f -3 -4 -1 

g corn_2InfInt
s off

usemtl corn_2InfInt

# 30 vertices
v 86.81 145.8457 -7.3586
v 87.00773 145.8185 -7.2967
v 86.8666 145.6644 -7.2717
v 86.8946 145.715 -7.6862
v 87.09224 145.6878 -7.6243
v 86.9511 145.5337 -7.5993
v 86.8946 145.715 -7.6862
v 87.09224 145.6878 -7.6243
v 86.9511 145.5337 -7.5993
v 86.9791 145.5844 -8.01382
v 87.1767 145.5571 -7.9519
v 87.0357 145.4031 -7.9268
v 86.9791 145.5844 -8.01382
v 87.1767 145.5571 -7.9519
v 87.0357 145.4031 -7.9268
v 87.06362 145.4537 -8.3414
v 87.2612 145.4264 -8.2795
v 87.1202 145.2724 -8.2544
v 87.06362 145.4537 -8.3414
v 87.2612 145.4264 -8.2795
v 87.1202 145.2724 -8.2544
v 87.1481 145.323 -8.6689
v 87.3457 145.2957 -8.6071
v 87.2047 145.1417 -8.582
v 87.1481 145.323 -8.6689
v 87.3457 145.2957 -8.6071
v 87.2047 145.1417 -8.582
v 87.2326 145.1923 -8.9965
v 87.4302 145.1651 -8.9346
v 87.2892 145.011 -8.9096

# 30 faces
f -30 -27 -29 
f -29 -27 -26 
f -29 -26 -28 
f -28 -26 -25 
f -28 -25 -30 
f -30 -25 -27 
f -24 -21 -23 
f -23 -21 -20 
f -23 -20 -22 
f -22 -20 -19 
f -22 -19 -24 
f -24 -19 -21 
f -18 -15 -17 
f -17 -15 -14 
f -17 -14 -16 
f -16 -14 -13 
f -16 -13 -18 
f -18 -13 -15 
f -12 -9 -11 
f -11 -9 -8 
f -11 -8 -10 
f -10 -8 -7 
f -10 -7 -12 
f -12 -7 -9 
f -6 -3 -5 
f -5 -3 -2 
f -5 -2 -4 
f -4 -2 -1 
f -4 -1 -6 
f -6 -1 -3 

g corn_2Pdcel
s off

usemtl corn_2Pdcel

# 30 vertices
v 87.2302 145.1963 -8.9856
v 87.4314 145.1631 -8.94
v 87.2903 145.0091 -8.915
v 87.309 145.0503 -9.4398
v 87.5101 145.0171 -9.3942
v 87.3691 144.8631 -9.3692
v 87.309 145.0503 -9.4398
v 87.5101 145.0171 -9.3942
v 87.3691 144.8631 -9.3692
v 87.3516 144.9371 -9.8957
v 87.555 144.8992 -9.8671
v 87.4139 144.7451 -9.842
v 87.3516 144.9371 -9.8957
v 87.555 144.8992 -9.8671
v 87.4139 144.7451 -9.842
v 87.3599 144.854 -10.36
v 87.5642 144.8123 -10.3486
v 87.4232 144.6583 -10.3236
v 87.3599 144.854 -10.36
v 87.5642 144.8123 -10.3486
v 87.4232 144.6583 -10.3236
v 87.3338 144.8017 -10.8281
v 87.5379 144.7574 -10.8342
v 87.3968 144.6034 -10.8092
v 87.3338 144.8017 -10.8281
v 87.5379 144.7574 -10.8342
v 87.3968 144.6034 -10.8092
v 87.2737 144.7807 -11.2954
v 87.4762 144.735 -11.3192
v 87.3351 144.581 -11.2941

# 30 faces
f -30 -27 -29 
f -29 -27 -26 
f -29 -26 -28 
f -28 -26 -25 
f -28 -25 -30 
f -30 -25 -27 
f -24 -21 -23 
f -23 -21 -20 
f -23 -20 -22 
f -22 -20 -19 
f -22 -19 -24 
f -24 -19 -21 
f -18 -15 -17 
f -17 -15 -14 
f -17 -14 -16 
f -16 -14 -13 
f -16 -13 -18 
f -18 -13 -15 
f -12 -9 -11 
f -11 -9 -8 
f -11 -8 -10 
f -10 -8 -7 
f -10 -7 -12 
f -12 -7 -9 
f -6 -3 -5 
f -5 -3 -2 
f -5 -2 -4 
f -4 -2 -1 
f -4 -1 -6 
f -6 -1 -3 

g corn_2Petal1
s off

usemtl corn_2Petal1

# 6 vertices
v 87.3621 144.6985 -11.303
v 87.3279 144.826 -11.9344
v 87.2191 144.6392 -11.9332
v 86.9751 144.8694 -12.5711
v 87.09016 144.9244 -12.356
v 86.9644 144.7745 -12.3695

# 8 faces
f -6 -5 -4 
f -6 -4 -5 
f -5 -3 -4 
f -5 -4 -3 
f -5 -2 -3 
f -5 -3 -2 
f -3 -1 -4 
f -3 -4 -1 

g corn_2Petal1
s off

usemtl corn_2Petal1

# 6 vertices
v 87.3621 144.6985 -11.303
v 87.3567 144.6187 -11.9431
v 87.2477 144.8051 -11.9328
v 87.4276 144.8564 -12.6289
v 87.4654 144.7454 -12.408
v 87.3929 144.9272 -12.4202

# 8 faces
f -6 -5 -4 
f -6 -4 -5 
f -5 -3 -4 
f -5 -4 -3 
f -5 -2 -3 
f -5 -3 -2 
f -3 -1 -4 
f -3 -4 -1 

g corn_2Petal1
s off

usemtl corn_2Petal1

# 6 vertices
v 87.3621 144.6985 -11.303
v 87.1631 144.6981 -11.9166
v 87.3764 144.6964 -11.9517
v 87.1857 144.4661 -12.6076
v 87.1196 144.5066 -12.3699
v 87.3064 144.4745 -12.4201

# 8 faces
f -6 -5 -4 
f -6 -4 -5 
f -5 -3 -4 
f -5 -4 -3 
f -5 -2 -3 
f -5 -3 -2 
f -3 -1 -4 
f -3 -4 -1 

# plant "sunflower"
o sunflowe

g sunflowe_Intrnd
s off

usemtl sunflowe_Intrnd

# 18 vertices
v 134.8681 22.0 -0.1319
v 134.9502 22.0 0.1798
v 135.1798 22.0 -0.04976
v 134.8681 23.6585 -0.1319
v 134.9502 23.6585 0.1798
v 135.1798 23.6585 -0.04976
v 134.8681 23.6585 -0.1319
v 134.9502 23.6585 0.1798
v 135.1798 23.6585 -0.04976
v 134.8681 25.3171 -0.1319
v 134.9502 25.3171 0.1798
v 135.1798 25.3171 -0.04976
v 134.8681 25.3171 -0.1319
v 134.9502 25.3171 0.1798
v 135.1798 25.3171 -0.04976
v 134.8681 26.9756 -0.1319
v 134.9502 26.9756 0.1798
v 135.1798 26.9756 -0.04976

# 18 faces
f -18 -15 -17 
f -17 -15 -14 
f -17 -14 -16 
f -16 -14 -13 
f -16 -13 -18 
f -18 -13 -15 
f -12 -9 -11 
f -11 -9 -8 
f -11 -8 -10 
f -10 -8 -7 
f -10 -7 -12 
f -12 -7 -9 
f -6 -3 -5 
f -5 -3 -2 
f -5 -2 -4 
f -4 -2 -1 
f -4 -1 -6 
f -6 -1 -3 

g sunflowe_Intrnd
s off

usemtl sunflowe_Intrnd

# 18 vertices
v 135.0061 26.9756 0.1233
v 135.1043 26.9756 -0.06606
v 134.8897 26.9756 -0.05552
v 135.0061 28.07337 0.1233
v 135.1043 28.07337 -0.06606
v 134.8897 28.07337 -0.05552
v 135.0061 28.07337 0.1233
v 135.1043 28.07337 -0.06606
v 134.8897 28.07337 -0.05552
v 135.0061 29.1711 0.1233
v 135.1043 29.1711 -0.06606
v 134.8897 29.1711 -0.05552
v 135.0061 29.1711 0.1233
v 135.1043 29.1711 -0.06606
v 134.8897 29.1711 -0.05552
v 135.0061 30.2688 0.1233
v 135.1043 30.2688 -0.06606
v 134.8897 30.2688 -0.05552

# 18 faces
f -18 -15 -17 
f -17 -15 -14 
f -17 -14 -16 
f -16 -14 -13 
f -16 -13 -18 
f -18 -13 -15 
f -12 -9 -11 
f -11 -9 -8 
f -11 -8 -10 
f -10 -8 -7 
f -10 -7 -12 
f -12 -7 -9 
f -6 -3 -5 
f -5 -3 -2 
f -5 -2 -4 
f -4 -2 -1 
f -4 -1 -6 
f -6 -1 -3 

g sunflowe_Petiole
s off

usemtl sunflowe_Petiole

# 18 vertices
v 135.0023 30.2441 0.04617
v 135.0444 30.281 -0.02499
v 134.9533 30.281 -0.02052
v 135.0508 32.09343 1.03346
v 135.0929 32.1303 0.9622
v 135.0018 32.1303 0.9667
v 135.0508 32.09343 1.03346
v 135.0929 32.1303 0.9622
v 135.0018 32.1303 0.9667
v 135.1355 33.2395 2.7577
v 135.1789 33.3046 2.7121
v 135.0878 33.3046 2.7166
v 135.1355 33.2395 2.7577
v 135.1789 33.3046 2.7121
v 135.0878 33.3046 2.7166
v 135.2367 33.4364 4.8181
v 135.2819 33.5143 4.8082
v 135.1908 33.5143 4.8127

# 18 faces
f -18 -15 -17 
f -17 -15 -14 
f -17 -14 -16 
f -16 -14 -13 
f -16 -13 -18 
f -18 -13 -15 
f -12 -9 -11 
f -11 -9 -8 
f -11 -8 -10 
f -10 -8 -7 
f -10 -7 -12 
f -12 -7 -9 
f -6 -3 -5 
f -5 -3 -2 
f -5 -2 -4 
f -4 -2 -1 
f -4 -1 -6 
f -6 -1 -3 

g sunflowe_Leaf
s off

usemtl sunflowe_Leaf

# 11 vertices
v 135.2365 33.4886 4.813
v 139.5076 37.7052 10.398
v 135.1885 34.7353 11.9832
v 141.7134 36.6193 14.9872
v 137.0431 33.3548 18.7789
v 141.3307 34.6648 20.5993
v 138.1041 32.53 22.4535
v 141.922 28.3756 28.4812
v 135.1351 29.5694 21.4062
v 132.0649 29.4721 16.301
v 131.4141 30.7099 11.6204

# 24 faces
f -11 -10 -9 
f -11 -9 -10 
f -9 -10 -8 
f -9 -8 -10 
f -9 -8 -7 
f -9 -7 -8 
f -7 -8 -6 
f -7 -6 -8 
f -7 -6 -5 
f -7 -5 -6 
f -5 -6 -4 
f -5 -4 -6 
f -3 -5 -4 
f -3 -4 -5 
f -3 -7 -5 
f -3 -5 -7 
f -3 -2 -7 
f -3 -7 -2 
f -7 -2 -9 
f -7 -9 -2 
f -9 -2 -1 
f -9 -1 -2 
f -9 -1 -11 
f -9 -11 -1 

g sunflowe_Mrstm
s off

usemtl sunflowe_Mrstm

# 8 vertices
v 135.0 30.2688 0.0
v 135.004 30.2766 0.002188
v 134.9998 30.2763 -0.00005601
v 135.0046 30.2843 0.003019
v 134.9994 30.2843 0.0004951
v 134.9991 30.2917 0.002372
v 134.9953 30.2766 -0.0002202
v 134.9944 30.2843 0.0006236

# 16 faces
f -8 -7 -6 
f -8 -6 -7 
f -6 -7 -5 
f -6 -5 -7 
f -6 -5 -4 
f -6 -4 -5 
f -5 -3 -4 
f -5 -4 -3 
f -6 -2 -8 
f -6 -8 -2 
f -2 -6 -4 
f -2 -4 -6 
f -1 -2 -4 
f -1 -4 -2 
f -1 -4 -3 
f -1 -3 -4 

g sunflowe_Mrstm
s off

usemtl sunflowe_Mrstm

# 8 vertices
v 135.0 30.2688 0.0
v 135.0033 30.2766 -0.003083
v 134.9999 30.2763 0.0001746
v 135.0043 30.2843 -0.003431
v 135.0003 30.2843 0.0006992
v 135.002 30.2917 0.001574
v 134.9983 30.2766 0.004424
v 134.9988 30.2843 0.005531

# 16 faces
f -8 -7 -6 
f -8 -6 -7 
f -6 -7 -5 
f -6 -5 -7 
f -6 -5 -4 
f -6 -4 -5 
f -5 -3 -4 
f -5 -4 -3 
f -6 -2 -8 
f -6 -8 -2 
f -2 -6 -4 
f -2 -4 -6 
f -1 -2 -4 
f -1 -4 -2 
f -1 -4 -3 
f -1 -3 -4 

g sunflowe_Mrstm
s off

usemtl sunflowe_Mrstm

# 8 vertices
v 135.0 30.2688 0.0
v 134.9981 30.2766 -0.004122
v 135.0001 30.2763 0.0001655
v 134.9981 30.2843 -0.005172
v 135.0007 30.2843 -0.00005649
v 135.0021 30.2917 -0.001384
v 135.0037 30.2766 0.002996
v 135.0049 30.2843 0.002846

# 16 faces
f -8 -7 -6 
f -8 -6 -7 
f -6 -7 -5 
f -6 -5 -7 
f -6 -5 -4 
f -6 -4 -5 
f -5 -3 -4 
f -5 -4 -3 
f -6 -2 -8 
f -6 -8 -2 
f -2 -6 -4 
f -2 -4 -6 
f -1 -2 -4 
f -1 -4 -2 
f -1 -4 -3 
f -1 -3 -4 

g sunflowe_Mrstm
s off

usemtl sunflowe_Mrstm

# 8 vertices
v 135.0 30.2688 0.0
v 134.9955 30.2766 0.000497
v 135.0002 30.2763 -0.00007075
v 134.9945 30.2843 0.0001868
v 135.0002 30.2843 -0.0007346
v 134.9993 30.2917 -0.002443
v 135.004 30.2766 -0.002545
v 135.0042 30.2843 -0.003745

# 16 faces
f -8 -7 -6 
f -8 -6 -7 
f -6 -7 -5 
f -6 -5 -7 
f -6 -5 -4 
f -6 -4 -5 
f -5 -3 -4 
f -5 -4 -3 
f -6 -2 -8 
f -6 -8 -2 
f -2 -6 -4 
f -2 -4 -6 
f -1 -2 -4 
f -1 -4 -2 
f -1 -4 -3 
f -1 -3 -4 

g sunflowe_Mrstm
s off

usemtl sunflowe_Mrstm

# 8 vertices
v 135.0 30.2688 0.0
v 134.9991 30.2766 0.004434
v 135.0 30.2763 -0.0002099
v 134.9984 30.2843 0.005289
v 134.9994 30.2843 -0.0004044
v 134.9975 30.2917 -0.000148
v 134.9988 30.2766 -0.004592
v 134.9978 30.2843 -0.005196

# 16 faces
f -8 -7 -6 
f -8 -6 -7 
f -6 -7 -5 
f -6 -5 -7 
f -6 -5 -4 
f -6 -4 -5 
f -5 -3 -4 
f -5 -4 -3 
f -6 -2 -8 
f -6 -8 -2 
f -2 -6 -4 
f -2 -4 -6 
f -1 -2 -4 
f -1 -4 -2 
f -1 -4 -3 
f -1 -3 -4 

g sunflowe_Intrnd
s off

usemtl sunflowe_Intrnd

# 18 vertices
v 135.3597 30.2688 -0.4382
v 134.4413 30.2688 -0.09693
v 135.2041 30.2688 0.529
v 135.3597 35.3088 -0.4382
v 134.4413 35.3088 -0.09693
v 135.2041 35.3088 0.529
v 135.3597 35.3088 -0.4382
v 134.4413 35.3088 -0.09693
v 135.2041 35.3088 0.529
v 135.3597 40.3488 -0.4382
v 134.4413 40.3488 -0.09693
v 135.2041 40.3488 0.529
v 135.3597 40.3488 -0.4382
v 134.4413 40.3488 -0.09693
v 135.2041 40.3488 0.529
v 135.3597 45.3888 -0.4382
v 134.4413 45.3888 -0.09693
v 135.2041 45.3888 0.529

# 18 faces
f -18 -15 -17 
f -17 -15 -14 
f -17 -14 -16 
f -16 -14 -13 
f -16 -13 -18 
f -18 -13 -15 
f -12 -9 -11 
f -11 -9 -8 
f -11 -8 -10 
f -10 -8 -7 
f -10 -7 -12 
f -12 -7 -9 
f -6 -3 -5 
f -5 -3 -2 
f -5 -2 -4 
f -4 -2 -1 
f -4 -1 -6 
f -6 -1 -3 

g sunflowe_Petiole
s off

usemtl sunflowe_Petiole

# 18 vertices
v 135.0293 45.3641 -0.03573
v 134.9503 45.401 -0.01132
v 135.0208 45.401 0.04655
v 135.6564 47.2134 -0.7998
v 135.5774 47.2503 -0.7754
v 135.6479 47.2503 -0.7175
v 135.6564 47.2134 -0.7998
v 135.5774 47.2503 -0.7754
v 135.6479 47.2503 -0.7175
v 136.7516 48.3595 -2.1343
v 136.6888 48.4246 -2.1297
v 136.7593 48.4246 -2.07183
v 136.7516 48.3595 -2.1343
v 136.6888 48.4246 -2.1297
v 136.7593 48.4246 -2.07183
v 138.0603 48.5564 -3.7289
v 138.0202 48.6343 -3.7519
v 138.0907 48.6343 -3.6941

# 18 faces
f -18 -15 -17 
f -17 -15 -14 
f -17 -14 -16 
f -16 -14 -13 
f -16 -13 -18 
f -18 -13 -15 
f -12 -9 -11 
f -11 -9 -8 
f -11 -8 -10 
f -10 -8 -7 
f -10 -7 -12 
f -12 -7 -9 
f -6 -3 -5 
f -5 -3 -2 
f -5 -2 -4 
f -4 -2 -1 
f -4 -1 -6 
f -6 -1 -3 

g sunflowe_Leaf
s off

usemtl sunflowe_Leaf

# 11 vertices
v 138.057 48.6086 -3.7249
v 138.643 52.8252 -10.7315
v 142.9078 49.8553 -9.00556
v 140.0906 51.7393 -15.6132
v 146.0973 48.4748 -15.2863
v 144.143 49.7848 -19.5145
v 147.7789 47.65 -18.7215
v 148.998 43.4956 -25.7517
v 149.2754 44.6894 -15.9516
v 148.1219 44.5921 -10.1071
v 145.4609 45.8299 -6.202

# 24 faces
f -11 -10 -9 
f -11 -9 -10 
f -9 -10 -8 
f -9 -8 -10 
f -9 -8 -7 
f -9 -7 -8 
f -7 -8 -6 
f -7 -6 -8 
f -7 -6 -5 
f -7 -5 -6 
f -5 -6 -4 
f -5 -4 -6 
f -3 -5 -4 
f -3 -4 -5 
f -3 -7 -5 
f -3 -5 -7 
f -3 -2 -7 
f -3 -7 -2 
f -7 -2 -9 
f -7 -9 -2 
f -9 -2 -1 
f -9 -1 -2 
f -9 -1 -11 
f -9 -11 -1 

g sunflowe_Mrstm
s off

usemtl sunflowe_Mrstm

# 8 vertices
v 135.0 45.3888 0.0
v 134.9985 45.3966 -0.004287
v 135.0001 45.3963 0.0001774
v 134.9986 45.4043 -0.005334
v 135.0008 45.4043 0.00001779
v 135.0022 45.4117 -0.00117
v 135.0034 45.3966 0.003341
v 135.0046 45.4043 0.003311

# 16 faces
f -8 -7 -6 
f -8 -6 -7 
f -6 -7 -5 
f -6 -5 -7 
f -6 -5 -4 
f -6 -4 -5 
f -5 -3 -4 
f -5 -4 -3 
f -6 -2 -8 
f -6 -8 -2 
f -2 -6 -4 
f -2 -4 -6 
f -1 -2 -4 
f -1 -4 -2 
f -1 -4 -3 
f -1 -3 -4 

g sunflowe_Mrstm
s off

usemtl sunflowe_Mrstm

# 8 vertices
v 135.0 45.3888 0.0
v 134.9955 45.3966 0.00005301
v 135.0002 45.3963 -0.00005103
v 134.9945 45.4043 -0.000354
v 135.0003 45.4043 -0.0007131
v 134.9996 45.4117 -0.002495
v 135.0042 45.3966 -0.002141
v 135.0046 45.4043 -0.003312

# 16 faces
f -8 -7 -6 
f -8 -6 -7 
f -6 -7 -5 
f -6 -5 -7 
f -6 -5 -4 
f -6 -4 -5 
f -5 -3 -4 
f -5 -4 -3 
f -6 -2 -8 
f -6 -8 -2 
f -2 -6 -4 
f -2 -4 -6 
f -1 -2 -4 
f -1 -4 -2 
f -1 -4 -3 
f -1 -3 -4 

g sunflowe_Mrstm
s off

usemtl sunflowe_Mrstm

# 8 vertices
v 135.0 45.3888 0.0
v 134.9986 45.3966 0.00432
v 135.0 45.3963 -0.0002094
v 134.9979 45.4043 0.005112
v 134.9994 45.4043 -0.0004652
v 134.9975 45.4117 -0.0003948
v 134.9993 45.3966 -0.004684
v 134.9983 45.4043 -0.00539

# 16 faces
f -8 -7 -6 
f -8 -6 -7 
f -6 -7 -5 
f -6 -5 -7 
f -6 -5 -4 
f -6 -4 -5 
f -5 -3 -4 
f -5 -4 -3 
f -6 -2 -8 
f -6 -8 -2 
f -2 -6 -4 
f -2 -4 -6 
f -1 -2 -4 
f -1 -4 -2 
f -1 -4 -3 
f -1 -3 -4 

g sunflowe_Mrstm
s off

usemtl sunflowe_Mrstm

# 8 vertices
v 135.0 45.3888 0.0
v 135.0037 45.3966 0.002657
v 134.9998 45.3963 -0.00008036
v 135.0042 45.4043 0.003561
v 134.9994 45.4043 0.0004213
v 134.9988 45.4117 0.002247
v 134.9953 45.3966 -0.0007979
v 134.9943 45.4043 -0.00006894

# 16 faces
f -8 -7 -6 
f -8 -6 -7 
f -6 -7 -5 
f -6 -5 -7 
f -6 -5 -4 
f -6 -4 -5 
f -5 -3 -4 
f -5 -4 -3 
f -6 -2 -8 
f -6 -8 -2 
f -2 -6 -4 
f -2 -4 -6 
f -1 -2 -4 
f -1 -4 -2 
f -1 -4 -3 
f -1 -3 -4 

g sunflowe_Mrstm
s off

usemtl sunflowe_Mrstm

# 8 vertices
v 135.0 45.3888 0.0
v 135.0037 45.3966 -0.002653
v 134.9999 45.3963 0.000159
v 135.0047 45.4043 -0.002878
v 135.0002 45.4043 0.0007295
v 135.0018 45.4117 0.001805
v 134.9978 45.3966 0.004184
v 134.9982 45.4043 0.005347

# 16 faces
f -8 -7 -6 
f -8 -6 -7 
f -6 -7 -5 
f -6 -5 -7 
f -6 -5 -4 
f -6 -4 -5 
f -5 -3 -4 
f -5 -4 -3 
f -6 -2 -8 
f -6 -8 -2 
f -2 -6 -4 
f -2 -4 -6 
f -1 -2 -4 
f -1 -4 -2 
f -1 -4 -3 
f -1 -3 -4 

g sunflowe_Intrnd
s off

usemtl sunflowe_Intrnd

# 18 vertices
v 134.4391 45.3888 0.08319
v 135.3488 45.3888 0.4469
v 135.2041 45.3888 -0.529
v 134.4391 50.4288 0.08319
v 135.3488 50.4288 0.4469
v 135.2041 50.4288 -0.529
v 134.4391 50.4288 0.08319
v 135.3488 50.4288 0.4469
v 135.2041 50.4288 -0.529
v 134.4391 55.4688 0.08319
v 135.3488 55.4688 0.4469
v 135.2041 55.4688 -0.529
v 134.4391 55.4688 0.08319
v 135.3488 55.4688 0.4469
v 135.2041 55.4688 -0.529
v 134.4391 60.5088 0.08319
v 135.3488 60.5088 0.4469
v 135.2041 60.5088 -0.529

# 18 faces
f -18 -15 -17 
f -17 -15 -14 
f -17 -14 -16 
f -16 -14 -13 
f -16 -13 -18 
f -18 -13 -15 
f -12 -9 -11 
f -11 -9 -8 
f -11 -8 -10 
f -10 -8 -7 
f -10 -7 -12 
f -12 -7 -9 
f -6 -3 -5 
f -5 -3 -2 
f -5 -2 -4 
f -4 -2 -1 
f -4 -1 -6 
f -6 -1 -3 

g sunflowe_Petiole
s off

usemtl sunflowe_Petiole

# 18 vertices
v 134.9544 60.4841 0.006762
v 135.0291 60.5209 0.04164
v 135.0158 60.5209 -0.04831
v 133.9796 62.3278 0.1513
v 134.0544 62.3646 0.1862
v 134.041 62.3646 0.09628
v 133.9796 62.3278 0.1513
v 134.0544 62.3646 0.1862
v 134.041 62.3646 0.09628
v 132.2771 63.4704 0.4038
v 132.3267 63.5353 0.4425
v 132.3133 63.5353 0.3525
v 132.2771 63.4704 0.4038
v 132.3267 63.5353 0.4425
v 132.3133 63.5353 0.3525
v 130.2429 63.6667 0.7056
v 130.2571 63.7444 0.7495
v 130.2438 63.7444 0.6595

# 18 faces
f -18 -15 -17 
f -17 -15 -14 
f -17 -14 -16 
f -16 -14 -13 
f -16 -13 -18 
f -18 -13 -15 
f -12 -9 -11 
f -11 -9 -8 
f -11 -8 -10 
f -10 -8 -7 
f -10 -7 -12 
f -12 -7 -9 
f -6 -3 -5 
f -5 -3 -2 
f -5 -2 -4 
f -4 -2 -1 
f -4 -1 -6 
f -6 -1 -3 

g sunflowe_Leaf
s off

usemtl sunflowe_Leaf

# 11 vertices
v 130.248 63.7187 0.7049
v 125.1242 67.9224 5.4881
v 123.1295 64.9616 1.3579
v 120.7866 66.8398 8.125
v 116.5684 63.5854 3.862
v 115.1813 64.8913 8.2938
v 113.0263 62.763 5.2737
v 107.4191 58.6214 9.6506
v 113.7754 59.8115 2.2258
v 118.5403 59.7145 -1.3191
v 123.1205 60.9486 -2.4222

# 24 faces
f -11 -10 -9 
f -11 -9 -10 
f -9 -10 -8 
f -9 -8 -10 
f -9 -8 -7 
f -9 -7 -8 
f -7 -8 -6 
f -7 -6 -8 
f -7 -6 -5 
f -7 -5 -6 
f -5 -6 -4 
f -5 -4 -6 
f -3 -5 -4 
f -3 -4 -5 
f -3 -7 -5 
f -3 -5 -7 
f -3 -2 -7 
f -3 -7 -2 
f -7 -2 -9 
f -7 -9 -2 
f -9 -2 -1 
f -9 -1 -2 
f -9 -1 -11 
f -9 -11 -1 

g sunflowe_Mrstm
s off

usemtl sunflowe_Mrstm

# 8 vertices
v 135.0 60.5088 0.0
v 134.9982 60.5166 0.004165
v 135.0 60.5163 -0.0002069
v 134.9975 60.5243 0.004885
v 134.9995 60.5243 -0.0005215
v 134.9976 60.5317 -0.0006377
v 134.9998 60.5166 -0.004731
v 134.9988 60.5243 -0.005531

# 16 faces
f -8 -7 -6 
f -8 -6 -7 
f -6 -7 -5 
f -6 -5 -7 
f -6 -5 -4 
f -6 -4 -5 
f -5 -3 -4 
f -5 -4 -3 
f -6 -2 -8 
f -6 -8 -2 
f -2 -6 -4 
f -2 -4 -6 
f -1 -2 -4 
f -1 -4 -2 
f -1 -4 -3 
f -1 -3 -4 

g sunflowe_Mrstm
s off

usemtl sunflowe_Mrstm

# 8 vertices
v 135.0 60.5088 0.0
v 135.0034 60.5166 0.003004
v 134.9998 60.5163 -0.00009899
v 135.0038 60.5243 0.003956
v 134.9993 60.5243 0.0003576
v 134.9986 60.5317 0.002123
v 134.9954 60.5166 -0.001251
v 134.9944 60.5243 -0.0006228

# 16 faces
f -8 -7 -6 
f -8 -6 -7 
f -6 -7 -5 
f -6 -5 -7 
f -6 -5 -4 
f -6 -4 -5 
f -5 -3 -4 
f -5 -4 -3 
f -6 -2 -8 
f -6 -8 -2 
f -2 -6 -4 
f -2 -4 -6 
f -1 -2 -4 
f -1 -4 -2 
f -1 -4 -3 
f -1 -3 -4 

g sunflowe_Mrstm
s off

usemtl sunflowe_Mrstm

# 8 vertices
v 135.0 60.5088 0.0
v 135.0039 60.5166 -0.00228
v 134.9998 60.5163 0.0001448
v 135.005 60.5243 -0.002403
v 135.0001 60.5243 0.0007458
v 135.0016 60.5317 0.001969
v 134.9974 60.5166 0.003946
v 134.9977 60.5243 0.005141

# 16 faces
f -8 -7 -6 
f -8 -6 -7 
f -6 -7 -5 
f -6 -5 -7 
f -6 -5 -4 
f -6 -4 -5 
f -5 -3 -4 
f -5 -4 -3 
f -6 -2 -8 
f -6 -8 -2 
f -2 -6 -4 
f -2 -4 -6 
f -1 -2 -4 
f -1 -4 -2 
f -1 -4 -3 
f -1 -3 -4 

g sunflowe_Mrstm
s off

usemtl sunflowe_Mrstm

# 8 vertices
v 135.0 60.5088 0.0
v 134.9991 60.5166 -0.004435
v 135.0001 60.5163 0.0001898
v 134.9993 60.5243 -0.005464
v 135.0007 60.5243 0.0001103
v 135.0024 60.5317 -0.0008876
v 135.0029 60.5166 0.003727
v 135.0042 60.5243 0.003848

# 16 faces
f -8 -7 -6 
f -8 -6 -7 
f -6 -7 -5 
f -6 -5 -7 
f -6 -5 -4 
f -6 -4 -5 
f -5 -3 -4 
f -5 -4 -3 
f -6 -2 -8 
f -6 -8 -2 
f -2 -6 -4 
f -2 -4 -6 
f -1 -2 -4 
f -1 -4 -2 
f -1 -4 -3 
f -1 -3 -4 

g sunflowe_Mrstm
s off

usemtl sunflowe_Mrstm

# 8 vertices
v 135.0 60.5088 0.0
v 134.9955 60.5166 -0.0005022
v 135.0002 60.5163 -0.00002571
v 134.9946 60.5243 -0.001024
v 135.0003 60.5243 -0.0006766
v 134.9999 60.5317 -0.002526
v 135.0045 60.5166 -0.001607
v 135.005 60.5243 -0.002726

# 16 faces
f -8 -7 -6 
f -8 -6 -7 
f -6 -7 -5 
f -6 -5 -7 
f -6 -5 -4 
f -6 -4 -5 
f -5 -3 -4 
f -5 -4 -3 
f -6 -2 -8 
f -6 -8 -2 
f -2 -6 -4 
f -2 -4 -6 
f -1 -2 -4 
f -1 -4 -2 
f -1 -4 -3 
f -1 -3 -4 

g sunflowe_Intrnd
s off

usemtl sunflowe_Intrnd

# 18 vertices
v 135.4715 60.5088 0.315
v 135.0417 60.5088 -0.5654
v 134.4935 60.5088 0.2549
v 135.4715 65.5488 0.315
v 135.0417 65.5488 -0.5654
v 134.4935 65.5488 0.2549
v 135.4715 65.5488 0.315
v 135.0417 65.5488 -0.5654
v 134.4935 65.5488 0.2549
v 135.4715 70.5888 0.315
v 135.0417 70.5888 -0.5654
v 134.4935 70.5888 0.2549
v 135.4715 70.5888 0.315
v 135.0417 70.5888 -0.5654
v 134.4935 70.5888 0.2549
v 135.4715 75.6288 0.315
v 135.0417 75.6288 -0.5654
v 134.4935 75.6288 0.2549

# 18 faces
f -18 -15 -17 
f -17 -15 -14 
f -17 -14 -16 
f -16 -14 -13 
f -16 -13 -18 
f -18 -13 -15 
f -12 -9 -11 
f -11 -9 -8 
f -11 -8 -10 
f -10 -8 -7 
f -10 -7 -12 
f -12 -7 -9 
f -6 -3 -5 
f -5 -3 -2 
f -5 -2 -4 
f -4 -2 -1 
f -4 -1 -6 
f -6 -1 -3 

g sunflowe_Petiole
s off

usemtl sunflowe_Petiole

# 18 vertices
v 135.038 75.6043 0.02541
v 135.0063 75.6408 -0.05006
v 134.9562 75.6408 0.025
v 135.8514 77.4345 0.5689
v 135.8197 77.471 0.4934
v 135.7696 77.471 0.5684
v 135.8514 77.4345 0.5689
v 135.8197 77.471 0.4934
v 135.7696 77.471 0.5684
v 137.272 78.5688 1.5181
v 137.2613 78.6332 1.4566
v 137.2112 78.6332 1.5317
v 137.272 78.5688 1.5181
v 137.2613 78.6332 1.4566
v 137.2112 78.6332 1.5317
v 138.9695 78.7637 2.6523
v 138.9883 78.8408 2.6105
v 138.9381 78.8408 2.6856

# 18 faces
f -18 -15 -17 
f -17 -15 -14 
f -17 -14 -16 
f -16 -14 -13 
f -16 -13 -18 
f -18 -13 -15 
f -12 -9 -11 
f -11 -9 -8 
f -11 -8 -10 
f -10 -8 -7 
f -10 -7 -12 
f -12 -7 -9 
f -6 -3 -5 
f -5 -3 -2 
f -5 -2 -4 
f -4 -2 -1 
f -4 -1 -6 
f -6 -1 -3 

g sunflowe_Leaf
s off

usemtl sunflowe_Leaf

# 11 vertices
v 138.9653 78.8153 2.6494
v 145.9228 82.9883 2.5469
v 144.6366 80.04915 6.9147
v 150.8711 81.9136 3.4991
v 151.1319 78.6829 9.4468
v 155.1066 79.9793 7.1118
v 154.6783 77.8666 10.7697
v 161.7205 73.7552 11.2884
v 152.0954 74.9366 12.5123
v 146.2273 74.8403 11.9432
v 142.1231 76.06542 9.7011

# 24 faces
f -11 -10 -9 
f -11 -9 -10 
f -9 -10 -8 
f -9 -8 -10 
f -9 -8 -7 
f -9 -7 -8 
f -7 -8 -6 
f -7 -6 -8 
f -7 -6 -5 
f -7 -5 -6 
f -5 -6 -4 
f -5 -4 -6 
f -3 -5 -4 
f -3 -4 -5 
f -3 -7 -5 
f -3 -5 -7 
f -3 -2 -7 
f -3 -7 -2 
f -7 -2 -9 
f -7 -9 -2 
f -9 -2 -1 
f -9 -1 -2 
f -9 -1 -11 
f -9 -11 -1 

g sunflowe_Mrstm
s off

usemtl sunflowe_Mrstm

# 8 vertices
v 135.0 75.6288 0.0
v 135.0041 75.6366 -0.001885
v 134.9998 75.6363 0.0001292
v 135.0052 75.6443 -0.001905
v 135.0001 75.6443 0.000755
v 135.0014 75.6517 0.002115
v 134.997 75.6366 0.00367
v 134.9971 75.6443 0.004885

# 16 faces
f -8 -7 -6 
f -8 -6 -7 
f -6 -7 -5 
f -6 -5 -7 
f -6 -5 -4 
f -6 -4 -5 
f -5 -3 -4 
f -5 -4 -3 
f -6 -2 -8 
f -6 -8 -2 
f -2 -6 -4 
f -2 -4 -6 
f -1 -2 -4 
f -1 -4 -2 
f -1 -4 -3 
f -1 -3 -4 

g sunflowe_Mrstm
s off

usemtl sunflowe_Mrstm

# 8 vertices
v 135.0 75.6288 0.0
v 134.9995 75.6366 -0.004505
v 135.0001 75.6363 0.0001977
v 134.9998 75.6443 -0.005509
v 135.0007 75.6443 0.0001832
v 135.0024 75.6517 -0.0006512
v 135.0025 75.6366 0.003996
v 135.0037 75.6443 0.004235

# 16 faces
f -8 -7 -6 
f -8 -6 -7 
f -6 -7 -5 
f -6 -5 -7 
f -6 -5 -4 
f -6 -4 -5 
f -5 -3 -4 
f -5 -4 -3 
f -6 -2 -8 
f -6 -8 -2 
f -2 -6 -4 
f -2 -4 -6 
f -1 -2 -4 
f -1 -4 -2 
f -1 -4 -3 
f -1 -3 -4 

g sunflowe_Mrstm
s off

usemtl sunflowe_Mrstm

# 8 vertices
v 135.0 75.6288 0.0
v 134.9956 75.6366 -0.0009414
v 135.0002 75.6363 -0.00000515
v 134.9947 75.6443 -0.00155
v 135.0004 75.6443 -0.0006401
v 135.0002 75.6517 -0.002524
v 135.0046 75.6366 -0.001163
v 135.0052 75.6443 -0.002228

# 16 faces
f -8 -7 -6 
f -8 -6 -7 
f -6 -7 -5 
f -6 -5 -7 
f -6 -5 -4 
f -6 -4 -5 
f -5 -3 -4 
f -5 -4 -3 
f -6 -2 -8 
f -6 -8 -2 
f -2 -6 -4 
f -2 -4 -6 
f -1 -2 -4 
f -1 -4 -2 
f -1 -4 -3 
f -1 -3 -4 

g sunflowe_Mrstm
s off

usemtl sunflowe_Mrstm

# 8 vertices
v 135.0 75.6288 0.0
v 134.9977 75.6366 0.003915
v 135.0001 75.6363 -0.0002009
v 134.9969 75.6443 0.004536
v 134.9995 75.6443 -0.0005847
v 134.9977 75.6517 -0.0009324
v 135.0003 75.6366 -0.004725
v 134.9995 75.6443 -0.005633

# 16 faces
f -8 -7 -6 
f -8 -6 -7 
f -6 -7 -5 
f -6 -5 -7 
f -6 -5 -4 
f -6 -4 -5 
f -5 -3 -4 
f -5 -4 -3 
f -6 -2 -8 
f -6 -8 -2 
f -2 -6 -4 
f -2 -4 -6 
f -1 -2 -4 
f -1 -4 -2 
f -1 -4 -3 
f -1 -3 -4 

g sunflowe_Mrstm
s off

usemtl sunflowe_Mrstm

# 8 vertices
v 135.0 75.6288 0.0
v 135.003 75.6366 0.003397
v 134.9998 75.6363 -0.0001209
v 135.0033 75.6443 0.004396
v 134.9993 75.6443 0.0002732
v 134.9984 75.6517 0.001939
v 134.9956 75.6366 -0.001801
v 134.9945 75.6443 -0.001306

# 16 faces
f -8 -7 -6 
f -8 -6 -7 
f -6 -7 -5 
f -6 -5 -7 
f -6 -5 -4 
f -6 -4 -5 
f -5 -3 -4 
f -5 -4 -3 
f -6 -2 -8 
f -6 -8 -2 
f -2 -6 -4 
f -2 -4 -6 
f -1 -2 -4 
f -1 -4 -2 
f -1 -4 -3 
f -1 -3 -4 

g sunflowe_Intrnd
s off

usemtl sunflowe_Intrnd

# 18 vertices
v 134.8622 75.6288 -0.55
v 134.5894 75.6288 0.3909
v 135.5465 75.6288 0.1512
v 134.8622 80.6688 -0.55
v 134.5894 80.6688 0.3909
v 135.5465 80.6688 0.1512
v 134.8622 80.6688 -0.55
v 134.5894 80.6688 0.3909
v 135.5465 80.6688 0.1512
v 134.8622 85.7088 -0.55
v 134.5894 85.7088 0.3909
v 135.5465 85.7088 0.1512
v 134.8622 85.7088 -0.55
v 134.5894 85.7088 0.3909
v 135.5465 85.7088 0.1512
v 134.8622 90.7488 -0.55
v 134.5894 90.7488 0.3909
v 135.5465 90.7488 0.1512

# 18 faces
f -18 -15 -17 
f -17 -15 -14 
f -17 -14 -16 
f -16 -14 -13 
f -16 -13 -18 
f -18 -13 -15 
f -12 -9 -11 
f -11 -9 -8 
f -11 -8 -10 
f -10 -8 -7 
f -10 -7 -12 
f -12 -7 -9 
f -6 -3 -5 
f -5 -3 -2 
f -5 -2 -4 
f -4 -2 -1 
f -4 -1 -6 
f -6 -1 -3 

g sunflowe_Petiole
s off

usemtl sunflowe_Petiole

# 18 vertices
v 134.9891 90.7248 -0.04359
v 134.9624 90.7606 0.03226
v 135.0484 90.7606 0.01071
v 134.7556 92.5226 -0.9757
v 134.7289 92.5585 -0.8999
v 134.8149 92.5585 -0.9214
v 134.7556 92.5226 -0.9757
v 134.7289 92.5585 -0.8999
v 134.8149 92.5585 -0.9214
v 134.3478 93.6368 -2.6038
v 134.315 93.7001 -2.552
v 134.4011 93.7001 -2.5735
v 134.3478 93.6368 -2.6038
v 134.315 93.7001 -2.552
v 134.4011 93.7001 -2.5735
v 133.8605 93.8283 -4.5491
v 133.8193 93.904 -4.5311
v 133.9053 93.904 -4.5526

# 18 faces
f -18 -15 -17 
f -17 -15 -14 
f -17 -14 -16 
f -16 -14 -13 
f -16 -13 -18 
f -18 -13 -15 
f -12 -9 -11 
f -11 -9 -8 
f -11 -8 -10 
f -10 -8 -7 
f -10 -7 -12 
f -12 -7 -9 
f -6 -3 -5 
f -5 -3 -2 
f -5 -2 -4 
f -4 -2 -1 
f -4 -1 -6 
f -6 -1 -3 

g sunflowe_Leaf
s off

usemtl sunflowe_Leaf

# 11 vertices
v 133.8617 93.879 -4.5442
v 128.73 97.9782 -9.05948
v 132.5475 95.09103 -11.39
v 125.7564 96.9225 -13.01687
v 129.4903 93.7489 -17.5179
v 125.0569 95.02247 -18.4405
v 127.7818 92.947 -20.8204
v 122.9982 88.9083 -25.8436
v 130.8113 90.06892 -20.3848
v 134.7069 89.9743 -16.09949
v 136.2152 91.1777 -11.76

# 24 faces
f -11 -10 -9 
f -11 -9 -10 
f -9 -10 -8 
f -9 -8 -10 
f -9 -8 -7 
f -9 -7 -8 
f -7 -8 -6 
f -7 -6 -8 
f -7 -6 -5 
f -7 -5 -6 
f -5 -6 -4 
f -5 -4 -6 
f -3 -5 -4 
f -3 -4 -5 
f -3 -7 -5 
f -3 -5 -7 
f -3 -2 -7 
f -3 -7 -2 
f -7 -2 -9 
f -7 -9 -2 
f -9 -2 -1 
f -9 -1 -2 
f -9 -1 -11 
f -9 -11 -1 

g sunflowe_Mrstm
s off

usemtl sunflowe_Mrstm

# 8 vertices
v 135.0 90.7488 0.0
v 134.9957 90.7566 -0.001371
v 135.0002 90.7563 0.00001545
v 134.9949 90.7643 -0.002061
v 135.0005 90.7643 -0.0005974
v 135.0004 90.7717 -0.002497
v 135.0047 90.7566 -0.0007072
v 135.0054 90.7643 -0.001708

# 16 faces
f -8 -7 -6 
f -8 -6 -7 
f -6 -7 -5 
f -6 -5 -7 
f -6 -5 -4 
f -6 -4 -5 
f -5 -3 -4 
f -5 -4 -3 
f -6 -2 -8 
f -6 -8 -2 
f -2 -6 -4 
f -2 -4 -6 
f -1 -2 -4 
f -1 -4 -2 
f -1 -4 -3 
f -1 -3 -4 

g sunflowe_Mrstm
s off

usemtl sunflowe_Mrstm

# 8 vertices
v 135.0 90.7488 0.0
v 134.9973 90.7566 0.003672
v 135.0001 90.7563 -0.000194
v 134.9964 90.7643 0.004207
v 134.9996 90.7643 -0.0006291
v 134.9978 90.7717 -0.001158
v 135.0008 90.7566 -0.00467
v 135.0001 90.7643 -0.005654

# 16 faces
f -8 -7 -6 
f -8 -6 -7 
f -6 -7 -5 
f -6 -5 -7 
f -6 -5 -4 
f -6 -4 -5 
f -5 -3 -4 
f -5 -4 -3 
f -6 -2 -8 
f -6 -8 -2 
f -2 -6 -4 
f -2 -4 -6 
f -1 -2 -4 
f -1 -4 -2 
f -1 -4 -3 
f -1 -3 -4 

g sunflowe_Mrstm
s off

usemtl sunflowe_Mrstm

# 8 vertices
v 135.0 90.7488 0.0
v 135.0027 90.7566 0.003675
v 134.9998 90.7563 -0.0001371
v 135.0029 90.7643 0.004701
v 134.9993 90.7643 0.0002027
v 134.9982 90.7717 0.001771
v 134.9958 90.7566 -0.002222
v 134.9947 90.7643 -0.001839

# 16 faces
f -8 -7 -6 
f -8 -6 -7 
f -6 -7 -5 
f -6 -5 -7 
f -6 -5 -4 
f -6 -4 -5 
f -5 -3 -4 
f -5 -4 -3 
f -6 -2 -8 
f -6 -8 -2 
f -2 -6 -4 
f -2 -4 -6 
f -1 -2 -4 
f -1 -4 -2 
f -1 -4 -3 
f -1 -3 -4 

g sunflowe_Mrstm
s off

usemtl sunflowe_Mrstm

# 8 vertices
v 135.0 90.7488 0.0
v 135.0043 90.7566 -0.001366
v 134.9998 90.7563 0.0001079
v 135.0054 90.7643 -0.001258
v 135.0 90.7643 0.0007562
v 135.0011 90.7717 0.002269
v 134.9966 90.7566 0.003275
v 134.9966 90.7643 0.0045

# 16 faces
f -8 -7 -6 
f -8 -6 -7 
f -6 -7 -5 
f -6 -5 -7 
f -6 -5 -4 
f -6 -4 -5 
f -5 -3 -4 
f -5 -4 -3 
f -6 -2 -8 
f -6 -8 -2 
f -2 -6 -4 
f -2 -4 -6 
f -1 -2 -4 
f -1 -4 -2 
f -1 -4 -3 
f -1 -3 -4 

g sunflowe_Mrstm
s off

usemtl sunflowe_Mrstm

# 8 vertices
v 135.0 90.7488 0.0
v 135.0001 90.7566 -0.004532
v 135.0 90.7563 0.0002049
v 135.0005 90.7643 -0.00549
v 135.0007 90.7643 0.0002717
v 135.0025 90.7717 -0.0003472
v 135.002 90.7566 0.004277
v 135.0032 90.7643 0.004662

# 16 faces
f -8 -7 -6 
f -8 -6 -7 
f -6 -7 -5 
f -6 -5 -7 
f -6 -5 -4 
f -6 -4 -5 
f -5 -3 -4 
f -5 -4 -3 
f -6 -2 -8 
f -6 -8 -2 
f -2 -6 -4 
f -2 -4 -6 
f -1 -2 -4 
f -1 -4 -2 
f -1 -4 -3 
f -1 -3 -4 

g sunflowe_Intrnd
s off

usemtl sunflowe_Intrnd

# 18 vertices
v 134.7327 90.7488 0.5
v 135.5668 90.7488 -0.01391
v 134.6967 90.7488 -0.479
v 134.7327 95.7888 0.5
v 135.5668 95.7888 -0.01391
v 134.6967 95.7888 -0.479
v 134.7327 95.7888 0.5
v 135.5668 95.7888 -0.01391
v 134.6967 95.7888 -0.479
v 134.7327 100.8288 0.5
v 135.5668 100.8288 -0.01391
v 134.6967 100.8288 -0.479
v 134.7327 100.8288 0.5
v 135.5668 100.8288 -0.01391
v 134.6967 100.8288 -0.479
v 134.7327 105.8688 0.5
v 135.5668 105.8688 -0.01391
v 134.6967 105.8688 -0.479

# 18 faces
f -18 -15 -17 
f -17 -15 -14 
f -17 -14 -16 
f -16 -14 -13 
f -16 -13 -18 
f -18 -13 -15 
f -12 -9 -11 
f -11 -9 -8 
f -11 -8 -10 
f -10 -8 -7 
f -10 -7 -12 
f -12 -7 -9 
f -6 -3 -5 
f -5 -3 -2 
f -5 -2 -4 
f -4 -2 -1 
f -4 -1 -6 
f -6 -1 -3 

g sunflowe_Petiole
s off

usemtl sunflowe_Petiole

# 18 vertices
v 134.9799 105.846 0.03765
v 135.0471 105.8801 0.001297
v 134.9728 105.8801 -0.03842
v 134.5495 107.5541 0.8428
v 134.6167 107.5882 0.8064
v 134.5424 107.5882 0.7667
v 134.5495 107.5541 0.8428
v 134.6167 107.5882 0.8064
v 134.5424 107.5882 0.7667
v 133.7978 108.6127 2.2491
v 133.8539 108.6728 2.2335
v 133.7796 108.6728 2.1938
v 133.7978 108.6127 2.2491
v 133.8539 108.6728 2.2335
v 133.7796 108.6728 2.1938
v 132.8997 108.7946 3.9294
v 132.9402 108.8665 3.943
v 132.8658 108.8665 3.9033

# 18 faces
f -18 -15 -17 
f -17 -15 -14 
f -17 -14 -16 
f -16 -14 -13 
f -16 -13 -18 
f -18 -13 -15 
f -12 -9 -11 
f -11 -9 -8 
f -11 -8 -10 
f -10 -8 -7 
f -10 -7 -12 
f -12 -7 -9 
f -6 -3 -5 
f -5 -3 -2 
f -5 -2 -4 
f -4 -2 -1 
f -4 -1 -6 
f -6 -1 -3 

g sunflowe_Leaf
s off

usemtl sunflowe_Leaf

# 11 vertices
v 132.9019 108.8428 3.9252
v 133.6336 112.7373 10.378
v 129.4592 109.9943 9.5829
v 133.2019 111.7344 15.0611
v 127.7016 108.7192 15.8473
v 130.2339 109.9291 19.3254
v 126.7972 107.9573 19.2622
v 126.9597 104.1202 25.8505
v 124.9425 105.2229 17.02273
v 124.9343 105.133 11.5204
v 126.6412 106.2763 7.5033

# 24 faces
f -11 -10 -9 
f -11 -9 -10 
f -9 -10 -8 
f -9 -8 -10 
f -9 -8 -7 
f -9 -7 -8 
f -7 -8 -6 
f -7 -6 -8 
f -7 -6 -5 
f -7 -5 -6 
f -5 -6 -4 
f -5 -4 -6 
f -3 -5 -4 
f -3 -4 -5 
f -3 -7 -5 
f -3 -5 -7 
f -3 -2 -7 
f -3 -7 -2 
f -7 -2 -9 
f -7 -9 -2 
f -9 -2 -1 
f -9 -1 -2 
f -9 -1 -11 
f -9 -11 -1 

g sunflowe_Mrstm
s off

usemtl sunflowe_Mrstm

# 8 vertices
v 135.0 105.8688 0.0
v 135.0023 105.8766 0.003917
v 134.9999 105.8764 -0.000152
v 135.0024 105.8844 0.00496
v 134.9993 105.8844 0.0001302
v 134.998 105.8917 0.001585
v 134.996 105.8766 -0.002622
v 134.9949 105.8844 -0.002354

# 16 faces
f -8 -7 -6 
f -8 -6 -7 
f -6 -7 -5 
f -6 -5 -7 
f -6 -5 -4 
f -6 -4 -5 
f -5 -3 -4 
f -5 -4 -3 
f -6 -2 -8 
f -6 -8 -2 
f -2 -6 -4 
f -2 -4 -6 
f -1 -2 -4 
f -1 -4 -2 
f -1 -4 -3 
f -1 -3 -4 

g sunflowe_Mrstm
s off

usemtl sunflowe_Mrstm

# 8 vertices
v 135.0 105.8688 0.0
v 135.0044 105.8766 -0.0009363
v 134.9998 105.8764 0.00008979
v 135.0055 105.8844 -0.0007259
v 134.9999 105.8844 0.000749
v 135.0009 105.8917 0.002367
v 134.9963 105.8766 0.002924
v 134.9962 105.8844 0.004143

# 16 faces
f -8 -7 -6 
f -8 -6 -7 
f -6 -7 -5 
f -6 -5 -7 
f -6 -5 -4 
f -6 -4 -5 
f -5 -3 -4 
f -5 -4 -3 
f -6 -2 -8 
f -6 -8 -2 
f -2 -6 -4 
f -2 -4 -6 
f -1 -2 -4 
f -1 -4 -2 
f -1 -4 -3 
f -1 -3 -4 

g sunflowe_Mrstm
s off

usemtl sunflowe_Mrstm

# 8 vertices
v 135.0 105.8688 0.0
v 135.0005 105.8766 -0.004505
v 135.0 105.8764 0.0002084
v 135.001 105.8844 -0.005416
v 135.0007 105.8844 0.0003397
v 135.0025 105.8917 -0.0001
v 135.0016 105.8766 0.004456
v 135.0027 105.8844 0.004953

# 16 faces
f -8 -7 -6 
f -8 -6 -7 
f -6 -7 -5 
f -6 -5 -7 
f -6 -5 -4 
f -6 -4 -5 
f -5 -3 -4 
f -5 -4 -3 
f -6 -2 -8 
f -6 -8 -2 
f -2 -6 -4 
f -2 -4 -6 
f -1 -2 -4 
f -1 -4 -2 
f -1 -4 -3 
f -1 -3 -4 

g sunflowe_Mrstm
s off

usemtl sunflowe_Mrstm

# 8 vertices
v 135.0 105.8688 0.0
v 134.9959 105.8766 -0.00189
v 135.0002 105.8764 0.00004097
v 134.9952 105.8844 -0.002671
v 135.0005 105.8844 -0.0005359
v 135.0007 105.8917 -0.00243
v 135.0047 105.8766 -0.0001285
v 135.0056 105.8844 -0.001035

# 16 faces
f -8 -7 -6 
f -8 -6 -7 
f -6 -7 -5 
f -6 -5 -7 
f -6 -5 -4 
f -6 -4 -5 
f -5 -3 -4 
f -5 -4 -3 
f -6 -2 -8 
f -6 -8 -2 
f -2 -6 -4 
f -2 -4 -6 
f -1 -2 -4 
f -1 -4 -2 
f -1 -4 -3 
f -1 -3 -4 

g sunflowe_Mrstm
s off

usemtl sunflowe_Mrstm

# 8 vertices
v 135.0 105.8688 0.0
v 134.9969 105.8766 0.003319
v 135.0001 105.8764 -0.0001827
v 134.996 105.8844 0.003739
v 134.9997 105.8844 -0.0006759
v 134.9979 105.8917 -0.001424
v 135.0014 105.8766 -0.004537
v 135.0008 105.8844 -0.005603

# 16 faces
f -8 -7 -6 
f -8 -6 -7 
f -6 -7 -5 
f -6 -5 -7 
f -6 -5 -4 
f -6 -4 -5 
f -5 -3 -4 
f -5 -4 -3 
f -6 -2 -8 
f -6 -8 -2 
f -2 -6 -4 
f -2 -4 -6 
f -1 -2 -4 
f -1 -4 -2 
f -1 -4 -3 
f -1 -3 -4 

g sunflowe_Intrnd
s off

usemtl sunflowe_Intrnd

# 18 vertices
v 135.5314 105.8688 -0.1901
v 134.5726 105.8688 -0.3686
v 134.9035 105.8688 0.5561
v 135.5314 110.8859 -0.1901
v 134.5726 110.8859 -0.3686
v 134.9035 110.8859 0.5561
v 135.5314 110.8859 -0.1901
v 134.5726 110.8859 -0.3686
v 134.9035 110.8859 0.5561
v 135.5314 115.9029 -0.1901
v 134.5726 115.9029 -0.3686
v 134.9035 115.9029 0.5561
v 135.5314 115.9029 -0.1901
v 134.5726 115.9029 -0.3686
v 134.9035 115.9029 0.5561
v 135.5314 120.9199 -0.1901
v 134.5726 120.9199 -0.3686
v 134.9035 120.9199 0.5561

# 18 faces
f -18 -15 -17 
f -17 -15 -14 
f -17 -14 -16 
f -16 -14 -13 
f -16 -13 -18 
f -18 -13 -15 
f -12 -9 -11 
f -11 -9 -8 
f -11 -8 -10 
f -10 -8 -7 
f -10 -7 -12 
f -12 -7 -9 
f -6 -3 -5 
f -5 -3 -2 
f -5 -2 -4 
f -4 -2 -1 
f -4 -1 -6 
f -6 -1 -3 

g sunflowe_Petiole
s off

usemtl sunflowe_Petiole

# 18 vertices
v 135.0356 120.8997 -0.01274
v 134.9699 120.9299 -0.02884
v 134.995 120.9299 0.0414
v 135.7969 122.4125 -0.2851
v 135.7312 122.4426 -0.3012
v 135.7563 122.4426 -0.2309
v 135.7969 122.4125 -0.2851
v 135.7312 122.4426 -0.3012
v 135.7563 122.4426 -0.2309
v 137.1265 123.35 -0.7608
v 137.0805 123.4032 -0.784
v 137.1056 123.4032 -0.7137
v 137.1265 123.35 -0.7608
v 137.0805 123.4032 -0.784
v 137.1056 123.4032 -0.7137
v 138.7153 123.5111 -1.3293
v 138.6968 123.5748 -1.3623
v 138.7219 123.5748 -1.2921

# 18 faces
f -18 -15 -17 
f -17 -15 -14 
f -17 -14 -16 
f -16 -14 -13 
f -16 -13 -18 
f -18 -13 -15 
f -12 -9 -11 
f -11 -9 -8 
f -11 -8 -10 
f -10 -8 -7 
f -10 -7 -12 
f -12 -7 -9 
f -6 -3 -5 
f -5 -3 -2 
f -5 -2 -4 
f -4 -2 -1 
f -4 -1 -6 
f -6 -1 -3 

g sunflowe_Leaf
s off

usemtl sunflowe_Leaf

# 11 vertices
v 138.7113 123.5537 -1.3279
v 142.0689 127.0028 -5.9973
v 144.3353 124.5735 -2.9929
v 145.1374 126.1146 -8.8136
v 149.2144 123.4443 -6.05833
v 149.6212 124.5158 -9.8467
v 151.8388 122.7696 -7.7613
v 155.6505 119.3713 -12.1811
v 151.7239 120.3479 -5.1886
v 148.4568 120.2683 -1.5731
v 144.9476 121.2808 0.04767

# 24 faces
f -11 -10 -9 
f -11 -9 -10 
f -9 -10 -8 
f -9 -8 -10 
f -9 -8 -7 
f -9 -7 -8 
f -7 -8 -6 
f -7 -6 -8 
f -7 -6 -5 
f -7 -5 -6 
f -5 -6 -4 
f -5 -4 -6 
f -3 -5 -4 
f -3 -4 -5 
f -3 -7 -5 
f -3 -5 -7 
f -3 -2 -7 
f -3 -7 -2 
f -7 -2 -9 
f -7 -9 -2 
f -9 -2 -1 
f -9 -1 -2 
f -9 -1 -11 
f -9 -11 -1 

g sunflowe_Mrstm
s off

usemtl sunflowe_Mrstm

# 8 vertices
v 135.0 120.9199 0.0
v 135.0009 120.9277 -0.004434
v 135.0 120.9275 0.0002099
v 135.0016 120.9355 -0.005289
v 135.0006 120.9355 0.0004044
v 135.0025 120.9428 0.000148
v 135.0012 120.9277 0.004592
v 135.0022 120.9355 0.005196

# 16 faces
f -8 -7 -6 
f -8 -6 -7 
f -6 -7 -5 
f -6 -5 -7 
f -6 -5 -4 
f -6 -4 -5 
f -5 -3 -4 
f -5 -4 -3 
f -6 -2 -8 
f -6 -8 -2 
f -2 -6 -4 
f -2 -4 -6 
f -1 -2 -4 
f -1 -4 -2 
f -1 -4 -3 
f -1 -3 -4 

g sunflowe_Mrstm
s off

usemtl sunflowe_Mrstm

# 8 vertices
v 135.0 120.9199 0.0
v 134.9961 120.9277 -0.002284
v 135.0002 120.9275 0.00006096
v 134.9955 120.9355 -0.003131
v 135.0006 120.9355 -0.0004809
v 135.0009 120.9428 -0.00235
v 135.0047 120.9277 0.0003363
v 135.0056 120.9355 -0.0004855

# 16 faces
f -8 -7 -6 
f -8 -6 -7 
f -6 -7 -5 
f -6 -5 -7 
f -6 -5 -4 
f -6 -4 -5 
f -5 -3 -4 
f -5 -4 -3 
f -6 -2 -8 
f -6 -8 -2 
f -2 -6 -4 
f -2 -4 -6 
f -1 -2 -4 
f -1 -4 -2 
f -1 -4 -3 
f -1 -3 -4 

g sunflowe_Mrstm
s off

usemtl sunflowe_Mrstm

# 8 vertices
v 135.0 120.9199 0.0
v 134.9966 120.9277 0.003
v 135.0001 120.9275 -0.0001716
v 134.9956 120.9355 0.003324
v 134.9997 120.9355 -0.0007061
v 134.9981 120.9428 -0.001622
v 135.0018 120.9277 -0.004381
v 135.0013 120.9355 -0.005501

# 16 faces
f -8 -7 -6 
f -8 -6 -7 
f -6 -7 -5 
f -6 -5 -7 
f -6 -5 -4 
f -6 -4 -5 
f -5 -3 -4 
f -5 -4 -3 
f -6 -2 -8 
f -6 -8 -2 
f -2 -6 -4 
f -2 -4 -6 
f -1 -2 -4 
f -1 -4 -2 
f -1 -4 -3 
f -1 -3 -4 

g sunflowe_Mrstm
s off

usemtl sunflowe_Mrstm

# 8 vertices
v 135.0 120.9199 0.0
v 135.0018 120.9277 0.004167
v 134.9999 120.9275 -0.0001686
v 135.0018 120.9355 0.005217
v 134.9992 120.9355 0.00003794
v 134.9978 120.9428 0.001332
v 134.9964 120.9277 -0.003085
v 134.9952 120.9355 -0.002965

# 16 faces
f -8 -7 -6 
f -8 -6 -7 
f -6 -7 -5 
f -6 -5 -7 
f -6 -5 -4 
f -6 -4 -5 
f -5 -3 -4 
f -5 -4 -3 
f -6 -2 -8 
f -6 -8 -2 
f -2 -6 -4 
f -2 -4 -6 
f -1 -2 -4 
f -1 -4 -2 
f -1 -4 -3 
f -1 -3 -4 

g sunflowe_Mrstm
s off

usemtl sunflowe_Mrstm

# 8 vertices
v 135.0 120.9199 0.0
v 135.0045 120.9277 -0.0003863
v 134.9998 120.9275 0.00006587
v 135.0055 120.9355 -0.00005162
v 134.9998 120.9355 0.0007299
v 135.0006 120.9428 0.002458
v 134.9959 120.9277 0.002446
v 134.9957 120.9355 0.00364

# 16 faces
f -8 -7 -6 
f -8 -6 -7 
f -6 -7 -5 
f -6 -5 -7 
f -6 -5 -4 
f -6 -4 -5 
f -5 -3 -4 
f -5 -4 -3 
f -6 -2 -8 
f -6 -8 -2 
f -2 -6 -4 
f -2 -4 -6 
f -1 -2 -4 
f -1 -4 -2 
f -1 -4 -3 
f -1 -3 -4 

g sunflowe_Intrnd
s off

usemtl sunflowe_Intrnd

# 18 vertices
v 134.6086 120.9199 -0.1621
v 135.0519 120.9199 0.4204
v 135.334 120.9199 -0.2606
v 134.6086 124.6857 -0.1621
v 135.0519 124.6857 0.4204
v 135.334 124.6857 -0.2606
v 134.6086 124.6857 -0.1621
v 135.0519 124.6857 0.4204
v 135.334 124.6857 -0.2606
v 134.6086 128.4514 -0.1621
v 135.0519 128.4514 0.4204
v 135.334 128.4514 -0.2606
v 134.6086 128.4514 -0.1621
v 135.0519 128.4514 0.4204
v 135.334 128.4514 -0.2606
v 134.6086 132.2171 -0.1621
v 135.0519 132.2171 0.4204
v 135.334 132.2171 -0.2606

# 18 faces
f -18 -15 -17 
f -17 -15 -14 
f -17 -14 -16 
f -16 -14 -13 
f -16 -13 -18 
f -18 -13 -15 
f -12 -9 -11 
f -11 -9 -8 
f -11 -8 -10 
f -10 -8 -7 
f -10 -7 -12 
f -12 -7 -9 
f -6 -3 -5 
f -5 -3 -2 
f -5 -2 -4 
f -4 -2 -1 
f -4 -1 -6 
f -6 -1 -3 

g sunflowe_Petiole
s off

usemtl sunflowe_Petiole

# 18 vertices
v 134.9809 132.2061 -0.007899
v 135.0016 132.2225 0.0227
v 135.0172 132.2225 -0.01492
v 134.5732 133.0317 -0.1767
v 134.5939 133.0482 -0.1461
v 134.6095 133.0482 -0.1838
v 134.5732 133.0317 -0.1767
v 134.5939 133.0482 -0.1461
v 134.6095 133.0482 -0.1838
v 133.8611 133.5435 -0.4717
v 133.8712 133.5725 -0.4455
v 133.8868 133.5725 -0.4831
v 133.8611 133.5435 -0.4717
v 133.8712 133.5725 -0.4455
v 133.8868 133.5725 -0.4831
v 133.0101 133.6314 -0.8242
v 133.0055 133.6662 -0.804
v 133.0211 133.6662 -0.8417

# 18 faces
f -18 -15 -17 
f -17 -15 -14 
f -17 -14 -16 
f -16 -14 -13 
f -16 -13 -18 
f -18 -13 -15 
f -12 -9 -11 
f -11 -9 -8 
f -11 -8 -10 
f -10 -8 -7 
f -10 -7 -12 
f -12 -7 -9 
f -6 -3 -5 
f -5 -3 -2 
f -5 -2 -4 
f -4 -2 -1 
f -4 -1 -6 
f -6 -1 -3 

g sunflowe_Leaf
s off

usemtl sunflowe_Leaf

# 11 vertices
v 133.0123 133.6547 -0.8233
v 129.9427 135.5373 -0.1656
v 130.1275 134.2113 -2.2114
v 127.6694 135.0525 -0.1513
v 127.0306 133.5949 -2.7601
v 125.4774 134.1798 -1.3771
v 125.3449 133.2267 -3.0334
v 122.1833 131.3718 -2.6431
v 126.3344 131.9048 -4.03177
v 128.981 131.8614 -4.2964
v 130.9944 132.4141 -3.6656

# 24 faces
f -11 -10 -9 
f -11 -9 -10 
f -9 -10 -8 
f -9 -8 -10 
f -9 -8 -7 
f -9 -7 -8 
f -7 -8 -6 
f -7 -6 -8 
f -7 -6 -5 
f -7 -5 -6 
f -5 -6 -4 
f -5 -4 -6 
f -3 -5 -4 
f -3 -4 -5 
f -3 -7 -5 
f -3 -5 -7 
f -3 -2 -7 
f -3 -7 -2 
f -7 -2 -9 
f -7 -9 -2 
f -9 -2 -1 
f -9 -1 -2 
f -9 -1 -11 
f -9 -11 -1 

g sunflowe_Mrstm
s off

usemtl sunflowe_Mrstm

# 8 vertices
v 135.0 132.2171 0.0
v 134.9963 132.2249 0.002653
v 135.0001 132.2246 -0.000159
v 134.9953 132.2326 0.002878
v 134.9998 132.2326 -0.0007295
v 134.9982 132.24 -0.001805
v 135.0022 132.2249 -0.004184
v 135.0018 132.2326 -0.005347

# 16 faces
f -8 -7 -6 
f -8 -6 -7 
f -6 -7 -5 
f -6 -5 -7 
f -6 -5 -4 
f -6 -4 -5 
f -5 -3 -4 
f -5 -4 -3 
f -6 -2 -8 
f -6 -8 -2 
f -2 -6 -4 
f -2 -4 -6 
f -1 -2 -4 
f -1 -4 -2 
f -1 -4 -3 
f -1 -3 -4 

g sunflowe_Mrstm
s off

usemtl sunflowe_Mrstm

# 8 vertices
v 135.0 132.2171 0.0
v 135.0014 132.2249 0.004322
v 134.9999 132.2246 -0.0001801
v 135.0013 132.2326 0.005366
v 134.9992 132.2326 -0.00003636
v 134.9977 132.24 0.001115
v 134.9967 132.2249 -0.003422
v 134.9955 132.2326 -0.003423

# 16 faces
f -8 -7 -6 
f -8 -6 -7 
f -6 -7 -5 
f -6 -5 -7 
f -6 -5 -4 
f -6 -4 -5 
f -5 -3 -4 
f -5 -4 -3 
f -6 -2 -8 
f -6 -8 -2 
f -2 -6 -4 
f -2 -4 -6 
f -1 -2 -4 
f -1 -4 -2 
f -1 -4 -3 
f -1 -3 -4 

g sunflowe_Mrstm
s off

usemtl sunflowe_Mrstm

# 8 vertices
v 135.0 132.2171 0.0
v 135.0045 132.2249 0.00005825
v 134.9998 132.2246 0.00004601
v 135.0055 132.2326 0.0004889
v 134.9997 132.2326 0.0007067
v 135.0004 132.24 0.002504
v 134.9957 132.2249 0.002036
v 134.9953 132.2326 0.003199

# 16 faces
f -8 -7 -6 
f -8 -6 -7 
f -6 -7 -5 
f -6 -5 -7 
f -6 -5 -4 
f -6 -4 -5 
f -5 -3 -4 
f -5 -4 -3 
f -6 -2 -8 
f -6 -8 -2 
f -2 -6 -4 
f -2 -4 -6 
f -1 -2 -4 
f -1 -4 -2 
f -1 -4 -3 
f -1 -3 -4 

g sunflowe_Mrstm
s off

usemtl sunflowe_Mrstm

# 8 vertices
v 135.0 132.2171 0.0
v 135.0015 132.2249 -0.004285
v 135.0 132.2246 0.0002089
v 135.0022 132.2326 -0.00506
v 135.0006 132.2326 0.0004797
v 135.0025 132.24 0.0004559
v 135.0006 132.2249 0.0047
v 135.0016 132.2326 0.00543

# 16 faces
f -8 -7 -6 
f -8 -6 -7 
f -6 -7 -5 
f -6 -5 -7 
f -6 -5 -4 
f -6 -4 -5 
f -5 -3 -4 
f -5 -4 -3 
f -6 -2 -8 
f -6 -8 -2 
f -2 -6 -4 
f -2 -4 -6 
f -1 -2 -4 
f -1 -4 -2 
f -1 -4 -3 
f -1 -3 -4 

g sunflowe_Mrstm
s off

usemtl sunflowe_Mrstm

# 8 vertices
v 135.0 132.2171 0.0
v 134.9964 132.2249 -0.002747
v 135.0002 132.2246 0.0000851
v 134.9959 132.2326 -0.003663
v 135.0006 132.2326 -0.0004057
v 135.0012 132.24 -0.002218
v 135.0047 132.2249 0.0009123
v 135.0056 132.2326 0.0002076

# 16 faces
f -8 -7 -6 
f -8 -6 -7 
f -6 -7 -5 
f -6 -5 -7 
f -6 -5 -4 
f -6 -4 -5 
f -5 -3 -4 
f -5 -4 -3 
f -6 -2 -8 
f -6 -8 -2 
f -2 -6 -4 
f -2 -4 -6 
f -1 -2 -4 
f -1 -4 -2 
f -1 -4 -3 
f -1 -3 -4 

g sunflowe_Intrnd
s off

usemtl sunflowe_Intrnd

# 18 vertices
v 135.0554 132.2171 0.1171
v 135.0746 132.2171 -0.1059
v 134.8708 132.2171 -0.00953
v 135.0554 133.3686 0.1171
v 135.0746 133.3686 -0.1059
v 134.8708 133.3686 -0.00953
v 135.0554 133.3686 0.1171
v 135.0746 133.3686 -0.1059
v 134.8708 133.3686 -0.00953
v 135.0554 134.5202 0.1171
v 135.0746 134.5202 -0.1059
v 134.8708 134.5202 -0.00953
v 135.0554 134.5202 0.1171
v 135.0746 134.5202 -0.1059
v 134.8708 134.5202 -0.00953
v 135.0554 135.6717 0.1171
v 135.0746 135.6717 -0.1059
v 134.8708 135.6717 -0.00953

# 18 faces
f -18 -15 -17 
f -17 -15 -14 
f -17 -14 -16 
f -16 -14 -13 
f -16 -13 -18 
f -18 -13 -15 
f -12 -9 -11 
f -11 -9 -8 
f -11 -8 -10 
f -10 -8 -7 
f -10 -7 -12 
f -12 -7 -9 
f -6 -3 -5 
f -5 -3 -2 
f -5 -2 -4 
f -4 -2 -1 
f -4 -1 -6 
f -6 -1 -3 

g sunflowe_Petiole
s off

usemtl sunflowe_Petiole

# 18 vertices
v 135.003 135.668 0.006319
v 135.0048 135.6736 -0.006063
v 134.9923 135.6736 -0.000166
v 135.0669 135.9476 0.1414
v 135.0687 135.9532 0.129
v 135.0562 135.9532 0.1349
v 135.0669 135.9476 0.1414
v 135.0687 135.9532 0.129
v 135.0562 135.9532 0.1349
v 135.1785 136.1209 0.3774
v 135.1819 136.1308 0.3685
v 135.1695 136.1308 0.3744
v 135.1785 136.1209 0.3774
v 135.1819 136.1308 0.3685
v 135.1695 136.1308 0.3744
v 135.3119 136.1507 0.6593
v 135.3176 136.1625 0.6553
v 135.3051 136.1625 0.6612

# 18 faces
f -18 -15 -17 
f -17 -15 -14 
f -17 -14 -16 
f -16 -14 -13 
f -16 -13 -18 
f -18 -13 -15 
f -12 -9 -11 
f -11 -9 -8 
f -11 -8 -10 
f -10 -8 -7 
f -10 -7 -12 
f -12 -7 -9 
f -6 -3 -5 
f -5 -3 -2 
f -5 -2 -4 
f -4 -2 -1 
f -4 -1 -6 
f -6 -1 -3 

g sunflowe_Leaf
s off

usemtl sunflowe_Leaf

# 11 vertices
v 135.3115 136.1586 0.6586
v 136.2314 136.7962 1.1917
v 135.7197 136.3471 1.6631
v 136.8051 136.632 1.7052
v 136.3721 136.1384 2.5051
v 137.0764 136.3365 2.5113
v 136.7329 136.0137 2.9571
v 137.6151 135.3855 3.5782
v 136.2576 135.566 2.9826
v 135.5332 135.5513 2.447
v 135.1715 135.7384 1.8308

# 24 faces
f -11 -10 -9 
f -11 -9 -10 
f -9 -10 -8 
f -9 -8 -10 
f -9 -8 -7 
f -9 -7 -8 
f -7 -8 -6 
f -7 -6 -8 
f -7 -6 -5 
f -7 -5 -6 
f -5 -6 -4 
f -5 -4 -6 
f -3 -5 -4 
f -3 -4 -5 
f -3 -7 -5 
f -3 -5 -7 
f -3 -2 -7 
f -3 -7 -2 
f -7 -2 -9 
f -7 -9 -2 
f -9 -2 -1 
f -9 -1 -2 
f -9 -1 -11 
f -9 -11 -1 

g sunflowe_Mrstm
s off

usemtl sunflowe_Mrstm

# 8 vertices
v 135.0 135.6717 0.0
v 135.0045 135.6795 0.0005022
v 134.9998 135.6793 0.00002571
v 135.0054 135.6873 0.001024
v 134.9997 135.6873 0.0006766
v 135.0001 135.6946 0.002526
v 134.9955 135.6795 0.001607
v 134.995 135.6873 0.002726

# 16 faces
f -8 -7 -6 
f -8 -6 -7 
f -6 -7 -5 
f -6 -5 -7 
f -6 -5 -4 
f -6 -4 -5 
f -5 -3 -4 
f -5 -4 -3 
f -6 -2 -8 
f -6 -8 -2 
f -2 -6 -4 
f -2 -4 -6 
f -1 -2 -4 
f -1 -4 -2 
f -1 -4 -3 
f -1 -3 -4 

g sunflowe_Mrstm
s off

usemtl sunflowe_Mrstm

# 8 vertices
v 135.0 135.6717 0.0
v 135.0019 135.6795 -0.00412
v 135.0 135.6793 0.0002059
v 135.0027 135.6873 -0.004821
v 135.0005 135.6873 0.0005348
v 135.0024 135.6946 0.0006975
v 135.0001 135.6795 0.004736
v 135.001 135.6873 0.005558

# 16 faces
f -8 -7 -6 
f -8 -6 -7 
f -6 -7 -5 
f -6 -5 -7 
f -6 -5 -4 
f -6 -4 -5 
f -5 -3 -4 
f -5 -4 -3 
f -6 -2 -8 
f -6 -8 -2 
f -2 -6 -4 
f -2 -4 -6 
f -1 -2 -4 
f -1 -4 -2 
f -1 -4 -3 
f -1 -3 -4 

g sunflowe_Mrstm
s off

usemtl sunflowe_Mrstm

# 8 vertices
v 135.0 135.6717 0.0
v 134.9967 135.6795 -0.003087
v 135.0002 135.6793 0.0001035
v 134.9963 135.6873 -0.004049
v 135.0007 135.6873 -0.0003411
v 135.0014 135.6946 -0.002089
v 135.0045 135.6795 0.001363
v 135.0056 135.6873 0.0007605

# 16 faces
f -8 -7 -6 
f -8 -6 -7 
f -6 -7 -5 
f -6 -5 -7 
f -6 -5 -4 
f -6 -4 -5 
f -5 -3 -4 
f -5 -4 -3 
f -6 -2 -8 
f -6 -8 -2 
f -2 -6 -4 
f -2 -4 -6 
f -1 -2 -4 
f -1 -4 -2 
f -1 -4 -3 
f -1 -3 -4 

g sunflowe_Mrstm
s off

usemtl sunflowe_Mrstm

# 8 vertices
v 135.0 135.6717 0.0
v 134.996 135.6795 0.002183
v 135.0002 135.6793 -0.000141
v 134.995 135.6873 0.00228
v 134.9999 135.6873 -0.0007488
v 134.9985 135.6946 -0.002008
v 135.0027 135.6795 -0.00388
v 135.0025 135.6873 -0.005081

# 16 faces
f -8 -7 -6 
f -8 -6 -7 
f -6 -7 -5 
f -6 -5 -7 
f -6 -5 -4 
f -6 -4 -5 
f -5 -3 -4 
f -5 -4 -3 
f -6 -2 -8 
f -6 -8 -2 
f -2 -6 -4 
f -2 -4 -6 
f -1 -2 -4 
f -1 -4 -2 
f -1 -4 -3 
f -1 -3 -4 

g sunflowe_Mrstm
s off

usemtl sunflowe_Mrstm

# 8 vertices
v 135.0 135.6717 0.0
v 135.0008 135.6795 0.004457
v 134.9999 135.6793 -0.0001919
v 135.0006 135.6873 0.00548
v 134.9993 135.6873 -0.0001286
v 134.9976 135.6946 0.0008292
v 134.9972 135.6795 -0.003798
v 134.996 135.6873 -0.003948

# 16 faces
f -8 -7 -6 
f -8 -6 -7 
f -6 -7 -5 
f -6 -5 -7 
f -6 -5 -4 
f -6 -4 -5 
f -5 -3 -4 
f -5 -4 -3 
f -6 -2 -8 
f -6 -8 -2 
f -2 -6 -4 
f -2 -4 -6 
f -1 -2 -4 
f -1 -4 -2 
f -1 -4 -3 
f -1 -3 -4 

g sunflowe_Intrnd
s off

usemtl sunflowe_Intrnd

# 18 vertices
v 135.0106 135.6717 -0.03486
v 134.9644 135.6717 0.007983
v 135.0251 135.6717 0.02638
v 135.0106 135.9956 -0.03486
v 134.9644 135.9956 0.007983
v 135.0251 135.9956 0.02638
v 135.0106 135.9956 -0.03486
v 134.9644 135.9956 0.007983
v 135.0251 135.9956 0.02638
v 135.0106 136.3195 -0.03486
v 134.9644 136.3195 0.007983
v 135.0251 136.3195 0.02638
v 135.0106 136.3195 -0.03486
v 134.9644 136.3195 0.007983
v 135.0251 136.3195 0.02638
v 135.0106 136.6434 -0.03486
v 134.9644 136.6434 0.007983
v 135.0251 136.6434 0.02638

# 18 faces
f -18 -15 -17 
f -17 -15 -14 
f -17 -14 -16 
f -16 -14 -13 
f -16 -13 -18 
f -18 -13 -15 
f -12 -9 -11 
f -11 -9 -8 
f -11 -8 -10 
f -10 -8 -7 
f -10 -7 -12 
f -12 -7 -9 
f -6 -3 -5 
f -5 -3 -2 
f -5 -2 -4 
f -4 -2 -1 
f -4 -1 -6 
f -6 -1 -3 

g sunflowe_Petiole
s off

usemtl sunflowe_Petiole

# 18 vertices
v 135.0005 136.6425 -0.001675
v 134.9981 136.6438 0.0003243
v 135.0014 136.6438 0.001326
v 135.0114 136.7125 -0.03748
v 135.009 136.7139 -0.03548
v 135.0123 136.7139 -0.03448
v 135.0114 136.7125 -0.03748
v 135.009 136.7139 -0.03548
v 135.0123 136.7139 -0.03448
v 135.0303 136.7559 -0.1
v 135.0282 136.7583 -0.09896
v 135.0315 136.7583 -0.09796
v 135.0303 136.7559 -0.1
v 135.0282 136.7583 -0.09896
v 135.0315 136.7583 -0.09796
v 135.053 136.7633 -0.1747
v 135.0513 136.7663 -0.1749
v 135.0546 136.7663 -0.1739

# 18 faces
f -18 -15 -17 
f -17 -15 -14 
f -17 -14 -16 
f -16 -14 -13 
f -16 -13 -18 
f -18 -13 -15 
f -12 -9 -11 
f -11 -9 -8 
f -11 -8 -10 
f -10 -8 -7 
f -10 -7 -12 
f -12 -7 -9 
f -6 -3 -5 
f -5 -3 -2 
f -5 -2 -4 
f -4 -2 -1 
f -4 -1 -6 
f -6 -1 -3 

g sunflowe_Leaf
s off

usemtl sunflowe_Leaf

# 11 vertices
v 135.053 136.7653 -0.1745
v 134.9719 136.9249 -0.4281
v 135.1461 136.8125 -0.4295
v 134.9518 136.8838 -0.6198
v 135.1667 136.7602 -0.6954
v 135.0371 136.8098 -0.815
v 135.1757 136.729 -0.84
v 135.1165 136.5717 -1.1035
v 135.2682 136.6169 -0.7648
v 135.3125 136.6132 -0.5436
v 135.276 136.6601 -0.3685

# 24 faces
f -11 -10 -9 
f -11 -9 -10 
f -9 -10 -8 
f -9 -8 -10 
f -9 -8 -7 
f -9 -7 -8 
f -7 -8 -6 
f -7 -6 -8 
f -7 -6 -5 
f -7 -5 -6 
f -5 -6 -4 
f -5 -4 -6 
f -3 -5 -4 
f -3 -4 -5 
f -3 -7 -5 
f -3 -5 -7 
f -3 -2 -7 
f -3 -7 -2 
f -7 -2 -9 
f -7 -9 -2 
f -9 -2 -1 
f -9 -1 -2 
f -9 -1 -11 
f -9 -11 -1 

g sunflowe_Mrstm
s off

usemtl sunflowe_Mrstm

# 8 vertices
v 135.0 136.6434 0.0
v 134.997 136.6512 -0.003397
v 135.0002 136.6509 0.0001209
v 134.9967 136.6589 -0.004396
v 135.0007 136.6589 -0.0002732
v 135.0016 136.6663 -0.001939
v 135.0044 136.6512 0.001801
v 135.0055 136.6589 0.001306

# 16 faces
f -8 -7 -6 
f -8 -6 -7 
f -6 -7 -5 
f -6 -5 -7 
f -6 -5 -4 
f -6 -4 -5 
f -5 -3 -4 
f -5 -4 -3 
f -6 -2 -8 
f -6 -8 -2 
f -2 -6 -4 
f -2 -4 -6 
f -1 -2 -4 
f -1 -4 -2 
f -1 -4 -3 
f -1 -3 -4 

g sunflowe_Mrstm
s off

usemtl sunflowe_Mrstm

# 8 vertices
v 135.0 136.6434 0.0
v 134.9958 136.6512 0.001783
v 135.0002 136.6509 -0.0001251
v 134.9948 136.6589 0.001778
v 135.0 136.6589 -0.0007562
v 134.9987 136.6663 -0.002149
v 135.0031 136.6512 -0.003595
v 135.003 136.6589 -0.004814

# 16 faces
f -8 -7 -6 
f -8 -6 -7 
f -6 -7 -5 
f -6 -5 -7 
f -6 -5 -4 
f -6 -4 -5 
f -5 -3 -4 
f -5 -4 -3 
f -6 -2 -8 
f -6 -8 -2 
f -2 -6 -4 
f -2 -4 -6 
f -1 -2 -4 
f -1 -4 -2 
f -1 -4 -3 
f -1 -3 -4 

g sunflowe_Mrstm
s off

usemtl sunflowe_Mrstm

# 8 vertices
v 135.0 136.6434 0.0
v 135.0004 136.6512 0.004516
v 134.9999 136.6509 -0.0001994
v 135.0 136.6589 0.005512
v 134.9993 136.6589 -0.0002011
v 134.9975 136.6663 0.000591
v 134.9976 136.6512 -0.004057
v 134.9964 136.6589 -0.004326

# 16 faces
f -8 -7 -6 
f -8 -6 -7 
f -6 -7 -5 
f -6 -5 -7 
f -6 -5 -4 
f -6 -4 -5 
f -5 -3 -4 
f -5 -4 -3 
f -6 -2 -8 
f -6 -8 -2 
f -2 -6 -4 
f -2 -4 -6 
f -1 -2 -4 
f -1 -4 -2 
f -1 -4 -3 
f -1 -3 -4 

g sunflowe_Mrstm
s off

usemtl sunflowe_Mrstm

# 8 vertices
v 135.0 136.6434 0.0
v 135.0044 136.6512 0.00105
v 134.9998 136.6509 0.0
v 135.0052 136.6589 0.00168
v 134.9996 136.6589 0.00063
v 134.9998 136.6663 0.00252
v 134.9954 136.6512 0.00105
v 134.9948 136.6589 0.0021

# 16 faces
f -8 -7 -6 
f -8 -6 -7 
f -6 -7 -5 
f -6 -5 -7 
f -6 -5 -4 
f -6 -4 -5 
f -5 -3 -4 
f -5 -4 -3 
f -6 -2 -8 
f -6 -8 -2 
f -2 -6 -4 
f -2 -4 -6 
f -1 -2 -4 
f -1 -4 -2 
f -1 -4 -3 
f -1 -3 -4 

g sunflowe_Mrstm
s off

usemtl sunflowe_Mrstm

# 8 vertices
v 135.0 136.6434 0.0
v 135.0024 136.6512 -0.003858
v 134.9999 136.6509 0.0001994
v 135.0032 136.6589 -0.004458
v 135.0005 136.6589 0.0005964
v 135.0023 136.6663 0.0009898
v 134.9995 136.6512 0.004716
v 135.0004 136.6589 0.005643

# 16 faces
f -8 -7 -6 
f -8 -6 -7 
f -6 -7 -5 
f -6 -5 -7 
f -6 -5 -4 
f -6 -4 -5 
f -5 -3 -4 
f -5 -4 -3 
f -6 -2 -8 
f -6 -8 -2 
f -2 -6 -4 
f -2 -4 -6 
f -1 -2 -4 
f -1 -4 -2 
f -1 -4 -3 
f -1 -3 -4 

g sunflowe_1Pdncle
s off

usemtl sunflowe_1Pdncle

# 18 vertices
v 134.4316 136.6434 0.3406
v 135.5766 136.6434 0.3266
v 134.9837 136.6434 -0.6624
v 134.4316 139.7497 0.3406
v 135.5766 139.7497 0.3266
v 134.9837 139.7497 -0.6624
v 134.4316 139.7497 0.3406
v 135.5766 139.7497 0.3266
v 134.9837 139.7497 -0.6624
v 134.4316 142.856 0.3406
v 135.5766 142.856 0.3266
v 134.9837 142.856 -0.6624
v 134.4316 142.856 0.3406
v 135.5766 142.856 0.3266
v 134.9837 142.856 -0.6624
v 134.4316 145.9623 0.3406
v 135.5766 145.9623 0.3266
v 134.9837 145.9623 -0.6624

# 18 faces
f -18 -15 -17 
f -17 -15 -14 
f -17 -14 -16 
f -16 -14 -13 
f -16 -13 -18 
f -18 -13 -15 
f -12 -9 -11 
f -11 -9 -8 
f -11 -8 -10 
f -10 -8 -7 
f -10 -7 -12 
f -12 -7 -9 
f -6 -3 -5 
f -5 -3 -2 
f -5 -2 -4 
f -4 -2 -1 
f -4 -1 -6 
f -6 -1 -3 

g sunflowe_1Pdcel
s off

usemtl sunflowe_1Pdcel

# 18 vertices
v 134.7443 146.0537 -0.6044
v 135.4758 145.5095 0.08833
v 134.7764 146.3249 0.5075
v 133.5446 144.8569 -0.2779
v 134.2761 144.3127 0.4148
v 133.5767 145.1281 0.834
v 133.5446 144.8569 -0.2779
v 134.2761 144.3127 0.4148
v 133.5767 145.1281 0.834
v 132.345 143.66 0.04856
v 133.0765 143.1159 0.7413
v 132.3771 143.9313 1.1605
v 132.345 143.66 0.04856
v 133.0765 143.1159 0.7413
v 132.3771 143.9313 1.1605
v 131.1454 142.4632 0.375
v 131.8769 141.919 1.06788
v 131.1775 142.7345 1.487

# 18 faces
f -18 -15 -17 
f -17 -15 -14 
f -17 -14 -16 
f -16 -14 -13 
f -16 -13 -18 
f -18 -13 -15 
f -12 -9 -11 
f -11 -9 -8 
f -11 -8 -10 
f -10 -8 -7 
f -10 -7 -12 
f -12 -7 -9 
f -6 -3 -5 
f -5 -3 -2 
f -5 -2 -4 
f -4 -2 -1 
f -4 -1 -6 
f -6 -1 -3 

g sunflowe_1Petal1
s off

usemtl sunflowe_1Petal1

# 6 vertices
v 131.4011 142.3718 0.9795
v 129.6123 140.5687 0.9508
v 129.4577 140.8892 1.724
v 126.9524 139.5918 1.4156
v 127.7792 139.9196 0.9933
v 127.5072 140.2336 1.6442

# 8 faces
f -6 -5 -4 
f -6 -4 -5 
f -5 -3 -4 
f -5 -4 -3 
f -5 -2 -3 
f -5 -3 -2 
f -3 -1 -4 
f -3 -4 -1 

g sunflowe_1Petal1
s off

usemtl sunflowe_1Petal1

# 6 vertices
v 131.4011 142.3718 0.9795
v 130.0323 140.2876 1.4632
v 129.4136 140.7739 1.1392
v 128.0773 138.2942 0.7922
v 128.9213 138.7687 0.9709
v 128.3448 139.1042 0.5818

# 8 faces
f -6 -5 -4 
f -6 -4 -5 
f -5 -3 -4 
f -5 -4 -3 
f -5 -2 -3 
f -5 -3 -2 
f -3 -1 -4 
f -3 -4 -1 

g sunflowe_1Petal1
s off

usemtl sunflowe_1Petal1

# 6 vertices
v 131.4011 142.3718 0.9795
v 129.7301 140.7232 1.9499
v 129.8409 140.3591 1.1886
v 128.7551 138.0737 2.4745
v 129.1546 138.9693 2.563
v 129.2952 138.5242 1.9478

# 8 faces
f -6 -5 -4 
f -6 -4 -5 
f -5 -3 -4 
f -5 -4 -3 
f -5 -2 -3 
f -5 -3 -2 
f -3 -1 -4 
f -3 -4 -1 

g sunflowe_1Petal1
s off

usemtl sunflowe_1Petal1

# 6 vertices
v 131.4011 142.3718 0.9795
v 129.3102 141.0044 1.4375
v 129.8851 140.4743 1.7734
v 127.6302 139.3714 3.09784
v 128.0125 140.1202 2.5854
v 128.4576 139.6536 3.01024

# 8 faces
f -6 -5 -4 
f -6 -4 -5 
f -5 -3 -4 
f -5 -4 -3 
f -5 -2 -3 
f -5 -3 -2 
f -3 -1 -4 
f -3 -4 -1 

g sunflowe_1Pdcel
s off

usemtl sunflowe_1Pdcel

# 18 vertices
v 134.8514 146.1522 -0.6172
v 135.4229 145.461 0.09464
v 134.7235 146.2764 0.5138
v 133.535 145.0366 -0.6435
v 134.1066 144.3454 0.06832
v 133.4071 145.1608 0.4875
v 133.535 145.0366 -0.6435
v 134.1066 144.3454 0.06832
v 133.4071 145.1608 0.4875
v 132.2186 143.921 -0.6698
v 132.7902 143.2298 0.04201
v 132.0907 144.0452 0.4612
v 132.2186 143.921 -0.6698
v 132.7902 143.2298 0.04201
v 132.0907 144.0452 0.4612
v 130.9022 142.8054 -0.6962
v 131.4738 142.1142 0.01569
v 130.7744 142.9296 0.4349

# 18 faces
f -18 -15 -17 
f -17 -15 -14 
f -17 -14 -16 
f -16 -14 -13 
f -16 -13 -18 
f -18 -13 -15 
f -12 -9 -11 
f -11 -9 -8 
f -11 -8 -10 
f -10 -8 -7 
f -10 -7 -12 
f -12 -7 -9 
f -6 -3 -5 
f -5 -3 -2 
f -5 -2 -4 
f -4 -2 -1 
f -4 -1 -6 
f -6 -1 -3 

g sunflowe_1Petal1
s off

usemtl sunflowe_1Petal1

# 6 vertices
v 131.0508 142.6155 -0.07894
v 129.1693 140.9991 -0.6254
v 128.9153 141.2317 0.1528
v 126.4081 140.2148 -0.7042
v 127.3126 140.5176 -0.9483
v 126.9621 140.7699 -0.3081

# 8 faces
f -6 -5 -4 
f -6 -4 -5 
f -5 -3 -4 
f -5 -4 -3 
f -5 -2 -3 
f -5 -3 -2 
f -3 -1 -4 
f -3 -4 -1 

g sunflowe_1Petal1
s off

usemtl sunflowe_1Petal1

# 6 vertices
v 131.0508 142.6155 -0.07894
v 129.4812 140.6186 -0.1002
v 128.9576 141.1959 -0.4422
v 127.5258 138.9105 -1.3267
v 128.3611 139.2807 -0.9595
v 127.879 139.7133 -1.3799

# 8 faces
f -6 -5 -4 
f -6 -4 -5 
f -5 -3 -4 
f -5 -4 -3 
f -5 -2 -3 
f -5 -3 -2 
f -3 -1 -4 
f -3 -4 -1 

g sunflowe_1Petal1
s off

usemtl sunflowe_1Petal1

# 6 vertices
v 131.0508 142.6155 -0.07894
v 129.1359 141.0146 0.3916
v 129.3418 140.7413 -0.3876
v 127.9083 138.4186 0.3907
v 128.3494 139.2561 0.6617
v 128.5557 138.8817 0.01866

# 8 faces
f -6 -5 -4 
f -6 -4 -5 
f -5 -3 -4 
f -5 -4 -3 
f -5 -2 -3 
f -5 -3 -2 
f -3 -1 -4 
f -3 -4 -1 

g sunflowe_1Petal1
s off

usemtl sunflowe_1Petal1

# 6 vertices
v 131.0508 142.6155 -0.07894
v 128.8239 141.395 -0.1335
v 129.2995 140.7771 0.2074
v 126.7906 139.7229 1.0132
v 127.3009 140.4931 0.6729
v 127.6389 139.9383 1.09048

# 8 faces
f -6 -5 -4 
f -6 -4 -5 
f -5 -3 -4 
f -5 -4 -3 
f -5 -2 -3 
f -5 -3 -2 
f -3 -1 -4 
f -3 -4 -1 

g sunflowe_1Pdcel
s off

usemtl sunflowe_1Pdcel

# 18 vertices
v 134.9529 146.2321 -0.6034
v 135.3729 145.4216 0.08782
v 134.6735 146.237 0.507
v 133.5863 145.2344 -0.9428
v 134.0063 144.4239 -0.2515
v 133.3069 145.2393 0.1676
v 133.5863 145.2344 -0.9428
v 134.0063 144.4239 -0.2515
v 133.3069 145.2393 0.1676
v 132.2197 144.2368 -1.2822
v 132.6397 143.4262 -0.5909
v 131.9403 144.2417 -0.1717
v 132.2197 144.2368 -1.2822
v 132.6397 143.4262 -0.5909
v 131.9403 144.2417 -0.1717
v 130.8531 143.2391 -1.6216
v 131.2731 142.4286 -0.9303
v 130.5737 143.244 -0.5111

# 18 faces
f -18 -15 -17 
f -17 -15 -14 
f -17 -14 -16 
f -16 -14 -13 
f -16 -13 -18 
f -18 -13 -15 
f -12 -9 -11 
f -11 -9 -8 
f -11 -8 -10 
f -10 -8 -7 
f -10 -7 -12 
f -12 -7 -9 
f -6 -3 -5 
f -5 -3 -2 
f -5 -2 -4 
f -4 -2 -1 
f -4 -1 -6 
f -6 -1 -3 

g sunflowe_1Petal1
s off

usemtl sunflowe_1Petal1

# 6 vertices
v 130.9002 142.9693 -1.01821
v 129.0179 141.5793 -2.006441
v 128.671 141.7415 -1.2463
v 126.2523 141.03 -2.5498
v 127.1995 141.286 -2.6316
v 126.7781 141.491 -2.01782

# 8 faces
f -6 -5 -4 
f -6 -4 -5 
f -5 -3 -4 
f -5 -4 -3 
f -5 -2 -3 
f -5 -3 -2 
f -3 -1 -4 
f -3 -4 -1 

g sunflowe_1Petal1
s off

usemtl sunflowe_1Petal1

# 6 vertices
v 130.9002 142.9693 -1.01821
v 129.2275 141.1182 -1.4951
v 128.7951 141.7701 -1.8303
v 127.3632 139.7204 -3.1732
v 128.1593 139.9792 -2.6548
v 127.77 140.4935 -3.07941

# 8 faces
f -6 -5 -4 
f -6 -4 -5 
f -5 -3 -4 
f -5 -4 -3 
f -5 -2 -3 
f -5 -3 -2 
f -3 -1 -4 
f -3 -4 -1 

g sunflowe_1Petal1
s off

usemtl sunflowe_1Petal1

# 6 vertices
v 130.9002 142.9693 -1.01821
v 128.8413 141.4819 -1.008837
v 129.1383 141.2833 -1.7812
v 127.4661 139.0082 -1.4938
v 127.9158 139.772 -1.06514
v 128.1875 139.4578 -1.7161

# 8 faces
f -6 -5 -4 
f -6 -4 -5 
f -5 -3 -4 
f -5 -4 -3 
f -5 -2 -3 
f -5 -3 -2 
f -3 -1 -4 
f -3 -4 -1 

g sunflowe_1Petal1
s off

usemtl sunflowe_1Petal1

# 6 vertices
v 130.9002 142.9693 -1.01821
v 128.6317 141.943 -1.5201
v 129.0142 141.2547 -1.1973
v 126.3551 140.3179 -0.8704
v 126.956 141.0788 -1.04188
v 127.1956 140.4553 -0.6545

# 8 faces
f -6 -5 -4 
f -6 -4 -5 
f -5 -3 -4 
f -5 -4 -3 
f -5 -2 -3 
f -5 -3 -2 
f -3 -1 -4 
f -3 -4 -1 

g sunflowe_1Pdcel
s off

usemtl sunflowe_1Pdcel

# 18 vertices
v 135.069 146.3095 -0.5602
v 135.3157 145.3834 0.06652
v 134.6163 146.1988 0.4857
v 133.7088 145.49 -1.2356
v 133.9554 144.5639 -0.6089
v 133.256 145.3793 -0.1897
v 133.7088 145.49 -1.2356
v 133.9554 144.5639 -0.6089
v 133.256 145.3793 -0.1897
v 132.3485 144.6705 -1.9111
v 132.5952 143.7444 -1.2843
v 131.8958 144.5599 -0.8651
v 132.3485 144.6705 -1.9111
v 132.5952 143.7444 -1.2843
v 131.8958 144.5599 -0.8651
v 130.9882 143.851 -2.5865
v 131.2349 142.925 -1.9598
v 130.5355 143.7404 -1.5406

# 18 faces
f -18 -15 -17 
f -17 -15 -14 
f -17 -14 -16 
f -16 -14 -13 
f -16 -13 -18 
f -18 -13 -15 
f -12 -9 -11 
f -11 -9 -8 
f -11 -8 -10 
f -10 -8 -7 
f -10 -7 -12 
f -12 -7 -9 
f -6 -3 -5 
f -5 -3 -2 
f -5 -2 -4 
f -4 -2 -1 
f -4 -1 -6 
f -6 -1 -3 

g sunflowe_1Petal1
s off

usemtl sunflowe_1Petal1

# 6 vertices
v 130.9192 143.5038 -2.02637
v 129.128 142.4254 -3.4686
v 128.6758 142.5206 -2.7539
v 126.4539 142.2007 -4.4906
v 127.4174 142.3786 -4.3934
v 126.9183 142.5414 -3.8271

# 8 faces
f -6 -5 -4 
f -6 -4 -5 
f -5 -3 -4 
f -5 -4 -3 
f -5 -2 -3 
f -5 -3 -2 
f -3 -1 -4 
f -3 -4 -1 

g sunflowe_1Petal1
s off

usemtl sunflowe_1Petal1

# 6 vertices
v 130.9192 143.5038 -2.02637
v 129.2205 141.8863 -3.000959
v 128.8936 142.6117 -3.303
v 127.5571 140.8859 -5.1169
v 128.2758 141.0042 -4.4544
v 127.996 141.6011 -4.8567

# 8 faces
f -6 -5 -4 
f -6 -4 -5 
f -5 -3 -4 
f -5 -4 -3 
f -5 -2 -3 
f -5 -3 -2 
f -3 -1 -4 
f -3 -4 -1 

g sunflowe_1Petal1
s off

usemtl sunflowe_1Petal1

# 6 vertices
v 130.9192 143.5038 -2.02637
v 128.7874 142.2188 -2.532
v 129.19 142.0937 -3.2714
v 127.3398 139.9604 -3.5567
v 127.7668 140.6202 -2.9635
v 128.1169 140.3677 -3.6038

# 8 faces
f -6 -5 -4 
f -6 -4 -5 
f -5 -3 -4 
f -5 -4 -3 
f -5 -2 -3 
f -5 -3 -2 
f -3 -1 -4 
f -3 -4 -1 

g sunflowe_1Petal1
s off

usemtl sunflowe_1Petal1

# 6 vertices
v 130.9192 143.5038 -2.02637
v 128.6949 142.7579 -2.9998
v 128.9722 142.0026 -2.7223
v 126.2367 141.2753 -2.9304
v 126.9085 141.9946 -2.9025
v 127.0392 141.308 -2.5742

# 8 faces
f -6 -5 -4 
f -6 -4 -5 
f -5 -3 -4 
f -5 -4 -3 
f -5 -2 -3 
f -5 -3 -2 
f -3 -1 -4 
f -3 -4 -1 

g sunflowe_1Pdcel
s off

usemtl sunflowe_1Pdcel

# 18 vertices
v 135.1696 146.3642 -0.4988
v 135.2661 145.3565 0.03627
v 134.5667 146.1719 0.4554
v 133.8705 145.7368 -1.4459
v 133.9671 144.7291 -0.9108
v 133.2677 145.5445 -0.4916
v 133.8705 145.7368 -1.4459
v 133.9671 144.7291 -0.9108
v 133.2677 145.5445 -0.4916
v 132.5715 145.1095 -2.393
v 132.668 144.1018 -1.8579
v 131.9686 144.9172 -1.4386
v 132.5715 145.1095 -2.393
v 132.668 144.1018 -1.8579
v 131.9686 144.9172 -1.4386
v 131.2724 144.4821 -3.3401
v 131.3689 143.4744 -2.8049
v 130.6695 144.2898 -2.3857

# 18 faces
f -18 -15 -17 
f -17 -15 -14 
f -17 -14 -16 
f -16 -14 -13 
f -16 -13 -18 
f -18 -13 -15 
f -12 -9 -11 
f -11 -9 -8 
f -11 -8 -10 
f -10 -8 -7 
f -10 -7 -12 
f -12 -7 -9 
f -6 -3 -5 
f -5 -3 -2 
f -5 -2 -4 
f -4 -2 -1 
f -4 -1 -6 
f -6 -1 -3 

g sunflowe_1Petal1
s off

usemtl sunflowe_1Petal1

# 6 vertices
v 131.1028 144.0802 -2.8412
v 129.4709 143.3175 -4.6319
v 128.9285 143.3666 -3.9779
v 126.9605 143.4225 -6.02217
v 127.9096 143.5115 -5.7758
v 127.3462 143.6479 -5.2656

# 8 faces
f -6 -5 -4 
f -6 -4 -5 
f -5 -3 -4 
f -5 -4 -3 
f -5 -2 -3 
f -5 -3 -2 
f -3 -1 -4 
f -3 -4 -1 

g sunflowe_1Petal1
s off

usemtl sunflowe_1Petal1

# 6 vertices
v 131.1028 144.0802 -2.8412
v 129.462 142.7233 -4.2261
v 129.2274 143.5018 -4.4774
v 128.0569 142.104 -6.6526
v 128.68 142.0892 -5.8904
v 128.4983 142.7481 -6.2498

# 8 faces
f -6 -5 -4 
f -6 -4 -5 
f -5 -3 -4 
f -5 -4 -3 
f -5 -2 -3 
f -5 -3 -2 
f -3 -1 -4 
f -3 -4 -1 

g sunflowe_1Petal1
s off

usemtl sunflowe_1Petal1

# 6 vertices
v 131.1028 144.0802 -2.8412
v 128.9883 143.0336 -3.782
v 129.4832 142.9617 -4.4706
v 127.5624 141.0278 -5.2615
v 127.9412 141.5801 -4.5397
v 128.3623 141.3749 -5.1537

# 8 faces
f -6 -5 -4 
f -6 -4 -5 
f -5 -3 -4 
f -5 -4 -3 
f -5 -2 -3 
f -5 -3 -2 
f -3 -1 -4 
f -3 -4 -1 

g sunflowe_1Petal1
s off

usemtl sunflowe_1Petal1

# 6 vertices
v 131.1028 144.0802 -2.8412
v 128.9972 143.6279 -4.1878
v 129.1843 142.8265 -3.971
v 126.4661 142.3463 -4.631
v 127.1708 143.0023 -4.4251
v 127.2102 142.2747 -4.1694

# 8 faces
f -6 -5 -4 
f -6 -4 -5 
f -5 -3 -4 
f -5 -4 -3 
f -5 -2 -3 
f -5 -3 -2 
f -3 -1 -4 
f -3 -4 -1 

g sunflowe_1Pdcel
s off

usemtl sunflowe_1Pdcel

# 18 vertices
v 135.2748 146.4072 -0.407
v 135.2143 145.3353 -0.008976
v 134.5149 146.1507 0.4102
v 134.104 146.0244 -1.6157
v 134.0435 144.9525 -1.2176
v 133.3441 145.7679 -0.7984
v 134.104 146.0244 -1.6157
v 134.0435 144.9525 -1.2176
v 133.3441 145.7679 -0.7984
v 132.9333 145.6416 -2.8244
v 132.8728 144.5697 -2.4263
v 132.1734 145.3851 -2.007178
v 132.9333 145.6416 -2.8244
v 132.8728 144.5697 -2.4263
v 132.1734 145.3851 -2.007178
v 131.7626 145.2589 -4.03315
v 131.7021 144.1869 -3.635
v 131.0027 145.0023 -3.2158

# 18 faces
f -18 -15 -17 
f -17 -15 -14 
f -17 -14 -16 
f -16 -14 -13 
f -16 -13 -18 
f -18 -13 -15 
f -12 -9 -11 
f -11 -9 -8 
f -11 -8 -10 
f -10 -8 -7 
f -10 -7 -12 
f -12 -7 -9 
f -6 -3 -5 
f -5 -3 -2 
f -5 -2 -4 
f -4 -2 -1 
f -4 -1 -6 
f -6 -1 -3 

g sunflowe_1Petal1
s off

usemtl sunflowe_1Petal1

# 6 vertices
v 131.4878 144.8139 -3.6261
v 130.1151 144.4343 -5.7292
v 129.4796 144.4487 -5.1633
v 127.8734 144.9402 -7.451
v 128.7746 144.9113 -7.05551
v 128.1476 145.0323 -6.6213

# 8 faces
f -6 -5 -4 
f -6 -4 -5 
f -5 -3 -4 
f -5 -4 -3 
f -5 -2 -3 
f -5 -3 -2 
f -3 -1 -4 
f -3 -4 -1 

g sunflowe_1Petal1
s off

usemtl sunflowe_1Petal1

# 6 vertices
v 131.4878 144.8139 -3.6261
v 130.0002 143.7966 -5.4159
v 129.8634 144.6187 -5.5888
v 128.9627 143.6187 -8.08761
v 129.4531 143.4515 -7.2504
v 129.3774 144.1643 -7.5377

# 8 faces
f -6 -5 -4 
f -6 -4 -5 
f -5 -3 -4 
f -5 -4 -3 
f -5 -2 -3 
f -5 -3 -2 
f -3 -1 -4 
f -3 -4 -1 

g sunflowe_1Petal1
s off

usemtl sunflowe_1Petal1

# 6 vertices
v 131.4878 144.8139 -3.6261
v 129.4841 144.0896 -5.008893
v 130.0768 144.0612 -5.6189
v 128.1784 142.4239 -6.9495
v 128.4739 142.844 -6.1095
v 128.9727 142.6812 -6.676

# 8 faces
f -6 -5 -4 
f -6 -4 -5 
f -5 -3 -4 
f -5 -4 -3 
f -5 -2 -3 
f -5 -3 -2 
f -3 -1 -4 
f -3 -4 -1 

g sunflowe_1Petal1
s off

usemtl sunflowe_1Petal1

# 6 vertices
v 131.4878 144.8139 -3.6261
v 129.599 144.7273 -5.3221
v 129.6931 143.8913 -5.1934
v 127.0891 143.7453 -6.3129
v 127.7954 144.3039 -5.9146
v 127.7429 143.5492 -5.7597

# 8 faces
f -6 -5 -4 
f -6 -4 -5 
f -5 -3 -4 
f -5 -4 -3 
f -5 -2 -3 
f -5 -3 -2 
f -3 -1 -4 
f -3 -4 -1 

g sunflowe_1Pdcel
s off

usemtl sunflowe_1Pdcel

# 18 vertices
v 135.3572 146.4273 -0.3086
v 135.1736 145.3253 -0.05746
v 134.4742 146.1407 0.3617
v 134.3485 146.278 -1.7009
v 134.165 145.176 -1.4497
v 133.4656 145.9914 -1.03052
v 134.3485 146.278 -1.7009
v 134.165 145.176 -1.4497
v 133.4656 145.9914 -1.03052
v 133.3399 146.1286 -3.09321
v 133.1563 145.0266 -2.842
v 132.4569 145.842 -2.4228
v 133.3399 146.1286 -3.09321
v 133.1563 145.0266 -2.842
v 132.4569 145.842 -2.4228
v 132.3312 145.9792 -4.4854
v 132.1477 144.8772 -4.2342
v 131.4483 145.6926 -3.815

# 18 faces
f -18 -15 -17 
f -17 -15 -14 
f -17 -14 -16 
f -16 -14 -13 
f -16 -13 -18 
f -18 -13 -15 
f -12 -9 -11 
f -11 -9 -8 
f -11 -8 -10 
f -10 -8 -7 
f -10 -7 -12 
f -12 -7 -9 
f -6 -3 -5 
f -5 -3 -2 
f -5 -2 -4 
f -4 -2 -1 
f -4 -1 -6 
f -6 -1 -3 

g sunflowe_1Petal1
s off

usemtl sunflowe_1Petal1

# 6 vertices
v 131.974 145.5142 -4.1768
v 130.8933 145.4853 -6.4752
v 130.186 145.4857 -6.001905
v 128.9553 146.359 -8.4056
v 129.7875 146.2142 -7.8998
v 129.1139 146.3344 -7.5418

# 8 faces
f -6 -5 -4 
f -6 -4 -5 
f -5 -3 -4 
f -5 -4 -3 
f -5 -2 -3 
f -5 -3 -2 
f -3 -1 -4 
f -3 -4 -1 

g sunflowe_1Petal1
s off

usemtl sunflowe_1Petal1

# 6 vertices
v 131.974 145.5142 -4.1768
v 130.6952 144.8273 -6.2611
v 130.6362 145.6719 -6.348
v 130.0391 145.0362 -9.04888
v 130.394 144.7368 -8.1806
v 130.4048 145.4813 -8.3854

# 8 faces
f -6 -5 -4 
f -6 -4 -5 
f -5 -3 -4 
f -5 -4 -3 
f -5 -2 -3 
f -5 -3 -2 
f -3 -1 -4 
f -3 -4 -1 

g sunflowe_1Petal1
s off

usemtl sunflowe_1Petal1

# 6 vertices
v 131.974 145.5142 -4.1768
v 130.1459 145.1122 -5.8937
v 130.8164 145.1063 -6.4179
v 129.0276 143.7859 -8.1819
v 129.2264 144.0834 -7.2646
v 129.7895 143.9468 -7.7751

# 8 faces
f -6 -5 -4 
f -6 -4 -5 
f -5 -3 -4 
f -5 -4 -3 
f -5 -2 -3 
f -5 -3 -2 
f -3 -1 -4 
f -3 -4 -1 

g sunflowe_1Petal1
s off

usemtl sunflowe_1Petal1

# 6 vertices
v 131.974 145.5142 -4.1768
v 130.3439 145.7702 -6.1078
v 130.3661 144.9202 -6.07173
v 127.9438 145.1087 -7.5387
v 128.6199 145.5608 -6.9837
v 128.4987 144.7999 -6.9314

# 8 faces
f -6 -5 -4 
f -6 -4 -5 
f -5 -3 -4 
f -5 -4 -3 
f -5 -2 -3 
f -5 -3 -2 
f -3 -1 -4 
f -3 -4 -1 

g sunflowe_1Pdcel
s off

usemtl sunflowe_1Pdcel

# 18 vertices
v 135.4334 146.4286 -0.184
v 135.1361 145.3247 -0.1188
v 134.4367 146.1401 0.3003
v 134.653 146.5482 -1.7185
v 134.3558 145.4443 -1.6534
v 133.6564 146.2597 -1.2342
v 134.653 146.5482 -1.7185
v 134.3558 145.4443 -1.6534
v 133.6564 146.2597 -1.2342
v 133.8727 146.6678 -3.2531
v 133.5754 145.5639 -3.188
v 132.876 146.3793 -2.7688
v 133.8727 146.6678 -3.2531
v 133.5754 145.5639 -3.188
v 132.876 146.3793 -2.7688
v 133.0924 146.7874 -4.7877
v 132.7951 145.6835 -4.7225
v 132.0957 146.499 -4.3033

# 18 faces
f -18 -15 -17 
f -17 -15 -14 
f -17 -14 -16 
f -16 -14 -13 
f -16 -13 -18 
f -18 -13 -15 
f -12 -9 -11 
f -11 -9 -8 
f -11 -8 -10 
f -10 -8 -7 
f -10 -7 -12 
f -12 -7 -9 
f -6 -3 -5 
f -5 -3 -2 
f -5 -2 -4 
f -4 -2 -1 
f -4 -1 -6 
f -6 -1 -3 

g sunflowe_1Petal1
s off

usemtl sunflowe_1Petal1

# 6 vertices
v 132.659 146.3211 -4.6036
v 131.9612 146.681 -7.0193
v 131.1889 146.6852 -6.6616
v 130.423 147.9631 -9.07733
v 131.1513 147.6811 -8.4778
v 130.439 147.8152 -8.2114

# 8 faces
f -6 -5 -4 
f -6 -4 -5 
f -5 -3 -4 
f -5 -4 -3 
f -5 -2 -3 
f -5 -3 -2 
f -3 -1 -4 
f -3 -4 -1 

g sunflowe_1Petal1
s off

usemtl sunflowe_1Petal1

# 6 vertices
v 132.659 146.3211 -4.6036
v 131.6863 146.0218 -6.9309
v 131.7007 146.8724 -6.9073
v 131.5016 146.6403 -9.7289
v 131.6912 146.2026 -8.8675
v 131.7861 146.963 -8.9628

# 8 faces
f -6 -5 -4 
f -6 -4 -5 
f -5 -3 -4 
f -5 -4 -3 
f -5 -2 -3 
f -5 -3 -2 
f -3 -1 -4 
f -3 -4 -1 

g sunflowe_1Petal1
s off

usemtl sunflowe_1Petal1

# 6 vertices
v 132.659 146.3211 -4.6036
v 131.1063 146.3062 -6.6137
v 131.8501 146.3063 -7.0274
v 130.2801 145.3865 -9.2055
v 130.3494 145.5462 -8.2364
v 130.9763 145.4253 -8.6709

# 8 faces
f -6 -5 -4 
f -6 -4 -5 
f -5 -3 -4 
f -5 -4 -3 
f -5 -2 -3 
f -5 -3 -2 
f -3 -1 -4 
f -3 -4 -1 

g sunflowe_1Petal1
s off

usemtl sunflowe_1Petal1

# 6 vertices
v 132.659 146.3211 -4.6036
v 131.3811 146.9654 -6.7021
v 131.3384 146.1191 -6.7817
v 129.2015 146.7093 -8.5539
v 129.8095 147.0247 -7.8466
v 129.6291 146.2774 -7.9194

# 8 faces
f -6 -5 -4 
f -6 -4 -5 
f -5 -3 -4 
f -5 -4 -3 
f -5 -2 -3 
f -5 -3 -2 
f -3 -1 -4 
f -3 -4 -1 

g sunflowe_1Pdcel
s off

usemtl sunflowe_1Pdcel

# 18 vertices
v 135.4835 146.4107 -0.06552
v 135.1114 145.3335 -0.1773
v 134.412 146.149 0.2419
v 134.9383 146.7649 -1.664
v 134.5662 145.6878 -1.7758
v 133.8668 146.5032 -1.3566
v 134.9383 146.7649 -1.664
v 134.5662 145.6878 -1.7758
v 133.8668 146.5032 -1.3566
v 134.3932 147.1191 -3.2626
v 134.0211 146.042 -3.3744
v 133.3216 146.8574 -2.9552
v 134.3932 147.1191 -3.2626
v 134.0211 146.042 -3.3744
v 133.3216 146.8574 -2.9552
v 133.848 147.4733 -4.8612
v 133.4759 146.3962 -4.973
v 132.7765 147.2116 -4.5538

# 18 faces
f -18 -15 -17 
f -17 -15 -14 
f -17 -14 -16 
f -16 -14 -13 
f -16 -13 -18 
f -18 -13 -15 
f -12 -9 -11 
f -11 -9 -8 
f -11 -8 -10 
f -10 -8 -7 
f -10 -7 -12 
f -12 -7 -9 
f -6 -3 -5 
f -5 -3 -2 
f -5 -2 -4 
f -4 -2 -1 
f -4 -1 -6 
f -6 -1 -3 

g sunflowe_1Petal1
s off

usemtl sunflowe_1Petal1

# 6 vertices
v 133.3645 147.0249 -4.7957
v 133.0412 147.7105 -7.2199
v 132.2277 147.7352 -6.971
v 131.8946 149.3354 -9.2913
v 132.5112 148.9305 -8.6391
v 131.778 149.0894 -8.4559

# 8 faces
f -6 -5 -4 
f -6 -4 -5 
f -5 -3 -4 
f -5 -4 -3 
f -5 -2 -3 
f -5 -3 -2 
f -3 -1 -4 
f -3 -4 -1 

g sunflowe_1Petal1
s off

usemtl sunflowe_1Petal1

# 6 vertices
v 133.3645 147.0249 -4.7957
v 132.7158 147.0693 -7.251
v 132.7799 147.908 -7.1211
v 132.9699 148.0137 -9.9509
v 133.0073 147.4676 -9.1325
v 133.1623 148.224 -9.1197

# 8 faces
f -6 -5 -4 
f -6 -4 -5 
f -5 -3 -4 
f -5 -4 -3 
f -5 -2 -3 
f -5 -3 -2 
f -3 -1 -4 
f -3 -4 -1 

g sunflowe_1Petal1
s off

usemtl sunflowe_1Petal1

# 6 vertices
v 133.3645 147.0249 -4.7957
v 132.1155 147.361 -6.9817
v 132.9091 147.3491 -7.289
v 131.6102 146.8094 -9.7541
v 131.5509 146.8522 -8.7722
v 132.2244 146.732 -9.1305

# 8 faces
f -6 -5 -4 
f -6 -4 -5 
f -5 -3 -4 
f -5 -4 -3 
f -5 -2 -3 
f -5 -3 -2 
f -3 -1 -4 
f -3 -4 -1 

g sunflowe_1Petal1
s off

usemtl sunflowe_1Petal1

# 6 vertices
v 133.3645 147.0249 -4.7957
v 132.4409 148.0021 -6.9506
v 132.3569 147.1764 -7.1389
v 130.535 148.131 -9.09454
v 131.0548 148.3151 -8.2788
v 130.8401 147.5975 -8.4666

# 8 faces
f -6 -5 -4 
f -6 -4 -5 
f -5 -3 -4 
f -5 -4 -3 
f -5 -2 -3 
f -5 -3 -2 
f -3 -1 -4 
f -3 -4 -1 

g sunflowe_1Pdcel
s off

usemtl sunflowe_1Pdcel

# 18 vertices
v 135.5176 146.37 0.07055
v 135.0946 145.3536 -0.2443
v 134.3952 146.169 0.1748
v 135.2616 146.9715 -1.5265
v 134.8385 145.9551 -1.8414
v 134.1391 146.7705 -1.4222
v 135.2616 146.9715 -1.5265
v 134.8385 145.9551 -1.8414
v 134.1391 146.7705 -1.4222
v 135.0055 147.5729 -3.1236
v 134.5825 146.5565 -3.4386
v 133.8831 147.372 -3.0194
v 135.0055 147.5729 -3.1236
v 134.5825 146.5565 -3.4386
v 133.8831 147.372 -3.0194
v 134.7495 148.1744 -4.7207
v 134.3264 147.158 -5.03573
v 133.627 147.9734 -4.6165

# 18 faces
f -18 -15 -17 
f -17 -15 -14 
f -17 -14 -16 
f -16 -14 -13 
f -16 -13 -18 
f -18 -13 -15 
f -12 -9 -11 
f -11 -9 -8 
f -11 -8 -10 
f -10 -8 -7 
f -10 -7 -12 
f -12 -7 -9 
f -6 -3 -5 
f -5 -3 -2 
f -5 -2 -4 
f -4 -2 -1 
f -4 -1 -6 
f -6 -1 -3 

g sunflowe_1Petal1
s off

usemtl sunflowe_1Petal1

# 6 vertices
v 134.2319 147.7667 -4.7913
v 134.3496 148.78 -7.1174
v 133.5104 148.8463 -6.992
v 133.6651 150.7508 -9.09058
v 134.1396 150.2127 -8.4162
v 133.3994 150.4125 -8.3244

# 8 faces
f -6 -5 -4 
f -6 -4 -5 
f -5 -3 -4 
f -5 -4 -3 
f -5 -2 -3 
f -5 -3 -2 
f -3 -1 -4 
f -3 -4 -1 

g sunflowe_1Petal1
s off

usemtl sunflowe_1Petal1

# 6 vertices
v 134.2319 147.7667 -4.7913
v 133.9898 148.1799 -7.2857
v 134.0901 148.9861 -7.03229
v 134.7381 149.4319 -9.7592
v 134.6059 148.7854 -9.02856
v 134.8089 149.517 -8.8876

# 8 faces
f -6 -5 -4 
f -6 -4 -5 
f -5 -3 -4 
f -5 -4 -3 
f -5 -2 -3 
f -5 -3 -2 
f -3 -1 -4 
f -3 -4 -1 

g sunflowe_1Petal1
s off

usemtl sunflowe_1Petal1

# 6 vertices
v 134.2319 147.7667 -4.7913
v 133.3757 148.488 -7.07133
v 134.2055 148.4437 -7.255
v 133.2844 148.3397 -9.9375
v 133.0716 148.263 -8.9793
v 133.7838 148.129 -9.246

# 8 faces
f -6 -5 -4 
f -6 -4 -5 
f -5 -3 -4 
f -5 -4 -3 
f -5 -2 -3 
f -5 -3 -2 
f -3 -1 -4 
f -3 -4 -1 

g sunflowe_1Petal1
s off

usemtl sunflowe_1Petal1

# 6 vertices
v 134.2319 147.7667 -4.7913
v 133.7355 149.0881 -6.903
v 133.6259 148.3038 -7.2148
v 132.2114 149.6586 -9.2688
v 132.6053 149.6903 -8.367
v 132.3743 149.0245 -8.6828

# 8 faces
f -6 -5 -4 
f -6 -4 -5 
f -5 -3 -4 
f -5 -4 -3 
f -5 -2 -3 
f -5 -3 -2 
f -3 -1 -4 
f -3 -4 -1 

g sunflowe_1Pdcel
s off

usemtl sunflowe_1Pdcel

# 18 vertices
v 135.5269 146.3171 0.1888
v 135.09 145.3797 -0.3026
v 134.3906 146.1951 0.1165
v 135.5387 147.1141 -1.3417
v 135.1019 146.1767 -1.8332
v 134.4025 146.9921 -1.414
v 135.5387 147.1141 -1.3417
v 135.1019 146.1767 -1.8332
v 134.4025 146.9921 -1.414
v 135.5506 147.9112 -2.8723
v 135.1137 146.9738 -3.3638
v 134.4143 147.7892 -2.9446
v 135.5506 147.9112 -2.8723
v 135.1137 146.9738 -3.3638
v 134.4143 147.7892 -2.9446
v 135.5624 148.7082 -4.4028
v 135.1256 147.7708 -4.8944
v 134.4262 148.5862 -4.4752

# 18 faces
f -18 -15 -17 
f -17 -15 -14 
f -17 -14 -16 
f -16 -14 -13 
f -16 -13 -18 
f -18 -13 -15 
f -12 -9 -11 
f -11 -9 -8 
f -11 -8 -10 
f -10 -8 -7 
f -10 -7 -12 
f -12 -7 -9 
f -6 -3 -5 
f -5 -3 -2 
f -5 -2 -4 
f -4 -2 -1 
f -4 -1 -6 
f -6 -1 -3 

g sunflowe_1Petal1
s off

usemtl sunflowe_1Petal1

# 6 vertices
v 135.0356 148.3534 -4.5917
v 135.5461 149.6114 -6.7384
v 134.7035 149.7292 -6.7191
v 135.274 151.8412 -8.5272
v 135.6132 151.1942 -7.867
v 134.8814 151.4403 -7.8511

# 8 faces
f -6 -5 -4 
f -6 -4 -5 
f -5 -3 -4 
f -5 -4 -3 
f -5 -2 -3 
f -5 -3 -2 
f -3 -1 -4 
f -3 -4 -1 

g sunflowe_1Petal1
s off

usemtl sunflowe_1Petal1

# 6 vertices
v 135.0356 148.3534 -4.5917
v 135.177 149.0647 -7.02602
v 135.2906 149.8265 -6.6639
v 136.3464 150.5258 -9.2038
v 136.0714 149.8131 -8.5827
v 136.2977 150.5057 -8.3268

# 8 faces
f -6 -5 -4 
f -6 -4 -5 
f -5 -3 -4 
f -5 -4 -3 
f -5 -2 -3 
f -5 -3 -2 
f -3 -1 -4 
f -3 -4 -1 

g sunflowe_1Petal1
s off

usemtl sunflowe_1Petal1

# 6 vertices
v 135.0356 148.3534 -4.5917
v 134.5592 149.394 -6.8592
v 135.4023 149.3053 -6.9344
v 134.8672 149.5794 -9.7082
v 134.5159 149.4116 -8.8038
v 135.249 149.2528 -8.9874

# 8 faces
f -6 -5 -4 
f -6 -4 -5 
f -5 -3 -4 
f -5 -4 -3 
f -5 -2 -3 
f -5 -3 -2 
f -3 -1 -4 
f -3 -4 -1 

g sunflowe_1Petal1
s off

usemtl sunflowe_1Petal1

# 6 vertices
v 135.0356 148.3534 -4.5917
v 134.9283 149.9408 -6.5716
v 134.8152 149.2081 -6.9896
v 133.7949 150.8947 -9.03154
v 134.0578 150.7927 -8.08819
v 133.8327 150.1874 -8.5116

# 8 faces
f -6 -5 -4 
f -6 -4 -5 
f -5 -3 -4 
f -5 -4 -3 
f -5 -2 -3 
f -5 -3 -2 
f -3 -1 -4 
f -3 -4 -1 

g sunflowe_1Pdcel
s off

usemtl sunflowe_1Pdcel

# 18 vertices
v 135.5131 146.2414 0.313
v 135.0968 145.417 -0.3638
v 134.3974 146.2324 0.0553
v 135.8252 147.2215 -1.0726
v 135.409 146.3971 -1.7495
v 134.7096 147.2125 -1.3303
v 135.8252 147.2215 -1.0726
v 135.409 146.3971 -1.7495
v 134.7096 147.2125 -1.3303
v 136.1374 148.2017 -2.4582
v 135.7212 147.3772 -3.1351
v 135.0218 148.1927 -2.7159
v 136.1374 148.2017 -2.4582
v 135.7212 147.3772 -3.1351
v 135.0218 148.1927 -2.7159
v 136.4496 149.1818 -3.8438
v 136.0334 148.3574 -4.5208
v 135.334 149.1728 -4.1016

# 18 faces
f -18 -15 -17 
f -17 -15 -14 
f -17 -14 -16 
f -16 -14 -13 
f -16 -13 -18 
f -18 -13 -15 
f -12 -9 -11 
f -11 -9 -8 
f -11 -8 -10 
f -10 -8 -7 
f -10 -7 -12 
f -12 -7 -9 
f -6 -3 -5 
f -5 -3 -2 
f -5 -2 -4 
f -4 -2 -1 
f -4 -1 -6 
f -6 -1 -3 

g sunflowe_1Petal1
s off

usemtl sunflowe_1Petal1

# 6 vertices
v 135.9365 148.9027 -4.1569
v 136.8704 150.3713 -6.006938
v 136.0458 150.5611 -6.09769
v 137.0436 152.825 -7.4884
v 137.2269 152.0717 -6.8815
v 136.5209 152.3787 -6.9411

# 8 faces
f -6 -5 -4 
f -6 -4 -5 
f -5 -3 -4 
f -5 -4 -3 
f -5 -2 -3 
f -5 -3 -2 
f -3 -1 -4 
f -3 -4 -1 

g sunflowe_1Petal1
s off

usemtl sunflowe_1Petal1

# 6 vertices
v 135.9365 148.9027 -4.1569
v 136.5152 149.9008 -6.4197
v 136.6218 150.5973 -5.9423
v 138.1169 151.5147 -8.1735
v 137.6972 150.7568 -7.7057
v 137.927 151.3882 -7.325

# 8 faces
f -6 -5 -4 
f -6 -4 -5 
f -5 -3 -4 
f -5 -4 -3 
f -5 -2 -3 
f -5 -3 -2 
f -3 -1 -4 
f -3 -4 -1 

g sunflowe_1Petal1
s off

usemtl sunflowe_1Petal1

# 6 vertices
v 135.9365 148.9027 -4.1569
v 135.903 150.2607 -6.3031
v 136.739 150.1067 -6.2629
v 136.6758 150.7769 -9.02009
v 136.1733 150.5283 -8.2106
v 136.9135 150.3286 -8.3028

# 8 faces
f -6 -5 -4 
f -6 -4 -5 
f -5 -3 -4 
f -5 -4 -3 
f -5 -2 -3 
f -5 -3 -2 
f -3 -1 -4 
f -3 -4 -1 

g sunflowe_1Petal1
s off

usemtl sunflowe_1Petal1

# 6 vertices
v 135.9365 148.9027 -4.1569
v 136.2582 150.7312 -5.8902
v 136.1631 150.0705 -6.4182
v 135.6025 152.0871 -8.335
v 135.703 151.8432 -7.3864
v 135.5075 151.3192 -7.9189

# 8 faces
f -6 -5 -4 
f -6 -4 -5 
f -5 -3 -4 
f -5 -4 -3 
f -5 -2 -3 
f -5 -3 -2 
f -3 -1 -4 
f -3 -4 -1 

g sunflowe_1Pdcel
s off

usemtl sunflowe_1Pdcel

# 18 vertices
v 135.4798 146.1626 0.4108
v 135.1132 145.4558 -0.412
v 134.4138 146.2712 0.007108
v 136.0467 147.2657 -0.7891
v 135.6801 146.5589 -1.612
v 134.9807 147.3743 -1.1928
v 136.0467 147.2657 -0.7891
v 135.6801 146.5589 -1.612
v 134.9807 147.3743 -1.1928
v 136.6135 148.3688 -1.9891
v 136.2469 147.662 -2.812
v 135.5475 148.4774 -2.3928
v 136.6135 148.3688 -1.9891
v 136.2469 147.662 -2.812
v 135.5475 148.4774 -2.3928
v 137.1804 149.4719 -3.1891
v 136.8138 148.7651 -4.01203
v 136.1143 149.5805 -3.5928

# 18 faces
f -18 -15 -17 
f -17 -15 -14 
f -17 -14 -16 
f -16 -14 -13 
f -16 -13 -18 
f -18 -13 -15 
f -12 -9 -11 
f -11 -9 -8 
f -11 -8 -10 
f -10 -8 -7 
f -10 -7 -12 
f -12 -7 -9 
f -6 -3 -5 
f -5 -3 -2 
f -5 -2 -4 
f -4 -2 -1 
f -4 -1 -6 
f -6 -1 -3 

g sunflowe_1Petal1
s off

usemtl sunflowe_1Petal1

# 6 vertices
v 136.7005 149.2716 -3.5999
v 137.9782 150.8619 -5.1131
v 137.1884 151.1255 -5.2893
v 138.5137 153.4463 -6.2444
v 138.5613 152.617 -5.7159
v 137.8915 152.9837 -5.8311

# 8 faces
f -6 -5 -4 
f -6 -4 -5 
f -5 -3 -4 
f -5 -4 -3 
f -5 -2 -3 
f -5 -3 -2 
f -3 -1 -4 
f -3 -4 -1 

g sunflowe_1Petal1
s off

usemtl sunflowe_1Petal1

# 6 vertices
v 136.7005 149.2716 -3.5999
v 137.6565 150.4709 -5.6246
v 137.7375 151.0981 -5.05507
v 139.5892 152.1414 -6.936
v 139.0606 151.3709 -6.6255
v 139.273 151.9348 -6.1427

# 8 faces
f -6 -5 -4 
f -6 -4 -5 
f -5 -3 -4 
f -5 -4 -3 
f -5 -2 -3 
f -5 -3 -2 
f -3 -1 -4 
f -3 -4 -1 

g sunflowe_1Petal1
s off

usemtl sunflowe_1Petal1

# 6 vertices
v 136.7005 149.2716 -3.5999
v 137.0577 150.8626 -5.5474
v 137.8682 150.6393 -5.4151
v 138.2397 151.6207 -8.05214
v 137.6127 151.3225 -7.354
v 138.3446 151.0766 -7.3703

# 8 faces
f -6 -5 -4 
f -6 -4 -5 
f -5 -3 -4 
f -5 -4 -3 
f -5 -2 -3 
f -5 -3 -2 
f -3 -1 -4 
f -3 -4 -1 

g sunflowe_1Petal1
s off

usemtl sunflowe_1Petal1

# 6 vertices
v 136.7005 149.2716 -3.5999
v 137.3794 151.2536 -5.03599
v 137.319 150.6667 -5.6493
v 137.1642 152.9256 -7.3605
v 137.1134 152.5685 -6.4444
v 136.963 152.1254 -7.05871

# 8 faces
f -6 -5 -4 
f -6 -4 -5 
f -5 -3 -4 
f -5 -4 -3 
f -5 -2 -3 
f -5 -3 -2 
f -3 -1 -4 
f -3 -4 -1 

g sunflowe_1Pdcel
s off

usemtl sunflowe_1Pdcel

# 18 vertices
v 135.4205 146.0649 0.5018
v 135.1425 145.504 -0.4569
v 134.4431 146.3194 -0.03773
v 136.2473 147.2555 -0.4346
v 135.9693 146.6946 -1.3933
v 135.2699 147.51 -0.9741
v 136.2473 147.2555 -0.4346
v 135.9693 146.6946 -1.3933
v 135.2699 147.51 -0.9741
v 137.0742 148.4462 -1.371
v 136.7961 147.8852 -2.3297
v 136.0967 148.7006 -1.9105
v 137.0742 148.4462 -1.371
v 136.7961 147.8852 -2.3297
v 136.0967 148.7006 -1.9105
v 137.901 149.6368 -2.3074
v 137.623 149.0758 -3.2661
v 136.9236 149.8912 -2.8469

# 18 faces
f -18 -15 -17 
f -17 -15 -14 
f -17 -14 -16 
f -16 -14 -13 
f -16 -13 -18 
f -18 -13 -15 
f -12 -9 -11 
f -11 -9 -8 
f -11 -8 -10 
f -10 -8 -7 
f -10 -7 -12 
f -12 -7 -9 
f -6 -3 -5 
f -5 -3 -2 
f -5 -2 -4 
f -4 -2 -1 
f -4 -1 -6 
f -6 -1 -3 

g sunflowe_1Petal1
s off

usemtl sunflowe_1Petal1

# 6 vertices
v 137.4805 149.5341 -2.8092
v 139.0912 151.1817 -3.8782
v 138.36 151.5355 -4.132
v 139.9787 153.8297 -4.5459
v 139.8835 152.9392 -4.1368
v 139.2678 153.3764 -4.2987

# 8 faces
f -6 -5 -4 
f -6 -4 -5 
f -5 -3 -4 
f -5 -4 -3 
f -5 -2 -3 
f -5 -3 -2 
f -3 -1 -4 
f -3 -4 -1 

g sunflowe_1Petal1
s off

usemtl sunflowe_1Petal1

# 6 vertices
v 137.4805 149.5341 -2.8092
v 138.8293 150.8892 -4.4813
v 138.8613 151.4293 -3.8244
v 141.0582 152.5313 -5.2436
v 140.4346 151.7785 -5.126
v 140.6055 152.2553 -4.543

# 8 faces
f -6 -5 -4 
f -6 -4 -5 
f -5 -3 -4 
f -5 -4 -3 
f -5 -2 -3 
f -5 -3 -2 
f -3 -1 -4 
f -3 -4 -1 

g sunflowe_1Petal1
s off

usemtl sunflowe_1Petal1

# 6 vertices
v 137.4805 149.5341 -2.8092
v 138.2545 151.3203 -4.4408
v 139.0159 151.0099 -4.2211
v 139.8723 152.2799 -6.6105
v 139.1224 151.9533 -6.06241
v 139.8286 151.6466 -6.003079

# 8 faces
f -6 -5 -4 
f -6 -4 -5 
f -5 -3 -4 
f -5 -4 -3 
f -5 -2 -3 
f -5 -3 -2 
f -3 -1 -4 
f -3 -4 -1 

g sunflowe_1Petal1
s off

usemtl sunflowe_1Petal1

# 6 vertices
v 137.4805 149.5341 -2.8092
v 138.5163 151.6128 -3.8377
v 138.5146 151.1161 -4.5288
v 138.7928 153.5783 -5.9128
v 138.5712 153.1141 -5.07327
v 138.491 152.7676 -5.7587

# 8 faces
f -6 -5 -4 
f -6 -4 -5 
f -5 -3 -4 
f -5 -4 -3 
f -5 -2 -3 
f -5 -3 -2 
f -3 -1 -4 
f -3 -4 -1 

g sunflowe_1Pdcel
s off

usemtl sunflowe_1Pdcel

# 18 vertices
v 135.3407 145.9623 0.5683
v 135.1818 145.5546 -0.4897
v 134.4824 146.37 -0.07055
v 136.3873 147.1825 -0.05894
v 136.2284 146.7748 -1.1171
v 135.529 147.5902 -0.6979
v 136.3873 147.1825 -0.05894
v 136.2284 146.7748 -1.1171
v 135.529 147.5902 -0.6979
v 137.434 148.4028 -0.6862
v 137.2751 147.9951 -1.7444
v 136.5757 148.8105 -1.3252
v 137.434 148.4028 -0.6862
v 137.2751 147.9951 -1.7444
v 136.5757 148.8105 -1.3252
v 138.4807 149.623 -1.3136
v 138.3218 149.2153 -2.3717
v 137.6224 150.0308 -1.9525

# 18 faces
f -18 -15 -17 
f -17 -15 -14 
f -17 -14 -16 
f -16 -14 -13 
f -16 -13 -18 
f -18 -13 -15 
f -12 -9 -11 
f -11 -9 -8 
f -11 -8 -10 
f -10 -8 -7 
f -10 -7 -12 
f -12 -7 -9 
f -6 -3 -5 
f -5 -3 -2 
f -5 -2 -4 
f -4 -2 -1 
f -4 -1 -6 
f -6 -1 -3 

g sunflowe_1Petal1
s off

usemtl sunflowe_1Petal1

# 6 vertices
v 138.14 149.623 -1.882
v 140.0113 151.2409 -2.4583
v 139.3565 151.6885 -2.7669
v 141.1756 153.8614 -2.6108
v 140.9545 152.9385 -2.3484
v 140.4046 153.4463 -2.5382

# 8 faces
f -6 -5 -4 
f -6 -4 -5 
f -5 -3 -4 
f -5 -4 -3 
f -5 -2 -3 
f -5 -3 -2 
f -3 -1 -4 
f -3 -4 -1 

g sunflowe_1Petal1
s off

usemtl sunflowe_1Petal1

# 6 vertices
v 138.14 149.623 -1.882
v 139.8299 151.0519 -3.1286
v 139.7934 151.4995 -2.4056
v 142.2604 152.5699 -3.3129
v 141.5755 151.8675 -3.3958
v 141.6832 152.2493 -2.7333

# 8 faces
f -6 -5 -4 
f -6 -4 -5 
f -5 -3 -4 
f -5 -4 -3 
f -5 -2 -3 
f -5 -3 -2 
f -3 -1 -4 
f -3 -4 -1 

g sunflowe_1Petal1
s off

usemtl sunflowe_1Petal1

# 6 vertices
v 138.14 149.623 -1.882
v 139.2872 151.5244 -3.1149
v 139.9803 151.1215 -2.8292
v 141.2944 152.6014 -4.8633
v 140.4455 152.277 -4.4844
v 141.1101 151.9028 -4.3634

# 8 faces
f -6 -5 -4 
f -6 -4 -5 
f -5 -3 -4 
f -5 -4 -3 
f -5 -2 -3 
f -5 -3 -2 
f -3 -1 -4 
f -3 -4 -1 

g sunflowe_1Petal1
s off

usemtl sunflowe_1Petal1

# 6 vertices
v 138.14 149.623 -1.882
v 139.4686 151.7134 -2.4446
v 139.5433 151.3105 -3.1905
v 140.2095 153.8929 -4.1612
v 139.8246 153.348 -3.4371
v 139.8315 153.0998 -4.1683

# 8 faces
f -6 -5 -4 
f -6 -4 -5 
f -5 -3 -4 
f -5 -4 -3 
f -5 -2 -3 
f -5 -3 -2 
f -3 -1 -4 
f -3 -4 -1 

g sunflowe_1Pdcel
s off

usemtl sunflowe_1Pdcel

# 18 vertices
v 135.2557 145.8708 0.6044
v 135.2236 145.5996 -0.5075
v 134.5242 146.415 -0.08833
v 136.4554 147.0677 0.2779
v 136.4233 146.7964 -0.834
v 135.7239 147.6118 -0.4148
v 136.4554 147.0677 0.2779
v 136.4233 146.7964 -0.834
v 135.7239 147.6118 -0.4148
v 137.655 148.2645 -0.04855
v 137.6229 147.9933 -1.1605
v 136.9235 148.8087 -0.7413
v 137.655 148.2645 -0.04855
v 137.6229 147.9933 -1.1605
v 136.9235 148.8087 -0.7413
v 138.8546 149.4613 -0.375
v 138.8225 149.1901 -1.487
v 138.1231 150.0055 -1.06788

# 18 faces
f -18 -15 -17 
f -17 -15 -14 
f -17 -14 -16 
f -16 -14 -13 
f -16 -13 -18 
f -18 -13 -15 
f -12 -9 -11 
f -11 -9 -8 
f -11 -8 -10 
f -10 -8 -7 
f -10 -7 -12 
f -12 -7 -9 
f -6 -3 -5 
f -5 -3 -2 
f -5 -2 -4 
f -4 -2 -1 
f -4 -1 -6 
f -6 -1 -3 

g sunflowe_1Petal1
s off

usemtl sunflowe_1Petal1

# 6 vertices
v 138.5989 149.5527 -0.9795
v 140.6309 151.0723 -1.09659
v 140.0559 151.6023 -1.4325
v 141.9669 153.5927 -0.7678
v 141.6534 152.6664 -0.6532
v 141.1689 153.2344 -0.8507

# 8 faces
f -6 -5 -4 
f -6 -4 -5 
f -5 -3 -4 
f -5 -4 -3 
f -5 -2 -3 
f -5 -3 -2 
f -3 -1 -4 
f -3 -4 -1 

g sunflowe_1Petal1
s off

usemtl sunflowe_1Petal1

# 6 vertices
v 138.5989 149.5527 -0.9795
v 140.5351 150.9755 -1.8032
v 140.4243 151.3396 -1.04204
v 143.0574 152.3074 -1.4724
v 142.3486 151.6753 -1.732
v 142.3847 151.9698 -1.01912

# 8 faces
f -6 -5 -4 
f -6 -4 -5 
f -5 -3 -4 
f -5 -4 -3 
f -5 -2 -3 
f -5 -3 -2 
f -3 -1 -4 
f -3 -4 -1 

g sunflowe_1Petal1
s off

usemtl sunflowe_1Petal1

# 6 vertices
v 138.5989 149.5527 -0.9795
v 140.0267 151.4848 -1.8041
v 140.6454 150.9985 -1.4801
v 142.3256 152.5908 -3.1222
v 141.4128 152.2937 -2.9031
v 142.0287 151.8568 -2.7413

# 8 faces
f -6 -5 -4 
f -6 -4 -5 
f -5 -3 -4 
f -5 -4 -3 
f -5 -2 -3 
f -5 -3 -2 
f -3 -1 -4 
f -3 -4 -1 

g sunflowe_1Petal1
s off

usemtl sunflowe_1Petal1

# 6 vertices
v 138.5989 149.5527 -0.9795
v 140.1224 151.5816 -1.09748
v 140.277 151.2612 -1.8706
v 141.235 153.8762 -2.4176
v 140.7177 153.2849 -1.8242
v 140.8129 153.1214 -2.5729

# 8 faces
f -6 -5 -4 
f -6 -4 -5 
f -5 -3 -4 
f -5 -4 -3 
f -5 -2 -3 
f -5 -3 -2 
f -3 -1 -4 
f -3 -4 -1 

g sunflowe_1Pdcel
s off

usemtl sunflowe_1Pdcel

# 18 vertices
v 135.1486 145.7724 0.6172
v 135.2765 145.6481 -0.5138
v 134.5771 146.4636 -0.09464
v 136.465 146.888 0.6435
v 136.5929 146.7637 -0.4875
v 135.8934 147.5791 -0.06832
v 136.465 146.888 0.6435
v 136.5929 146.7637 -0.4875
v 135.8934 147.5791 -0.06832
v 137.7814 148.0035 0.6698
v 137.9093 147.8793 -0.4612
v 137.2098 148.6947 -0.04201
v 137.7814 148.0035 0.6698
v 137.9093 147.8793 -0.4612
v 137.2098 148.6947 -0.04201
v 139.0978 149.1191 0.6962
v 139.2256 148.9949 -0.4349
v 138.5262 149.8103 -0.01569

# 18 faces
f -18 -15 -17 
f -17 -15 -14 
f -17 -14 -16 
f -16 -14 -13 
f -16 -13 -18 
f -18 -13 -15 
f -12 -9 -11 
f -11 -9 -8 
f -11 -8 -10 
f -10 -8 -7 
f -10 -7 -12 
f -12 -7 -9 
f -6 -3 -5 
f -5 -3 -2 
f -5 -2 -4 
f -4 -2 -1 
f -4 -1 -6 
f -6 -1 -3 

g sunflowe_1Petal1
s off

usemtl sunflowe_1Petal1

# 6 vertices
v 138.9492 149.309 0.07894
v 141.0739 150.6419 0.4797
v 140.5983 151.2599 0.1386
v 142.5112 152.9698 1.352
v 142.12 152.0684 1.2884
v 141.714 152.6982 1.1016

# 8 faces
f -6 -5 -4 
f -6 -4 -5 
f -5 -3 -4 
f -5 -4 -3 
f -5 -2 -3 
f -5 -3 -2 
f -3 -1 -4 
f -3 -4 -1 

g sunflowe_1Petal1
s off

usemtl sunflowe_1Petal1

# 6 vertices
v 138.9492 149.309 0.07894
v 141.0862 150.6444 -0.2398
v 140.8803 150.9177 0.5394
v 143.6089 151.691 0.6465
v 142.9088 151.1634 0.1984
v 142.8505 151.3607 0.9427

# 8 faces
f -6 -5 -4 
f -6 -4 -5 
f -5 -3 -4 
f -5 -4 -3 
f -5 -2 -3 
f -5 -3 -2 
f -3 -1 -4 
f -3 -4 -1 

g sunflowe_1Petal1
s off

usemtl sunflowe_1Petal1

# 6 vertices
v 138.9492 149.309 0.07894
v 140.621 151.1935 -0.2459
v 141.1446 150.6163 0.0961
v 143.1724 152.2459 -1.0385
v 142.218 152.0069 -1.001848
v 142.7682 151.4993 -0.8121

# 8 faces
f -6 -5 -4 
f -6 -4 -5 
f -5 -3 -4 
f -5 -4 -3 
f -5 -2 -3 
f -5 -3 -2 
f -3 -1 -4 
f -3 -4 -1 

g sunflowe_1Petal1
s off

usemtl sunflowe_1Petal1

# 6 vertices
v 138.9492 149.309 0.07894
v 140.6087 151.191 0.4736
v 140.8626 150.9585 -0.3046
v 142.0746 153.5246 -0.333
v 141.4292 152.9119 0.08818
v 141.6316 152.8367 -0.6532

# 8 faces
f -6 -5 -4 
f -6 -4 -5 
f -5 -3 -4 
f -5 -4 -3 
f -5 -2 -3 
f -5 -3 -2 
f -3 -1 -4 
f -3 -4 -1 

g sunflowe_1Pdcel
s off

usemtl sunflowe_1Pdcel

# 18 vertices
v 135.0471 145.6924 0.6034
v 135.3265 145.6875 -0.507
v 134.6271 146.503 -0.08782
v 136.4137 146.6901 0.9428
v 136.6931 146.6852 -0.1676
v 135.9937 147.5006 0.2515
v 136.4137 146.6901 0.9428
v 136.6931 146.6852 -0.1676
v 135.9937 147.5006 0.2515
v 137.7803 147.6878 1.2822
v 138.0597 147.6829 0.1717
v 137.3603 148.4983 0.5909
v 137.7803 147.6878 1.2822
v 138.0597 147.6829 0.1717
v 137.3603 148.4983 0.5909
v 139.1469 148.6854 1.6216
v 139.4263 148.6805 0.5111
v 138.7269 149.496 0.9303

# 18 faces
f -18 -15 -17 
f -17 -15 -14 
f -17 -14 -16 
f -16 -14 -13 
f -16 -13 -18 
f -18 -13 -15 
f -12 -9 -11 
f -11 -9 -8 
f -11 -8 -10 
f -10 -8 -7 
f -10 -7 -12 
f -12 -7 -9 
f -6 -3 -5 
f -5 -3 -2 
f -5 -2 -4 
f -4 -2 -1 
f -4 -1 -6 
f -6 -1 -3 

g sunflowe_1Petal1
s off

usemtl sunflowe_1Petal1

# 6 vertices
v 139.0998 148.9553 1.01821
v 141.2252 150.0617 1.8606
v 140.8427 150.75 1.5378
v 142.6669 152.1545 3.1975
v 142.2331 151.3 2.9716
v 141.898 151.977 2.8113

# 8 faces
f -6 -5 -4 
f -6 -4 -5 
f -5 -3 -4 
f -5 -4 -3 
f -5 -2 -3 
f -5 -3 -2 
f -3 -1 -4 
f -3 -4 -1 

g sunflowe_1Petal1
s off

usemtl sunflowe_1Petal1

# 6 vertices
v 139.0998 148.9553 1.01821
v 141.3398 150.1448 1.155
v 141.0428 150.3434 1.9274
v 143.7715 150.8811 2.493
v 143.1105 150.4648 1.8937
v 142.9595 150.5805 2.6421

# 8 faces
f -6 -5 -4 
f -6 -4 -5 
f -5 -3 -4 
f -5 -4 -3 
f -5 -2 -3 
f -5 -3 -2 
f -3 -1 -4 
f -3 -4 -1 

g sunflowe_1Petal1
s off

usemtl sunflowe_1Petal1

# 6 vertices
v 139.0998 148.9553 1.01821
v 140.9156 150.7261 1.1545
v 141.348 150.0742 1.4897
v 143.6147 151.6563 0.8461
v 142.6516 151.491 0.725
v 143.1364 150.9232 0.9225

# 8 faces
f -6 -5 -4 
f -6 -4 -5 
f -5 -3 -4 
f -5 -4 -3 
f -5 -2 -3 
f -5 -3 -2 
f -3 -1 -4 
f -3 -4 -1 

g sunflowe_1Petal1
s off

usemtl sunflowe_1Petal1

# 6 vertices
v 139.0998 148.9553 1.01821
v 140.801 150.643 1.8602
v 141.1479 150.4809 1.1001
v 142.5101 152.9297 1.5506
v 141.7742 152.3262 1.803
v 142.0749 152.3198 1.09175

# 8 faces
f -6 -5 -4 
f -6 -4 -5 
f -5 -3 -4 
f -5 -4 -3 
f -5 -2 -3 
f -5 -3 -2 
f -3 -1 -4 
f -3 -4 -1 

g sunflowe_1Pdcel
s off

usemtl sunflowe_1Pdcel

# 18 vertices
v 134.931 145.6151 0.5602
v 135.3837 145.7257 -0.4857
v 134.6843 146.5411 -0.06652
v 136.2912 146.4346 1.2356
v 136.744 146.5452 0.1897
v 136.0446 147.3606 0.6089
v 136.2912 146.4346 1.2356
v 136.744 146.5452 0.1897
v 136.0446 147.3606 0.6089
v 137.6515 147.254 1.9111
v 138.1042 147.3647 0.8651
v 137.4048 148.1801 1.2843
v 137.6515 147.254 1.9111
v 138.1042 147.3647 0.8651
v 137.4048 148.1801 1.2843
v 139.0118 148.0735 2.5865
v 139.4645 148.1842 1.5406
v 138.7651 148.9996 1.9598

# 18 faces
f -18 -15 -17 
f -17 -15 -14 
f -17 -14 -16 
f -16 -14 -13 
f -16 -13 -18 
f -18 -13 -15 
f -12 -9 -11 
f -11 -9 -8 
f -11 -8 -10 
f -10 -8 -7 
f -10 -7 -12 
f -12 -7 -9 
f -6 -3 -5 
f -5 -3 -2 
f -5 -2 -4 
f -4 -2 -1 
f -4 -1 -6 
f -6 -1 -3 

g sunflowe_1Petal1
s off

usemtl sunflowe_1Petal1

# 6 vertices
v 139.0808 148.4207 2.02637
v 141.1152 149.2156 3.3229
v 140.8379 149.9709 3.04548
v 142.4653 150.9838 5.1384
v 142.0152 150.2074 4.7335
v 141.7578 150.9267 4.6206

# 8 faces
f -6 -5 -4 
f -6 -4 -5 
f -5 -3 -4 
f -5 -4 -3 
f -5 -2 -3 
f -5 -3 -2 
f -3 -1 -4 
f -3 -4 -1 

g sunflowe_1Petal1
s off

usemtl sunflowe_1Petal1

# 6 vertices
v 139.0808 148.4207 2.02637
v 141.3469 149.3767 2.6608
v 140.9443 149.5018 3.4002
v 143.5777 149.7157 4.4368
v 142.9941 149.4398 3.6933
v 142.7335 149.4729 4.4195

# 8 faces
f -6 -5 -4 
f -6 -4 -5 
f -5 -3 -4 
f -5 -4 -3 
f -5 -2 -3 
f -5 -3 -2 
f -3 -1 -4 
f -3 -4 -1 

g sunflowe_1Petal1
s off

usemtl sunflowe_1Petal1

# 6 vertices
v 139.0808 148.4207 2.02637
v 140.9694 149.9892 2.6778
v 141.2964 149.2639 2.9799
v 143.7409 150.7041 2.9089
v 142.8006 150.6429 2.6234
v 143.207 150.0134 2.8103

# 8 faces
f -6 -5 -4 
f -6 -4 -5 
f -5 -3 -4 
f -5 -4 -3 
f -5 -2 -3 
f -5 -3 -2 
f -3 -1 -4 
f -3 -4 -1 

g sunflowe_1Petal1
s off

usemtl sunflowe_1Petal1

# 6 vertices
v 139.0808 148.4207 2.02637
v 140.7377 149.8282 3.3398
v 141.1899 149.7329 2.6251
v 142.6285 151.9723 3.6106
v 141.8217 151.4104 3.6636
v 142.2313 151.4671 3.01145

# 8 faces
f -6 -5 -4 
f -6 -4 -5 
f -5 -3 -4 
f -5 -4 -3 
f -5 -2 -3 
f -5 -3 -2 
f -3 -1 -4 
f -3 -4 -1 

g sunflowe_1Pdcel
s off

usemtl sunflowe_1Pdcel

# 18 vertices
v 134.8304 145.5603 0.4988
v 135.4333 145.7527 -0.4554
v 134.7339 146.5681 -0.03627
v 136.1295 146.1877 1.4459
v 136.7323 146.38 0.4916
v 136.0329 147.1954 0.9108
v 136.1295 146.1877 1.4459
v 136.7323 146.38 0.4916
v 136.0329 147.1954 0.9108
v 137.4285 146.815 2.393
v 138.0314 147.0074 1.4386
v 137.332 147.8228 1.8579
v 137.4285 146.815 2.393
v 138.0314 147.0074 1.4386
v 137.332 147.8228 1.8579
v 138.7276 147.4424 3.3401
v 139.3305 147.6347 2.3857
v 138.6311 148.4501 2.8049

# 18 faces
f -18 -15 -17 
f -17 -15 -14 
f -17 -14 -16 
f -16 -14 -13 
f -16 -13 -18 
f -18 -13 -15 
f -12 -9 -11 
f -11 -9 -8 
f -11 -8 -10 
f -10 -8 -7 
f -10 -7 -12 
f -12 -7 -9 
f -6 -3 -5 
f -5 -3 -2 
f -5 -2 -4 
f -4 -2 -1 
f -4 -1 -6 
f -6 -1 -3 

g sunflowe_1Petal1
s off

usemtl sunflowe_1Petal1

# 6 vertices
v 138.8972 147.8443 2.8412
v 140.7723 148.3235 4.4862
v 140.5852 149.125 4.2694
v 141.9588 149.762 6.6699
v 141.523 149.0746 6.1158
v 141.3299 149.8201 6.05912

# 8 faces
f -6 -5 -4 
f -6 -4 -5 
f -5 -3 -4 
f -5 -4 -3 
f -5 -2 -3 
f -5 -3 -2 
f -3 -1 -4 
f -3 -4 -1 

g sunflowe_1Petal1
s off

usemtl sunflowe_1Petal1

# 6 vertices
v 138.8972 147.8443 2.8412
v 141.1054 148.5398 3.886
v 140.6105 148.6117 4.5746
v 143.0779 148.4975 5.9724
v 142.5898 148.3548 5.1293
v 142.2312 148.3259 5.8126

# 8 faces
f -6 -5 -4 
f -6 -4 -5 
f -5 -3 -4 
f -5 -4 -3 
f -5 -2 -3 
f -5 -3 -2 
f -3 -1 -4 
f -3 -4 -1 

g sunflowe_1Petal1
s off

usemtl sunflowe_1Petal1

# 6 vertices
v 138.8972 147.8443 2.8412
v 140.7686 149.1744 3.9277
v 141.0031 148.3958 4.1791
v 143.5183 149.6368 4.6137
v 142.6262 149.6829 4.1997
v 142.9616 149.0061 4.3601

# 8 faces
f -6 -5 -4 
f -6 -4 -5 
f -5 -3 -4 
f -5 -4 -3 
f -5 -2 -3 
f -5 -3 -2 
f -3 -1 -4 
f -3 -4 -1 

g sunflowe_1Petal1
s off

usemtl sunflowe_1Petal1

# 6 vertices
v 138.8972 147.8443 2.8412
v 140.4354 148.9581 4.5279
v 140.9778 148.9091 3.8738
v 142.3992 150.9013 5.3112
v 141.5594 150.4027 5.1862
v 142.0603 150.5003 4.6066

# 8 faces
f -6 -5 -4 
f -6 -4 -5 
f -5 -3 -4 
f -5 -4 -3 
f -5 -2 -3 
f -5 -3 -2 
f -3 -1 -4 
f -3 -4 -1 

g sunflowe_1Pdcel
s off

usemtl sunflowe_1Pdcel

# 18 vertices
v 134.7252 145.5173 0.407
v 135.4851 145.7739 -0.4102
v 134.7857 146.5893 0.008976
v 135.896 145.9001 1.6157
v 136.6559 146.1566 0.7984
v 135.9565 146.9721 1.2176
v 135.896 145.9001 1.6157
v 136.6559 146.1566 0.7984
v 135.9565 146.9721 1.2176
v 137.0667 146.2829 2.8244
v 137.8266 146.5394 2.007177
v 137.1272 147.3548 2.4263
v 137.0667 146.2829 2.8244
v 137.8266 146.5394 2.007177
v 137.1272 147.3548 2.4263
v 138.2374 146.6657 4.03314
v 138.9973 146.9222 3.2158
v 138.2979 147.7376 3.635

# 18 faces
f -18 -15 -17 
f -17 -15 -14 
f -17 -14 -16 
f -16 -14 -13 
f -16 -13 -18 
f -18 -13 -15 
f -12 -9 -11 
f -11 -9 -8 
f -11 -8 -10 
f -10 -8 -7 
f -10 -7 -12 
f -12 -7 -9 
f -6 -3 -5 
f -5 -3 -2 
f -5 -2 -4 
f -4 -2 -1 
f -4 -1 -6 
f -6 -1 -3 

g sunflowe_1Petal1
s off

usemtl sunflowe_1Petal1

# 6 vertices
v 138.5122 147.1106 3.6261
v 140.128 147.2068 5.5835
v 140.034 148.0428 5.4547
v 141.0458 148.2444 8.09878
v 140.658 147.6747 7.3955
v 140.5285 148.4358 7.4148

# 8 faces
f -6 -5 -4 
f -6 -4 -5 
f -5 -3 -4 
f -5 -4 -3 
f -5 -2 -3 
f -5 -3 -2 
f -3 -1 -4 
f -3 -4 -1 

g sunflowe_1Petal1
s off

usemtl sunflowe_1Petal1

# 6 vertices
v 138.5122 147.1106 3.6261
v 140.5672 147.4664 5.0759
v 139.9745 147.4949 5.6859
v 142.1721 146.9828 7.4074
v 141.8167 146.9926 6.4892
v 141.3521 146.9098 7.1004

# 8 faces
f -6 -5 -4 
f -6 -4 -5 
f -5 -3 -4 
f -5 -4 -3 
f -5 -2 -3 
f -5 -3 -2 
f -3 -1 -4 
f -3 -4 -1 

g sunflowe_1Petal1
s off

usemtl sunflowe_1Petal1

# 6 vertices
v 138.5122 147.1106 3.6261
v 140.2728 148.1184 5.1546
v 140.4095 147.2963 5.3274
v 142.9023 148.2406 6.3017
v 142.0935 148.419 5.7694
v 142.3512 147.6999 5.8825

# 8 faces
f -6 -5 -4 
f -6 -4 -5 
f -5 -3 -4 
f -5 -4 -3 
f -5 -2 -3 
f -5 -3 -2 
f -3 -1 -4 
f -3 -4 -1 

g sunflowe_1Petal1
s off

usemtl sunflowe_1Petal1

# 6 vertices
v 138.5122 147.1106 3.6261
v 139.8336 147.8587 5.6622
v 140.4691 147.8443 5.09628
v 141.7761 149.5022 6.9931
v 140.9348 149.1012 6.6757
v 141.5276 149.2259 6.1969

# 8 faces
f -6 -5 -4 
f -6 -4 -5 
f -5 -3 -4 
f -5 -4 -3 
f -5 -2 -3 
f -5 -3 -2 
f -3 -1 -4 
f -3 -4 -1 

g sunflowe_1Pdcel
s off

usemtl sunflowe_1Pdcel

# 18 vertices
v 134.6428 145.4972 0.3086
v 135.5258 145.7838 -0.3617
v 134.8264 146.5992 0.05746
v 135.6515 145.6466 1.7009
v 136.5344 145.9332 1.03052
v 135.835 146.7486 1.4497
v 135.6515 145.6466 1.7009
v 136.5344 145.9332 1.03052
v 135.835 146.7486 1.4497
v 136.6601 145.7959 3.09321
v 137.5431 146.0825 2.4228
v 136.8437 146.8979 2.842
v 136.6601 145.7959 3.09321
v 137.5431 146.0825 2.4228
v 136.8437 146.8979 2.842
v 137.6688 145.9453 4.4854
v 138.5517 146.2319 3.815
v 137.8523 147.0473 4.2342

# 18 faces
f -18 -15 -17 
f -17 -15 -14 
f -17 -14 -16 
f -16 -14 -13 
f -16 -13 -18 
f -18 -13 -15 
f -12 -9 -11 
f -11 -9 -8 
f -11 -8 -10 
f -10 -8 -7 
f -10 -7 -12 
f -12 -7 -9 
f -6 -3 -5 
f -5 -3 -2 
f -5 -2 -4 
f -4 -2 -1 
f -4 -1 -6 
f -6 -1 -3 

g sunflowe_1Petal1
s off

usemtl sunflowe_1Petal1

# 6 vertices
v 138.026 146.4104 4.1768
v 139.3499 146.1558 6.3294
v 139.3277 147.0058 6.2933
v 139.9639 146.8255 9.05343
v 139.6451 146.3718 8.2398
v 139.5622 147.1336 8.3353

# 8 faces
f -6 -5 -4 
f -6 -4 -5 
f -5 -3 -4 
f -5 -4 -3 
f -5 -2 -3 
f -5 -3 -2 
f -3 -1 -4 
f -3 -4 -1 

g sunflowe_1Petal1
s off

usemtl sunflowe_1Petal1

# 6 vertices
v 138.026 146.4104 4.1768
v 139.8722 146.4357 5.921
v 139.2017 146.4416 6.4452
v 141.0957 145.5653 8.3687
v 140.8759 145.7072 7.4195
v 140.3247 145.5927 7.9482

# 8 faces
f -6 -5 -4 
f -6 -4 -5 
f -5 -3 -4 
f -5 -4 -3 
f -5 -2 -3 
f -5 -3 -2 
f -3 -1 -4 
f -3 -4 -1 

g sunflowe_1Petal1
s off

usemtl sunflowe_1Petal1

# 6 vertices
v 138.026 146.4104 4.1768
v 139.611 147.0958 6.03948
v 139.67 146.2512 6.1264
v 142.0532 146.8786 7.5341
v 141.341 147.1797 6.9245
v 141.5344 146.4342 6.9815

# 8 faces
f -6 -5 -4 
f -6 -4 -5 
f -5 -3 -4 
f -5 -4 -3 
f -5 -2 -3 
f -5 -3 -2 
f -3 -1 -4 
f -3 -4 -1 

g sunflowe_1Petal1
s off

usemtl sunflowe_1Petal1

# 6 vertices
v 138.026 146.4104 4.1768
v 139.0887 146.8158 6.4479
v 139.796 146.8154 5.9745
v 140.9214 148.1388 8.2188
v 140.1102 147.8442 7.7449
v 140.7718 147.9751 7.3687

# 8 faces
f -6 -5 -4 
f -6 -4 -5 
f -5 -3 -4 
f -5 -4 -3 
f -5 -2 -3 
f -5 -3 -2 
f -3 -1 -4 
f -3 -4 -1 

g sunflowe_1Pdcel
s off

usemtl sunflowe_1Pdcel

# 18 vertices
v 134.5666 145.4959 0.184
v 135.5633 145.7844 -0.3003
v 134.8639 146.5998 0.1188
v 135.347 145.3763 1.7185
v 136.3436 145.6648 1.2342
v 135.6442 146.4802 1.6534
v 135.347 145.3763 1.7185
v 136.3436 145.6648 1.2342
v 135.6442 146.4802 1.6534
v 136.1273 145.2567 3.2531
v 137.124 145.5452 2.7688
v 136.4246 146.3606 3.188
v 136.1273 145.2567 3.2531
v 137.124 145.5452 2.7688
v 136.4246 146.3606 3.188
v 136.9076 145.1371 4.7877
v 137.9043 145.4256 4.3033
v 137.2049 146.241 4.7225

# 18 faces
f -18 -15 -17 
f -17 -15 -14 
f -17 -14 -16 
f -16 -14 -13 
f -16 -13 -18 
f -18 -13 -15 
f -12 -9 -11 
f -11 -9 -8 
f -11 -8 -10 
f -10 -8 -7 
f -10 -7 -12 
f -12 -7 -9 
f -6 -3 -5 
f -5 -3 -2 
f -5 -2 -4 
f -4 -2 -1 
f -4 -1 -6 
f -6 -1 -3 

g sunflowe_1Petal1
s off

usemtl sunflowe_1Petal1

# 6 vertices
v 137.341 145.6034 4.6036
v 138.2819 144.96 6.8735
v 138.3247 145.8063 6.9531
v 138.4963 145.2214 9.725
v 138.2813 144.9049 8.8178
v 138.2371 145.6529 9.004921

# 8 faces
f -6 -5 -4 
f -6 -4 -5 
f -5 -3 -4 
f -5 -4 -3 
f -5 -2 -3 
f -5 -3 -2 
f -3 -1 -4 
f -3 -4 -1 

g sunflowe_1Petal1
s off

usemtl sunflowe_1Petal1

# 6 vertices
v 137.341 145.6034 4.6036
v 138.881 145.2413 6.5908
v 138.1372 145.2411 7.004463
v 139.6332 143.9613 9.04876
v 139.5787 144.2415 8.1064
v 138.9434 144.111 8.5256

# 8 faces
f -6 -5 -4 
f -6 -4 -5 
f -5 -3 -4 
f -5 -4 -3 
f -5 -2 -3 
f -5 -3 -2 
f -3 -1 -4 
f -3 -4 -1 

g sunflowe_1Petal1
s off

usemtl sunflowe_1Petal1

# 6 vertices
v 137.341 145.6034 4.6036
v 138.6506 145.9019 6.7595
v 138.6363 145.0512 6.7359
v 140.8006 145.2781 8.5577
v 140.218 145.7168 7.8963
v 140.3476 144.9558 7.8773

# 8 faces
f -6 -5 -4 
f -6 -4 -5 
f -5 -3 -4 
f -5 -4 -3 
f -5 -2 -3 
f -5 -3 -2 
f -3 -1 -4 
f -3 -4 -1 

g sunflowe_1Petal1
s off

usemtl sunflowe_1Petal1

# 6 vertices
v 137.341 145.6034 4.6036
v 138.0515 145.6206 7.04223
v 138.8237 145.6164 6.6846
v 139.6637 146.5382 9.234
v 138.9206 146.3803 8.6077
v 139.6414 146.4976 8.3566

# 8 faces
f -6 -5 -4 
f -6 -4 -5 
f -5 -3 -4 
f -5 -4 -3 
f -5 -2 -3 
f -5 -3 -2 
f -3 -1 -4 
f -3 -4 -1 

g sunflowe_1Pdcel
s off

usemtl sunflowe_1Pdcel

# 18 vertices
v 134.5165 145.5139 0.06552
v 135.588 145.7756 -0.2419
v 134.8886 146.591 0.1773
v 135.0617 145.1596 1.664
v 136.1332 145.4214 1.3566
v 135.4338 146.2368 1.7758
v 135.0617 145.1596 1.664
v 136.1332 145.4214 1.3566
v 135.4338 146.2368 1.7758
v 135.6068 144.8054 3.2626
v 136.6784 145.0671 2.9552
v 135.9789 145.8826 3.3744
v 135.6068 144.8054 3.2626
v 136.6784 145.0671 2.9552
v 135.9789 145.8826 3.3744
v 136.152 144.4512 4.8612
v 137.2235 144.7129 4.5538
v 136.5241 145.5283 4.973

# 18 faces
f -18 -15 -17 
f -17 -15 -14 
f -17 -14 -16 
f -16 -14 -13 
f -16 -13 -18 
f -18 -13 -15 
f -12 -9 -11 
f -11 -9 -8 
f -11 -8 -10 
f -10 -8 -7 
f -10 -7 -12 
f -12 -7 -9 
f -6 -3 -5 
f -5 -3 -2 
f -5 -2 -4 
f -4 -2 -1 
f -4 -1 -6 
f -6 -1 -3 

g sunflowe_1Petal1
s off

usemtl sunflowe_1Petal1

# 6 vertices
v 136.6355 144.8996 4.7957
v 137.2019 143.9306 7.07423
v 137.2859 144.7563 7.2625
v 137.0246 143.8491 9.9391
v 136.9214 143.6556 8.9792
v 136.898 144.3786 9.2494

# 8 faces
f -6 -5 -4 
f -6 -4 -5 
f -5 -3 -4 
f -5 -4 -3 
f -5 -2 -3 
f -5 -3 -2 
f -3 -1 -4 
f -3 -4 -1 

g sunflowe_1Petal1
s off

usemtl sunflowe_1Petal1

# 6 vertices
v 136.6355 144.8996 4.7957
v 137.8516 144.1937 6.9109
v 137.058 144.2056 7.2182
v 138.1649 142.5878 9.2707
v 138.2626 142.9764 8.3713
v 137.5672 142.85 8.6825

# 8 faces
f -6 -5 -4 
f -6 -4 -5 
f -5 -3 -4 
f -5 -4 -3 
f -5 -2 -3 
f -5 -3 -2 
f -3 -1 -4 
f -3 -4 -1 

g sunflowe_1Petal1
s off

usemtl sunflowe_1Petal1

# 6 vertices
v 136.6355 144.8996 4.7957
v 137.6413 144.8471 7.1274
v 137.5772 144.0084 6.9975
v 139.4705 143.8552 9.1063
v 139.0164 144.4108 8.4321
v 139.0995 143.649 8.337

# 8 faces
f -6 -5 -4 
f -6 -4 -5 
f -5 -3 -4 
f -5 -4 -3 
f -5 -2 -3 
f -5 -3 -2 
f -3 -1 -4 
f -3 -4 -1 

g sunflowe_1Petal1
s off

usemtl sunflowe_1Petal1

# 6 vertices
v 136.6355 144.8996 4.7957
v 136.9917 144.5839 7.2907
v 137.8052 144.5591 7.0418
v 138.3302 145.1165 9.7746
v 137.6753 145.09 9.04001
v 138.4304 145.1776 8.9039

# 8 faces
f -6 -5 -4 
f -6 -4 -5 
f -5 -3 -4 
f -5 -4 -3 
f -5 -2 -3 
f -5 -3 -2 
f -3 -1 -4 
f -3 -4 -1 

g sunflowe_1Pdcel
s off

usemtl sunflowe_1Pdcel

# 18 vertices
v 134.4824 145.5546 -0.07055
v 135.6048 145.7555 -0.1748
v 134.9054 146.5709 0.2443
v 134.7384 144.9531 1.5265
v 135.8609 145.154 1.4222
v 135.1615 145.9695 1.8414
v 134.7384 144.9531 1.5265
v 135.8609 145.154 1.4222
v 135.1615 145.9695 1.8414
v 134.9945 144.3516 3.1236
v 136.1169 144.5526 3.0194
v 135.4175 145.368 3.4386
v 134.9945 144.3516 3.1236
v 136.1169 144.5526 3.0194
v 135.4175 145.368 3.4386
v 135.2505 143.7501 4.7207
v 136.373 143.9511 4.6165
v 135.6736 144.7665 5.03573

# 18 faces
f -18 -15 -17 
f -17 -15 -14 
f -17 -14 -16 
f -16 -14 -13 
f -16 -13 -18 
f -18 -13 -15 
f -12 -9 -11 
f -11 -9 -8 
f -11 -8 -10 
f -10 -8 -7 
f -10 -7 -12 
f -12 -7 -9 
f -6 -3 -5 
f -5 -3 -2 
f -5 -2 -4 
f -4 -2 -1 
f -4 -1 -6 
f -6 -1 -3 

g sunflowe_1Petal1
s off

usemtl sunflowe_1Petal1

# 6 vertices
v 135.7681 144.1579 4.7913
v 135.8936 142.861 6.9717
v 136.0032 143.6453 7.2835
v 135.2542 142.4337 9.7383
v 135.293 142.3734 8.7563
v 135.2767 143.0555 9.1179

# 8 faces
f -6 -5 -4 
f -6 -4 -5 
f -5 -3 -4 
f -5 -4 -3 
f -5 -2 -3 
f -5 -3 -2 
f -3 -1 -4 
f -3 -4 -1 

g sunflowe_1Petal1
s off

usemtl sunflowe_1Petal1

# 6 vertices
v 135.7681 144.1579 4.7913
v 136.5776 143.0831 6.9457
v 135.7478 143.1274 7.1294
v 136.3967 141.1696 9.07912
v 136.664 141.6587 8.2674
v 135.9206 141.557 8.4504

# 8 faces
f -6 -5 -4 
f -6 -4 -5 
f -5 -3 -4 
f -5 -4 -3 
f -5 -2 -3 
f -5 -3 -2 
f -3 -1 -4 
f -3 -4 -1 

g sunflowe_1Petal1
s off

usemtl sunflowe_1Petal1

# 6 vertices
v 135.7681 144.1579 4.7913
v 136.3811 143.7201 7.217
v 136.2808 142.9138 6.9635
v 137.7964 142.3249 9.2897
v 137.4958 143.0 8.6392
v 137.5401 142.252 8.4525

# 8 faces
f -6 -5 -4 
f -6 -4 -5 
f -5 -3 -4 
f -5 -4 -3 
f -5 -2 -3 
f -5 -3 -2 
f -3 -1 -4 
f -3 -4 -1 

g sunflowe_1Petal1
s off

usemtl sunflowe_1Petal1

# 6 vertices
v 135.7681 144.1579 4.7913
v 135.6971 143.4979 7.2431
v 136.5362 143.4317 7.1176
v 136.6538 143.5889 9.949
v 136.1248 143.7147 9.1281
v 136.8962 143.7505 9.12

# 8 faces
f -6 -5 -4 
f -6 -4 -5 
f -5 -3 -4 
f -5 -4 -3 
f -5 -2 -3 
f -5 -3 -2 
f -3 -1 -4 
f -3 -4 -1 

g sunflowe_1Pdcel
s off

usemtl sunflowe_1Pdcel

# 18 vertices
v 134.4731 145.6075 -0.1888
v 135.6094 145.7294 -0.1165
v 134.91 146.5449 0.3026
v 134.4613 144.8104 1.3417
v 135.5975 144.9324 1.414
v 134.8981 145.7478 1.8332
v 134.4613 144.8104 1.3417
v 135.5975 144.9324 1.414
v 134.8981 145.7478 1.8332
v 134.4494 144.0134 2.8723
v 135.5857 144.1354 2.9446
v 134.8863 144.9508 3.3638
v 134.4494 144.0134 2.8723
v 135.5857 144.1354 2.9446
v 134.8863 144.9508 3.3638
v 134.4376 143.2163 4.4028
v 135.5738 143.3383 4.4752
v 134.8744 144.1537 4.8944

# 18 faces
f -18 -15 -17 
f -17 -15 -14 
f -17 -14 -16 
f -16 -14 -13 
f -16 -13 -18 
f -18 -13 -15 
f -12 -9 -11 
f -11 -9 -8 
f -11 -8 -10 
f -10 -8 -7 
f -10 -7 -12 
f -12 -7 -9 
f -6 -3 -5 
f -5 -3 -2 
f -5 -2 -4 
f -4 -2 -1 
f -4 -1 -6 
f -6 -1 -3 

g sunflowe_1Petal1
s off

usemtl sunflowe_1Petal1

# 6 vertices
v 134.9644 143.5711 4.5917
v 134.697 142.0296 6.5926
v 134.8102 142.7623 7.01062
v 133.6452 141.3434 9.175
v 133.8194 141.3918 8.2071
v 133.7947 142.0277 8.6446

# 8 faces
f -6 -5 -4 
f -6 -4 -5 
f -5 -3 -4 
f -5 -4 -3 
f -5 -2 -3 
f -5 -3 -2 
f -3 -1 -4 
f -3 -4 -1 

g sunflowe_1Petal1
s off

usemtl sunflowe_1Petal1

# 6 vertices
v 134.9644 143.5711 4.5917
v 135.3904 142.1984 6.6859
v 134.5473 142.2871 6.7611
v 134.7884 140.0757 8.5237
v 135.1985 140.6309 7.8215
v 134.4318 140.5683 7.8896

# 8 faces
f -6 -5 -4 
f -6 -4 -5 
f -5 -3 -4 
f -5 -4 -3 
f -5 -2 -3 
f -5 -3 -2 
f -3 -1 -4 
f -3 -4 -1 

g sunflowe_1Petal1
s off

usemtl sunflowe_1Petal1

# 6 vertices
v 134.9644 143.5711 4.5917
v 135.1976 142.814 7.005029
v 135.084 142.0522 6.6429
v 136.2135 141.0851 9.06043
v 136.0514 141.8514 8.4637
v 136.0749 141.1282 8.1938

# 8 faces
f -6 -5 -4 
f -6 -4 -5 
f -5 -3 -4 
f -5 -4 -3 
f -5 -2 -3 
f -5 -3 -2 
f -3 -1 -4 
f -3 -4 -1 

g sunflowe_1Petal1
s off

usemtl sunflowe_1Petal1

# 6 vertices
v 134.9644 143.5711 4.5917
v 134.5043 142.6452 6.9117
v 135.3469 142.5274 6.8924
v 135.0703 142.3528 9.7117
v 134.6724 142.6123 8.8493
v 135.4378 142.5876 8.9489

# 8 faces
f -6 -5 -4 
f -6 -4 -5 
f -5 -3 -4 
f -5 -4 -3 
f -5 -2 -3 
f -5 -3 -2 
f -3 -1 -4 
f -3 -4 -1 

g sunflowe_1Pdcel
s off

usemtl sunflowe_1Pdcel

# 18 vertices
v 134.4869 145.6831 -0.313
v 135.6026 145.6921 -0.0553
v 134.9032 146.5076 0.3638
v 134.1748 144.703 1.0726
v 135.2904 144.712 1.3303
v 134.591 145.5274 1.7495
v 134.1748 144.703 1.0726
v 135.2904 144.712 1.3303
v 134.591 145.5274 1.7495
v 133.8626 143.7229 2.4582
v 134.9782 143.7319 2.7159
v 134.2788 144.5473 3.1351
v 133.8626 143.7229 2.4582
v 134.9782 143.7319 2.7159
v 134.2788 144.5473 3.1351
v 133.5504 142.7427 3.8438
v 134.666 142.7517 4.1016
v 133.9666 143.5672 4.5208

# 18 faces
f -18 -15 -17 
f -17 -15 -14 
f -17 -14 -16 
f -16 -14 -13 
f -16 -13 -18 
f -18 -13 -15 
f -12 -9 -11 
f -11 -9 -8 
f -11 -8 -10 
f -10 -8 -7 
f -10 -7 -12 
f -12 -7 -9 
f -6 -3 -5 
f -5 -3 -2 
f -5 -2 -4 
f -4 -2 -1 
f -4 -1 -6 
f -6 -1 -3 

g sunflowe_1Petal1
s off

usemtl sunflowe_1Petal1

# 6 vertices
v 134.0635 143.0219 4.1569
v 133.3727 141.2697 5.8611
v 133.4679 141.9304 6.3891
v 131.8757 140.3595 8.1362
v 132.2057 140.5143 7.2216
v 132.1552 141.0893 7.7346

# 8 faces
f -6 -5 -4 
f -6 -4 -5 
f -5 -3 -4 
f -5 -4 -3 
f -5 -2 -3 
f -5 -3 -2 
f -3 -1 -4 
f -3 -4 -1 

g sunflowe_1Petal1
s off

usemtl sunflowe_1Petal1

# 6 vertices
v 134.0635 143.0219 4.1569
v 134.0522 141.3622 6.07967
v 133.2161 141.5163 6.0395
v 133.0179 139.0868 7.4933
v 133.5727 139.6873 6.9445
v 132.8025 139.6859 6.8877

# 8 faces
f -6 -5 -4 
f -6 -4 -5 
f -5 -3 -4 
f -5 -4 -3 
f -5 -2 -3 
f -5 -3 -2 
f -3 -1 -4 
f -3 -4 -1 

g sunflowe_1Petal1
s off

usemtl sunflowe_1Petal1

# 6 vertices
v 134.0635 143.0219 4.1569
v 133.8539 141.9473 6.4488
v 133.7473 141.2508 5.9714
v 134.405 139.8876 8.3723
v 134.3941 140.7348 7.8705
v 134.4104 140.0524 7.5093

# 8 faces
f -6 -5 -4 
f -6 -4 -5 
f -5 -3 -4 
f -5 -4 -3 
f -5 -2 -3 
f -5 -3 -2 
f -3 -1 -4 
f -3 -4 -1 

g sunflowe_1Petal1
s off

usemtl sunflowe_1Petal1

# 6 vertices
v 134.0635 143.0219 4.1569
v 133.1744 141.8548 6.2303
v 133.9991 141.665 6.3211
v 133.2627 141.1604 9.01523
v 133.0271 141.5618 8.1476
v 133.763 141.4558 8.3561

# 8 faces
f -6 -5 -4 
f -6 -4 -5 
f -5 -3 -4 
f -5 -4 -3 
f -5 -2 -3 
f -5 -3 -2 
f -3 -1 -4 
f -3 -4 -1 

g sunflowe_1Pdcel
s off

usemtl sunflowe_1Pdcel

# 18 vertices
v 134.5202 145.7619 -0.4108
v 135.5862 145.6533 -0.007108
v 134.8868 146.4687 0.412
v 133.9533 144.6588 0.7891
v 135.0193 144.5502 1.1928
v 134.3199 145.3656 1.612
v 133.9533 144.6588 0.7891
v 135.0193 144.5502 1.1928
v 134.3199 145.3656 1.612
v 133.3865 143.5557 1.9891
v 134.4525 143.4471 2.3928
v 133.7531 144.2625 2.812
v 133.3865 143.5557 1.9891
v 134.4525 143.4471 2.3928
v 133.7531 144.2625 2.812
v 132.8196 142.4526 3.1891
v 133.8857 142.344 3.5928
v 133.1862 143.1594 4.01202

# 18 faces
f -18 -15 -17 
f -17 -15 -14 
f -17 -14 -16 
f -16 -14 -13 
f -16 -13 -18 
f -18 -13 -15 
f -12 -9 -11 
f -11 -9 -8 
f -11 -8 -10 
f -10 -8 -7 
f -10 -7 -12 
f -12 -7 -9 
f -6 -3 -5 
f -5 -3 -2 
f -5 -2 -4 
f -4 -2 -1 
f -4 -1 -6 
f -6 -1 -3 

g sunflowe_1Petal1
s off

usemtl sunflowe_1Petal1

# 6 vertices
v 133.2995 142.653 3.5999
v 132.265 140.7791 4.9674
v 132.3253 141.366 5.5808
v 130.4056 139.7382 6.8922
v 130.8713 139.9691 6.05602
v 130.7846 140.4843 6.6246

# 8 faces
f -6 -5 -4 
f -6 -4 -5 
f -5 -3 -4 
f -5 -4 -3 
f -5 -2 -3 
f -5 -3 -2 
f -3 -1 -4 
f -3 -4 -1 

g sunflowe_1Petal1
s off

usemtl sunflowe_1Petal1

# 6 vertices
v 133.2995 142.653 3.5999
v 132.9109 140.7921 5.2845
v 132.1004 141.0154 5.1522
v 131.5456 138.4602 6.2558
v 132.2092 139.0732 5.8644
v 131.4565 139.1392 5.7054

# 8 faces
f -6 -5 -4 
f -6 -4 -5 
f -5 -3 -4 
f -5 -4 -3 
f -5 -2 -3 
f -5 -3 -2 
f -3 -1 -4 
f -3 -4 -1 

g sunflowe_1Petal1
s off

usemtl sunflowe_1Petal1

# 6 vertices
v 133.2995 142.653 3.5999
v 132.6992 141.3454 5.6931
v 132.6181 140.7182 5.1236
v 132.841 139.0439 7.4043
v 132.9547 139.9406 7.01396
v 132.9794 139.3045 6.5767

# 8 faces
f -6 -5 -4 
f -6 -4 -5 
f -5 -3 -4 
f -5 -4 -3 
f -5 -2 -3 
f -5 -3 -2 
f -3 -1 -4 
f -3 -4 -1 

g sunflowe_1Petal1
s off

usemtl sunflowe_1Petal1

# 6 vertices
v 133.2995 142.653 3.5999
v 132.0532 141.3324 5.376
v 132.8431 141.0688 5.5521
v 131.701 140.3219 8.04072
v 131.6167 140.8365 7.2055
v 132.3074 140.6496 7.4959

# 8 faces
f -6 -5 -4 
f -6 -4 -5 
f -5 -3 -4 
f -5 -4 -3 
f -5 -2 -3 
f -5 -3 -2 
f -3 -1 -4 
f -3 -4 -1 

g sunflowe_1Pdcel
s off

usemtl sunflowe_1Pdcel

# 18 vertices
v 134.5795 145.8596 -0.5018
v 135.5569 145.6052 0.03773
v 134.8575 146.4206 0.4569
v 133.7527 144.669 0.4346
v 134.7301 144.4146 0.9741
v 134.0307 145.23 1.3933
v 133.7527 144.669 0.4346
v 134.7301 144.4146 0.9741
v 134.0307 145.23 1.3933
v 132.9258 143.4784 1.371
v 133.9033 143.2239 1.9105
v 133.2039 144.0394 2.3297
v 132.9258 143.4784 1.371
v 133.9033 143.2239 1.9105
v 133.2039 144.0394 2.3297
v 132.099 142.2878 2.3074
v 133.0764 142.0333 2.8469
v 132.377 142.8487 3.2661

# 18 faces
f -18 -15 -17 
f -17 -15 -14 
f -17 -14 -16 
f -16 -14 -13 
f -16 -13 -18 
f -18 -13 -15 
f -12 -9 -11 
f -11 -9 -8 
f -11 -8 -10 
f -10 -8 -7 
f -10 -7 -12 
f -12 -7 -9 
f -6 -3 -5 
f -5 -3 -2 
f -5 -2 -4 
f -4 -2 -1 
f -4 -1 -6 
f -6 -1 -3 

g sunflowe_1Petal1
s off

usemtl sunflowe_1Petal1

# 6 vertices
v 132.5195 142.3904 2.8092
v 131.152 140.4593 3.7324
v 131.1537 140.956 4.4235
v 128.9405 139.3548 5.1937
v 129.5491 139.6468 4.4769
v 129.4083 140.0916 5.09227

# 8 faces
f -6 -5 -4 
f -6 -4 -5 
f -5 -3 -4 
f -5 -4 -3 
f -5 -2 -3 
f -5 -3 -2 
f -3 -1 -4 
f -3 -4 -1 

g sunflowe_1Petal1
s off

usemtl sunflowe_1Petal1

# 6 vertices
v 132.5195 142.3904 2.8092
v 131.7381 140.3739 4.1413
v 130.9766 140.6842 3.9216
v 130.0766 138.0702 4.5634
v 130.8352 138.6655 4.3648
v 130.124 138.8187 4.1058

# 8 faces
f -6 -5 -4 
f -6 -4 -5 
f -5 -3 -4 
f -5 -4 -3 
f -5 -2 -3 
f -5 -3 -2 
f -3 -1 -4 
f -3 -4 -1 

g sunflowe_1Petal1
s off

usemtl sunflowe_1Petal1

# 6 vertices
v 132.5195 142.3904 2.8092
v 131.5024 140.8878 4.5866
v 131.4704 140.3476 3.9296
v 131.2084 138.3847 5.9627
v 131.445 139.3097 5.7223
v 131.4953 138.7345 5.2095

# 8 faces
f -6 -5 -4 
f -6 -4 -5 
f -5 -3 -4 
f -5 -4 -3 
f -5 -2 -3 
f -5 -3 -2 
f -3 -1 -4 
f -3 -4 -1 

g sunflowe_1Petal1
s off

usemtl sunflowe_1Petal1

# 6 vertices
v 132.5195 142.3904 2.8092
v 130.9163 140.9732 4.1777
v 131.6475 140.6194 4.4316
v 130.0724 139.6693 6.5929
v 130.1589 140.291 5.8344
v 130.7795 140.0074 6.196

# 8 faces
f -6 -5 -4 
f -6 -4 -5 
f -5 -3 -4 
f -5 -4 -3 
f -5 -2 -3 
f -5 -3 -2 
f -3 -1 -4 
f -3 -4 -1 

g sunflowe_1Pdcel
s off

usemtl sunflowe_1Pdcel

# 18 vertices
v 134.6593 145.9623 -0.5683
v 135.5176 145.5546 0.07055
v 134.8182 146.37 0.4897
v 133.6127 144.742 0.05894
v 134.471 144.3343 0.6978
v 133.7716 145.1497 1.1171
v 133.6127 144.742 0.05894
v 134.471 144.3343 0.6978
v 133.7716 145.1497 1.1171
v 132.566 143.5217 0.6862
v 133.4243 143.114 1.3252
v 132.7249 143.9295 1.7444
v 132.566 143.5217 0.6862
v 133.4243 143.114 1.3252
v 132.7249 143.9295 1.7444
v 131.5193 142.3015 1.3136
v 132.3776 141.8938 1.9525
v 131.6782 142.7092 2.3717

# 18 faces
f -18 -15 -17 
f -17 -15 -14 
f -17 -14 -16 
f -16 -14 -13 
f -16 -13 -18 
f -18 -13 -15 
f -12 -9 -11 
f -11 -9 -8 
f -11 -8 -10 
f -10 -8 -7 
f -10 -7 -12 
f -12 -7 -9 
f -6 -3 -5 
f -5 -3 -2 
f -5 -2 -4 
f -4 -2 -1 
f -4 -1 -6 
f -6 -1 -3 

g sunflowe_1Petal1
s off

usemtl sunflowe_1Petal1

# 6 vertices
v 131.86 142.3015 1.882
v 130.2318 140.4001 2.3125
v 130.1572 140.8031 3.05848
v 127.7437 139.3231 3.2585
v 128.4781 139.6475 2.6885
v 128.2715 140.0217 3.3317

# 8 faces
f -6 -5 -4 
f -6 -4 -5 
f -5 -3 -4 
f -5 -4 -3 
f -5 -2 -3 
f -5 -3 -2 
f -3 -1 -4 
f -3 -4 -1 

g sunflowe_1Petal1
s off

usemtl sunflowe_1Petal1

# 6 vertices
v 131.86 142.3015 1.882
v 130.7375 140.2111 2.7885
v 130.0444 140.6141 2.5028
v 128.8744 138.0316 2.6328
v 129.6944 138.5765 2.6346
v 129.0463 138.8247 2.296

# 8 faces
f -6 -5 -4 
f -6 -4 -5 
f -5 -3 -4 
f -5 -4 -3 
f -5 -2 -3 
f -5 -3 -2 
f -3 -1 -4 
f -3 -4 -1 

g sunflowe_1Petal1
s off

usemtl sunflowe_1Petal1

# 6 vertices
v 131.86 142.3015 1.882
v 130.4696 140.6836 3.2607
v 130.5061 140.2361 2.5377
v 129.7863 138.0631 4.2156
v 130.1218 138.986 4.1443
v 130.2138 138.4782 3.5698

# 8 faces
f -6 -5 -4 
f -6 -4 -5 
f -5 -3 -4 
f -5 -4 -3 
f -5 -2 -3 
f -5 -3 -2 
f -3 -1 -4 
f -3 -4 -1 

g sunflowe_1Petal1
s off

usemtl sunflowe_1Petal1

# 6 vertices
v 131.86 142.3015 1.882
v 129.964 140.8726 2.7847
v 130.6188 140.4251 3.09341
v 128.6557 139.3546 4.8413
v 128.9055 140.057 4.1982
v 129.439 139.6752 4.6055

# 8 faces
f -6 -5 -4 
f -6 -4 -5 
f -5 -3 -4 
f -5 -4 -3 
f -5 -2 -3 
f -5 -3 -2 
f -3 -1 -4 
f -3 -4 -1 

# plant "onion"
o onion

g onion_Intrnd
s off

usemtl onion_Intrnd

# 6 vertices
v 204.7394 20.9278 0.0
v 205.1285 21.03555 0.2352
v 205.1285 21.03555 -0.2352
v 204.523 21.7097 0.0
v 204.9121 21.8174 0.2352
v 204.9121 21.8174 -0.2352

# 6 faces
f -6 -3 -5 
f -5 -3 -2 
f -5 -2 -4 
f -4 -2 -1 
f -4 -1 -6 
f -6 -1 -3 

g onion_Intrnd
s off

usemtl onion_Intrnd

# 6 vertices
v 204.9981 21.7835 0.1877
v 204.8384 21.8254 -0.2762
v 204.5174 21.7366 0.09121
v 204.8935 22.6246 0.2997
v 204.7339 22.6666 -0.1642
v 204.4129 22.5777 0.2032

# 6 faces
f -6 -3 -5 
f -5 -3 -2 
f -5 -2 -4 
f -4 -2 -1 
f -4 -1 -6 
f -6 -1 -3 

g onion_Petiole
s off

usemtl onion_Petiole

# 6 vertices
v 204.9332 22.5369 0.3131
v 204.7427 22.7177 -0.2032
v 204.365 22.6132 0.229
v 205.7202 31.5596 3.1817
v 205.5297 31.7404 2.6652
v 205.152 31.6359 3.0976

# 6 faces
f -6 -3 -5 
f -5 -3 -2 
f -5 -2 -4 
f -4 -2 -1 
f -4 -1 -6 
f -6 -1 -3 

g onion_Leaf
s off

usemtl onion_Leaf

# 12 vertices
v 205.4661 31.6457 2.9805
v 205.0157 52.6454 8.2724
v 205.5663 52.9842 9.9431
v 206.6527 64.731 12.1567
v 207.1552 64.5179 13.6519
v 209.1575 80.9331 19.2168
v 206.3659 63.1439 15.3026
v 205.0376 51.1156 11.1534
v 208.1915 63.8845 15.3596
v 209.6118 80.1679 20.5365
v 208.4783 65.4717 12.2136
v 209.8505 81.203 17.215

# 20 faces
f -12 -11 -10 
f -12 -10 -11 
f -11 -9 -10 
f -11 -10 -9 
f -9 -8 -10 
f -9 -10 -8 
f -9 -7 -8 
f -9 -8 -7 
f -8 -7 -6 
f -8 -6 -7 
f -10 -8 -6 
f -10 -6 -8 
f -10 -6 -5 
f -10 -5 -6 
f -10 -5 -12 
f -10 -12 -5 
f -4 -7 -3 
f -4 -3 -7 
f -1 -7 -2 
f -1 -2 -7 

g onion_Petiole
s off

usemtl onion_Petiole

# 6 vertices
v 204.4469 22.5331 -0.1125
v 204.6047 22.615 0.4388
v 204.9824 22.7195 0.006536
v 201.4208 31.5264 -0.5818
v 201.5786 31.6083 -0.03046
v 201.9563 31.7128 -0.4628

# 6 faces
f -6 -3 -5 
f -5 -3 -2 
f -5 -2 -4 
f -4 -2 -1 
f -4 -1 -6 
f -6 -1 -3 

g onion_Leaf
s off

usemtl onion_Leaf

# 12 vertices
v 201.653 31.6163 -0.3573
v 196.8682 52.7397 -0.03969
v 196.199 53.355 -1.5833
v 192.248 64.6566 -0.7274
v 191.764 64.7216 -2.2424
v 185.694 81.03536 -3.4487
v 192.8073 64.05143 -4.1654
v 197.1226 52.04562 -3.2167
v 190.8563 64.3199 -4.08795
v 185.3951 80.5502 -4.9349
v 190.297 64.9251 -0.65
v 185.0209 80.6052 -1.4683

# 20 faces
f -12 -11 -10 
f -12 -10 -11 
f -11 -9 -10 
f -11 -10 -9 
f -9 -8 -10 
f -9 -10 -8 
f -9 -7 -8 
f -9 -8 -7 
f -8 -7 -6 
f -8 -6 -7 
f -10 -8 -6 
f -10 -6 -8 
f -10 -6 -5 
f -10 -5 -6 
f -10 -5 -12 
f -10 -12 -5 
f -4 -7 -3 
f -4 -3 -7 
f -1 -7 -2 
f -1 -2 -7 

g onion_Mrstm
s off

usemtl onion_Mrstm

# 8 vertices
v 204.6791 22.623 0.112
v 204.6862 22.6406 0.1114
v 204.6768 22.6386 0.1143
v 204.6863 22.6571 0.1138
v 204.675 22.6551 0.1179
v 204.6755 22.6703 0.1231
v 204.6699 22.6374 0.1209
v 204.6679 22.6532 0.1256

# 16 faces
f -8 -7 -6 
f -8 -6 -7 
f -6 -7 -5 
f -6 -5 -7 
f -6 -5 -4 
f -6 -4 -5 
f -5 -3 -4 
f -5 -4 -3 
f -6 -2 -8 
f -6 -8 -2 
f -2 -6 -4 
f -2 -4 -6 
f -1 -2 -4 
f -1 -4 -2 
f -1 -4 -3 
f -1 -3 -4 

g onion_Mrstm
s off

usemtl onion_Mrstm

# 8 vertices
v 204.6791 22.623 0.112
v 204.6772 22.6404 0.1046
v 204.6772 22.6387 0.1145
v 204.6761 22.657 0.1048
v 204.6766 22.6554 0.1169
v 204.6784 22.6714 0.1177
v 204.6814 22.6385 0.1232
v 204.6818 22.6549 0.1262

# 16 faces
f -8 -7 -6 
f -8 -6 -7 
f -6 -7 -5 
f -6 -5 -7 
f -6 -5 -4 
f -6 -4 -5 
f -5 -3 -4 
f -5 -4 -3 
f -6 -2 -8 
f -6 -8 -2 
f -2 -6 -4 
f -2 -4 -6 
f -1 -2 -4 
f -1 -4 -2 
f -1 -4 -3 
f -1 -3 -4 

g onion_Mrstm
s off

usemtl onion_Mrstm

# 8 vertices
v 204.6791 22.623 0.112
v 204.6681 22.6385 0.1109
v 204.6776 22.6388 0.1141
v 204.6644 22.6546 0.1115
v 204.6761 22.6556 0.1151
v 204.6741 22.6715 0.1131
v 204.687 22.6405 0.113
v 204.6865 22.6572 0.1131

# 16 faces
f -8 -7 -6 
f -8 -6 -7 
f -6 -7 -5 
f -6 -5 -7 
f -6 -5 -4 
f -6 -4 -5 
f -5 -3 -4 
f -5 -4 -3 
f -6 -2 -8 
f -6 -8 -2 
f -2 -6 -4 
f -2 -4 -6 
f -1 -2 -4 
f -1 -4 -2 
f -1 -4 -3 
f -1 -3 -4 

g onion_Mrstm
s off

usemtl onion_Mrstm

# 8 vertices
v 204.6791 22.623 0.112
v 204.6713 22.6374 0.1216
v 204.6773 22.6388 0.1137
v 204.6674 22.6532 0.1248
v 204.6742 22.6554 0.1149
v 204.6685 22.6704 0.1157
v 204.679 22.6407 0.1044
v 204.6755 22.657 0.1044

# 16 faces
f -8 -7 -6 
f -8 -6 -7 
f -6 -7 -5 
f -6 -5 -7 
f -6 -5 -4 
f -6 -4 -5 
f -5 -3 -4 
f -5 -4 -3 
f -6 -2 -8 
f -6 -8 -2 
f -2 -6 -4 
f -2 -4 -6 
f -1 -2 -4 
f -1 -4 -2 
f -1 -4 -3 
f -1 -3 -4 

g onion_Mrstm
s off

usemtl onion_Mrstm

# 8 vertices
v 204.6791 22.623 0.112
v 204.6825 22.6388 0.1221
v 204.6768 22.6387 0.1138
v 204.6809 22.6547 0.1264
v 204.6735 22.6551 0.1166
v 204.6693 22.6697 0.1219
v 204.6684 22.6387 0.1091
v 204.6639 22.6545 0.112

# 16 faces
f -8 -7 -6 
f -8 -6 -7 
f -6 -7 -5 
f -6 -5 -7 
f -6 -5 -4 
f -6 -4 -5 
f -5 -3 -4 
f -5 -4 -3 
f -6 -2 -8 
f -6 -8 -2 
f -2 -6 -4 
f -2 -4 -6 
f -1 -2 -4 
f -1 -4 -2 
f -1 -4 -3 
f -1 -3 -4 

g onion_Mrstm
s off

usemtl onion_Mrstm

# 8 vertices
v 204.6791 22.623 0.112
v 204.6862 22.6406 0.1114
v 204.6768 22.6386 0.1143
v 204.6863 22.6571 0.1138
v 204.675 22.6551 0.1179
v 204.6755 22.6703 0.1231
v 204.6699 22.6374 0.1209
v 204.6679 22.6532 0.1256

# 16 faces
f -8 -7 -6 
f -8 -6 -7 
f -6 -7 -5 
f -6 -5 -7 
f -6 -5 -4 
f -6 -4 -5 
f -5 -3 -4 
f -5 -4 -3 
f -6 -2 -8 
f -6 -8 -2 
f -2 -6 -4 
f -2 -4 -6 
f -1 -2 -4 
f -1 -4 -2 
f -1 -4 -3 
f -1 -3 -4 

g onion_Mrstm
s off

usemtl onion_Mrstm

# 8 vertices
v 204.6791 22.623 0.112
v 204.6772 22.6404 0.1046
v 204.6772 22.6387 0.1145
v 204.6761 22.657 0.1048
v 204.6766 22.6554 0.1169
v 204.6784 22.6714 0.1177
v 204.6814 22.6385 0.1232
v 204.6818 22.6549 0.1262

# 16 faces
f -8 -7 -6 
f -8 -6 -7 
f -6 -7 -5 
f -6 -5 -7 
f -6 -5 -4 
f -6 -4 -5 
f -5 -3 -4 
f -5 -4 -3 
f -6 -2 -8 
f -6 -8 -2 
f -2 -6 -4 
f -2 -4 -6 
f -1 -2 -4 
f -1 -4 -2 
f -1 -4 -3 
f -1 -3 -4 

g onion_Mrstm
s off

usemtl onion_Mrstm

# 8 vertices
v 204.6791 22.623 0.112
v 204.6681 22.6385 0.1109
v 204.6776 22.6388 0.1141
v 204.6644 22.6546 0.1115
v 204.6761 22.6556 0.1151
v 204.6741 22.6715 0.1131
v 204.687 22.6405 0.113
v 204.6865 22.6572 0.1131

# 16 faces
f -8 -7 -6 
f -8 -6 -7 
f -6 -7 -5 
f -6 -5 -7 
f -6 -5 -4 
f -6 -4 -5 
f -5 -3 -4 
f -5 -4 -3 
f -6 -2 -8 
f -6 -8 -2 
f -2 -6 -4 
f -2 -4 -6 
f -1 -2 -4 
f -1 -4 -2 
f -1 -4 -3 
f -1 -3 -4 

g onion_Mrstm
s off

usemtl onion_Mrstm

# 8 vertices
v 204.6791 22.623 0.112
v 204.6713 22.6374 0.1216
v 204.6773 22.6388 0.1137
v 204.6674 22.6532 0.1248
v 204.6742 22.6554 0.1149
v 204.6685 22.6704 0.1157
v 204.679 22.6407 0.1044
v 204.6755 22.657 0.1044

# 16 faces
f -8 -7 -6 
f -8 -6 -7 
f -6 -7 -5 
f -6 -5 -7 
f -6 -5 -4 
f -6 -4 -5 
f -5 -3 -4 
f -5 -4 -3 
f -6 -2 -8 
f -6 -8 -2 
f -2 -6 -4 
f -2 -4 -6 
f -1 -2 -4 
f -1 -4 -2 
f -1 -4 -3 
f -1 -3 -4 

g onion_Mrstm
s off

usemtl onion_Mrstm

# 8 vertices
v 204.6791 22.623 0.112
v 204.6825 22.6388 0.1221
v 204.6768 22.6387 0.1138
v 204.6809 22.6547 0.1264
v 204.6735 22.6551 0.1166
v 204.6693 22.6697 0.1219
v 204.6684 22.6387 0.1091
v 204.6639 22.6545 0.112

# 16 faces
f -8 -7 -6 
f -8 -6 -7 
f -6 -7 -5 
f -6 -5 -7 
f -6 -5 -4 
f -6 -4 -5 
f -5 -3 -4 
f -5 -4 -3 
f -6 -2 -8 
f -6 -8 -2 
f -2 -6 -4 
f -2 -4 -6 
f -1 -2 -4 
f -1 -4 -2 
f -1 -4 -3 
f -1 -3 -4 

g onion_Intrnd
s off

usemtl onion_Intrnd

# 6 vertices
v 204.6496 22.6145 -0.1713
v 204.4494 22.5933 0.2781
v 204.9379 22.661 0.2252
v 204.5307 23.4611 -0.1841
v 204.3306 23.4399 0.2652
v 204.819 23.5076 0.2123

# 6 faces
f -6 -3 -5 
f -5 -3 -2 
f -5 -2 -4 
f -4 -2 -1 
f -4 -1 -6 
f -6 -1 -3 

g onion_Petiole
s off

usemtl onion_Petiole

# 6 vertices
v 204.5396 23.373 -0.2156
v 204.2878 23.4779 0.2849
v 204.8532 23.5564 0.2237
v 203.0294 32.2192 -2.8294
v 202.7776 32.3241 -2.3288
v 203.343 32.4025 -2.3901

# 6 faces
f -6 -3 -5 
f -5 -3 -2 
f -5 -2 -4 
f -4 -2 -1 
f -4 -1 -6 
f -6 -1 -3 

g onion_Leaf
s off

usemtl onion_Leaf

# 12 vertices
v 203.0501 32.3157 -2.5146
v 200.2271 53.1368 -6.07544
v 200.8016 53.6753 -7.6522
v 197.8303 64.8617 -9.9952
v 198.4971 64.859 -11.412
v 195.5767 80.8949 -16.798
v 200.5084 64.09895 -12.07939
v 202.5076 52.302 -8.1735
v 199.0614 64.3863 -13.3379
v 196.336 80.351 -18.05507
v 196.3833 65.1491 -11.2537
v 193.7503 80.5726 -15.8109

# 20 faces
f -12 -11 -10 
f -12 -10 -11 
f -11 -9 -10 
f -11 -10 -9 
f -9 -8 -10 
f -9 -10 -8 
f -9 -7 -8 
f -9 -8 -7 
f -8 -7 -6 
f -8 -6 -7 
f -10 -8 -6 
f -10 -6 -8 
f -10 -6 -5 
f -10 -5 -6 
f -10 -5 -12 
f -10 -12 -5 
f -4 -7 -3 
f -4 -3 -7 
f -1 -7 -2 
f -1 -2 -7 

g onion_Petiole
s off

usemtl onion_Petiole

# 6 vertices
v 204.6054 23.3919 0.4165
v 204.8207 23.5471 -0.0879
v 204.2553 23.4687 -0.02666
v 203.6117 32.3857 2.7596
v 203.827 32.5409 2.2552
v 203.2616 32.4625 2.3164

# 6 faces
f -6 -3 -5 
f -5 -3 -2 
f -5 -2 -4 
f -4 -2 -1 
f -4 -1 -6 
f -6 -1 -3 

g onion_Leaf
s off

usemtl onion_Leaf

# 12 vertices
v 203.5666 32.4634 2.4422
v 200.5353 53.3537 5.3701
v 199.8282 53.76 6.9326
v 199.5962 65.3967 8.9293
v 198.9499 65.2527 10.3484
v 197.3216 81.6259 15.2426
v 197.2228 63.9887 11.04644
v 198.5639 51.9863 7.5017
v 198.5295 64.7005 12.2898
v 196.7361 80.9317 16.5184
v 200.9029 66.1086 10.1726
v 199.1703 81.7896 14.2579

# 20 faces
f -12 -11 -10 
f -12 -10 -11 
f -11 -9 -10 
f -11 -10 -9 
f -9 -8 -10 
f -9 -10 -8 
f -9 -7 -8 
f -9 -8 -7 
f -8 -7 -6 
f -8 -6 -7 
f -10 -8 -6 
f -10 -6 -8 
f -10 -6 -5 
f -10 -5 -6 
f -10 -5 -12 
f -10 -12 -5 
f -4 -7 -3 
f -4 -3 -7 
f -1 -7 -2 
f -1 -2 -7 

g onion_Mrstm
s off

usemtl onion_Mrstm

# 8 vertices
v 204.5603 23.4696 0.09917
v 204.5494 23.4846 0.09478
v 204.5585 23.4855 0.09902
v 204.5457 23.5007 0.09286
v 204.5568 23.5023 0.09756
v 204.5551 23.5177 0.09332
v 204.5679 23.4873 0.09881
v 204.5674 23.5038 0.09667

# 16 faces
f -8 -7 -6 
f -8 -6 -7 
f -6 -7 -5 
f -6 -5 -7 
f -6 -5 -4 
f -6 -4 -5 
f -5 -3 -4 
f -5 -4 -3 
f -6 -2 -8 
f -6 -8 -2 
f -2 -6 -4 
f -2 -4 -6 
f -1 -2 -4 
f -1 -4 -2 
f -1 -4 -3 
f -1 -3 -4 

g onion_Mrstm
s off

usemtl onion_Mrstm

# 8 vertices
v 204.5603 23.4696 0.09917
v 204.5514 23.485 0.1058
v 204.5583 23.4854 0.09854
v 204.5471 23.5011 0.1064
v 204.555 23.502 0.09723
v 204.5492 23.5169 0.09535
v 204.561 23.4861 0.08936
v 204.5575 23.5022 0.08684

# 16 faces
f -8 -7 -6 
f -8 -6 -7 
f -6 -7 -5 
f -6 -5 -7 
f -6 -5 -4 
f -6 -4 -5 
f -5 -3 -4 
f -5 -4 -3 
f -6 -2 -8 
f -6 -8 -2 
f -2 -6 -4 
f -2 -4 -6 
f -1 -2 -4 
f -1 -4 -2 
f -1 -4 -3 
f -1 -3 -4 

g onion_Mrstm
s off

usemtl onion_Mrstm

# 8 vertices
v 204.5603 23.4696 0.09917
v 204.5624 23.4866 0.1074
v 204.5578 23.4854 0.09859
v 204.5603 23.503 0.1093
v 204.5541 23.5019 0.09888
v 204.5493 23.517 0.1016
v 204.55 23.4846 0.09304
v 204.5451 23.5006 0.09325

# 16 faces
f -8 -7 -6 
f -8 -6 -7 
f -6 -7 -5 
f -6 -5 -7 
f -6 -5 -4 
f -6 -4 -5 
f -5 -3 -4 
f -5 -4 -3 
f -6 -2 -8 
f -6 -8 -2 
f -2 -6 -4 
f -2 -4 -6 
f -1 -2 -4 
f -1 -4 -2 
f -1 -4 -3 
f -1 -3 -4 

g onion_Mrstm
s off

usemtl onion_Mrstm

# 8 vertices
v 204.5603 23.4696 0.09917
v 204.5674 23.4872 0.09732
v 204.5576 23.4854 0.0991
v 204.5672 23.5037 0.0976
v 204.5554 23.5021 0.1002
v 204.5552 23.5179 0.1035
v 204.5499 23.4848 0.1047
v 204.5473 23.5011 0.1071

# 16 faces
f -8 -7 -6 
f -8 -6 -7 
f -6 -7 -5 
f -6 -5 -7 
f -6 -5 -4 
f -6 -4 -5 
f -5 -3 -4 
f -5 -4 -3 
f -6 -2 -8 
f -6 -8 -2 
f -2 -6 -4 
f -2 -4 -6 
f -1 -2 -4 
f -1 -4 -2 
f -1 -4 -3 
f -1 -3 -4 

g onion_Mrstm
s off

usemtl onion_Mrstm

# 8 vertices
v 204.5603 23.4696 0.09917
v 204.5594 23.4859 0.08943
v 204.5581 23.4854 0.09937
v 204.5583 23.5023 0.0873
v 204.5571 23.5024 0.09945
v 204.5588 23.5183 0.09844
v 204.561 23.4864 0.1084
v 204.561 23.5031 0.1093

# 16 faces
f -8 -7 -6 
f -8 -6 -7 
f -6 -7 -5 
f -6 -5 -7 
f -6 -5 -4 
f -6 -4 -5 
f -5 -3 -4 
f -5 -4 -3 
f -6 -2 -8 
f -6 -8 -2 
f -2 -6 -4 
f -2 -4 -6 
f -1 -2 -4 
f -1 -4 -2 
f -1 -4 -3 
f -1 -3 -4 

g onion_Mrstm
s off

usemtl onion_Mrstm

# 8 vertices
v 204.5603 23.4696 0.09917
v 204.5494 23.4846 0.09478
v 204.5585 23.4855 0.09902
v 204.5457 23.5007 0.09286
v 204.5568 23.5023 0.09756
v 204.5551 23.5177 0.09332
v 204.5679 23.4873 0.09881
v 204.5674 23.5038 0.09667

# 16 faces
f -8 -7 -6 
f -8 -6 -7 
f -6 -7 -5 
f -6 -5 -7 
f -6 -5 -4 
f -6 -4 -5 
f -5 -3 -4 
f -5 -4 -3 
f -6 -2 -8 
f -6 -8 -2 
f -2 -6 -4 
f -2 -4 -6 
f -1 -2 -4 
f -1 -4 -2 
f -1 -4 -3 
f -1 -3 -4 

g onion_Mrstm
s off

usemtl onion_Mrstm

# 8 vertices
v 204.5603 23.4696 0.09917
v 204.5514 23.485 0.1058
v 204.5583 23.4854 0.09854
v 204.5471 23.5011 0.1064
v 204.555 23.502 0.09723
v 204.5492 23.5169 0.09535
v 204.561 23.4861 0.08936
v 204.5575 23.5022 0.08684

# 16 faces
f -8 -7 -6 
f -8 -6 -7 
f -6 -7 -5 
f -6 -5 -7 
f -6 -5 -4 
f -6 -4 -5 
f -5 -3 -4 
f -5 -4 -3 
f -6 -2 -8 
f -6 -8 -2 
f -2 -6 -4 
f -2 -4 -6 
f -1 -2 -4 
f -1 -4 -2 
f -1 -4 -3 
f -1 -3 -4 

g onion_Mrstm
s off

usemtl onion_Mrstm

# 8 vertices
v 204.5603 23.4696 0.09917
v 204.5624 23.4866 0.1074
v 204.5578 23.4854 0.09859
v 204.5603 23.503 0.1093
v 204.5541 23.5019 0.09888
v 204.5493 23.517 0.1016
v 204.55 23.4846 0.09304
v 204.5451 23.5006 0.09325

# 16 faces
f -8 -7 -6 
f -8 -6 -7 
f -6 -7 -5 
f -6 -5 -7 
f -6 -5 -4 
f -6 -4 -5 
f -5 -3 -4 
f -5 -4 -3 
f -6 -2 -8 
f -6 -8 -2 
f -2 -6 -4 
f -2 -4 -6 
f -1 -2 -4 
f -1 -4 -2 
f -1 -4 -3 
f -1 -3 -4 

g onion_Mrstm
s off

usemtl onion_Mrstm

# 8 vertices
v 204.5603 23.4696 0.09917
v 204.5674 23.4872 0.09732
v 204.5576 23.4854 0.0991
v 204.5672 23.5037 0.0976
v 204.5554 23.5021 0.1002
v 204.5552 23.5179 0.1035
v 204.5499 23.4848 0.1047
v 204.5473 23.5011 0.1071

# 16 faces
f -8 -7 -6 
f -8 -6 -7 
f -6 -7 -5 
f -6 -5 -7 
f -6 -5 -4 
f -6 -4 -5 
f -5 -3 -4 
f -5 -4 -3 
f -6 -2 -8 
f -6 -8 -2 
f -2 -6 -4 
f -2 -4 -6 
f -1 -2 -4 
f -1 -4 -2 
f -1 -4 -3 
f -1 -3 -4 

g onion_Mrstm
s off

usemtl onion_Mrstm

# 8 vertices
v 204.5603 23.4696 0.09917
v 204.5594 23.4859 0.08943
v 204.5581 23.4854 0.09937
v 204.5583 23.5023 0.0873
v 204.5571 23.5024 0.09945
v 204.5588 23.5183 0.09844
v 204.561 23.4864 0.1084
v 204.561 23.5031 0.1093

# 16 faces
f -8 -7 -6 
f -8 -6 -7 
f -6 -7 -5 
f -6 -5 -7 
f -6 -5 -4 
f -6 -4 -5 
f -5 -3 -4 
f -5 -4 -3 
f -6 -2 -8 
f -6 -8 -2 
f -2 -6 -4 
f -2 -4 -6 
f -1 -2 -4 
f -1 -4 -2 
f -1 -4 -3 
f -1 -3 -4 

g onion_Intrnd
s off

usemtl onion_Intrnd

# 6 vertices
v 204.4437 23.2963 0.293
v 204.8159 23.585 0.1495
v 204.4195 23.525 -0.1423
v 204.0672 23.967 0.6663
v 204.4394 24.2558 0.5228
v 204.043 24.1957 0.2308

# 6 faces
f -6 -3 -5 
f -5 -3 -2 
f -5 -2 -4 
f -4 -2 -1 
f -4 -1 -6 
f -6 -1 -3 

g onion_Petiole
s off

usemtl onion_Petiole

# 6 vertices
v 204.0952 23.8856 0.6451
v 204.4502 24.2997 0.5513
v 204.0047 24.2321 0.2232
v 199.2543 29.2749 6.1098
v 199.6093 29.689 6.01605
v 199.1638 29.6215 5.688

# 6 faces
f -6 -3 -5 
f -5 -3 -2 
f -5 -2 -4 
f -4 -2 -1 
f -4 -1 -6 
f -6 -1 -3 

g onion_Leaf
s off

usemtl onion_Leaf

# 12 vertices
v 199.3429 29.5297 5.9371
v 188.7174 43.6209 16.7344
v 187.2944 43.00835 17.4608
v 182.3431 50.5597 24.5244
v 181.2163 49.6174 24.9165
v 172.2489 59.0353 35.3389
v 179.952 48.3279 23.6855
v 186.6207 41.3903 16.1551
v 180.1546 48.03719 25.5344
v 171.4183 57.7633 35.3966
v 182.5457 50.269 26.3733
v 174.1056 59.6654 35.9012

# 20 faces
f -12 -11 -10 
f -12 -10 -11 
f -11 -9 -10 
f -11 -10 -9 
f -9 -8 -10 
f -9 -10 -8 
f -9 -7 -8 
f -9 -8 -7 
f -8 -7 -6 
f -8 -6 -7 
f -10 -8 -6 
f -10 -6 -8 
f -10 -6 -5 
f -10 -5 -6 
f -10 -5 -12 
f -10 -12 -5 
f -4 -7 -3 
f -4 -3 -7 
f -1 -7 -2 
f -1 -2 -7 

g onion_Petiole
s off

usemtl onion_Petiole

# 6 vertices
v 204.3476 24.261 0.2251
v 203.8803 24.04715 0.4303
v 204.3257 24.1146 0.7583
v 201.486 32.594 2.3963
v 201.0187 32.3801 2.6015
v 201.4642 32.4476 2.9296

# 6 faces
f -6 -3 -5 
f -5 -3 -2 
f -5 -2 -4 
f -4 -2 -1 
f -4 -1 -6 
f -6 -1 -3 

g onion_Leaf
s off

usemtl onion_Leaf

# 12 vertices
v 201.3222 32.4733 2.6436
v 193.9387 50.4661 9.7
v 194.9538 51.8053 9.378
v 190.0511 61.8093 12.08336
v 191.2412 62.6388 11.6285
v 186.2159 78.1496 15.07803
v 193.3795 62.3713 11.993
v 196.9862 51.00282 9.3367
v 192.7455 63.4306 10.5718
v 187.5811 78.4692 14.4903
v 189.4171 62.8686 10.6621
v 184.4278 77.3975 14.4478

# 20 faces
f -12 -11 -10 
f -12 -10 -11 
f -11 -9 -10 
f -11 -10 -9 
f -9 -8 -10 
f -9 -10 -8 
f -9 -7 -8 
f -9 -8 -7 
f -8 -7 -6 
f -8 -6 -7 
f -10 -8 -6 
f -10 -6 -8 
f -10 -6 -5 
f -10 -5 -6 
f -10 -5 -12 
f -10 -12 -5 
f -4 -7 -3 
f -4 -3 -7 
f -1 -7 -2 
f -1 -2 -7 

g onion_Mrstm
s off

usemtl onion_Mrstm

# 8 vertices
v 204.1838 24.1403 0.4724
v 204.181 24.1512 0.4878
v 204.1764 24.1529 0.479
v 204.174 24.1631 0.497
v 204.1679 24.1654 0.4867
v 204.1587 24.1751 0.4957
v 204.1689 24.1526 0.473
v 204.1594 24.1643 0.4802

# 16 faces
f -8 -7 -6 
f -8 -6 -7 
f -6 -7 -5 
f -6 -5 -7 
f -6 -5 -4 
f -6 -4 -5 
f -5 -3 -4 
f -5 -4 -3 
f -6 -2 -8 
f -6 -8 -2 
f -2 -6 -4 
f -2 -4 -6 
f -1 -2 -4 
f -1 -4 -2 
f -1 -4 -3 
f -1 -3 -4 

g onion_Mrstm
s off

usemtl onion_Mrstm

# 8 vertices
v 204.1838 24.1403 0.4724
v 204.1849 24.1579 0.4797
v 204.1764 24.1527 0.4795
v 204.1796 24.1714 0.4877
v 204.1691 24.1653 0.4881
v 204.1642 24.1767 0.4983
v 204.1695 24.1472 0.4834
v 204.1621 24.1587 0.4928

# 16 faces
f -8 -7 -6 
f -8 -6 -7 
f -6 -7 -5 
f -6 -5 -7 
f -6 -5 -4 
f -6 -4 -5 
f -5 -3 -4 
f -5 -4 -3 
f -6 -2 -8 
f -6 -8 -2 
f -2 -6 -4 
f -2 -4 -6 
f -1 -2 -4 
f -1 -4 -2 
f -1 -4 -3 
f -1 -3 -4 

g onion_Mrstm
s off

usemtl onion_Mrstm

# 8 vertices
v 204.1838 24.1403 0.4724
v 204.1773 24.1582 0.4714
v 204.1768 24.1527 0.4798
v 204.171 24.1725 0.4771
v 204.1706 24.1664 0.4877
v 204.1672 24.1806 0.4944
v 204.1797 24.1501 0.4885
v 204.1746 24.1634 0.4971

# 16 faces
f -8 -7 -6 
f -8 -6 -7 
f -6 -7 -5 
f -6 -5 -7 
f -6 -5 -4 
f -6 -4 -5 
f -5 -3 -4 
f -5 -4 -3 
f -6 -2 -8 
f -6 -8 -2 
f -2 -6 -4 
f -2 -4 -6 
f -1 -2 -4 
f -1 -4 -2 
f -1 -4 -3 
f -1 -3 -4 

g onion_Mrstm
s off

usemtl onion_Mrstm

# 8 vertices
v 204.1838 24.1403 0.4724
v 204.1686 24.1517 0.4743
v 204.1771 24.153 0.4795
v 204.16 24.1649 0.4798
v 204.1703 24.1671 0.486
v 204.1637 24.1814 0.4893
v 204.1855 24.1573 0.4813
v 204.1798 24.1718 0.4872

# 16 faces
f -8 -7 -6 
f -8 -6 -7 
f -6 -7 -5 
f -6 -5 -7 
f -6 -5 -4 
f -6 -4 -5 
f -5 -3 -4 
f -5 -4 -3 
f -6 -2 -8 
f -6 -8 -2 
f -2 -6 -4 
f -2 -4 -6 
f -1 -2 -4 
f -1 -4 -2 
f -1 -4 -3 
f -1 -3 -4 

g onion_Mrstm
s off

usemtl onion_Mrstm

# 8 vertices
v 204.1838 24.1403 0.4724
v 204.1708 24.1473 0.4844
v 204.1769 24.1532 0.4791
v 204.1617 24.159 0.492
v 204.1686 24.1666 0.4853
v 204.1584 24.1781 0.49
v 204.179 24.159 0.4717
v 204.1705 24.1725 0.4767

# 16 faces
f -8 -7 -6 
f -8 -6 -7 
f -6 -7 -5 
f -6 -5 -7 
f -6 -5 -4 
f -6 -4 -5 
f -5 -3 -4 
f -5 -4 -3 
f -6 -2 -8 
f -6 -8 -2 
f -2 -6 -4 
f -2 -4 -6 
f -1 -2 -4 
f -1 -4 -2 
f -1 -4 -3 
f -1 -3 -4 

g onion_Mrstm
s off

usemtl onion_Mrstm

# 8 vertices
v 204.1838 24.1403 0.4724
v 204.181 24.1512 0.4878
v 204.1764 24.1529 0.479
v 204.174 24.1631 0.497
v 204.1679 24.1654 0.4867
v 204.1587 24.1751 0.4957
v 204.1689 24.1526 0.473
v 204.1594 24.1643 0.4802

# 16 faces
f -8 -7 -6 
f -8 -6 -7 
f -6 -7 -5 
f -6 -5 -7 
f -6 -5 -4 
f -6 -4 -5 
f -5 -3 -4 
f -5 -4 -3 
f -6 -2 -8 
f -6 -8 -2 
f -2 -6 -4 
f -2 -4 -6 
f -1 -2 -4 
f -1 -4 -2 
f -1 -4 -3 
f -1 -3 -4 

g onion_Mrstm
s off

usemtl onion_Mrstm

# 8 vertices
v 204.1838 24.1403 0.4724
v 204.1849 24.1579 0.4797
v 204.1764 24.1527 0.4795
v 204.1796 24.1714 0.4877
v 204.1691 24.1653 0.4881
v 204.1642 24.1767 0.4983
v 204.1695 24.1472 0.4834
v 204.1621 24.1587 0.4928

# 16 faces
f -8 -7 -6 
f -8 -6 -7 
f -6 -7 -5 
f -6 -5 -7 
f -6 -5 -4 
f -6 -4 -5 
f -5 -3 -4 
f -5 -4 -3 
f -6 -2 -8 
f -6 -8 -2 
f -2 -6 -4 
f -2 -4 -6 
f -1 -2 -4 
f -1 -4 -2 
f -1 -4 -3 
f -1 -3 -4 

g onion_Mrstm
s off

usemtl onion_Mrstm

# 8 vertices
v 204.1838 24.1403 0.4724
v 204.1773 24.1582 0.4714
v 204.1768 24.1527 0.4798
v 204.171 24.1725 0.4771
v 204.1706 24.1664 0.4877
v 204.1672 24.1806 0.4944
v 204.1797 24.1501 0.4885
v 204.1746 24.1634 0.4971

# 16 faces
f -8 -7 -6 
f -8 -6 -7 
f -6 -7 -5 
f -6 -5 -7 
f -6 -5 -4 
f -6 -4 -5 
f -5 -3 -4 
f -5 -4 -3 
f -6 -2 -8 
f -6 -8 -2 
f -2 -6 -4 
f -2 -4 -6 
f -1 -2 -4 
f -1 -4 -2 
f -1 -4 -3 
f -1 -3 -4 

g onion_Mrstm
s off

usemtl onion_Mrstm

# 8 vertices
v 204.1838 24.1403 0.4724
v 204.1686 24.1517 0.4743
v 204.1771 24.153 0.4795
v 204.16 24.1649 0.4798
v 204.1703 24.1671 0.486
v 204.1637 24.1814 0.4893
v 204.1855 24.1573 0.4813
v 204.1798 24.1718 0.4872

# 16 faces
f -8 -7 -6 
f -8 -6 -7 
f -6 -7 -5 
f -6 -5 -7 
f -6 -5 -4 
f -6 -4 -5 
f -5 -3 -4 
f -5 -4 -3 
f -6 -2 -8 
f -6 -8 -2 
f -2 -6 -4 
f -2 -4 -6 
f -1 -2 -4 
f -1 -4 -2 
f -1 -4 -3 
f -1 -3 -4 

g onion_Mrstm
s off

usemtl onion_Mrstm

# 8 vertices
v 204.1838 24.1403 0.4724
v 204.1708 24.1473 0.4844
v 204.1769 24.1532 0.4791
v 204.1617 24.159 0.492
v 204.1686 24.1666 0.4853
v 204.1584 24.1781 0.49
v 204.179 24.159 0.4717
v 204.1705 24.1725 0.4767

# 16 faces
f -8 -7 -6 
f -8 -6 -7 
f -6 -7 -5 
f -6 -5 -7 
f -6 -5 -4 
f -6 -4 -5 
f -5 -3 -4 
f -5 -4 -3 
f -6 -2 -8 
f -6 -8 -2 
f -2 -6 -4 
f -2 -4 -6 
f -1 -2 -4 
f -1 -4 -2 
f -1 -4 -3 
f -1 -3 -4 

g onion_Intrnd
s off

usemtl onion_Intrnd

# 6 vertices
v 204.4525 24.1422 0.3775
v 203.9725 24.2185 0.2977
v 204.1301 24.06047 0.7406
v 204.5383 24.9526 0.6361
v 204.0584 25.02892 0.5564
v 204.2159 24.8708 0.9993

# 6 faces
f -6 -3 -5 
f -5 -3 -2 
f -5 -2 -4 
f -4 -2 -1 
f -4 -1 -6 
f -6 -1 -3 

g onion_Petiole
s off

usemtl onion_Petiole

# 6 vertices
v 204.5374 24.8759 0.6091
v 204.0537 25.0719 0.5552
v 204.2215 24.9035 1.02713
v 207.5333 32.7497 2.3531
v 207.0496 32.9457 2.2992
v 207.2174 32.7773 2.7711

# 6 faces
f -6 -3 -5 
f -5 -3 -2 
f -5 -2 -4 
f -4 -2 -1 
f -4 -1 -6 
f -6 -1 -3 

g onion_Leaf
s off

usemtl onion_Leaf

# 12 vertices
v 207.2655 32.8246 2.475
v 212.1323 51.08881 7.7187
v 213.7075 51.2769 8.05795
v 216.4377 61.6817 9.6161
v 217.8296 61.3882 9.8486
v 223.8067 75.7287 12.7254
v 218.7192 59.9279 11.01904
v 214.345 49.4387 8.7709
v 219.6085 60.7434 9.7038
v 225.0153 74.9534 12.8513
v 217.327 62.4973 8.3009
v 222.5505 76.2256 11.3417

# 20 faces
f -12 -11 -10 
f -12 -10 -11 
f -11 -9 -10 
f -11 -10 -9 
f -9 -8 -10 
f -9 -10 -8 
f -9 -7 -8 
f -9 -8 -7 
f -8 -7 -6 
f -8 -6 -7 
f -10 -8 -6 
f -10 -6 -8 
f -10 -6 -5 
f -10 -5 -6 
f -10 -5 -12 
f -10 -12 -5 
f -4 -7 -3 
f -4 -3 -7 
f -1 -7 -2 
f -1 -2 -7 

g onion_Petiole
s off

usemtl onion_Petiole

# 6 vertices
v 203.9855 24.8721 0.804
v 204.4935 24.9053 0.931
v 204.3257 25.07375 0.4591
v 202.6544 32.7165 4.07654
v 203.1624 32.7497 4.2035
v 202.9946 32.9181 3.7316

# 6 faces
f -6 -3 -5 
f -5 -3 -2 
f -5 -2 -4 
f -4 -2 -1 
f -4 -1 -6 
f -6 -1 -3 

g onion_Leaf
s off

usemtl onion_Leaf

# 12 vertices
v 202.9385 32.7951 4.003571
v 201.9642 51.2816 10.4889
v 200.4772 51.9258 10.4154
v 199.8768 61.6298 15.2749
v 198.4712 61.7941 15.00118
v 195.5186 76.00822 21.2376
v 197.3927 61.471 13.2616
v 199.546 50.9913 8.8175
v 196.5967 61.5358 14.8577
v 194.1944 75.6926 20.7636
v 199.0807 61.6947 16.8711
v 196.7599 75.3715 22.5768

# 20 faces
f -12 -11 -10 
f -12 -10 -11 
f -11 -9 -10 
f -11 -10 -9 
f -9 -8 -10 
f -9 -10 -8 
f -9 -7 -8 
f -9 -8 -7 
f -8 -7 -6 
f -8 -6 -7 
f -10 -8 -6 
f -10 -6 -8 
f -10 -6 -5 
f -10 -5 -6 
f -10 -5 -12 
f -10 -12 -5 
f -4 -7 -3 
f -4 -3 -7 
f -1 -7 -2 
f -1 -2 -7 

g onion_Mrstm
s off

usemtl onion_Mrstm

# 8 vertices
v 204.2696 24.9508 0.731
v 204.2734 24.969 0.727
v 204.2712 24.9658 0.7363
v 204.2764 24.985 0.7303
v 204.2742 24.9815 0.7418
v 204.2798 24.9961 0.7459
v 204.2735 24.9632 0.7452
v 204.2774 24.9781 0.7514

# 16 faces
f -8 -7 -6 
f -8 -6 -7 
f -6 -7 -5 
f -6 -5 -7 
f -6 -5 -4 
f -6 -4 -5 
f -5 -3 -4 
f -5 -4 -3 
f -6 -2 -8 
f -6 -8 -2 
f -2 -6 -4 
f -2 -4 -6 
f -1 -2 -4 
f -1 -4 -2 
f -1 -4 -3 
f -1 -3 -4 

g onion_Mrstm
s off

usemtl onion_Mrstm

# 8 vertices
v 204.2696 24.9508 0.731
v 204.2631 24.9686 0.7315
v 204.2716 24.9658 0.736
v 204.2635 24.9849 0.7348
v 204.2741 24.9821 0.74
v 204.2765 24.998 0.7409
v 204.2812 24.9651 0.7366
v 204.2848 24.981 0.7398

# 16 faces
f -8 -7 -6 
f -8 -6 -7 
f -6 -7 -5 
f -6 -5 -7 
f -6 -5 -4 
f -6 -4 -5 
f -5 -3 -4 
f -5 -4 -3 
f -6 -2 -8 
f -6 -8 -2 
f -2 -6 -4 
f -2 -4 -6 
f -1 -2 -4 
f -1 -4 -2 
f -1 -4 -3 
f -1 -3 -4 

g onion_Mrstm
s off

usemtl onion_Mrstm

# 8 vertices
v 204.2696 24.9508 0.731
v 204.264 24.9652 0.7422
v 204.2715 24.966 0.7355
v 204.2635 24.9808 0.7478
v 204.2724 24.9824 0.7396
v 204.2704 24.9981 0.7425
v 204.2752 24.9688 0.7271
v 204.2759 24.9852 0.7298

# 16 faces
f -8 -7 -6 
f -8 -6 -7 
f -6 -7 -5 
f -6 -5 -7 
f -6 -5 -4 
f -6 -4 -5 
f -5 -3 -4 
f -5 -4 -3 
f -6 -2 -8 
f -6 -8 -2 
f -2 -6 -4 
f -2 -4 -6 
f -1 -2 -4 
f -1 -4 -2 
f -1 -4 -3 
f -1 -3 -4 

g onion_Mrstm
s off

usemtl onion_Mrstm

# 8 vertices
v 204.2696 24.9508 0.731
v 204.2748 24.9633 0.7444
v 204.2709 24.9661 0.7355
v 204.2764 24.9782 0.7515
v 204.2713 24.9821 0.7411
v 204.2699 24.9963 0.7484
v 204.2638 24.9691 0.7299
v 204.2629 24.9849 0.7351

# 16 faces
f -8 -7 -6 
f -8 -6 -7 
f -6 -7 -5 
f -6 -5 -7 
f -6 -5 -4 
f -6 -4 -5 
f -5 -3 -4 
f -5 -4 -3 
f -6 -2 -8 
f -6 -8 -2 
f -2 -6 -4 
f -2 -4 -6 
f -1 -2 -4 
f -1 -4 -2 
f -1 -4 -3 
f -1 -3 -4 

g onion_Mrstm
s off

usemtl onion_Mrstm

# 8 vertices
v 204.2696 24.9508 0.731
v 204.2808 24.9656 0.7351
v 204.2708 24.9659 0.736
v 204.2845 24.9808 0.7407
v 204.2724 24.9815 0.7425
v 204.2756 24.995 0.7506
v 204.2626 24.9656 0.741
v 204.2636 24.9805 0.7484

# 16 faces
f -8 -7 -6 
f -8 -6 -7 
f -6 -7 -5 
f -6 -5 -7 
f -6 -5 -4 
f -6 -4 -5 
f -5 -3 -4 
f -5 -4 -3 
f -6 -2 -8 
f -6 -8 -2 
f -2 -6 -4 
f -2 -4 -6 
f -1 -2 -4 
f -1 -4 -2 
f -1 -4 -3 
f -1 -3 -4 

g onion_Mrstm
s off

usemtl onion_Mrstm

# 8 vertices
v 204.2696 24.9508 0.731
v 204.2734 24.969 0.727
v 204.2712 24.9658 0.7363
v 204.2764 24.985 0.7303
v 204.2742 24.9815 0.7418
v 204.2798 24.9961 0.7459
v 204.2735 24.9632 0.7452
v 204.2774 24.9781 0.7514

# 16 faces
f -8 -7 -6 
f -8 -6 -7 
f -6 -7 -5 
f -6 -5 -7 
f -6 -5 -4 
f -6 -4 -5 
f -5 -3 -4 
f -5 -4 -3 
f -6 -2 -8 
f -6 -8 -2 
f -2 -6 -4 
f -2 -4 -6 
f -1 -2 -4 
f -1 -4 -2 
f -1 -4 -3 
f -1 -3 -4 

g onion_Mrstm
s off

usemtl onion_Mrstm

# 8 vertices
v 204.2696 24.9508 0.731
v 204.2631 24.9686 0.7315
v 204.2716 24.9658 0.736
v 204.2635 24.9849 0.7348
v 204.2741 24.9821 0.74
v 204.2765 24.998 0.7409
v 204.2812 24.9651 0.7366
v 204.2848 24.981 0.7398

# 16 faces
f -8 -7 -6 
f -8 -6 -7 
f -6 -7 -5 
f -6 -5 -7 
f -6 -5 -4 
f -6 -4 -5 
f -5 -3 -4 
f -5 -4 -3 
f -6 -2 -8 
f -6 -8 -2 
f -2 -6 -4 
f -2 -4 -6 
f -1 -2 -4 
f -1 -4 -2 
f -1 -4 -3 
f -1 -3 -4 

g onion_Mrstm
s off

usemtl onion_Mrstm

# 8 vertices
v 204.2696 24.9508 0.731
v 204.264 24.9652 0.7422
v 204.2715 24.966 0.7355
v 204.2635 24.9808 0.7478
v 204.2724 24.9824 0.7396
v 204.2704 24.9981 0.7425
v 204.2752 24.9688 0.7271
v 204.2759 24.9852 0.7298

# 16 faces
f -8 -7 -6 
f -8 -6 -7 
f -6 -7 -5 
f -6 -5 -7 
f -6 -5 -4 
f -6 -4 -5 
f -5 -3 -4 
f -5 -4 -3 
f -6 -2 -8 
f -6 -8 -2 
f -2 -6 -4 
f -2 -4 -6 
f -1 -2 -4 
f -1 -4 -2 
f -1 -4 -3 
f -1 -3 -4 

g onion_Mrstm
s off

usemtl onion_Mrstm

# 8 vertices
v 204.2696 24.9508 0.731
v 204.2748 24.9633 0.7444
v 204.2709 24.9661 0.7355
v 204.2764 24.9782 0.7515
v 204.2713 24.9821 0.7411
v 204.2699 24.9963 0.7484
v 204.2638 24.9691 0.7299
v 204.2629 24.9849 0.7351

# 16 faces
f -8 -7 -6 
f -8 -6 -7 
f -6 -7 -5 
f -6 -5 -7 
f -6 -5 -4 
f -6 -4 -5 
f -5 -3 -4 
f -5 -4 -3 
f -6 -2 -8 
f -6 -8 -2 
f -2 -6 -4 
f -2 -4 -6 
f -1 -2 -4 
f -1 -4 -2 
f -1 -4 -3 
f -1 -3 -4 

g onion_Mrstm
s off

usemtl onion_Mrstm

# 8 vertices
v 204.2696 24.9508 0.731
v 204.2808 24.9656 0.7351
v 204.2708 24.9659 0.736
v 204.2845 24.9808 0.7407
v 204.2724 24.9815 0.7425
v 204.2756 24.995 0.7506
v 204.2626 24.9656 0.741
v 204.2636 24.9805 0.7484

# 16 faces
f -8 -7 -6 
f -8 -6 -7 
f -6 -7 -5 
f -6 -5 -7 
f -6 -5 -4 
f -6 -4 -5 
f -5 -3 -4 
f -5 -4 -3 
f -6 -2 -8 
f -6 -8 -2 
f -2 -6 -4 
f -2 -4 -6 
f -1 -2 -4 
f -1 -4 -2 
f -1 -4 -3 
f -1 -3 -4 

g onion_Intrnd
s off

usemtl onion_Intrnd

# 6 vertices
v 204.0246 24.8826 0.6024
v 204.2917 24.9247 1.01402
v 204.489 25.04403 0.5749
v 203.7507 25.6869 0.6978
v 204.0178 25.7291 1.1093
v 204.2151 25.8483 0.6702

# 6 faces
f -6 -3 -5 
f -5 -3 -2 
f -5 -2 -4 
f -4 -2 -1 
f -4 -1 -6 
f -6 -1 -3 

g onion_Petiole
s off

usemtl onion_Petiole

# 6 vertices
v 203.7902 25.6219 0.6979
v 204.0013 25.7628 1.1027
v 204.1927 25.8785 0.6767
v 199.5756 32.2241 0.5969
v 199.7866 32.365 1.00175
v 199.978 32.4806 0.5757

# 6 faces
f -6 -3 -5 
f -5 -3 -2 
f -5 -2 -4 
f -4 -2 -1 
f -4 -1 -6 
f -6 -1 -3 

g onion_Leaf
s off

usemtl onion_Leaf

# 12 vertices
v 199.7811 32.3572 0.7254
v 191.9576 48.407 1.1482
v 191.0237 48.6466 0.02922
v 185.8856 57.0387 1.08619
v 185.2095 56.8744 -0.02661
v 177.0453 68.7148 -0.3747
v 185.7894 56.3653 -1.7482
v 191.6911 47.6291 -1.4126
v 184.2333 56.2317 -1.2991
v 176.6272 68.1466 -1.4813
v 184.3295 56.905 1.5353
v 176.9812 68.416 1.3592

# 20 faces
f -12 -11 -10 
f -12 -10 -11 
f -11 -9 -10 
f -11 -10 -9 
f -9 -8 -10 
f -9 -10 -8 
f -9 -7 -8 
f -9 -8 -7 
f -8 -7 -6 
f -8 -6 -7 
f -10 -8 -6 
f -10 -6 -8 
f -10 -6 -5 
f -10 -5 -6 
f -10 -5 -12 
f -10 -12 -5 
f -4 -7 -3 
f -4 -3 -7 
f -1 -7 -2 
f -1 -2 -7 

g onion_Petiole
s off

usemtl onion_Petiole

# 6 vertices
v 204.2484 25.7494 0.9384
v 203.9668 25.8157 0.5582
v 203.7754 25.7 0.9841
v 203.6261 33.3513 2.7231
v 203.3445 33.4176 2.3429
v 203.1531 33.3019 2.7688

# 6 faces
f -6 -3 -5 
f -5 -3 -2 
f -5 -2 -4 
f -4 -2 -1 
f -4 -1 -6 
f -6 -1 -3 

g onion_Leaf
s off

usemtl onion_Leaf

# 12 vertices
v 203.3734 33.3569 2.6111
v 199.8876 50.5174 6.125
v 200.5653 51.03004 7.3332
v 199.5154 60.8095 8.4303
v 200.2312 60.857 9.5292
v 199.6083 74.8204 12.9362
v 200.2001 59.7544 11.05992
v 200.7511 49.5419 8.478
v 201.4853 60.6836 10.7051
v 200.3621 74.4028 13.9259
v 200.8005 61.7387 8.0755
v 199.7154 74.9928 11.1872

# 20 faces
f -12 -11 -10 
f -12 -10 -11 
f -11 -9 -10 
f -11 -10 -9 
f -9 -8 -10 
f -9 -10 -8 
f -9 -7 -8 
f -9 -8 -7 
f -8 -7 -6 
f -8 -6 -7 
f -10 -8 -6 
f -10 -6 -8 
f -10 -6 -5 
f -10 -5 -6 
f -10 -5 -12 
f -10 -12 -5 
f -4 -7 -3 
f -4 -3 -7 
f -1 -7 -2 
f -1 -2 -7 

g onion_Mrstm
s off

usemtl onion_Mrstm

# 8 vertices
v 203.9957 25.7551 0.8264
v 203.9828 25.7674 0.8332
v 203.9909 25.7703 0.8278
v 203.9755 25.7821 0.8353
v 203.9848 25.7861 0.8285
v 203.9768 25.8 0.8277
v 203.9952 25.7732 0.8198
v 203.9893 25.7887 0.8191

# 16 faces
f -8 -7 -6 
f -8 -6 -7 
f -6 -7 -5 
f -6 -5 -7 
f -6 -5 -4 
f -6 -4 -5 
f -5 -3 -4 
f -5 -4 -3 
f -6 -2 -8 
f -6 -8 -2 
f -2 -6 -4 
f -2 -4 -6 
f -1 -2 -4 
f -1 -4 -2 
f -1 -4 -3 
f -1 -3 -4 

g onion_Mrstm
s off

usemtl onion_Mrstm

# 8 vertices
v 203.9957 25.7551 0.8264
v 203.9928 25.7702 0.8375
v 203.9904 25.7701 0.8278
v 203.9872 25.7854 0.8415
v 203.9836 25.7855 0.8298
v 203.9755 25.7988 0.8337
v 203.9841 25.7693 0.8205
v 203.9764 25.784 0.8221

# 16 faces
f -8 -7 -6 
f -8 -6 -7 
f -6 -7 -5 
f -6 -5 -7 
f -6 -5 -4 
f -6 -4 -5 
f -5 -3 -4 
f -5 -4 -3 
f -6 -2 -8 
f -6 -8 -2 
f -2 -6 -4 
f -2 -4 -6 
f -1 -2 -4 
f -1 -4 -2 
f -1 -4 -3 
f -1 -3 -4 

g onion_Mrstm
s off

usemtl onion_Mrstm

# 8 vertices
v 203.9957 25.7551 0.8264
v 203.9995 25.7735 0.8291
v 203.9902 25.77 0.8282
v 203.9961 25.7895 0.832
v 203.9846 25.7856 0.8315
v 203.9807 25.8002 0.8371
v 203.9817 25.7671 0.8318
v 203.9756 25.782 0.836

# 16 faces
f -8 -7 -6 
f -8 -6 -7 
f -6 -7 -5 
f -6 -5 -7 
f -6 -5 -4 
f -6 -4 -5 
f -5 -3 -4 
f -5 -4 -3 
f -6 -2 -8 
f -6 -8 -2 
f -2 -6 -4 
f -2 -4 -6 
f -1 -2 -4 
f -1 -4 -2 
f -1 -4 -3 
f -1 -3 -4 

g onion_Mrstm
s off

usemtl onion_Mrstm

# 8 vertices
v 203.9957 25.7551 0.8264
v 203.9937 25.7727 0.8195
v 203.9905 25.77 0.8286
v 203.99 25.7889 0.8198
v 203.9863 25.7863 0.8311
v 203.9851 25.8022 0.8331
v 203.9912 25.7696 0.8382
v 203.9879 25.7856 0.8417

# 16 faces
f -8 -7 -6 
f -8 -6 -7 
f -6 -7 -5 
f -6 -5 -7 
f -6 -5 -4 
f -6 -4 -5 
f -5 -3 -4 
f -5 -4 -3 
f -6 -2 -8 
f -6 -8 -2 
f -2 -6 -4 
f -2 -4 -6 
f -1 -2 -4 
f -1 -4 -2 
f -1 -4 -3 
f -1 -3 -4 

g onion_Mrstm
s off

usemtl onion_Mrstm

# 8 vertices
v 203.9957 25.7551 0.8264
v 203.9834 25.7689 0.8218
v 203.991 25.7702 0.8284
v 203.9772 25.7843 0.8217
v 203.9865 25.7865 0.8293
v 203.9828 25.8021 0.8273
v 203.9997 25.7734 0.8309
v 203.9965 25.7897 0.8314

# 16 faces
f -8 -7 -6 
f -8 -6 -7 
f -6 -7 -5 
f -6 -5 -7 
f -6 -5 -4 
f -6 -4 -5 
f -5 -3 -4 
f -5 -4 -3 
f -6 -2 -8 
f -6 -8 -2 
f -2 -6 -4 
f -2 -4 -6 
f -1 -2 -4 
f -1 -4 -2 
f -1 -4 -3 
f -1 -3 -4 

g onion_Mrstm
s off

usemtl onion_Mrstm

# 8 vertices
v 203.9957 25.7551 0.8264
v 203.9828 25.7674 0.8332
v 203.9909 25.7703 0.8278
v 203.9755 25.7821 0.8353
v 203.9848 25.7861 0.8285
v 203.9768 25.8 0.8277
v 203.9952 25.7732 0.8198
v 203.9893 25.7887 0.8191

# 16 faces
f -8 -7 -6 
f -8 -6 -7 
f -6 -7 -5 
f -6 -5 -7 
f -6 -5 -4 
f -6 -4 -5 
f -5 -3 -4 
f -5 -4 -3 
f -6 -2 -8 
f -6 -8 -2 
f -2 -6 -4 
f -2 -4 -6 
f -1 -2 -4 
f -1 -4 -2 
f -1 -4 -3 
f -1 -3 -4 

g onion_Mrstm
s off

usemtl onion_Mrstm

# 8 vertices
v 203.9957 25.7551 0.8264
v 203.9928 25.7702 0.8375
v 203.9904 25.7701 0.8278
v 203.9872 25.7854 0.8415
v 203.9836 25.7855 0.8298
v 203.9755 25.7988 0.8337
v 203.9841 25.7693 0.8205
v 203.9764 25.784 0.8221

# 16 faces
f -8 -7 -6 
f -8 -6 -7 
f -6 -7 -5 
f -6 -5 -7 
f -6 -5 -4 
f -6 -4 -5 
f -5 -3 -4 
f -5 -4 -3 
f -6 -2 -8 
f -6 -8 -2 
f -2 -6 -4 
f -2 -4 -6 
f -1 -2 -4 
f -1 -4 -2 
f -1 -4 -3 
f -1 -3 -4 

g onion_Mrstm
s off

usemtl onion_Mrstm

# 8 vertices
v 203.9957 25.7551 0.8264
v 203.9995 25.7735 0.8291
v 203.9902 25.77 0.8282
v 203.9961 25.7895 0.832
v 203.9846 25.7856 0.8315
v 203.9807 25.8002 0.8371
v 203.9817 25.7671 0.8318
v 203.9756 25.782 0.836

# 16 faces
f -8 -7 -6 
f -8 -6 -7 
f -6 -7 -5 
f -6 -5 -7 
f -6 -5 -4 
f -6 -4 -5 
f -5 -3 -4 
f -5 -4 -3 
f -6 -2 -8 
f -6 -8 -2 
f -2 -6 -4 
f -2 -4 -6 
f -1 -2 -4 
f -1 -4 -2 
f -1 -4 -3 
f -1 -3 -4 

g onion_Mrstm
s off

usemtl onion_Mrstm

# 8 vertices
v 203.9957 25.7551 0.8264
v 203.9937 25.7727 0.8195
v 203.9905 25.77 0.8286
v 203.99 25.7889 0.8198
v 203.9863 25.7863 0.8311
v 203.9851 25.8022 0.8331
v 203.9912 25.7696 0.8382
v 203.9879 25.7856 0.8417

# 16 faces
f -8 -7 -6 
f -8 -6 -7 
f -6 -7 -5 
f -6 -5 -7 
f -6 -5 -4 
f -6 -4 -5 
f -5 -3 -4 
f -5 -4 -3 
f -6 -2 -8 
f -6 -8 -2 
f -2 -6 -4 
f -2 -4 -6 
f -1 -2 -4 
f -1 -4 -2 
f -1 -4 -3 
f -1 -3 -4 

g onion_Mrstm
s off

usemtl onion_Mrstm

# 8 vertices
v 203.9957 25.7551 0.8264
v 203.9834 25.7689 0.8218
v 203.991 25.7702 0.8284
v 203.9772 25.7843 0.8217
v 203.9865 25.7865 0.8293
v 203.9828 25.8021 0.8273
v 203.9997 25.7734 0.8309
v 203.9965 25.7897 0.8314

# 16 faces
f -8 -7 -6 
f -8 -6 -7 
f -6 -7 -5 
f -6 -5 -7 
f -6 -5 -4 
f -6 -4 -5 
f -5 -3 -4 
f -5 -4 -3 
f -6 -2 -8 
f -6 -8 -2 
f -2 -6 -4 
f -2 -4 -6 
f -1 -2 -4 
f -1 -4 -2 
f -1 -4 -3 
f -1 -3 -4 

g onion_Intrnd
s off

usemtl onion_Intrnd

# 6 vertices
v 204.1095 25.7333 1.08678
v 204.1559 25.8498 0.6105
v 203.7233 25.6818 0.7856
v 203.868 26.535 1.2595
v 203.9143 26.6516 0.7832
v 203.4817 26.4835 0.9583

# 6 faces
f -6 -3 -5 
f -5 -3 -2 
f -5 -2 -4 
f -4 -2 -1 
f -4 -1 -6 
f -6 -1 -3 

g onion_Petiole
s off

usemtl onion_Petiole

# 6 vertices
v 203.8628 26.4804 1.1942
v 203.8797 26.6641 0.8304
v 203.5215 26.5249 0.9754
v 202.754 32.3882 4.1259
v 202.771 32.5719 3.7622
v 202.4127 32.4327 3.9072

# 6 faces
f -6 -3 -5 
f -5 -3 -2 
f -5 -2 -4 
f -4 -2 -1 
f -4 -1 -6 
f -6 -1 -3 

g onion_Leaf
s off

usemtl onion_Leaf

# 12 vertices
v 202.6454 32.4646 3.9308
v 199.0292 46.313 9.1896
v 198.8553 46.3556 10.4378
v 197.9008 54.2404 13.321
v 197.7947 53.9216 14.3899
v 196.0365 64.6453 20.1148
v 196.9222 52.7374 15.04635
v 198.3197 44.8932 10.849
v 197.9992 53.3032 15.7134
v 195.9983 63.9651 21.00439
v 198.9778 54.8062 13.9881
v 197.0447 65.1066 19.0997

# 20 faces
f -12 -11 -10 
f -12 -10 -11 
f -11 -9 -10 
f -11 -10 -9 
f -9 -8 -10 
f -9 -10 -8 
f -9 -7 -8 
f -9 -8 -7 
f -8 -7 -6 
f -8 -6 -7 
f -10 -8 -6 
f -10 -6 -8 
f -10 -6 -5 
f -10 -5 -6 
f -10 -5 -12 
f -10 -12 -5 
f -4 -7 -3 
f -4 -3 -7 
f -1 -7 -2 
f -1 -2 -7 

g onion_Petiole
s off

usemtl onion_Petiole

# 6 vertices
v 203.681 26.5152 0.7786
v 203.611 26.5078 1.1803
v 203.9693 26.6469 1.03537
v 201.1473 32.6958 0.4512
v 201.0773 32.6884 0.8529
v 201.4355 32.8275 0.708

# 6 faces
f -6 -3 -5 
f -5 -3 -2 
f -5 -2 -4 
f -4 -2 -1 
f -4 -1 -6 
f -6 -1 -3 

g onion_Leaf
s off

usemtl onion_Leaf

# 12 vertices
v 201.2204 32.7374 0.6718
v 196.3202 47.1529 1.5023
v 196.3013 47.7504 0.3919
v 192.5958 55.3307 0.8407
v 192.7319 55.5501 -0.2495
v 187.873 66.7869 -1.2432
v 194.0177 55.3627 -1.2015
v 197.4793 47.0805 -0.4785
v 192.7367 55.474 -1.7227
v 188.1641 66.6282 -2.3135
v 191.3148 55.442 0.3194
v 186.8972 66.2181 -0.2512

# 20 faces
f -12 -11 -10 
f -12 -10 -11 
f -11 -9 -10 
f -11 -10 -9 
f -9 -8 -10 
f -9 -10 -8 
f -9 -7 -8 
f -9 -8 -7 
f -8 -7 -6 
f -8 -6 -7 
f -10 -8 -6 
f -10 -6 -8 
f -10 -6 -5 
f -10 -5 -6 
f -10 -5 -12 
f -10 -12 -5 
f -4 -7 -3 
f -4 -3 -7 
f -1 -7 -2 
f -1 -2 -7 

g onion_Mrstm
s off

usemtl onion_Mrstm

# 8 vertices
v 203.7541 26.5568 0.9991
v 203.7586 26.5746 1.0042
v 203.7492 26.5717 1.002411
v 203.7558 26.5904 1.008742
v 203.7441 26.5872 1.007151
v 203.7406 26.6012 1.01418
v 203.7404 26.5689 1.005129
v 203.7347 26.5836 1.01069

# 16 faces
f -8 -7 -6 
f -8 -6 -7 
f -6 -7 -5 
f -6 -5 -7 
f -6 -5 -4 
f -6 -4 -5 
f -5 -3 -4 
f -5 -4 -3 
f -6 -2 -8 
f -6 -8 -2 
f -2 -6 -4 
f -2 -4 -6 
f -1 -2 -4 
f -1 -4 -2 
f -1 -4 -3 
f -1 -3 -4 

g onion_Mrstm
s off

usemtl onion_Mrstm

# 8 vertices
v 203.7541 26.5568 0.9991
v 203.7534 26.5752 0.9942
v 203.7495 26.5717 1.002809
v 203.7504 26.5914 0.9962
v 203.7459 26.5877 1.00699
v 203.7453 26.6034 1.01075
v 203.7496 26.5702 1.01229
v 203.7468 26.5858 1.01745

# 16 faces
f -8 -7 -6 
f -8 -6 -7 
f -6 -7 -5 
f -6 -5 -7 
f -6 -5 -4 
f -6 -4 -5 
f -5 -3 -4 
f -5 -4 -3 
f -6 -2 -8 
f -6 -8 -2 
f -2 -6 -4 
f -2 -4 -6 
f -1 -2 -4 
f -1 -4 -2 
f -1 -4 -3 
f -1 -3 -4 

g onion_Mrstm
s off

usemtl onion_Mrstm

# 8 vertices
v 203.7541 26.5568 0.9991
v 203.7428 26.5717 0.9955
v 203.75 26.5719 1.002631
v 203.7373 26.5873 0.9968
v 203.7462 26.5882 1.0052
v 203.7434 26.604 1.004842
v 203.7587 26.5743 1.005986
v 203.7562 26.5906 1.008224

# 16 faces
f -8 -7 -6 
f -8 -6 -7 
f -6 -7 -5 
f -6 -5 -7 
f -6 -5 -4 
f -6 -4 -5 
f -5 -3 -4 
f -5 -4 -3 
f -6 -2 -8 
f -6 -8 -2 
f -2 -6 -4 
f -2 -4 -6 
f -1 -2 -4 
f -1 -4 -2 
f -1 -4 -3 
f -1 -3 -4 

g onion_Mrstm
s off

usemtl onion_Mrstm

# 8 vertices
v 203.7541 26.5568 0.9991
v 203.7413 26.569 1.006393
v 203.7499 26.572 1.002121
v 203.7346 26.5837 1.00976
v 203.7446 26.588 1.004237
v 203.7374 26.6023 1.004561
v 203.7551 26.5756 0.9948
v 203.75 26.5914 0.9956

# 16 faces
f -8 -7 -6 
f -8 -6 -7 
f -6 -7 -5 
f -6 -5 -7 
f -6 -5 -4 
f -6 -4 -5 
f -5 -3 -4 
f -5 -4 -3 
f -6 -2 -8 
f -6 -8 -2 
f -2 -6 -4 
f -2 -4 -6 
f -1 -2 -4 
f -1 -4 -2 
f -1 -4 -3 
f -1 -3 -4 

g onion_Mrstm
s off

usemtl onion_Mrstm

# 8 vertices
v 203.7541 26.5568 0.9991
v 203.751 26.5707 1.01182
v 203.7494 26.5719 1.00198
v 203.7459 26.5855 1.01722
v 203.7433 26.5873 1.005424
v 203.7355 26.6005 1.0103
v 203.7438 26.5723 0.9941
v 203.7367 26.5871 0.997

# 16 faces
f -8 -7 -6 
f -8 -6 -7 
f -6 -7 -5 
f -6 -5 -7 
f -6 -5 -4 
f -6 -4 -5 
f -5 -3 -4 
f -5 -4 -3 
f -6 -2 -8 
f -6 -8 -2 
f -2 -6 -4 
f -2 -4 -6 
f -1 -2 -4 
f -1 -4 -2 
f -1 -4 -3 
f -1 -3 -4 

g onion_Mrstm
s off

usemtl onion_Mrstm

# 8 vertices
v 203.7541 26.5568 0.9991
v 203.7586 26.5746 1.0042
v 203.7492 26.5717 1.002411
v 203.7558 26.5904 1.008742
v 203.7441 26.5872 1.007151
v 203.7406 26.6012 1.01418
v 203.7404 26.5689 1.005129
v 203.7347 26.5836 1.01069

# 16 faces
f -8 -7 -6 
f -8 -6 -7 
f -6 -7 -5 
f -6 -5 -7 
f -6 -5 -4 
f -6 -4 -5 
f -5 -3 -4 
f -5 -4 -3 
f -6 -2 -8 
f -6 -8 -2 
f -2 -6 -4 
f -2 -4 -6 
f -1 -2 -4 
f -1 -4 -2 
f -1 -4 -3 
f -1 -3 -4 

g onion_Mrstm
s off

usemtl onion_Mrstm

# 8 vertices
v 203.7541 26.5568 0.9991
v 203.7534 26.5752 0.9942
v 203.7495 26.5717 1.002809
v 203.7504 26.5914 0.9962
v 203.7459 26.5877 1.00699
v 203.7453 26.6034 1.01075
v 203.7496 26.5702 1.01229
v 203.7468 26.5858 1.01745

# 16 faces
f -8 -7 -6 
f -8 -6 -7 
f -6 -7 -5 
f -6 -5 -7 
f -6 -5 -4 
f -6 -4 -5 
f -5 -3 -4 
f -5 -4 -3 
f -6 -2 -8 
f -6 -8 -2 
f -2 -6 -4 
f -2 -4 -6 
f -1 -2 -4 
f -1 -4 -2 
f -1 -4 -3 
f -1 -3 -4 

g onion_Mrstm
s off

usemtl onion_Mrstm

# 8 vertices
v 203.7541 26.5568 0.9991
v 203.7428 26.5717 0.9955
v 203.75 26.5719 1.002631
v 203.7373 26.5873 0.9968
v 203.7462 26.5882 1.0052
v 203.7434 26.604 1.004842
v 203.7587 26.5743 1.005986
v 203.7562 26.5906 1.008224

# 16 faces
f -8 -7 -6 
f -8 -6 -7 
f -6 -7 -5 
f -6 -5 -7 
f -6 -5 -4 
f -6 -4 -5 
f -5 -3 -4 
f -5 -4 -3 
f -6 -2 -8 
f -6 -8 -2 
f -2 -6 -4 
f -2 -4 -6 
f -1 -2 -4 
f -1 -4 -2 
f -1 -4 -3 
f -1 -3 -4 

g onion_Mrstm
s off

usemtl onion_Mrstm

# 8 vertices
v 203.7541 26.5568 0.9991
v 203.7413 26.569 1.006393
v 203.7499 26.572 1.002121
v 203.7346 26.5837 1.00976
v 203.7446 26.588 1.004237
v 203.7374 26.6023 1.004561
v 203.7551 26.5756 0.9948
v 203.75 26.5914 0.9956

# 16 faces
f -8 -7 -6 
f -8 -6 -7 
f -6 -7 -5 
f -6 -5 -7 
f -6 -5 -4 
f -6 -4 -5 
f -5 -3 -4 
f -5 -4 -3 
f -6 -2 -8 
f -6 -8 -2 
f -2 -6 -4 
f -2 -4 -6 
f -1 -2 -4 
f -1 -4 -2 
f -1 -4 -3 
f -1 -3 -4 

g onion_Mrstm
s off

usemtl onion_Mrstm

# 8 vertices
v 203.7541 26.5568 0.9991
v 203.751 26.5707 1.01182
v 203.7494 26.5719 1.00198
v 203.7459 26.5855 1.01722
v 203.7433 26.5873 1.005424
v 203.7355 26.6005 1.0103
v 203.7438 26.5723 0.9941
v 203.7367 26.5871 0.997

# 16 faces
f -8 -7 -6 
f -8 -6 -7 
f -6 -7 -5 
f -6 -5 -7 
f -6 -5 -4 
f -6 -4 -5 
f -5 -3 -4 
f -5 -4 -3 
f -6 -2 -8 
f -6 -8 -2 
f -2 -6 -4 
f -2 -4 -6 
f -1 -2 -4 
f -1 -4 -2 
f -1 -4 -3 
f -1 -3 -4 

g onion_Intrnd
s off

usemtl onion_Intrnd

# 6 vertices
v 203.8642 26.4902 0.751
v 203.4775 26.5411 1.03586
v 203.9223 26.6382 1.207
v 203.7859 27.2872 0.5023
v 203.3992 27.338 0.7871
v 203.8439 27.4352 0.9583

# 6 faces
f -6 -3 -5 
f -5 -3 -2 
f -5 -2 -4 
f -4 -2 -1 
f -4 -1 -6 
f -6 -1 -3 

g onion_Petiole
s off

usemtl onion_Petiole

# 6 vertices
v 203.7502 27.2649 0.6077
v 203.4929 27.3656 0.7645
v 203.7854 27.4295 0.8771
v 203.8283 31.7055 -2.1147
v 203.571 31.8062 -1.9578
v 203.8635 31.8701 -1.8452

# 6 faces
f -6 -3 -5 
f -5 -3 -2 
f -5 -2 -4 
f -4 -2 -1 
f -4 -1 -6 
f -6 -1 -3 

g onion_Leaf
s off

usemtl onion_Leaf

# 12 vertices
v 203.7539 31.7943 -1.9719
v 203.5894 42.5733 -6.9572
v 204.3036 42.7177 -7.6159
v 203.6244 48.3882 -10.8869
v 204.3338 48.2609 -11.3791
v 204.5625 56.2288 -16.6698
v 205.4847 47.8729 -11.0643
v 205.2592 41.9975 -7.2387
v 205.1262 47.8159 -12.08222
v 205.2672 55.8299 -16.9954
v 203.2659 48.3312 -11.9048
v 203.4021 56.07355 -16.6515

# 20 faces
f -12 -11 -10 
f -12 -10 -11 
f -11 -9 -10 
f -11 -10 -9 
f -9 -8 -10 
f -9 -10 -8 
f -9 -7 -8 
f -9 -8 -7 
f -8 -7 -6 
f -8 -6 -7 
f -10 -8 -6 
f -10 -6 -8 
f -10 -6 -5 
f -10 -5 -6 
f -10 -5 -12 
f -10 -12 -5 
f -4 -7 -3 
f -4 -3 -7 
f -1 -7 -2 
f -1 -2 -7 

g onion_Petiole
s off

usemtl onion_Petiole

# 6 vertices
v 203.6106 27.3494 0.9223
v 203.8542 27.3879 0.722
v 203.5616 27.324 0.6094
v 202.5946 32.4522 0.6668
v 202.8382 32.4907 0.4665
v 202.5456 32.4268 0.3539

# 6 faces
f -6 -3 -5 
f -5 -3 -2 
f -5 -2 -4 
f -4 -2 -1 
f -4 -1 -6 
f -6 -1 -3 

g onion_Leaf
s off

usemtl onion_Leaf

# 12 vertices
v 202.6597 32.4566 0.4949
v 200.6313 43.991 -1.4824
v 199.8674 44.352 -0.9814
v 199.3466 50.8906 -1.5202
v 198.6449 50.9394 -1.003576
v 196.7123 60.3086 -1.1227
v 197.6005 50.2446 -0.9804
v 199.0772 43.3887 -0.8333
v 197.9064 50.8361 -0.1293
v 196.0728 60.04528 -0.5904
v 199.6526 51.4821 -0.669
v 197.8811 60.3791 -1.1145

# 20 faces
f -12 -11 -10 
f -12 -10 -11 
f -11 -9 -10 
f -11 -10 -9 
f -9 -8 -10 
f -9 -10 -8 
f -9 -7 -8 
f -9 -8 -7 
f -8 -7 -6 
f -8 -6 -7 
f -10 -8 -6 
f -10 -6 -8 
f -10 -6 -5 
f -10 -5 -6 
f -10 -5 -12 
f -10 -12 -5 
f -4 -7 -3 
f -4 -3 -7 
f -1 -7 -2 
f -1 -2 -7 

g onion_Mrstm
s off

usemtl onion_Mrstm

# 8 vertices
v 203.6758 27.3538 0.7504
v 203.6688 27.3666 0.7382
v 203.6746 27.3691 0.746
v 203.6668 27.3815 0.7313
v 203.6743 27.3851 0.7402
v 203.6751 27.3991 0.7324
v 203.683 27.3716 0.7499
v 203.6839 27.3872 0.7442

# 16 faces
f -8 -7 -6 
f -8 -6 -7 
f -6 -7 -5 
f -6 -5 -7 
f -6 -5 -4 
f -6 -4 -5 
f -5 -3 -4 
f -5 -4 -3 
f -6 -2 -8 
f -6 -8 -2 
f -2 -6 -4 
f -2 -4 -6 
f -1 -2 -4 
f -1 -4 -2 
f -1 -4 -3 
f -1 -3 -4 

g onion_Mrstm
s off

usemtl onion_Mrstm

# 8 vertices
v 203.6758 27.3538 0.7504
v 203.6651 27.3694 0.7484
v 203.6747 27.3689 0.7455
v 203.6614 27.3848 0.7434
v 203.6728 27.3846 0.7391
v 203.669 27.3982 0.7315
v 203.6816 27.368 0.7388
v 203.6801 27.3829 0.7315

# 16 faces
f -8 -7 -6 
f -8 -6 -7 
f -6 -7 -5 
f -6 -5 -7 
f -6 -5 -4 
f -6 -4 -5 
f -5 -3 -4 
f -5 -4 -3 
f -6 -2 -8 
f -6 -8 -2 
f -2 -6 -4 
f -2 -4 -6 
f -1 -2 -4 
f -1 -4 -2 
f -1 -4 -3 
f -1 -3 -4 

g onion_Mrstm
s off

usemtl onion_Mrstm

# 8 vertices
v 203.6758 27.3538 0.7504
v 203.674 27.3722 0.7547
v 203.6742 27.3688 0.7453
v 203.6715 27.3884 0.7518
v 203.6712 27.3847 0.7401
v 203.666 27.3995 0.7368
v 203.6701 27.3663 0.737
v 203.6661 27.3815 0.7313

# 16 faces
f -8 -7 -6 
f -8 -6 -7 
f -6 -7 -5 
f -6 -5 -7 
f -6 -5 -4 
f -6 -4 -5 
f -5 -3 -4 
f -5 -4 -3 
f -6 -2 -8 
f -6 -8 -2 
f -2 -6 -4 
f -2 -4 -6 
f -1 -2 -4 
f -1 -4 -2 
f -1 -4 -3 
f -1 -3 -4 

g onion_Mrstm
s off

usemtl onion_Mrstm

# 8 vertices
v 203.6758 27.3538 0.7504
v 203.6832 27.3712 0.7484
v 203.6739 27.3689 0.7456
v 203.6833 27.3874 0.7449
v 203.6717 27.3853 0.7419
v 203.6702 27.4013 0.7411
v 203.6643 27.3688 0.7469
v 203.6612 27.385 0.744

# 16 faces
f -8 -7 -6 
f -8 -6 -7 
f -6 -7 -5 
f -6 -5 -7 
f -6 -5 -4 
f -6 -4 -5 
f -5 -3 -4 
f -5 -4 -3 
f -6 -2 -8 
f -6 -8 -2 
f -2 -6 -4 
f -2 -4 -6 
f -1 -2 -4 
f -1 -4 -2 
f -1 -4 -3 
f -1 -3 -4 

g onion_Mrstm
s off

usemtl onion_Mrstm

# 8 vertices
v 203.6758 27.3538 0.7504
v 203.6802 27.3677 0.7382
v 203.6741 27.3691 0.7461
v 203.6806 27.3832 0.7322
v 203.6736 27.3855 0.7419
v 203.6759 27.401 0.7384
v 203.6722 27.3721 0.755
v 203.6721 27.3885 0.7521

# 16 faces
f -8 -7 -6 
f -8 -6 -7 
f -6 -7 -5 
f -6 -5 -7 
f -6 -5 -4 
f -6 -4 -5 
f -5 -3 -4 
f -5 -4 -3 
f -6 -2 -8 
f -6 -8 -2 
f -2 -6 -4 
f -2 -4 -6 
f -1 -2 -4 
f -1 -4 -2 
f -1 -4 -3 
f -1 -3 -4 

g onion_Mrstm
s off

usemtl onion_Mrstm

# 8 vertices
v 203.6758 27.3538 0.7504
v 203.6688 27.3666 0.7382
v 203.6746 27.3691 0.746
v 203.6668 27.3815 0.7313
v 203.6743 27.3851 0.7402
v 203.6751 27.3991 0.7324
v 203.683 27.3716 0.7499
v 203.6839 27.3872 0.7442

# 16 faces
f -8 -7 -6 
f -8 -6 -7 
f -6 -7 -5 
f -6 -5 -7 
f -6 -5 -4 
f -6 -4 -5 
f -5 -3 -4 
f -5 -4 -3 
f -6 -2 -8 
f -6 -8 -2 
f -2 -6 -4 
f -2 -4 -6 
f -1 -2 -4 
f -1 -4 -2 
f -1 -4 -3 
f -1 -3 -4 

g onion_Mrstm
s off

usemtl onion_Mrstm

# 8 vertices
v 203.6758 27.3538 0.7504
v 203.6651 27.3694 0.7484
v 203.6747 27.3689 0.7455
v 203.6614 27.3848 0.7434
v 203.6728 27.3846 0.7391
v 203.669 27.3982 0.7315
v 203.6816 27.368 0.7388
v 203.6801 27.3829 0.7315

# 16 faces
f -8 -7 -6 
f -8 -6 -7 
f -6 -7 -5 
f -6 -5 -7 
f -6 -5 -4 
f -6 -4 -5 
f -5 -3 -4 
f -5 -4 -3 
f -6 -2 -8 
f -6 -8 -2 
f -2 -6 -4 
f -2 -4 -6 
f -1 -2 -4 
f -1 -4 -2 
f -1 -4 -3 
f -1 -3 -4 

g onion_Mrstm
s off

usemtl onion_Mrstm

# 8 vertices
v 203.6758 27.3538 0.7504
v 203.674 27.3722 0.7547
v 203.6742 27.3688 0.7453
v 203.6715 27.3884 0.7518
v 203.6712 27.3847 0.7401
v 203.666 27.3995 0.7368
v 203.6701 27.3663 0.737
v 203.6661 27.3815 0.7313

# 16 faces
f -8 -7 -6 
f -8 -6 -7 
f -6 -7 -5 
f -6 -5 -7 
f -6 -5 -4 
f -6 -4 -5 
f -5 -3 -4 
f -5 -4 -3 
f -6 -2 -8 
f -6 -8 -2 
f -2 -6 -4 
f -2 -4 -6 
f -1 -2 -4 
f -1 -4 -2 
f -1 -4 -3 
f -1 -3 -4 

g onion_Mrstm
s off

usemtl onion_Mrstm

# 8 vertices
v 203.6758 27.3538 0.7504
v 203.6832 27.3712 0.7484
v 203.6739 27.3689 0.7456
v 203.6833 27.3874 0.7449
v 203.6717 27.3853 0.7419
v 203.6702 27.4013 0.7411
v 203.6643 27.3688 0.7469
v 203.6612 27.385 0.744

# 16 faces
f -8 -7 -6 
f -8 -6 -7 
f -6 -7 -5 
f -6 -5 -7 
f -6 -5 -4 
f -6 -4 -5 
f -5 -3 -4 
f -5 -4 -3 
f -6 -2 -8 
f -6 -8 -2 
f -2 -6 -4 
f -2 -4 -6 
f -1 -2 -4 
f -1 -4 -2 
f -1 -4 -3 
f -1 -3 -4 

g onion_Mrstm
s off

usemtl onion_Mrstm

# 8 vertices
v 203.6758 27.3538 0.7504
v 203.6802 27.3677 0.7382
v 203.6741 27.3691 0.7461
v 203.6806 27.3832 0.7322
v 203.6736 27.3855 0.7419
v 203.6759 27.401 0.7384
v 203.6722 27.3721 0.755
v 203.6721 27.3885 0.7521

# 16 faces
f -8 -7 -6 
f -8 -6 -7 
f -6 -7 -5 
f -6 -5 -7 
f -6 -5 -4 
f -6 -4 -5 
f -5 -3 -4 
f -5 -4 -3 
f -6 -2 -8 
f -6 -8 -2 
f -2 -6 -4 
f -2 -4 -6 
f -1 -2 -4 
f -1 -4 -2 
f -1 -4 -3 
f -1 -3 -4 

g onion_Intrnd
s off

usemtl onion_Intrnd

# 6 vertices
v 203.4692 27.2768 0.8777
v 203.8691 27.4599 0.8775
v 203.6861 27.3235 0.4979
v 203.1537 27.9657 0.7822
v 203.5536 28.1488 0.782
v 203.3706 28.01242 0.4024

# 6 faces
f -6 -3 -5 
f -5 -3 -2 
f -5 -2 -4 
f -4 -2 -1 
f -4 -1 -6 
f -6 -1 -3 

g onion_Petiole
s off

usemtl onion_Petiole

# 6 vertices
v 203.2796 27.9788 0.7167
v 203.4431 28.1063 0.7139
v 203.3569 28.04201 0.535
v 201.1903 30.6598 0.7604
v 201.3538 30.7872 0.7575
v 201.2675 30.7229 0.5786

# 6 faces
f -6 -3 -5 
f -5 -3 -2 
f -5 -2 -4 
f -4 -2 -1 
f -4 -1 -6 
f -6 -1 -3 

g onion_Leaf
s off

usemtl onion_Leaf

# 12 vertices
v 201.2709 30.7236 0.6986
v 197.0903 37.2296 0.1871
v 196.4569 37.1315 0.185
v 194.2172 40.7872 0.438
v 193.7117 40.525 0.4332
v 189.7399 45.336 0.6658
v 193.4316 39.919 -0.04057
v 196.3503 36.3948 -0.1557
v 193.1328 40.07159 0.5797
v 189.3621 44.9099 0.6584
v 193.9185 40.9397 1.05835
v 190.2756 45.614 1.1344

# 20 faces
f -12 -11 -10 
f -12 -10 -11 
f -11 -9 -10 
f -11 -10 -9 
f -9 -8 -10 
f -9 -10 -8 
f -9 -7 -8 
f -9 -8 -7 
f -8 -7 -6 
f -8 -6 -7 
f -10 -8 -6 
f -10 -6 -8 
f -10 -6 -5 
f -10 -5 -6 
f -10 -5 -12 
f -10 -12 -5 
f -4 -7 -3 
f -4 -3 -7 
f -1 -7 -2 
f -1 -2 -7 

g onion_Petiole
s off

usemtl onion_Petiole

# 6 vertices
v 203.4673 28.04881 0.6011
v 203.2644 28.00754 0.592
v 203.3506 28.07185 0.7709
v 202.8495 31.2781 -0.2616
v 202.6465 31.2368 -0.2708
v 202.7328 31.3011 -0.09189

# 6 faces
f -6 -3 -5 
f -5 -3 -2 
f -5 -2 -4 
f -4 -2 -1 
f -4 -1 -6 
f -6 -1 -3 

g onion_Leaf
s off

usemtl onion_Leaf

# 12 vertices
v 202.7424 31.272 -0.2078
v 200.5934 38.5848 -1.6118
v 201.0835 38.9959 -1.6531
v 199.8598 42.9015 -2.9542
v 200.3876 43.115 -2.9427
v 199.4414 49.04101 -4.6636
v 200.9749 43.05047 -2.3759
v 201.6677 38.6901 -1.1678
v 201.122 43.2289 -3.04212
v 200.007 49.05696 -4.5993
v 200.0069 43.08 -3.6204
v 198.9298 48.7104 -5.1248

# 20 faces
f -12 -11 -10 
f -12 -10 -11 
f -11 -9 -10 
f -11 -10 -9 
f -9 -8 -10 
f -9 -10 -8 
f -9 -7 -8 
f -9 -8 -7 
f -8 -7 -6 
f -8 -6 -7 
f -10 -8 -6 
f -10 -6 -8 
f -10 -6 -5 
f -10 -5 -6 
f -10 -5 -12 
f -10 -12 -5 
f -4 -7 -3 
f -4 -3 -7 
f -1 -7 -2 
f -1 -2 -7 

g onion_Mrstm
s off

usemtl onion_Mrstm

# 8 vertices
v 203.3603 28.0427 0.6549
v 203.3528 28.05853 0.6624
v 203.3536 28.05705 0.6525
v 203.345 28.07321 0.6623
v 203.3453 28.07169 0.6502
v 203.3354 28.08428 0.6495
v 203.3501 28.05476 0.6438
v 203.3411 28.06848 0.641

# 16 faces
f -8 -7 -6 
f -8 -6 -7 
f -6 -7 -5 
f -6 -5 -7 
f -6 -5 -4 
f -6 -4 -5 
f -5 -3 -4 
f -5 -4 -3 
f -6 -2 -8 
f -6 -8 -2 
f -2 -6 -4 
f -2 -4 -6 
f -1 -2 -4 
f -1 -4 -2 
f -1 -4 -3 
f -1 -3 -4 

g onion_Mrstm
s off

usemtl onion_Mrstm

# 8 vertices
v 203.3603 28.0427 0.6549
v 203.3615 28.06167 0.6561
v 203.3532 28.05695 0.6529
v 203.3561 28.07736 0.6555
v 203.3457 28.07209 0.652
v 203.339 28.08659 0.6541
v 203.3443 28.05352 0.654
v 203.336 28.06794 0.654

# 16 faces
f -8 -7 -6 
f -8 -6 -7 
f -6 -7 -5 
f -6 -5 -7 
f -6 -5 -4 
f -6 -4 -5 
f -5 -3 -4 
f -5 -4 -3 
f -6 -2 -8 
f -6 -8 -2 
f -2 -6 -4 
f -2 -4 -6 
f -1 -2 -4 
f -1 -4 -2 
f -1 -4 -3 
f -1 -3 -4 

g onion_Mrstm
s off

usemtl onion_Mrstm

# 8 vertices
v 203.3603 28.0427 0.6549
v 203.3592 28.05914 0.6454
v 203.3535 28.05711 0.6533
v 203.3543 28.07467 0.6423
v 203.3474 28.07289 0.6522
v 203.3443 28.08866 0.6515
v 203.3511 28.05781 0.6626
v 203.3455 28.0735 0.6627

# 16 faces
f -8 -7 -6 
f -8 -6 -7 
f -6 -7 -5 
f -6 -5 -7 
f -6 -5 -4 
f -6 -4 -5 
f -5 -3 -4 
f -5 -4 -3 
f -6 -2 -8 
f -6 -8 -2 
f -2 -6 -4 
f -2 -4 -6 
f -1 -2 -4 
f -1 -4 -2 
f -1 -4 -3 
f -1 -3 -4 

g onion_Mrstm
s off

usemtl onion_Mrstm

# 8 vertices
v 203.3603 28.0427 0.6549
v 203.349 28.05441 0.645
v 203.3539 28.05731 0.6532
v 203.342 28.06884 0.6407
v 203.3481 28.07299 0.6505
v 203.344 28.08765 0.6453
v 203.3611 28.06173 0.6579
v 203.3566 28.07752 0.6551

# 16 faces
f -8 -7 -6 
f -8 -6 -7 
f -6 -7 -5 
f -6 -5 -7 
f -6 -5 -4 
f -6 -4 -5 
f -5 -3 -4 
f -5 -4 -3 
f -6 -2 -8 
f -6 -8 -2 
f -2 -6 -4 
f -2 -4 -6 
f -1 -2 -4 
f -1 -4 -2 
f -1 -4 -3 
f -1 -3 -4 

g onion_Mrstm
s off

usemtl onion_Mrstm

# 8 vertices
v 203.3603 28.0427 0.6549
v 203.3449 28.05398 0.6554
v 203.354 28.05728 0.6527
v 203.3361 28.06787 0.6531
v 203.3469 28.07226 0.6492
v 203.3385 28.08495 0.644
v 203.3606 28.05991 0.6463
v 203.354 28.07449 0.6416

# 16 faces
f -8 -7 -6 
f -8 -6 -7 
f -6 -7 -5 
f -6 -5 -7 
f -6 -5 -4 
f -6 -4 -5 
f -5 -3 -4 
f -5 -4 -3 
f -6 -2 -8 
f -6 -8 -2 
f -2 -6 -4 
f -2 -4 -6 
f -1 -2 -4 
f -1 -4 -2 
f -1 -4 -3 
f -1 -3 -4 

g onion_Mrstm
s off

usemtl onion_Mrstm

# 8 vertices
v 203.3603 28.0427 0.6549
v 203.3528 28.05853 0.6624
v 203.3536 28.05705 0.6525
v 203.345 28.07321 0.6623
v 203.3453 28.07169 0.6502
v 203.3354 28.08428 0.6495
v 203.3501 28.05476 0.6438
v 203.3411 28.06848 0.641

# 16 faces
f -8 -7 -6 
f -8 -6 -7 
f -6 -7 -5 
f -6 -5 -7 
f -6 -5 -4 
f -6 -4 -5 
f -5 -3 -4 
f -5 -4 -3 
f -6 -2 -8 
f -6 -8 -2 
f -2 -6 -4 
f -2 -4 -6 
f -1 -2 -4 
f -1 -4 -2 
f -1 -4 -3 
f -1 -3 -4 

g onion_Mrstm
s off

usemtl onion_Mrstm

# 8 vertices
v 203.3603 28.0427 0.6549
v 203.3615 28.06167 0.6561
v 203.3532 28.05695 0.6529
v 203.3561 28.07736 0.6555
v 203.3457 28.07209 0.652
v 203.339 28.08659 0.6541
v 203.3443 28.05352 0.654
v 203.336 28.06794 0.654

# 16 faces
f -8 -7 -6 
f -8 -6 -7 
f -6 -7 -5 
f -6 -5 -7 
f -6 -5 -4 
f -6 -4 -5 
f -5 -3 -4 
f -5 -4 -3 
f -6 -2 -8 
f -6 -8 -2 
f -2 -6 -4 
f -2 -4 -6 
f -1 -2 -4 
f -1 -4 -2 
f -1 -4 -3 
f -1 -3 -4 

g onion_Mrstm
s off

usemtl onion_Mrstm

# 8 vertices
v 203.3603 28.0427 0.6549
v 203.3592 28.05914 0.6454
v 203.3535 28.05711 0.6533
v 203.3543 28.07467 0.6423
v 203.3474 28.07289 0.6522
v 203.3443 28.08866 0.6515
v 203.3511 28.05781 0.6626
v 203.3455 28.0735 0.6627

# 16 faces
f -8 -7 -6 
f -8 -6 -7 
f -6 -7 -5 
f -6 -5 -7 
f -6 -5 -4 
f -6 -4 -5 
f -5 -3 -4 
f -5 -4 -3 
f -6 -2 -8 
f -6 -8 -2 
f -2 -6 -4 
f -2 -4 -6 
f -1 -2 -4 
f -1 -4 -2 
f -1 -4 -3 
f -1 -3 -4 

g onion_Mrstm
s off

usemtl onion_Mrstm

# 8 vertices
v 203.3603 28.0427 0.6549
v 203.349 28.05441 0.645
v 203.3539 28.05731 0.6532
v 203.342 28.06884 0.6407
v 203.3481 28.07299 0.6505
v 203.344 28.08765 0.6453
v 203.3611 28.06173 0.6579
v 203.3566 28.07752 0.6551

# 16 faces
f -8 -7 -6 
f -8 -6 -7 
f -6 -7 -5 
f -6 -5 -7 
f -6 -5 -4 
f -6 -4 -5 
f -5 -3 -4 
f -5 -4 -3 
f -6 -2 -8 
f -6 -8 -2 
f -2 -6 -4 
f -2 -4 -6 
f -1 -2 -4 
f -1 -4 -2 
f -1 -4 -3 
f -1 -3 -4 

g onion_Mrstm
s off

usemtl onion_Mrstm

# 8 vertices
v 203.3603 28.0427 0.6549
v 203.3449 28.05398 0.6554
v 203.354 28.05728 0.6527
v 203.3361 28.06787 0.6531
v 203.3469 28.07226 0.6492
v 203.3385 28.08495 0.644
v 203.3606 28.05991 0.6463
v 203.354 28.07449 0.6416

# 16 faces
f -8 -7 -6 
f -8 -6 -7 
f -6 -7 -5 
f -6 -5 -7 
f -6 -5 -4 
f -6 -4 -5 
f -5 -3 -4 
f -5 -4 -3 
f -6 -2 -8 
f -6 -8 -2 
f -2 -6 -4 
f -2 -4 -6 
f -1 -2 -4 
f -1 -4 -2 
f -1 -4 -3 
f -1 -3 -4 

g onion_Intrnd
s off

usemtl onion_Intrnd

# 6 vertices
v 203.5791 28.08266 0.7078
v 203.2999 28.01801 0.4358
v 203.2048 28.02801 0.822
v 203.4667 28.7578 0.6626
v 203.1875 28.6932 0.3906
v 203.0925 28.7032 0.7769

# 6 faces
f -6 -3 -5 
f -5 -3 -2 
f -5 -2 -4 
f -4 -2 -1 
f -4 -1 -6 
f -6 -1 -3 

g onion_Petiole
s off

usemtl onion_Petiole

# 6 vertices
v 203.3193 28.7109 0.6276
v 203.228 28.7197 0.5386
v 203.1973 28.7229 0.6635
v 203.5234 30.7966 0.6238
v 203.4321 30.8054 0.5348
v 203.4014 30.8086 0.6597

# 6 faces
f -6 -3 -5 
f -5 -3 -2 
f -5 -2 -4 
f -4 -2 -1 
f -4 -1 -6 
f -6 -1 -3 

g onion_Leaf
s off

usemtl onion_Leaf

# 12 vertices
v 203.452 30.8036 0.606
v 203.3446 35.5803 0.5585
v 203.604 35.7486 0.8045
v 203.737 38.3759 0.504
v 203.984 38.4166 0.7503
v 204.5009 42.2306 0.7531
v 204.0197 38.2207 1.2141
v 203.6615 35.4216 1.1847
v 204.367 38.3796 1.006439
v 204.7354 42.1437 0.9996
v 204.0844 38.5347 0.2963
v 204.4402 42.1713 0.2897

# 20 faces
f -12 -11 -10 
f -12 -10 -11 
f -11 -9 -10 
f -11 -10 -9 
f -9 -8 -10 
f -9 -10 -8 
f -9 -7 -8 
f -9 -8 -7 
f -8 -7 -6 
f -8 -6 -7 
f -10 -8 -6 
f -10 -6 -8 
f -10 -6 -5 
f -10 -5 -6 
f -10 -5 -12 
f -10 -12 -5 
f -4 -7 -3 
f -4 -3 -7 
f -1 -7 -2 
f -1 -2 -7 

g onion_Petiole
s off

usemtl onion_Petiole

# 6 vertices
v 203.1829 28.686 0.5946
v 203.2645 28.7352 0.6798
v 203.2953 28.732 0.5548
v 202.317 30.5764 0.3326
v 202.3987 30.6256 0.4177
v 202.4294 30.6223 0.2928

# 6 faces
f -6 -3 -5 
f -5 -3 -2 
f -5 -2 -4 
f -4 -2 -1 
f -4 -1 -6 
f -6 -1 -3 

g onion_Leaf
s off

usemtl onion_Leaf

# 12 vertices
v 202.382 30.6082 0.3478
v 200.942 35.128 -0.2261
v 200.6476 35.1703 -0.4862
v 199.6679 37.6298 -0.5257
v 199.4264 37.5564 -0.7698
v 197.7073 40.9656 -1.2555
v 199.4658 37.3011 -1.2034
v 200.7068 34.7959 -0.8195
v 199.0814 37.365 -1.01066
v 197.5188 40.7766 -1.4835
v 199.2835 37.6936 -0.3329
v 197.7738 40.9896 -0.7897

# 20 faces
f -12 -11 -10 
f -12 -10 -11 
f -11 -9 -10 
f -11 -10 -9 
f -9 -8 -10 
f -9 -10 -8 
f -9 -7 -8 
f -9 -8 -7 
f -8 -7 -6 
f -8 -6 -7 
f -10 -8 -6 
f -10 -6 -8 
f -10 -6 -5 
f -10 -5 -6 
f -10 -5 -12 
f -10 -12 -5 
f -4 -7 -3 
f -4 -3 -7 
f -1 -7 -2 
f -1 -2 -7 

g onion_Mrstm
s off

usemtl onion_Mrstm

# 8 vertices
v 203.2479 28.7179 0.6098
v 203.252 28.7347 0.602
v 203.245 28.7336 0.6091
v 203.2513 28.7512 0.6001
v 203.2431 28.7505 0.6091
v 203.2442 28.7665 0.6098
v 203.2419 28.7341 0.6182
v 203.2403 28.7507 0.6194

# 16 faces
f -8 -7 -6 
f -8 -6 -7 
f -6 -7 -5 
f -6 -5 -7 
f -6 -5 -4 
f -6 -4 -5 
f -5 -3 -4 
f -5 -4 -3 
f -6 -2 -8 
f -6 -8 -2 
f -2 -6 -4 
f -2 -4 -6 
f -1 -2 -4 
f -1 -4 -2 
f -1 -4 -3 
f -1 -3 -4 

g onion_Mrstm
s off

usemtl onion_Mrstm

# 8 vertices
v 203.2479 28.7179 0.6098
v 203.241 28.7328 0.6002
v 203.2455 28.7337 0.6091
v 203.2382 28.7488 0.5969
v 203.2441 28.7505 0.6075
v 203.2443 28.7661 0.6035
v 203.253 28.7358 0.6148
v 203.2528 28.7524 0.6133

# 16 faces
f -8 -7 -6 
f -8 -6 -7 
f -6 -7 -5 
f -6 -5 -7 
f -6 -5 -4 
f -6 -4 -5 
f -5 -3 -4 
f -5 -4 -3 
f -6 -2 -8 
f -6 -8 -2 
f -2 -6 -4 
f -2 -4 -6 
f -1 -2 -4 
f -1 -4 -2 
f -1 -4 -3 
f -1 -3 -4 

g onion_Mrstm
s off

usemtl onion_Mrstm

# 8 vertices
v 203.2479 28.7179 0.6098
v 203.2358 28.7326 0.6101
v 203.2457 28.7337 0.6086
v 203.231 28.7484 0.6085
v 203.2428 28.7502 0.6061
v 203.2384 28.765 0.6015
v 203.2534 28.735 0.603
v 203.2511 28.7511 0.5994

# 16 faces
f -8 -7 -6 
f -8 -6 -7 
f -6 -7 -5 
f -6 -5 -7 
f -6 -5 -4 
f -6 -4 -5 
f -5 -3 -4 
f -5 -4 -3 
f -6 -2 -8 
f -6 -8 -2 
f -2 -6 -4 
f -2 -4 -6 
f -1 -2 -4 
f -1 -4 -2 
f -1 -4 -3 
f -1 -3 -4 

g onion_Mrstm
s off

usemtl onion_Mrstm

# 8 vertices
v 203.2479 28.7179 0.6098
v 203.2435 28.7344 0.6182
v 203.2452 28.7336 0.6083
v 203.2395 28.7505 0.6189
v 203.2411 28.75 0.6068
v 203.2347 28.7647 0.6065
v 203.2425 28.733 0.5991
v 203.2376 28.7487 0.5968

# 16 faces
f -8 -7 -6 
f -8 -6 -7 
f -6 -7 -5 
f -6 -5 -7 
f -6 -5 -4 
f -6 -4 -5 
f -5 -3 -4 
f -5 -4 -3 
f -6 -2 -8 
f -6 -8 -2 
f -2 -6 -4 
f -2 -4 -6 
f -1 -2 -4 
f -1 -4 -2 
f -1 -4 -3 
f -1 -3 -4 

g onion_Mrstm
s off

usemtl onion_Mrstm

# 8 vertices
v 203.2479 28.7179 0.6098
v 203.2535 28.7357 0.6132
v 203.2448 28.7335 0.6086
v 203.2521 28.7523 0.6139
v 203.2413 28.7501 0.6087
v 203.2381 28.7656 0.6116
v 203.2353 28.7324 0.6084
v 203.2308 28.7484 0.6091

# 16 faces
f -8 -7 -6 
f -8 -6 -7 
f -6 -7 -5 
f -6 -5 -7 
f -6 -5 -4 
f -6 -4 -5 
f -5 -3 -4 
f -5 -4 -3 
f -6 -2 -8 
f -6 -8 -2 
f -2 -6 -4 
f -2 -4 -6 
f -1 -2 -4 
f -1 -4 -2 
f -1 -4 -3 
f -1 -3 -4 

g onion_Mrstm
s off

usemtl onion_Mrstm

# 8 vertices
v 203.2479 28.7179 0.6098
v 203.252 28.7347 0.602
v 203.245 28.7336 0.6091
v 203.2513 28.7512 0.6001
v 203.2431 28.7505 0.6091
v 203.2442 28.7665 0.6098
v 203.2419 28.7341 0.6182
v 203.2403 28.7507 0.6194

# 16 faces
f -8 -7 -6 
f -8 -6 -7 
f -6 -7 -5 
f -6 -5 -7 
f -6 -5 -4 
f -6 -4 -5 
f -5 -3 -4 
f -5 -4 -3 
f -6 -2 -8 
f -6 -8 -2 
f -2 -6 -4 
f -2 -4 -6 
f -1 -2 -4 
f -1 -4 -2 
f -1 -4 -3 
f -1 -3 -4 

g onion_Mrstm
s off

usemtl onion_Mrstm

# 8 vertices
v 203.2479 28.7179 0.6098
v 203.241 28.7328 0.6002
v 203.2455 28.7337 0.6091
v 203.2382 28.7488 0.5969
v 203.2441 28.7505 0.6075
v 203.2443 28.7661 0.6035
v 203.253 28.7358 0.6148
v 203.2528 28.7524 0.6133

# 16 faces
f -8 -7 -6 
f -8 -6 -7 
f -6 -7 -5 
f -6 -5 -7 
f -6 -5 -4 
f -6 -4 -5 
f -5 -3 -4 
f -5 -4 -3 
f -6 -2 -8 
f -6 -8 -2 
f -2 -6 -4 
f -2 -4 -6 
f -1 -2 -4 
f -1 -4 -2 
f -1 -4 -3 
f -1 -3 -4 

g onion_Mrstm
s off

usemtl onion_Mrstm

# 8 vertices
v 203.2479 28.7179 0.6098
v 203.2358 28.7326 0.6101
v 203.2457 28.7337 0.6086
v 203.231 28.7484 0.6085
v 203.2428 28.7502 0.6061
v 203.2384 28.765 0.6015
v 203.2534 28.735 0.603
v 203.2511 28.7511 0.5994

# 16 faces
f -8 -7 -6 
f -8 -6 -7 
f -6 -7 -5 
f -6 -5 -7 
f -6 -5 -4 
f -6 -4 -5 
f -5 -3 -4 
f -5 -4 -3 
f -6 -2 -8 
f -6 -8 -2 
f -2 -6 -4 
f -2 -4 -6 
f -1 -2 -4 
f -1 -4 -2 
f -1 -4 -3 
f -1 -3 -4 

g onion_Mrstm
s off

usemtl onion_Mrstm

# 8 vertices
v 203.2479 28.7179 0.6098
v 203.2435 28.7344 0.6182
v 203.2452 28.7336 0.6083
v 203.2395 28.7505 0.6189
v 203.2411 28.75 0.6068
v 203.2347 28.7647 0.6065
v 203.2425 28.733 0.5991
v 203.2376 28.7487 0.5968

# 16 faces
f -8 -7 -6 
f -8 -6 -7 
f -6 -7 -5 
f -6 -5 -7 
f -6 -5 -4 
f -6 -4 -5 
f -5 -3 -4 
f -5 -4 -3 
f -6 -2 -8 
f -6 -8 -2 
f -2 -6 -4 
f -2 -4 -6 
f -1 -2 -4 
f -1 -4 -2 
f -1 -4 -3 
f -1 -3 -4 

g onion_Mrstm
s off

usemtl onion_Mrstm

# 8 vertices
v 203.2479 28.7179 0.6098
v 203.2535 28.7357 0.6132
v 203.2448 28.7335 0.6086
v 203.2521 28.7523 0.6139
v 203.2413 28.7501 0.6087
v 203.2381 28.7656 0.6116
v 203.2353 28.7324 0.6084
v 203.2308 28.7484 0.6091

# 16 faces
f -8 -7 -6 
f -8 -6 -7 
f -6 -7 -5 
f -6 -5 -7 
f -6 -5 -4 
f -6 -4 -5 
f -5 -3 -4 
f -5 -4 -3 
f -6 -2 -8 
f -6 -8 -2 
f -2 -6 -4 
f -2 -4 -6 
f -1 -2 -4 
f -1 -4 -2 
f -1 -4 -3 
f -1 -3 -4 

g onion_Intrnd
s off

usemtl onion_Intrnd

# 6 vertices
v 203.151 28.6315 0.454
v 203.151 28.743 0.7861
v 203.4402 28.7778 0.5871
v 202.9588 29.1786 0.2703
v 202.9587 29.2901 0.6025
v 203.248 29.3249 0.4035

# 6 faces
f -6 -3 -5 
f -5 -3 -2 
f -5 -2 -4 
f -4 -2 -1 
f -4 -1 -6 
f -6 -1 -3 

g onion_Petiole
s off

usemtl onion_Petiole

# 6 vertices
v 203.0383 29.2349 0.3957
v 203.0313 29.2758 0.4639
v 203.0971 29.2837 0.4185
v 202.473 30.2205 -0.2531
v 202.466 30.2614 -0.1849
v 202.5319 30.2693 -0.2303

# 6 faces
f -6 -3 -5 
f -5 -3 -2 
f -5 -2 -4 
f -4 -2 -1 
f -4 -1 -6 
f -6 -1 -3 

g onion_Leaf
s off

usemtl onion_Leaf

# 12 vertices
v 202.4904 30.2506 -0.2226
v 201.3945 32.7169 -1.4937
v 201.3663 32.6992 -1.7382
v 200.5705 33.9969 -2.3826
v 200.5769 33.9189 -2.5874
v 199.4937 35.669 -3.8277
v 200.8137 33.7887 -2.7494
v 201.5887 32.4978 -1.8344
v 200.5547 33.7519 -2.8217
v 199.5346 35.5307 -3.9928
v 200.3114 33.9602 -2.4549
v 199.326 35.6786 -3.5863

# 20 faces
f -12 -11 -10 
f -12 -10 -11 
f -11 -9 -10 
f -11 -10 -9 
f -9 -8 -10 
f -9 -10 -8 
f -9 -7 -8 
f -9 -8 -7 
f -8 -7 -6 
f -8 -6 -7 
f -10 -8 -6 
f -10 -6 -8 
f -10 -6 -5 
f -10 -5 -6 
f -10 -5 -12 
f -10 -12 -5 
f -4 -7 -3 
f -4 -3 -7 
f -1 -7 -2 
f -1 -2 -7 

g onion_Petiole
s off

usemtl onion_Petiole

# 6 vertices
v 203.0808 29.2728 0.4641
v 203.0762 29.265 0.3848
v 203.0103 29.2571 0.4301
v 202.8489 30.5556 0.3516
v 202.8443 30.5478 0.2723
v 202.7784 30.5399 0.3176

# 6 faces
f -6 -3 -5 
f -5 -3 -2 
f -5 -2 -4 
f -4 -2 -1 
f -4 -1 -6 
f -6 -1 -3 

g onion_Leaf
s off

usemtl onion_Leaf

# 12 vertices
v 202.8237 30.5477 0.3137
v 202.0559 33.3852 -0.1953
v 202.0418 33.523 0.008773
v 201.8178 35.1273 -0.3208
v 201.818 35.1867 -0.1098
v 201.4531 37.5575 -0.2527
v 201.6716 35.05956 0.1385
v 201.96 33.3243 0.2393
v 201.886 35.2233 0.1682
v 201.4675 37.5384 -0.03479
v 202.0322 35.2911 -0.2912
v 201.6279 37.5277 -0.4873

# 20 faces
f -12 -11 -10 
f -12 -10 -11 
f -11 -9 -10 
f -11 -10 -9 
f -9 -8 -10 
f -9 -10 -8 
f -9 -7 -8 
f -9 -8 -7 
f -8 -7 -6 
f -8 -6 -7 
f -10 -8 -6 
f -10 -6 -8 
f -10 -6 -5 
f -10 -5 -6 
f -10 -5 -12 
f -10 -12 -5 
f -4 -7 -3 
f -4 -3 -7 
f -1 -7 -2 
f -1 -2 -7 

g onion_Mrstm
s off

usemtl onion_Mrstm

# 8 vertices
v 203.0556 29.265 0.4262
v 203.0413 29.2768 0.4219
v 203.051 29.2795 0.4212
v 203.0342 29.2907 0.4163
v 203.0458 29.2942 0.4148
v 203.0397 29.3066 0.4066
v 203.0591 29.2811 0.4163
v 203.0547 29.2954 0.4089

# 16 faces
f -8 -7 -6 
f -8 -6 -7 
f -6 -7 -5 
f -6 -5 -7 
f -6 -5 -4 
f -6 -4 -5 
f -5 -3 -4 
f -5 -4 -3 
f -6 -2 -8 
f -6 -8 -2 
f -2 -6 -4 
f -2 -4 -6 
f -1 -2 -4 
f -1 -4 -2 
f -1 -4 -3 
f -1 -3 -4 

g onion_Mrstm
s off

usemtl onion_Mrstm

# 8 vertices
v 203.0556 29.265 0.4262
v 203.0474 29.2817 0.4301
v 203.0506 29.2792 0.4209
v 203.0407 29.2965 0.4268
v 203.0441 29.2938 0.4154
v 203.0353 29.3066 0.4111
v 203.0494 29.2762 0.4119
v 203.0422 29.2899 0.4056

# 16 faces
f -8 -7 -6 
f -8 -6 -7 
f -6 -7 -5 
f -6 -5 -7 
f -6 -5 -4 
f -6 -4 -5 
f -5 -3 -4 
f -5 -4 -3 
f -6 -2 -8 
f -6 -8 -2 
f -2 -6 -4 
f -2 -4 -6 
f -1 -2 -4 
f -1 -4 -2 
f -1 -4 -3 
f -1 -3 -4 

g onion_Mrstm
s off

usemtl onion_Mrstm

# 8 vertices
v 203.0556 29.265 0.4262
v 203.0576 29.2839 0.426
v 203.0502 29.2792 0.4212
v 203.0534 29.2996 0.4228
v 203.0439 29.2944 0.4172
v 203.0378 29.3092 0.4162
v 203.0411 29.2762 0.4202
v 203.0339 29.2908 0.4169

# 16 faces
f -8 -7 -6 
f -8 -6 -7 
f -6 -7 -5 
f -6 -5 -7 
f -6 -5 -4 
f -6 -4 -5 
f -5 -3 -4 
f -5 -4 -3 
f -6 -2 -8 
f -6 -8 -2 
f -2 -6 -4 
f -2 -4 -6 
f -1 -2 -4 
f -1 -4 -2 
f -1 -4 -3 
f -1 -3 -4 

g onion_Mrstm
s off

usemtl onion_Mrstm

# 8 vertices
v 203.0556 29.265 0.4262
v 203.058 29.2804 0.4154
v 203.0503 29.2794 0.4217
v 203.0549 29.2958 0.4098
v 203.0456 29.2952 0.4177
v 203.0437 29.3109 0.4149
v 203.0457 29.281 0.4299
v 203.0412 29.2968 0.4273

# 16 faces
f -8 -7 -6 
f -8 -6 -7 
f -6 -7 -5 
f -6 -5 -7 
f -6 -5 -4 
f -6 -4 -5 
f -5 -3 -4 
f -5 -4 -3 
f -6 -2 -8 
f -6 -8 -2 
f -2 -6 -4 
f -2 -4 -6 
f -1 -2 -4 
f -1 -4 -2 
f -1 -4 -3 
f -1 -3 -4 

g onion_Mrstm
s off

usemtl onion_Mrstm

# 8 vertices
v 203.0556 29.265 0.4262
v 203.048 29.276 0.4127
v 203.0508 29.2795 0.4217
v 203.0431 29.2902 0.4056
v 203.0468 29.2951 0.4162
v 203.045 29.3093 0.409
v 203.0567 29.2841 0.4276
v 203.054 29.2997 0.4225

# 16 faces
f -8 -7 -6 
f -8 -6 -7 
f -6 -7 -5 
f -6 -5 -7 
f -6 -5 -4 
f -6 -4 -5 
f -5 -3 -4 
f -5 -4 -3 
f -6 -2 -8 
f -6 -8 -2 
f -2 -6 -4 
f -2 -4 -6 
f -1 -2 -4 
f -1 -4 -2 
f -1 -4 -3 
f -1 -3 -4 

g onion_Mrstm
s off

usemtl onion_Mrstm

# 8 vertices
v 203.0556 29.265 0.4262
v 203.0413 29.2768 0.4219
v 203.051 29.2795 0.4212
v 203.0342 29.2907 0.4163
v 203.0458 29.2942 0.4148
v 203.0397 29.3066 0.4066
v 203.0591 29.2811 0.4163
v 203.0547 29.2954 0.4089

# 16 faces
f -8 -7 -6 
f -8 -6 -7 
f -6 -7 -5 
f -6 -5 -7 
f -6 -5 -4 
f -6 -4 -5 
f -5 -3 -4 
f -5 -4 -3 
f -6 -2 -8 
f -6 -8 -2 
f -2 -6 -4 
f -2 -4 -6 
f -1 -2 -4 
f -1 -4 -2 
f -1 -4 -3 
f -1 -3 -4 

g onion_Mrstm
s off

usemtl onion_Mrstm

# 8 vertices
v 203.0556 29.265 0.4262
v 203.0474 29.2817 0.4301
v 203.0506 29.2792 0.4209
v 203.0407 29.2965 0.4268
v 203.0441 29.2938 0.4154
v 203.0353 29.3066 0.4111
v 203.0494 29.2762 0.4119
v 203.0422 29.2899 0.4056

# 16 faces
f -8 -7 -6 
f -8 -6 -7 
f -6 -7 -5 
f -6 -5 -7 
f -6 -5 -4 
f -6 -4 -5 
f -5 -3 -4 
f -5 -4 -3 
f -6 -2 -8 
f -6 -8 -2 
f -2 -6 -4 
f -2 -4 -6 
f -1 -2 -4 
f -1 -4 -2 
f -1 -4 -3 
f -1 -3 -4 

g onion_Mrstm
s off

usemtl onion_Mrstm

# 8 vertices
v 203.0556 29.265 0.4262
v 203.0576 29.2839 0.426
v 203.0502 29.2792 0.4212
v 203.0534 29.2996 0.4228
v 203.0439 29.2944 0.4172
v 203.0378 29.3092 0.4162
v 203.0411 29.2762 0.4202
v 203.0339 29.2908 0.4169

# 16 faces
f -8 -7 -6 
f -8 -6 -7 
f -6 -7 -5 
f -6 -5 -7 
f -6 -5 -4 
f -6 -4 -5 
f -5 -3 -4 
f -5 -4 -3 
f -6 -2 -8 
f -6 -8 -2 
f -2 -6 -4 
f -2 -4 -6 
f -1 -2 -4 
f -1 -4 -2 
f -1 -4 -3 
f -1 -3 -4 

g onion_Mrstm
s off

usemtl onion_Mrstm

# 8 vertices
v 203.0556 29.265 0.4262
v 203.058 29.2804 0.4154
v 203.0503 29.2794 0.4217
v 203.0549 29.2958 0.4098
v 203.0456 29.2952 0.4177
v 203.0437 29.3109 0.4149
v 203.0457 29.281 0.4299
v 203.0412 29.2968 0.4273

# 16 faces
f -8 -7 -6 
f -8 -6 -7 
f -6 -7 -5 
f -6 -5 -7 
f -6 -5 -4 
f -6 -4 -5 
f -5 -3 -4 
f -5 -4 -3 
f -6 -2 -8 
f -6 -8 -2 
f -2 -6 -4 
f -2 -4 -6 
f -1 -2 -4 
f -1 -4 -2 
f -1 -4 -3 
f -1 -3 -4 

g onion_Mrstm
s off

usemtl onion_Mrstm

# 8 vertices
v 203.0556 29.265 0.4262
v 203.048 29.276 0.4127
v 203.0508 29.2795 0.4217
v 203.0431 29.2902 0.4056
v 203.0468 29.2951 0.4162
v 203.045 29.3093 0.409
v 203.0567 29.2841 0.4276
v 203.054 29.2997 0.4225

# 16 faces
f -8 -7 -6 
f -8 -6 -7 
f -6 -7 -5 
f -6 -5 -7 
f -6 -5 -4 
f -6 -4 -5 
f -5 -3 -4 
f -5 -4 -3 
f -6 -2 -8 
f -6 -8 -2 
f -2 -6 -4 
f -2 -4 -6 
f -1 -2 -4 
f -1 -4 -2 
f -1 -4 -3 
f -1 -3 -4 

g onion_Intrnd
s off

usemtl onion_Intrnd

# 6 vertices
v 203.0497 29.2328 0.6
v 203.2014 29.3361 0.3556
v 202.9158 29.2255 0.3254
v 202.853 29.7185 0.6831
v 203.0047 29.8217 0.4387
v 202.7191 29.7112 0.4085

# 6 faces
f -6 -3 -5 
f -5 -3 -2 
f -5 -2 -4 
f -4 -2 -1 
f -4 -1 -6 
f -6 -1 -3 

g onion_Petiole
s off

usemtl onion_Petiole

# 6 vertices
v 202.8619 29.732 0.5496
v 202.8934 29.7737 0.4933
v 202.8216 29.7459 0.4857
v 202.4005 30.7823 1.07003
v 202.432 30.824 1.01374
v 202.3602 30.7962 1.006148

# 6 faces
f -6 -3 -5 
f -5 -3 -2 
f -5 -2 -4 
f -4 -2 -1 
f -4 -1 -6 
f -6 -1 -3 

g onion_Leaf
s off

usemtl onion_Leaf

# 12 vertices
v 202.3976 30.8009 1.02978
v 201.2751 33.2991 1.8946
v 201.1435 33.2823 2.09165
v 200.7009 34.7032 2.6556
v 200.5975 34.6222 2.8207
v 199.7702 36.5196 3.8542
v 200.4027 34.3901 2.8367
v 201.0275 33.00205 2.08825
v 200.5277 34.4788 3.04835
v 199.6951 36.3743 3.9875
v 200.8259 34.7919 2.8672
v 200.0214 36.6232 3.7746

# 20 faces
f -12 -11 -10 
f -12 -10 -11 
f -11 -9 -10 
f -11 -10 -9 
f -9 -8 -10 
f -9 -10 -8 
f -9 -7 -8 
f -9 -8 -7 
f -8 -7 -6 
f -8 -6 -7 
f -10 -8 -6 
f -10 -6 -8 
f -10 -6 -5 
f -10 -5 -6 
f -10 -5 -12 
f -10 -12 -5 
f -4 -7 -3 
f -4 -3 -7 
f -1 -7 -2 
f -1 -2 -7 

g onion_Petiole
s off

usemtl onion_Petiole

# 6 vertices
v 202.8648 29.7475 0.4653
v 202.8202 29.7382 0.5272
v 202.892 29.766 0.5348
v 202.4259 30.92 0.3254
v 202.3813 30.9107 0.3872
v 202.4532 30.9385 0.3948

# 6 faces
f -6 -3 -5 
f -5 -3 -2 
f -5 -2 -4 
f -4 -2 -1 
f -4 -1 -6 
f -6 -1 -3 

g onion_Leaf
s off

usemtl onion_Leaf

# 12 vertices
v 202.4201 30.9231 0.3694
v 201.4378 33.6219 0.3941
v 201.5217 33.7564 0.2173
v 200.8127 35.1791 0.1401
v 200.9235 35.2419 -0.02819
v 200.1154 37.3825 -0.3704
v 201.2204 35.2218 -0.08727
v 201.7965 33.6446 0.1535
v 201.0449 35.2576 -0.2776
v 200.253 37.3736 -0.5301
v 200.6373 35.2149 -0.05022
v 199.8721 37.2592 -0.2942

# 20 faces
f -12 -11 -10 
f -12 -10 -11 
f -11 -9 -10 
f -11 -10 -9 
f -9 -8 -10 
f -9 -10 -8 
f -9 -7 -8 
f -9 -8 -7 
f -8 -7 -6 
f -8 -6 -7 
f -10 -8 -6 
f -10 -6 -8 
f -10 -6 -5 
f -10 -5 -6 
f -10 -5 -12 
f -10 -12 -5 
f -4 -7 -3 
f -4 -3 -7 
f -1 -7 -2 
f -1 -2 -7 

g onion_Mrstm
s off

usemtl onion_Mrstm

# 8 vertices
v 202.8589 29.7506 0.5093
v 202.8603 29.7677 0.5176
v 202.8526 29.7651 0.5116
v 202.8553 29.7829 0.5221
v 202.8456 29.7801 0.5153
v 202.8389 29.7933 0.5215
v 202.8436 29.7623 0.51
v 202.8356 29.7763 0.514

# 16 faces
f -8 -7 -6 
f -8 -6 -7 
f -6 -7 -5 
f -6 -5 -7 
f -6 -5 -4 
f -6 -4 -5 
f -5 -3 -4 
f -5 -4 -3 
f -6 -2 -8 
f -6 -8 -2 
f -2 -6 -4 
f -2 -4 -6 
f -1 -2 -4 
f -1 -4 -2 
f -1 -4 -3 
f -1 -3 -4 

g onion_Mrstm
s off

usemtl onion_Mrstm

# 8 vertices
v 202.8589 29.7506 0.5093
v 202.8599 29.7694 0.5065
v 202.8528 29.7651 0.5121
v 202.8558 29.7854 0.5087
v 202.8472 29.7806 0.516
v 202.8446 29.7958 0.5208
v 202.8488 29.7625 0.5205
v 202.8435 29.7775 0.5255

# 16 faces
f -8 -7 -6 
f -8 -6 -7 
f -6 -7 -5 
f -6 -5 -7 
f -6 -5 -4 
f -6 -4 -5 
f -5 -3 -4 
f -5 -4 -3 
f -6 -2 -8 
f -6 -8 -2 
f -2 -6 -4 
f -2 -4 -6 
f -1 -2 -4 
f -1 -4 -2 
f -1 -4 -3 
f -1 -3 -4 

g onion_Mrstm
s off

usemtl onion_Mrstm

# 8 vertices
v 202.8589 29.7506 0.5093
v 202.8498 29.766 0.5028
v 202.8532 29.7653 0.5122
v 202.8439 29.7815 0.5032
v 202.8482 29.7813 0.5146
v 202.8454 29.7971 0.5147
v 202.8595 29.7671 0.5192
v 202.8559 29.7831 0.5219

# 16 faces
f -8 -7 -6 
f -8 -6 -7 
f -6 -7 -5 
f -6 -5 -7 
f -6 -5 -4 
f -6 -4 -5 
f -5 -3 -4 
f -5 -4 -3 
f -6 -2 -8 
f -6 -8 -2 
f -2 -6 -4 
f -2 -4 -6 
f -1 -2 -4 
f -1 -4 -2 
f -1 -4 -3 
f -1 -3 -4 

g onion_Mrstm
s off

usemtl onion_Mrstm

# 8 vertices
v 202.8589 29.7506 0.5093
v 202.8439 29.7621 0.5115
v 202.8534 29.7654 0.5117
v 202.8359 29.7766 0.5131
v 202.8472 29.7812 0.513
v 202.8401 29.7955 0.5116
v 202.8611 29.7697 0.5079
v 202.8557 29.7854 0.508

# 16 faces
f -8 -7 -6 
f -8 -6 -7 
f -6 -7 -5 
f -6 -5 -7 
f -6 -5 -4 
f -6 -4 -5 
f -5 -3 -4 
f -5 -4 -3 
f -6 -2 -8 
f -6 -8 -2 
f -2 -6 -4 
f -2 -4 -6 
f -1 -2 -4 
f -1 -4 -2 
f -1 -4 -3 
f -1 -3 -4 

g onion_Mrstm
s off

usemtl onion_Mrstm

# 8 vertices
v 202.8589 29.7506 0.5093
v 202.8503 29.7631 0.5208
v 202.853 29.7653 0.5114
v 202.8428 29.7774 0.5249
v 202.8456 29.7804 0.5134
v 202.8361 29.7932 0.5158
v 202.8513 29.7667 0.502
v 202.8433 29.7813 0.503

# 16 faces
f -8 -7 -6 
f -8 -6 -7 
f -6 -7 -5 
f -6 -5 -7 
f -6 -5 -4 
f -6 -4 -5 
f -5 -3 -4 
f -5 -4 -3 
f -6 -2 -8 
f -6 -8 -2 
f -2 -6 -4 
f -2 -4 -6 
f -1 -2 -4 
f -1 -4 -2 
f -1 -4 -3 
f -1 -3 -4 

g onion_Mrstm
s off

usemtl onion_Mrstm

# 8 vertices
v 202.8589 29.7506 0.5093
v 202.8603 29.7677 0.5176
v 202.8526 29.7651 0.5116
v 202.8553 29.7829 0.5221
v 202.8456 29.7801 0.5153
v 202.8389 29.7933 0.5215
v 202.8436 29.7623 0.51
v 202.8356 29.7763 0.514

# 16 faces
f -8 -7 -6 
f -8 -6 -7 
f -6 -7 -5 
f -6 -5 -7 
f -6 -5 -4 
f -6 -4 -5 
f -5 -3 -4 
f -5 -4 -3 
f -6 -2 -8 
f -6 -8 -2 
f -2 -6 -4 
f -2 -4 -6 
f -1 -2 -4 
f -1 -4 -2 
f -1 -4 -3 
f -1 -3 -4 

g onion_Mrstm
s off

usemtl onion_Mrstm

# 8 vertices
v 202.8589 29.7506 0.5093
v 202.8599 29.7694 0.5065
v 202.8528 29.7651 0.5121
v 202.8558 29.7854 0.5087
v 202.8472 29.7806 0.516
v 202.8446 29.7958 0.5208
v 202.8488 29.7625 0.5205
v 202.8435 29.7775 0.5255

# 16 faces
f -8 -7 -6 
f -8 -6 -7 
f -6 -7 -5 
f -6 -5 -7 
f -6 -5 -4 
f -6 -4 -5 
f -5 -3 -4 
f -5 -4 -3 
f -6 -2 -8 
f -6 -8 -2 
f -2 -6 -4 
f -2 -4 -6 
f -1 -2 -4 
f -1 -4 -2 
f -1 -4 -3 
f -1 -3 -4 

g onion_Mrstm
s off

usemtl onion_Mrstm

# 8 vertices
v 202.8589 29.7506 0.5093
v 202.8498 29.766 0.5028
v 202.8532 29.7653 0.5122
v 202.8439 29.7815 0.5032
v 202.8482 29.7813 0.5146
v 202.8454 29.7971 0.5147
v 202.8595 29.7671 0.5192
v 202.8559 29.7831 0.5219

# 16 faces
f -8 -7 -6 
f -8 -6 -7 
f -6 -7 -5 
f -6 -5 -7 
f -6 -5 -4 
f -6 -4 -5 
f -5 -3 -4 
f -5 -4 -3 
f -6 -2 -8 
f -6 -8 -2 
f -2 -6 -4 
f -2 -4 -6 
f -1 -2 -4 
f -1 -4 -2 
f -1 -4 -3 
f -1 -3 -4 

g onion_Mrstm
s off

usemtl onion_Mrstm

# 8 vertices
v 202.8589 29.7506 0.5093
v 202.8439 29.7621 0.5115
v 202.8534 29.7654 0.5117
v 202.8359 29.7766 0.5131
v 202.8472 29.7812 0.513
v 202.8401 29.7955 0.5116
v 202.8611 29.7697 0.5079
v 202.8557 29.7854 0.508

# 16 faces
f -8 -7 -6 
f -8 -6 -7 
f -6 -7 -5 
f -6 -5 -7 
f -6 -5 -4 
f -6 -4 -5 
f -5 -3 -4 
f -5 -4 -3 
f -6 -2 -8 
f -6 -8 -2 
f -2 -6 -4 
f -2 -4 -6 
f -1 -2 -4 
f -1 -4 -2 
f -1 -4 -3 
f -1 -3 -4 

g onion_Mrstm
s off

usemtl onion_Mrstm

# 8 vertices
v 202.8589 29.7506 0.5093
v 202.8503 29.7631 0.5208
v 202.853 29.7653 0.5114
v 202.8428 29.7774 0.5249
v 202.8456 29.7804 0.5134
v 202.8361 29.7932 0.5158
v 202.8513 29.7667 0.502
v 202.8433 29.7813 0.503

# 16 faces
f -8 -7 -6 
f -8 -6 -7 
f -6 -7 -5 
f -6 -5 -7 
f -6 -5 -4 
f -6 -4 -5 
f -5 -3 -4 
f -5 -4 -3 
f -6 -2 -8 
f -6 -8 -2 
f -2 -6 -4 
f -2 -4 -6 
f -1 -2 -4 
f -1 -4 -2 
f -1 -4 -3 
f -1 -3 -4 

g onion_Intrnd
s off

usemtl onion_Intrnd

# 6 vertices
v 202.9714 29.721 0.4131
v 202.7162 29.7463 0.4605
v 202.8909 29.7841 0.653
v 202.9948 30.1602 0.3054
v 202.7396 30.1855 0.3529
v 202.9144 30.2233 0.5454

# 6 faces
f -6 -3 -5 
f -5 -3 -2 
f -5 -2 -4 
f -4 -2 -1 
f -4 -1 -6 
f -6 -1 -3 

g onion_Petiole
s off

usemtl onion_Petiole

# 6 vertices
v 202.9137 30.1699 0.3772
v 202.8412 30.1941 0.3854
v 202.8927 30.2052 0.4421
v 203.2269 31.2816 -0.1255
v 203.1544 31.3058 -0.1172
v 203.2059 31.3169 -0.0606

# 6 faces
f -6 -3 -5 
f -5 -3 -2 
f -5 -2 -4 
f -4 -2 -1 
f -4 -1 -6 
f -6 -1 -3 

g onion_Leaf
s off

usemtl onion_Leaf

# 12 vertices
v 203.1956 31.3016 -0.101
v 203.7054 33.9786 -1.008154
v 203.9309 34.0172 -1.07192
v 204.14 35.4405 -1.7525
v 204.3463 35.4111 -1.7856
v 204.971 37.4113 -2.766
v 204.5618 35.3027 -1.6015
v 204.097 33.8294 -0.901
v 204.5929 35.3075 -1.8609
v 205.1582 37.3139 -2.7683
v 204.1711 35.4454 -2.01202
v 204.7172 37.3837 -2.8886

# 20 faces
f -12 -11 -10 
f -12 -10 -11 
f -11 -9 -10 
f -11 -10 -9 
f -9 -8 -10 
f -9 -10 -8 
f -9 -7 -8 
f -9 -8 -7 
f -8 -7 -6 
f -8 -6 -7 
f -10 -8 -6 
f -10 -6 -8 
f -10 -6 -5 
f -10 -5 -6 
f -10 -5 -12 
f -10 -12 -5 
f -4 -7 -3 
f -4 -3 -7 
f -1 -7 -2 
f -1 -2 -7 

g onion_Petiole
s off

usemtl onion_Petiole

# 6 vertices
v 202.8499 30.1867 0.4318
v 202.9242 30.1969 0.4152
v 202.8727 30.1858 0.3585
v 202.6626 31.4302 0.3576
v 202.7368 31.4404 0.3409
v 202.6854 31.4293 0.2842

# 6 faces
f -6 -3 -5 
f -5 -3 -2 
f -5 -2 -4 
f -4 -2 -1 
f -4 -1 -6 
f -6 -1 -3 

g onion_Leaf
s off

usemtl onion_Leaf

# 12 vertices
v 202.6951 31.4333 0.3274
v 202.4796 34.263 -0.1145
v 202.2607 34.3491 -0.08134
v 202.2127 35.9389 -0.1389
v 202.0053 35.9489 -0.1011
v 201.6094 38.2273 -0.1689
v 201.7756 35.7901 -0.2197
v 202.0725 34.1214 -0.1504
v 201.7515 35.9172 0.007376
v 201.4134 38.1613 -0.1266
v 202.1886 36.06595 0.0882
v 201.862 38.2339 -0.04127

# 20 faces
f -12 -11 -10 
f -12 -10 -11 
f -11 -9 -10 
f -11 -10 -9 
f -9 -8 -10 
f -9 -10 -8 
f -9 -7 -8 
f -9 -8 -7 
f -8 -7 -6 
f -8 -6 -7 
f -10 -8 -6 
f -10 -6 -8 
f -10 -6 -5 
f -10 -5 -6 
f -10 -5 -12 
f -10 -12 -5 
f -4 -7 -3 
f -4 -3 -7 
f -1 -7 -2 
f -1 -2 -7 

g onion_Mrstm
s off

usemtl onion_Mrstm

# 8 vertices
v 202.8824 30.1898 0.4017
v 202.8816 30.2036 0.3886
v 202.8834 30.2054 0.3983
v 202.8829 30.219 0.3826
v 202.8857 30.2217 0.3942
v 202.89 30.2362 0.3886
v 202.8892 30.2074 0.4057
v 202.8926 30.2233 0.4022

# 16 faces
f -8 -7 -6 
f -8 -6 -7 
f -6 -7 -5 
f -6 -5 -7 
f -6 -5 -4 
f -6 -4 -5 
f -5 -3 -4 
f -5 -4 -3 
f -6 -2 -8 
f -6 -8 -2 
f -2 -6 -4 
f -2 -4 -6 
f -1 -2 -4 
f -1 -4 -2 
f -1 -4 -3 
f -1 -3 -4 

g onion_Mrstm
s off

usemtl onion_Mrstm

# 8 vertices
v 202.8824 30.1898 0.4017
v 202.8738 30.2059 0.3963
v 202.8837 30.2053 0.3979
v 202.8727 30.2217 0.3913
v 202.8849 30.2214 0.3925
v 202.8849 30.2356 0.385
v 202.8928 30.2046 0.3949
v 202.8948 30.2199 0.3887

# 16 faces
f -8 -7 -6 
f -8 -6 -7 
f -6 -7 -5 
f -6 -5 -7 
f -6 -5 -4 
f -6 -4 -5 
f -5 -3 -4 
f -5 -4 -3 
f -6 -2 -8 
f -6 -8 -2 
f -2 -6 -4 
f -2 -4 -6 
f -1 -2 -4 
f -1 -4 -2 
f -1 -4 -3 
f -1 -3 -4 

g onion_Mrstm
s off

usemtl onion_Mrstm

# 8 vertices
v 202.8824 30.1898 0.4017
v 202.879 30.208 0.4061
v 202.8833 30.2052 0.3975
v 202.8781 30.2244 0.4035
v 202.883 30.2215 0.3927
v 202.8798 30.2367 0.3885
v 202.8833 30.2034 0.388
v 202.8823 30.219 0.3824

# 16 faces
f -8 -7 -6 
f -8 -6 -7 
f -6 -7 -5 
f -6 -5 -7 
f -6 -5 -4 
f -6 -4 -5 
f -5 -3 -4 
f -5 -4 -3 
f -6 -2 -8 
f -6 -8 -2 
f -2 -6 -4 
f -2 -4 -6 
f -1 -2 -4 
f -1 -4 -2 
f -1 -4 -3 
f -1 -3 -4 

g onion_Mrstm
s off

usemtl onion_Mrstm

# 8 vertices
v 202.8824 30.1898 0.4017
v 202.8901 30.207 0.4044
v 202.8829 30.2053 0.3977
v 202.8918 30.2234 0.4025
v 202.8827 30.222 0.3945
v 202.8818 30.238 0.3943
v 202.8738 30.2055 0.3946
v 202.8723 30.2219 0.3918

# 16 faces
f -8 -7 -6 
f -8 -6 -7 
f -6 -7 -5 
f -6 -5 -7 
f -6 -5 -4 
f -6 -4 -5 
f -5 -3 -4 
f -5 -4 -3 
f -6 -2 -8 
f -6 -8 -2 
f -2 -6 -4 
f -2 -4 -6 
f -1 -2 -4 
f -1 -4 -2 
f -1 -4 -3 
f -1 -3 -4 

g onion_Mrstm
s off

usemtl onion_Mrstm

# 8 vertices
v 202.8824 30.1898 0.4017
v 202.8918 30.2043 0.3937
v 202.8829 30.2054 0.3982
v 202.8949 30.2201 0.3897
v 202.8843 30.2221 0.3954
v 202.888 30.2377 0.3944
v 202.8773 30.208 0.4055
v 202.8785 30.2245 0.4041

# 16 faces
f -8 -7 -6 
f -8 -6 -7 
f -6 -7 -5 
f -6 -5 -7 
f -6 -5 -4 
f -6 -4 -5 
f -5 -3 -4 
f -5 -4 -3 
f -6 -2 -8 
f -6 -8 -2 
f -2 -6 -4 
f -2 -4 -6 
f -1 -2 -4 
f -1 -4 -2 
f -1 -4 -3 
f -1 -3 -4 

g onion_Mrstm
s off

usemtl onion_Mrstm

# 8 vertices
v 202.8824 30.1898 0.4017
v 202.8816 30.2036 0.3886
v 202.8834 30.2054 0.3983
v 202.8829 30.219 0.3826
v 202.8857 30.2217 0.3942
v 202.89 30.2362 0.3886
v 202.8892 30.2074 0.4057
v 202.8926 30.2233 0.4022

# 16 faces
f -8 -7 -6 
f -8 -6 -7 
f -6 -7 -5 
f -6 -5 -7 
f -6 -5 -4 
f -6 -4 -5 
f -5 -3 -4 
f -5 -4 -3 
f -6 -2 -8 
f -6 -8 -2 
f -2 -6 -4 
f -2 -4 -6 
f -1 -2 -4 
f -1 -4 -2 
f -1 -4 -3 
f -1 -3 -4 

g onion_Mrstm
s off

usemtl onion_Mrstm

# 8 vertices
v 202.8824 30.1898 0.4017
v 202.8738 30.2059 0.3963
v 202.8837 30.2053 0.3979
v 202.8727 30.2217 0.3913
v 202.8849 30.2214 0.3925
v 202.8849 30.2356 0.385
v 202.8928 30.2046 0.3949
v 202.8948 30.2199 0.3887

# 16 faces
f -8 -7 -6 
f -8 -6 -7 
f -6 -7 -5 
f -6 -5 -7 
f -6 -5 -4 
f -6 -4 -5 
f -5 -3 -4 
f -5 -4 -3 
f -6 -2 -8 
f -6 -8 -2 
f -2 -6 -4 
f -2 -4 -6 
f -1 -2 -4 
f -1 -4 -2 
f -1 -4 -3 
f -1 -3 -4 

g onion_Mrstm
s off

usemtl onion_Mrstm

# 8 vertices
v 202.8824 30.1898 0.4017
v 202.879 30.208 0.4061
v 202.8833 30.2052 0.3975
v 202.8781 30.2244 0.4035
v 202.883 30.2215 0.3927
v 202.8798 30.2367 0.3885
v 202.8833 30.2034 0.388
v 202.8823 30.219 0.3824

# 16 faces
f -8 -7 -6 
f -8 -6 -7 
f -6 -7 -5 
f -6 -5 -7 
f -6 -5 -4 
f -6 -4 -5 
f -5 -3 -4 
f -5 -4 -3 
f -6 -2 -8 
f -6 -8 -2 
f -2 -6 -4 
f -2 -4 -6 
f -1 -2 -4 
f -1 -4 -2 
f -1 -4 -3 
f -1 -3 -4 

g onion_Mrstm
s off

usemtl onion_Mrstm

# 8 vertices
v 202.8824 30.1898 0.4017
v 202.8901 30.207 0.4044
v 202.8829 30.2053 0.3977
v 202.8918 30.2234 0.4025
v 202.8827 30.222 0.3945
v 202.8818 30.238 0.3943
v 202.8738 30.2055 0.3946
v 202.8723 30.2219 0.3918

# 16 faces
f -8 -7 -6 
f -8 -6 -7 
f -6 -7 -5 
f -6 -5 -7 
f -6 -5 -4 
f -6 -4 -5 
f -5 -3 -4 
f -5 -4 -3 
f -6 -2 -8 
f -6 -8 -2 
f -2 -6 -4 
f -2 -4 -6 
f -1 -2 -4 
f -1 -4 -2 
f -1 -4 -3 
f -1 -3 -4 

g onion_Mrstm
s off

usemtl onion_Mrstm

# 8 vertices
v 202.8824 30.1898 0.4017
v 202.8918 30.2043 0.3937
v 202.8829 30.2054 0.3982
v 202.8949 30.2201 0.3897
v 202.8843 30.2221 0.3954
v 202.888 30.2377 0.3944
v 202.8773 30.208 0.4055
v 202.8785 30.2245 0.4041

# 16 faces
f -8 -7 -6 
f -8 -6 -7 
f -6 -7 -5 
f -6 -5 -7 
f -6 -5 -4 
f -6 -4 -5 
f -5 -3 -4 
f -5 -4 -3 
f -6 -2 -8 
f -6 -8 -2 
f -2 -6 -4 
f -2 -4 -6 
f -1 -2 -4 
f -1 -4 -2 
f -1 -4 -3 
f -1 -3 -4 

g onion_Intrnd
s off

usemtl onion_Intrnd

# 6 vertices
v 202.7693 30.138 0.4136
v 202.9374 30.2413 0.5015
v 202.939 30.1894 0.2902
v 202.6098 30.4675 0.3315
v 202.778 30.5707 0.4194
v 202.7796 30.5189 0.2081

# 6 faces
f -6 -3 -5 
f -5 -3 -2 
f -5 -2 -4 
f -4 -2 -1 
f -4 -1 -6 
f -6 -1 -3 

g onion_Petiole
s off

usemtl onion_Petiole

# 6 vertices
v 202.6892 30.4911 0.3263
v 202.7393 30.5424 0.3539
v 202.7399 30.5239 0.2788
v 201.8691 31.4182 0.09255
v 201.9192 31.4695 0.1201
v 201.9198 31.4511 0.04505

# 6 faces
f -6 -3 -5 
f -5 -3 -2 
f -5 -2 -4 
f -4 -2 -1 
f -4 -1 -6 
f -6 -1 -3 

g onion_Leaf
s off

usemtl onion_Leaf

# 12 vertices
v 201.9029 31.4464 0.0859
v 200.3045 33.7458 -0.5521
v 200.096 33.693 -0.6528
v 199.1534 34.9653 -0.8129
v 198.995 34.8558 -0.8993
v 197.4254 36.5072 -1.3012
v 198.9973 34.6456 -1.1181
v 200.1419 33.4338 -0.8037
v 198.7972 34.6677 -0.9513
v 197.3172 36.3409 -1.3732
v 198.9534 34.9875 -0.6462
v 197.5235 36.604 -1.05386

# 20 faces
f -12 -11 -10 
f -12 -10 -11 
f -11 -9 -10 
f -11 -10 -9 
f -9 -8 -10 
f -9 -10 -8 
f -9 -7 -8 
f -9 -8 -7 
f -8 -7 -6 
f -8 -6 -7 
f -10 -8 -6 
f -10 -6 -8 
f -10 -6 -5 
f -10 -5 -6 
f -10 -5 -12 
f -10 -12 -5 
f -4 -7 -3 
f -4 -3 -7 
f -1 -7 -2 
f -1 -2 -7 

g onion_Petiole
s off

usemtl onion_Petiole

# 6 vertices
v 202.7668 30.5266 0.3182
v 202.7017 30.5064 0.2828
v 202.7011 30.5249 0.3579
v 202.5549 31.7322 0.02073
v 202.4898 31.712 -0.01464
v 202.4892 31.7305 0.06049

# 6 faces
f -6 -3 -5 
f -5 -3 -2 
f -5 -2 -4 
f -4 -2 -1 
f -4 -1 -6 
f -6 -1 -3 

g onion_Leaf
s off

usemtl onion_Leaf

# 12 vertices
v 202.5111 31.7249 0.0222
v 201.6964 34.412 -0.5818
v 201.8503 34.5777 -0.5092
v 201.4726 36.03386 -1.02884
v 201.6394 36.1258 -0.938
v 201.3343 38.3489 -1.5013
v 201.7543 36.0941 -0.659
v 201.9864 34.4607 -0.2646
v 201.8965 36.1914 -0.8555
v 201.5141 38.3671 -1.3924
v 201.6148 36.1311 -1.2253
v 201.2453 38.2331 -1.7439

# 20 faces
f -12 -11 -10 
f -12 -10 -11 
f -11 -9 -10 
f -11 -10 -9 
f -9 -8 -10 
f -9 -10 -8 
f -9 -7 -8 
f -9 -8 -7 
f -8 -7 -6 
f -8 -6 -7 
f -10 -8 -6 
f -10 -6 -8 
f -10 -6 -5 
f -10 -5 -6 
f -10 -5 -12 
f -10 -12 -5 
f -4 -7 -3 
f -4 -3 -7 
f -1 -7 -2 
f -1 -2 -7 

g onion_Mrstm
s off

usemtl onion_Mrstm

# 8 vertices
v 202.723 30.5193 0.3196
v 202.7114 30.5336 0.3244
v 202.7163 30.5333 0.3157
v 202.7027 30.5476 0.3223
v 202.7081 30.5474 0.3113
v 202.698 30.5593 0.3075
v 202.7169 30.5317 0.3062
v 202.7084 30.545 0.3009

# 16 faces
f -8 -7 -6 
f -8 -6 -7 
f -6 -7 -5 
f -6 -5 -7 
f -6 -5 -4 
f -6 -4 -5 
f -5 -3 -4 
f -5 -4 -3 
f -6 -2 -8 
f -6 -8 -2 
f -2 -6 -4 
f -2 -4 -6 
f -1 -2 -4 
f -1 -4 -2 
f -1 -4 -3 
f -1 -3 -4 

g onion_Mrstm
s off

usemtl onion_Mrstm

# 8 vertices
v 202.723 30.5193 0.3196
v 202.7215 30.538 0.3226
v 202.7159 30.5331 0.3159
v 202.7151 30.5532 0.321
v 202.7076 30.5477 0.3131
v 202.6992 30.5613 0.3133
v 202.7077 30.5289 0.313
v 202.6985 30.5426 0.3106

# 16 faces
f -8 -7 -6 
f -8 -6 -7 
f -6 -7 -5 
f -6 -5 -7 
f -6 -5 -4 
f -6 -4 -5 
f -5 -3 -4 
f -5 -4 -3 
f -6 -2 -8 
f -6 -8 -2 
f -2 -6 -4 
f -2 -4 -6 
f -1 -2 -4 
f -1 -4 -2 
f -1 -4 -3 
f -1 -3 -4 

g onion_Mrstm
s off

usemtl onion_Mrstm

# 8 vertices
v 202.723 30.5193 0.3196
v 202.7241 30.5366 0.3117
v 202.7159 30.5332 0.3164
v 202.7191 30.5519 0.308
v 202.709 30.5486 0.314
v 202.7048 30.564 0.3133
v 202.7099 30.5327 0.3239
v 202.703 30.5478 0.3228

# 16 faces
f -8 -7 -6 
f -8 -6 -7 
f -6 -7 -5 
f -6 -5 -7 
f -6 -5 -4 
f -6 -4 -5 
f -5 -3 -4 
f -5 -4 -3 
f -6 -2 -8 
f -6 -8 -2 
f -2 -6 -4 
f -2 -4 -6 
f -1 -2 -4 
f -1 -4 -2 
f -1 -4 -3 
f -1 -3 -4 

g onion_Mrstm
s off

usemtl onion_Mrstm

# 8 vertices
v 202.723 30.5193 0.3196
v 202.7155 30.5312 0.3068
v 202.7163 30.5335 0.3165
v 202.7093 30.5455 0.3011
v 202.7104 30.5489 0.3127
v 202.7071 30.5637 0.3074
v 202.7204 30.5378 0.324
v 202.7157 30.5535 0.3208

# 16 faces
f -8 -7 -6 
f -8 -6 -7 
f -6 -7 -5 
f -6 -5 -7 
f -6 -5 -4 
f -6 -4 -5 
f -5 -3 -4 
f -5 -4 -3 
f -6 -2 -8 
f -6 -8 -2 
f -2 -6 -4 
f -2 -4 -6 
f -1 -2 -4 
f -1 -4 -2 
f -1 -4 -3 
f -1 -3 -4 

g onion_Mrstm
s off

usemtl onion_Mrstm

# 8 vertices
v 202.723 30.5193 0.3196
v 202.7076 30.5293 0.3145
v 202.7166 30.5335 0.3161
v 202.6991 30.5427 0.3098
v 202.7099 30.5482 0.3111
v 202.703 30.5608 0.3038
v 202.7249 30.5373 0.3132
v 202.7192 30.5518 0.3073

# 16 faces
f -8 -7 -6 
f -8 -6 -7 
f -6 -7 -5 
f -6 -5 -7 
f -6 -5 -4 
f -6 -4 -5 
f -5 -3 -4 
f -5 -4 -3 
f -6 -2 -8 
f -6 -8 -2 
f -2 -6 -4 
f -2 -4 -6 
f -1 -2 -4 
f -1 -4 -2 
f -1 -4 -3 
f -1 -3 -4 

g onion_Mrstm
s off

usemtl onion_Mrstm

# 8 vertices
v 202.723 30.5193 0.3196
v 202.7114 30.5336 0.3244
v 202.7163 30.5333 0.3157
v 202.7027 30.5476 0.3223
v 202.7081 30.5474 0.3113
v 202.698 30.5593 0.3075
v 202.7169 30.5317 0.3062
v 202.7084 30.545 0.3009

# 16 faces
f -8 -7 -6 
f -8 -6 -7 
f -6 -7 -5 
f -6 -5 -7 
f -6 -5 -4 
f -6 -4 -5 
f -5 -3 -4 
f -5 -4 -3 
f -6 -2 -8 
f -6 -8 -2 
f -2 -6 -4 
f -2 -4 -6 
f -1 -2 -4 
f -1 -4 -2 
f -1 -4 -3 
f -1 -3 -4 

g onion_Mrstm
s off

usemtl onion_Mrstm

# 8 vertices
v 202.723 30.5193 0.3196
v 202.7215 30.538 0.3226
v 202.7159 30.5331 0.3159
v 202.7151 30.5532 0.321
v 202.7076 30.5477 0.3131
v 202.6992 30.5613 0.3133
v 202.7077 30.5289 0.313
v 202.6985 30.5426 0.3106

# 16 faces
f -8 -7 -6 
f -8 -6 -7 
f -6 -7 -5 
f -6 -5 -7 
f -6 -5 -4 
f -6 -4 -5 
f -5 -3 -4 
f -5 -4 -3 
f -6 -2 -8 
f -6 -8 -2 
f -2 -6 -4 
f -2 -4 -6 
f -1 -2 -4 
f -1 -4 -2 
f -1 -4 -3 
f -1 -3 -4 

g onion_Mrstm
s off

usemtl onion_Mrstm

# 8 vertices
v 202.723 30.5193 0.3196
v 202.7241 30.5366 0.3117
v 202.7159 30.5332 0.3164
v 202.7191 30.5519 0.308
v 202.709 30.5486 0.314
v 202.7048 30.564 0.3133
v 202.7099 30.5327 0.3239
v 202.703 30.5478 0.3228

# 16 faces
f -8 -7 -6 
f -8 -6 -7 
f -6 -7 -5 
f -6 -5 -7 
f -6 -5 -4 
f -6 -4 -5 
f -5 -3 -4 
f -5 -4 -3 
f -6 -2 -8 
f -6 -8 -2 
f -2 -6 -4 
f -2 -4 -6 
f -1 -2 -4 
f -1 -4 -2 
f -1 -4 -3 
f -1 -3 -4 

g onion_Mrstm
s off

usemtl onion_Mrstm

# 8 vertices
v 202.723 30.5193 0.3196
v 202.7155 30.5312 0.3068
v 202.7163 30.5335 0.3165
v 202.7093 30.5455 0.3011
v 202.7104 30.5489 0.3127
v 202.7071 30.5637 0.3074
v 202.7204 30.5378 0.324
v 202.7157 30.5535 0.3208

# 16 faces
f -8 -7 -6 
f -8 -6 -7 
f -6 -7 -5 
f -6 -5 -7 
f -6 -5 -4 
f -6 -4 -5 
f -5 -3 -4 
f -5 -4 -3 
f -6 -2 -8 
f -6 -8 -2 
f -2 -6 -4 
f -2 -4 -6 
f -1 -2 -4 
f -1 -4 -2 
f -1 -4 -3 
f -1 -3 -4 

g onion_Mrstm
s off

usemtl onion_Mrstm

# 8 vertices
v 202.723 30.5193 0.3196
v 202.7076 30.5293 0.3145
v 202.7166 30.5335 0.3161
v 202.6991 30.5427 0.3098
v 202.7099 30.5482 0.3111
v 202.703 30.5608 0.3038
v 202.7249 30.5373 0.3132
v 202.7192 30.5518 0.3073

# 16 faces
f -8 -7 -6 
f -8 -6 -7 
f -6 -7 -5 
f -6 -5 -7 
f -6 -5 -4 
f -6 -4 -5 
f -5 -3 -4 
f -5 -4 -3 
f -6 -2 -8 
f -6 -8 -2 
f -2 -6 -4 
f -2 -4 -6 
f -1 -2 -4 
f -1 -4 -2 
f -1 -4 -3 
f -1 -3 -4 

g onion_Intrnd
s off

usemtl onion_Intrnd

# 6 vertices
v 202.8005 30.4975 0.3775
v 202.7377 30.5388 0.2236
v 202.6319 30.5212 0.3587
v 202.8341 30.7859 0.4412
v 202.7713 30.8273 0.2873
v 202.6655 30.8097 0.4224

# 6 faces
f -6 -3 -5 
f -5 -3 -2 
f -5 -2 -4 
f -4 -2 -1 
f -4 -1 -6 
f -6 -1 -3 

g onion_Petiole
s off

usemtl onion_Petiole

# 6 vertices
v 202.7887 30.7868 0.4059
v 202.7645 30.822 0.342
v 202.717 30.8141 0.4026
v 203.1885 31.8908 0.8623
v 203.1643 31.9259 0.7984
v 203.1168 31.9181 0.859

# 6 faces
f -6 -3 -5 
f -5 -3 -2 
f -5 -2 -4 
f -4 -2 -1 
f -4 -1 -6 
f -6 -1 -3 

g onion_Leaf
s off

usemtl onion_Leaf

# 12 vertices
v 203.1564 31.9117 0.8398
v 203.7792 34.5642 1.7483
v 203.8769 34.5713 1.9647
v 204.3902 36.02557 2.3579
v 204.4634 35.9651 2.5463
v 205.2677 37.9527 3.4151
v 204.3371 35.7905 2.76
v 203.765 34.3309 2.1122
v 204.595 35.8324 2.752
v 205.3165 37.8247 3.5757
v 204.648 36.06741 2.3499
v 205.3451 37.9921 3.1456

# 20 faces
f -12 -11 -10 
f -12 -10 -11 
f -11 -9 -10 
f -11 -10 -9 
f -9 -8 -10 
f -9 -10 -8 
f -9 -7 -8 
f -9 -8 -7 
f -8 -7 -6 
f -8 -6 -7 
f -10 -8 -6 
f -10 -6 -8 
f -10 -6 -5 
f -10 -5 -6 
f -10 -5 -12 
f -10 -12 -5 
f -4 -7 -3 
f -4 -3 -7 
f -1 -7 -2 
f -1 -2 -7 

g onion_Petiole
s off

usemtl onion_Petiole

# 6 vertices
v 202.7218 30.8057 0.3558
v 202.75 30.8048 0.4273
v 202.7975 30.8127 0.3667
v 202.5963 32.0575 0.4201
v 202.6246 32.05666 0.4916
v 202.672 32.06453 0.431

# 6 faces
f -6 -3 -5 
f -5 -3 -2 
f -5 -2 -4 
f -4 -2 -1 
f -4 -1 -6 
f -6 -1 -3 

g onion_Leaf
s off

usemtl onion_Leaf

# 12 vertices
v 202.6311 32.05957 0.4477
v 202.6497 34.9149 0.7566
v 202.5666 35.03265 0.5678
v 202.4042 36.5921 0.8407
v 202.3287 36.6332 0.648
v 202.0228 38.9251 0.7251
v 202.4239 36.5404 0.3752
v 202.6301 34.8574 0.3284
v 202.1814 36.6306 0.4124
v 201.955 38.8897 0.5284
v 202.1618 36.6822 0.8779
v 201.943 38.8648 0.99

# 20 faces
f -12 -11 -10 
f -12 -10 -11 
f -11 -9 -10 
f -11 -10 -9 
f -9 -8 -10 
f -9 -10 -8 
f -9 -7 -8 
f -9 -8 -7 
f -8 -7 -6 
f -8 -6 -7 
f -10 -8 -6 
f -10 -6 -8 
f -10 -6 -5 
f -10 -5 -6 
f -10 -5 -12 
f -10 -12 -5 
f -4 -7 -3 
f -4 -3 -7 
f -1 -7 -2 
f -1 -2 -7 

g onion_Mrstm
s off

usemtl onion_Mrstm

# 8 vertices
v 202.7566 30.8077 0.3834
v 202.7652 30.8203 0.3835
v 202.7578 30.8202 0.3863
v 202.7685 30.8328 0.3863
v 202.7596 30.833 0.3903
v 202.763 30.8443 0.3953
v 202.7526 30.8199 0.392
v 202.7542 30.8322 0.3969

# 16 faces
f -8 -7 -6 
f -8 -6 -7 
f -6 -7 -5 
f -6 -5 -7 
f -6 -5 -4 
f -6 -4 -5 
f -5 -3 -4 
f -5 -4 -3 
f -6 -2 -8 
f -6 -8 -2 
f -2 -6 -4 
f -2 -4 -6 
f -1 -2 -4 
f -1 -4 -2 
f -1 -4 -3 
f -1 -3 -4 

g onion_Mrstm
s off

usemtl onion_Mrstm

# 8 vertices
v 202.7566 30.8077 0.3834
v 202.7578 30.8222 0.3787
v 202.7581 30.8201 0.3865
v 202.76 30.8352 0.3799
v 202.7608 30.8331 0.3894
v 202.7652 30.8451 0.3908
v 202.7618 30.8186 0.393
v 202.7653 30.831 0.3964

# 16 faces
f -8 -7 -6 
f -8 -6 -7 
f -6 -7 -5 
f -6 -5 -7 
f -6 -5 -4 
f -6 -4 -5 
f -5 -3 -4 
f -5 -4 -3 
f -6 -2 -8 
f -6 -8 -2 
f -2 -6 -4 
f -2 -4 -6 
f -1 -2 -4 
f -1 -4 -2 
f -1 -4 -3 
f -1 -3 -4 

g onion_Mrstm
s off

usemtl onion_Mrstm

# 8 vertices
v 202.7566 30.8077 0.3834
v 202.7508 30.8218 0.3843
v 202.7584 30.8201 0.3862
v 202.7509 30.835 0.386
v 202.7603 30.8334 0.388
v 202.7616 30.8462 0.3876
v 202.7659 30.8199 0.3847
v 202.7686 30.8329 0.3858

# 16 faces
f -8 -7 -6 
f -8 -6 -7 
f -6 -7 -5 
f -6 -5 -7 
f -6 -5 -4 
f -6 -4 -5 
f -5 -3 -4 
f -5 -4 -3 
f -6 -2 -8 
f -6 -8 -2 
f -2 -6 -4 
f -2 -4 -6 
f -1 -2 -4 
f -1 -4 -2 
f -1 -4 -3 
f -1 -3 -4 

g onion_Mrstm
s off

usemtl onion_Mrstm

# 8 vertices
v 202.7566 30.8077 0.3834
v 202.7537 30.8196 0.3925
v 202.7582 30.8202 0.3858
v 202.7537 30.8324 0.3963
v 202.7588 30.8336 0.388
v 202.7571 30.8462 0.39
v 202.7592 30.8221 0.3784
v 202.7595 30.8354 0.3797

# 16 faces
f -8 -7 -6 
f -8 -6 -7 
f -6 -7 -5 
f -6 -5 -7 
f -6 -5 -4 
f -6 -4 -5 
f -5 -3 -4 
f -5 -4 -3 
f -6 -2 -8 
f -6 -8 -2 
f -2 -6 -4 
f -2 -4 -6 
f -1 -2 -4 
f -1 -4 -2 
f -1 -4 -3 
f -1 -3 -4 

g onion_Mrstm
s off

usemtl onion_Mrstm

# 8 vertices
v 202.7566 30.8077 0.3834
v 202.7627 30.8187 0.3921
v 202.7578 30.8202 0.3859
v 202.7646 30.831 0.3966
v 202.7583 30.8333 0.3894
v 202.758 30.845 0.3948
v 202.751 30.8221 0.3829
v 202.7505 30.8349 0.3864

# 16 faces
f -8 -7 -6 
f -8 -6 -7 
f -6 -7 -5 
f -6 -5 -7 
f -6 -5 -4 
f -6 -4 -5 
f -5 -3 -4 
f -5 -4 -3 
f -6 -2 -8 
f -6 -8 -2 
f -2 -6 -4 
f -2 -4 -6 
f -1 -2 -4 
f -1 -4 -2 
f -1 -4 -3 
f -1 -3 -4 

g onion_Mrstm
s off

usemtl onion_Mrstm

# 8 vertices
v 202.7566 30.8077 0.3834
v 202.7652 30.8203 0.3835
v 202.7578 30.8202 0.3863
v 202.7685 30.8328 0.3863
v 202.7596 30.833 0.3903
v 202.763 30.8443 0.3953
v 202.7526 30.8199 0.392
v 202.7542 30.8322 0.3969

# 16 faces
f -8 -7 -6 
f -8 -6 -7 
f -6 -7 -5 
f -6 -5 -7 
f -6 -5 -4 
f -6 -4 -5 
f -5 -3 -4 
f -5 -4 -3 
f -6 -2 -8 
f -6 -8 -2 
f -2 -6 -4 
f -2 -4 -6 
f -1 -2 -4 
f -1 -4 -2 
f -1 -4 -3 
f -1 -3 -4 

g onion_Mrstm
s off

usemtl onion_Mrstm

# 8 vertices
v 202.7566 30.8077 0.3834
v 202.7578 30.8222 0.3787
v 202.7581 30.8201 0.3865
v 202.76 30.8352 0.3799
v 202.7608 30.8331 0.3894
v 202.7652 30.8451 0.3908
v 202.7618 30.8186 0.393
v 202.7653 30.831 0.3964

# 16 faces
f -8 -7 -6 
f -8 -6 -7 
f -6 -7 -5 
f -6 -5 -7 
f -6 -5 -4 
f -6 -4 -5 
f -5 -3 -4 
f -5 -4 -3 
f -6 -2 -8 
f -6 -8 -2 
f -2 -6 -4 
f -2 -4 -6 
f -1 -2 -4 
f -1 -4 -2 
f -1 -4 -3 
f -1 -3 -4 

g onion_Mrstm
s off

usemtl onion_Mrstm

# 8 vertices
v 202.7566 30.8077 0.3834
v 202.7508 30.8218 0.3843
v 202.7584 30.8201 0.3862
v 202.7509 30.835 0.386
v 202.7603 30.8334 0.388
v 202.7616 30.8462 0.3876
v 202.7659 30.8199 0.3847
v 202.7686 30.8329 0.3858

# 16 faces
f -8 -7 -6 
f -8 -6 -7 
f -6 -7 -5 
f -6 -5 -7 
f -6 -5 -4 
f -6 -4 -5 
f -5 -3 -4 
f -5 -4 -3 
f -6 -2 -8 
f -6 -8 -2 
f -2 -6 -4 
f -2 -4 -6 
f -1 -2 -4 
f -1 -4 -2 
f -1 -4 -3 
f -1 -3 -4 

g onion_Mrstm
s off

usemtl onion_Mrstm

# 8 vertices
v 202.7566 30.8077 0.3834
v 202.7537 30.8196 0.3925
v 202.7582 30.8202 0.3858
v 202.7537 30.8324 0.3963
v 202.7588 30.8336 0.388
v 202.7571 30.8462 0.39
v 202.7592 30.8221 0.3784
v 202.7595 30.8354 0.3797

# 16 faces
f -8 -7 -6 
f -8 -6 -7 
f -6 -7 -5 
f -6 -5 -7 
f -6 -5 -4 
f -6 -4 -5 
f -5 -3 -4 
f -5 -4 -3 
f -6 -2 -8 
f -6 -8 -2 
f -2 -6 -4 
f -2 -4 -6 
f -1 -2 -4 
f -1 -4 -2 
f -1 -4 -3 
f -1 -3 -4 

g onion_Mrstm
s off

usemtl onion_Mrstm

# 8 vertices
v 202.7566 30.8077 0.3834
v 202.7627 30.8187 0.3921
v 202.7578 30.8202 0.3859
v 202.7646 30.831 0.3966
v 202.7583 30.8333 0.3894
v 202.758 30.845 0.3948
v 202.751 30.8221 0.3829
v 202.7505 30.8349 0.3864

# 16 faces
f -8 -7 -6 
f -8 -6 -7 
f -6 -7 -5 
f -6 -5 -7 
f -6 -5 -4 
f -6 -4 -5 
f -5 -3 -4 
f -5 -4 -3 
f -6 -2 -8 
f -6 -8 -2 
f -2 -6 -4 
f -2 -4 -6 
f -1 -2 -4 
f -1 -4 -2 
f -1 -4 -3 
f -1 -3 -4 

g onion_Intrnd
s off

usemtl onion_Intrnd

# 6 vertices
v 202.7425 30.8033 0.3117
v 202.7012 30.8145 0.4307
v 202.8259 30.8053 0.4067
v 202.7556 31.02202 0.2957
v 202.7142 31.03322 0.4147
v 202.839 31.024 0.3907

# 6 faces
f -6 -3 -5 
f -5 -3 -2 
f -5 -2 -4 
f -4 -2 -1 
f -4 -1 -6 
f -6 -1 -3 

g onion_Petiole
s off

usemtl onion_Petiole

# 6 vertices
v 202.7607 31.01205 0.3263
v 202.7362 31.03633 0.3949
v 202.812 31.03073 0.3803
v 202.7682 32.2004 -0.09135
v 202.7437 32.2247 -0.02271
v 202.8195 32.2191 -0.03729

# 6 faces
f -6 -3 -5 
f -5 -3 -2 
f -5 -2 -4 
f -4 -2 -1 
f -4 -1 -6 
f -6 -1 -3 

g onion_Leaf
s off

usemtl onion_Leaf

# 12 vertices
v 202.7772 32.2148 -0.05025
v 202.9212 35.01038 -0.6931
v 202.9928 35.05438 -0.9153
v 202.8738 36.5931 -1.3038
v 202.945 36.5644 -1.5004
v 202.927 38.7191 -2.3426
v 203.1815 36.4044 -1.6029
v 203.1745 34.8229 -0.9894
v 202.9842 36.473 -1.7599
v 202.9977 38.6177 -2.5137
v 202.6765 36.6617 -1.4608
v 202.6895 38.7337 -2.1891

# 20 faces
f -12 -11 -10 
f -12 -10 -11 
f -11 -9 -10 
f -11 -10 -9 
f -9 -8 -10 
f -9 -10 -8 
f -9 -7 -8 
f -9 -8 -7 
f -8 -7 -6 
f -8 -6 -7 
f -10 -8 -6 
f -10 -6 -8 
f -10 -6 -5 
f -10 -5 -6 
f -10 -5 -12 
f -10 -12 -5 
f -4 -7 -3 
f -4 -3 -7 
f -1 -7 -2 
f -1 -2 -7 

g onion_Petiole
s off

usemtl onion_Petiole

# 6 vertices
v 202.7772 31.01721 0.4102
v 202.8038 31.02818 0.339
v 202.7281 31.03378 0.3535
v 202.9143 32.2461 0.6506
v 202.9409 32.2571 0.5794
v 202.8652 32.2627 0.594

# 6 faces
f -6 -3 -5 
f -5 -3 -2 
f -5 -2 -4 
f -4 -2 -1 
f -4 -1 -6 
f -6 -1 -3 

g onion_Leaf
s off

usemtl onion_Leaf

# 12 vertices
v 202.9068 32.2553 0.6078
v 203.1008 35.1117 0.8363
v 203.0368 35.1957 1.04909
v 203.3408 36.7496 1.2108
v 203.2684 36.7584 1.4089
v 203.5492 38.9951 1.9291
v 203.0155 36.6441 1.5315
v 202.8297 35.0008 1.1545
v 203.221 36.7109 1.6785
v 203.4684 38.9288 2.1124
v 203.5463 36.8164 1.3579
v 203.7853 38.959 1.7771

# 20 faces
f -12 -11 -10 
f -12 -10 -11 
f -11 -9 -10 
f -11 -10 -9 
f -9 -8 -10 
f -9 -10 -8 
f -9 -7 -8 
f -9 -8 -7 
f -8 -7 -6 
f -8 -6 -7 
f -10 -8 -6 
f -10 -6 -8 
f -10 -6 -5 
f -10 -5 -6 
f -10 -5 -12 
f -10 -12 -5 
f -4 -7 -3 
f -4 -3 -7 
f -1 -7 -2 
f -1 -2 -7 

g onion_Mrstm
s off

usemtl onion_Mrstm

# 8 vertices
v 202.7697 31.02643 0.3674
v 202.7665 31.0331 0.3655
v 202.7702 31.0328 0.3669
v 202.7662 31.03964 0.3644
v 202.7709 31.03947 0.3659
v 202.7713 31.04555 0.3639
v 202.774 31.03272 0.3665
v 202.7751 31.03917 0.3652

# 16 faces
f -8 -7 -6 
f -8 -6 -7 
f -6 -7 -5 
f -6 -5 -7 
f -6 -5 -4 
f -6 -4 -5 
f -5 -3 -4 
f -5 -4 -3 
f -6 -2 -8 
f -6 -8 -2 
f -2 -6 -4 
f -2 -4 -6 
f -1 -2 -4 
f -1 -4 -2 
f -1 -4 -3 
f -1 -3 -4 

g onion_Mrstm
s off

usemtl onion_Mrstm

# 8 vertices
v 202.7697 31.02643 0.3674
v 202.7677 31.03335 0.3699
v 202.7701 31.03279 0.3667
v 202.7673 31.03997 0.3698
v 202.7701 31.03951 0.3659
v 202.769 31.04576 0.3649
v 202.7709 31.03265 0.363
v 202.7708 31.03917 0.3616

# 16 faces
f -8 -7 -6 
f -8 -6 -7 
f -6 -7 -5 
f -6 -5 -7 
f -6 -5 -4 
f -6 -4 -5 
f -5 -3 -4 
f -5 -4 -3 
f -6 -2 -8 
f -6 -8 -2 
f -2 -6 -4 
f -2 -4 -6 
f -1 -2 -4 
f -1 -4 -2 
f -1 -4 -3 
f -1 -3 -4 

g onion_Mrstm
s off

usemtl onion_Mrstm

# 8 vertices
v 202.7697 31.02643 0.3674
v 202.7721 31.0331 0.3701
v 202.7699 31.03281 0.3668
v 202.7727 31.0397 0.3705
v 202.7698 31.03958 0.3665
v 202.7692 31.04593 0.3674
v 202.7666 31.03304 0.3648
v 202.766 31.03967 0.3646

# 16 faces
f -8 -7 -6 
f -8 -6 -7 
f -6 -7 -5 
f -6 -5 -7 
f -6 -5 -4 
f -6 -4 -5 
f -5 -3 -4 
f -5 -4 -3 
f -6 -2 -8 
f -6 -8 -2 
f -2 -6 -4 
f -2 -4 -6 
f -1 -2 -4 
f -1 -4 -2 
f -1 -4 -3 
f -1 -3 -4 

g onion_Mrstm
s off

usemtl onion_Mrstm

# 8 vertices
v 202.7697 31.02643 0.3674
v 202.7738 31.03269 0.3659
v 202.7699 31.03282 0.367
v 202.775 31.0392 0.3656
v 202.7704 31.03959 0.367
v 202.7717 31.04583 0.3679
v 202.767 31.03336 0.3695
v 202.7674 31.03999 0.37

# 16 faces
f -8 -7 -6 
f -8 -6 -7 
f -6 -7 -5 
f -6 -5 -7 
f -6 -5 -4 
f -6 -4 -5 
f -5 -3 -4 
f -5 -4 -3 
f -6 -2 -8 
f -6 -8 -2 
f -2 -6 -4 
f -2 -4 -6 
f -1 -2 -4 
f -1 -4 -2 
f -1 -4 -3 
f -1 -3 -4 

g onion_Mrstm
s off

usemtl onion_Mrstm

# 8 vertices
v 202.7697 31.02643 0.3674
v 202.7703 31.03269 0.3631
v 202.7701 31.03282 0.3671
v 202.7711 31.03916 0.3618
v 202.771 31.03952 0.3667
v 202.7729 31.04559 0.3658
v 202.7716 31.03316 0.3706
v 202.7729 31.03969 0.3705

# 16 faces
f -8 -7 -6 
f -8 -6 -7 
f -6 -7 -5 
f -6 -5 -7 
f -6 -5 -4 
f -6 -4 -5 
f -5 -3 -4 
f -5 -4 -3 
f -6 -2 -8 
f -6 -8 -2 
f -2 -6 -4 
f -2 -4 -6 
f -1 -2 -4 
f -1 -4 -2 
f -1 -4 -3 
f -1 -3 -4 

g onion_Mrstm
s off

usemtl onion_Mrstm

# 8 vertices
v 202.7697 31.02643 0.3674
v 202.7665 31.0331 0.3655
v 202.7702 31.0328 0.3669
v 202.7662 31.03964 0.3644
v 202.7709 31.03947 0.3659
v 202.7713 31.04555 0.3639
v 202.774 31.03272 0.3665
v 202.7751 31.03917 0.3652

# 16 faces
f -8 -7 -6 
f -8 -6 -7 
f -6 -7 -5 
f -6 -5 -7 
f -6 -5 -4 
f -6 -4 -5 
f -5 -3 -4 
f -5 -4 -3 
f -6 -2 -8 
f -6 -8 -2 
f -2 -6 -4 
f -2 -4 -6 
f -1 -2 -4 
f -1 -4 -2 
f -1 -4 -3 
f -1 -3 -4 

g onion_Mrstm
s off

usemtl onion_Mrstm

# 8 vertices
v 202.7697 31.02643 0.3674
v 202.7677 31.03335 0.3699
v 202.7701 31.03279 0.3667
v 202.7673 31.03997 0.3698
v 202.7701 31.03951 0.3659
v 202.769 31.04576 0.3649
v 202.7709 31.03265 0.363
v 202.7708 31.03917 0.3616

# 16 faces
f -8 -7 -6 
f -8 -6 -7 
f -6 -7 -5 
f -6 -5 -7 
f -6 -5 -4 
f -6 -4 -5 
f -5 -3 -4 
f -5 -4 -3 
f -6 -2 -8 
f -6 -8 -2 
f -2 -6 -4 
f -2 -4 -6 
f -1 -2 -4 
f -1 -4 -2 
f -1 -4 -3 
f -1 -3 -4 

g onion_Mrstm
s off

usemtl onion_Mrstm

# 8 vertices
v 202.7697 31.02643 0.3674
v 202.7721 31.0331 0.3701
v 202.7699 31.03281 0.3668
v 202.7727 31.0397 0.3705
v 202.7698 31.03958 0.3665
v 202.7692 31.04593 0.3674
v 202.7666 31.03304 0.3648
v 202.766 31.03967 0.3646

# 16 faces
f -8 -7 -6 
f -8 -6 -7 
f -6 -7 -5 
f -6 -5 -7 
f -6 -5 -4 
f -6 -4 -5 
f -5 -3 -4 
f -5 -4 -3 
f -6 -2 -8 
f -6 -8 -2 
f -2 -6 -4 
f -2 -4 -6 
f -1 -2 -4 
f -1 -4 -2 
f -1 -4 -3 
f -1 -3 -4 

g onion_Mrstm
s off

usemtl onion_Mrstm

# 8 vertices
v 202.7697 31.02643 0.3674
v 202.7738 31.03269 0.3659
v 202.7699 31.03282 0.367
v 202.775 31.0392 0.3656
v 202.7704 31.03959 0.367
v 202.7717 31.04583 0.3679
v 202.767 31.03336 0.3695
v 202.7674 31.03999 0.37

# 16 faces
f -8 -7 -6 
f -8 -6 -7 
f -6 -7 -5 
f -6 -5 -7 
f -6 -5 -4 
f -6 -4 -5 
f -5 -3 -4 
f -5 -4 -3 
f -6 -2 -8 
f -6 -8 -2 
f -2 -6 -4 
f -2 -4 -6 
f -1 -2 -4 
f -1 -4 -2 
f -1 -4 -3 
f -1 -3 -4 

g onion_Mrstm
s off

usemtl onion_Mrstm

# 8 vertices
v 202.7697 31.02643 0.3674
v 202.7703 31.03269 0.3631
v 202.7701 31.03282 0.3671
v 202.7711 31.03916 0.3618
v 202.771 31.03952 0.3667
v 202.7729 31.04559 0.3658
v 202.7716 31.03316 0.3706
v 202.7729 31.03969 0.3705

# 16 faces
f -8 -7 -6 
f -8 -6 -7 
f -6 -7 -5 
f -6 -5 -7 
f -6 -5 -4 
f -6 -4 -5 
f -5 -3 -4 
f -5 -4 -3 
f -6 -2 -8 
f -6 -8 -2 
f -2 -6 -4 
f -2 -4 -6 
f -1 -2 -4 
f -1 -4 -2 
f -1 -4 -3 
f -1 -3 -4 

# plant "carrot"
o carrot

g carrot_Root
s off

usemtl carrot_Root

# 8 vertices
v 215.0 105.0 0.0
v 216.6301 100.2344 2.2524
v 214.9507 100.3632 -0.1189
v 217.1842 95.4688 2.5805
v 215.2584 95.4688 -0.3858
v 216.3787 90.9608 -0.7104
v 214.5106 100.2344 -2.8643
v 214.9577 95.4688 -3.4677

# 16 faces
f -8 -7 -6 
f -8 -6 -7 
f -6 -7 -5 
f -6 -5 -7 
f -6 -5 -4 
f -6 -4 -5 
f -5 -3 -4 
f -5 -4 -3 
f -6 -2 -8 
f -6 -8 -2 
f -2 -6 -4 
f -2 -4 -6 
f -1 -2 -4 
f -1 -4 -2 
f -1 -4 -3 
f -1 -3 -4 

g carrot_Root
s off

usemtl carrot_Root

# 8 vertices
v 215.0 105.0 0.0
v 217.6501 100.2344 -0.8412
v 214.8716 100.3632 0.009475
v 218.1355 95.4688 -1.2644
v 214.7147 95.4688 -0.3664
v 214.7578 90.9608 -1.5319
v 212.1267 100.2344 -0.4338
v 211.694 95.4688 -1.04763

# 16 faces
f -8 -7 -6 
f -8 -6 -7 
f -6 -7 -5 
f -6 -5 -7 
f -6 -5 -4 
f -6 -4 -5 
f -5 -3 -4 
f -5 -4 -3 
f -6 -2 -8 
f -6 -8 -2 
f -2 -6 -4 
f -2 -4 -6 
f -1 -2 -4 
f -1 -4 -2 
f -1 -4 -3 
f -1 -3 -4 

g carrot_Root
s off

usemtl carrot_Root

# 8 vertices
v 215.0 105.0 0.0
v 215.0325 100.2344 -2.7802
v 214.9687 100.3632 0.1249
v 214.7829 95.4688 -3.3738
v 214.5626 95.4688 0.1559
v 213.4694 90.9608 -0.2506
v 213.6868 100.2344 2.5922
v 212.9682 95.4688 2.8105

# 16 faces
f -8 -7 -6 
f -8 -6 -7 
f -6 -7 -5 
f -6 -5 -7 
f -6 -5 -4 
f -6 -4 -5 
f -5 -3 -4 
f -5 -4 -3 
f -6 -2 -8 
f -6 -8 -2 
f -2 -6 -4 
f -2 -4 -6 
f -1 -2 -4 
f -1 -4 -2 
f -1 -4 -3 
f -1 -3 -4 

g carrot_Root
s off

usemtl carrot_Root

# 8 vertices
v 215.0 105.0 0.0
v 212.3703 100.2344 -0.9029
v 215.1088 100.3632 0.0689
v 211.7283 95.4688 -0.8521
v 215.0109 95.4688 0.4642
v 214.2819 90.9608 1.3747
v 217.0494 100.2344 2.06005
v 217.0314 95.4688 2.8108

# 16 faces
f -8 -7 -6 
f -8 -6 -7 
f -6 -7 -5 
f -6 -5 -7 
f -6 -5 -4 
f -6 -4 -5 
f -5 -3 -4 
f -5 -4 -3 
f -6 -2 -8 
f -6 -8 -2 
f -2 -6 -4 
f -2 -4 -6 
f -1 -2 -4 
f -1 -4 -2 
f -1 -4 -3 
f -1 -3 -4 

g carrot_Root
s off

usemtl carrot_Root

# 8 vertices
v 215.0 105.0 0.0
v 213.3177 100.2344 2.2137
v 215.0996 100.3632 -0.0817
v 213.1646 95.4688 2.8392
v 215.4443 95.4688 0.1352
v 216.0801 90.9608 1.113
v 217.599 100.2344 -1.2997
v 218.3062 95.4688 -1.0471

# 16 faces
f -8 -7 -6 
f -8 -6 -7 
f -6 -7 -5 
f -6 -5 -7 
f -6 -5 -4 
f -6 -4 -5 
f -5 -3 -4 
f -5 -4 -3 
f -6 -2 -8 
f -6 -8 -2 
f -2 -6 -4 
f -2 -4 -6 
f -1 -2 -4 
f -1 -4 -2 
f -1 -4 -3 
f -1 -3 -4 

g carrot_Intrnd
s off

usemtl carrot_Intrnd

# 18 vertices
v 214.5294 104.9823 -0.5455
v 214.7571 105.0087 0.6785
v 215.7068 105.0087 -0.1406
v 214.5227 105.4012 -0.5533
v 214.7504 105.4276 0.6707
v 215.7001 105.4276 -0.1484
v 214.5227 105.4012 -0.5533
v 214.7504 105.4276 0.6707
v 215.7001 105.4276 -0.1484
v 214.5097 105.8021 -0.5684
v 214.7368 105.8549 0.6549
v 215.6865 105.8549 -0.1642
v 214.5097 105.8021 -0.5684
v 214.7368 105.8549 0.6549
v 215.6865 105.8549 -0.1642
v 214.4902 106.2023 -0.5909
v 214.7163 106.2815 0.6311
v 215.666 106.2815 -0.188

# 18 faces
f -18 -15 -17 
f -17 -15 -14 
f -17 -14 -16 
f -16 -14 -13 
f -16 -13 -18 
f -18 -13 -15 
f -12 -9 -11 
f -11 -9 -8 
f -11 -8 -10 
f -10 -8 -7 
f -10 -7 -12 
f -12 -7 -9 
f -6 -3 -5 
f -5 -3 -2 
f -5 -2 -4 
f -4 -2 -1 
f -4 -1 -6 
f -6 -1 -3 

g carrot_Intrnd
s off

usemtl carrot_Intrnd

# 18 vertices
v 214.9431 106.2209 0.7435
v 215.6553 106.3063 -0.4202
v 214.2805 106.2383 -0.4521
v 214.9199 106.6799 0.763
v 215.6321 106.7653 -0.4007
v 214.2574 106.6973 -0.4326
v 214.9199 106.6799 0.763
v 215.6321 106.7653 -0.4007
v 214.2574 106.6973 -0.4326
v 214.8999 107.0575 0.8204
v 215.6062 107.2582 -0.3328
v 214.2314 107.1902 -0.3647
v 214.8999 107.0575 0.8204
v 215.6062 107.2582 -0.3328
v 214.2314 107.1902 -0.3647
v 214.8794 107.4277 0.9145
v 215.5795 107.742 -0.2168
v 214.2048 107.674 -0.2487

# 18 faces
f -18 -15 -17 
f -17 -15 -14 
f -17 -14 -16 
f -16 -14 -13 
f -16 -13 -18 
f -18 -13 -15 
f -12 -9 -11 
f -11 -9 -8 
f -11 -8 -10 
f -10 -8 -7 
f -10 -7 -12 
f -12 -7 -9 
f -6 -3 -5 
f -5 -3 -2 
f -5 -2 -4 
f -4 -2 -1 
f -4 -1 -6 
f -6 -1 -3 

g carrot_Petiole
s off

usemtl carrot_Petiole

# 18 vertices
v 214.8871 107.3992 0.6418
v 215.3583 107.7453 -0.08745
v 214.4184 107.6988 -0.1092
v 214.6085 112.0751 2.6802
v 215.0797 112.4211 1.9509
v 214.1398 112.3746 1.9291
v 214.6085 112.0751 2.6802
v 215.0797 112.4211 1.9509
v 214.1398 112.3746 1.9291
v 214.3378 116.2515 5.445
v 214.8013 116.7191 4.7817
v 213.8615 116.6726 4.7599
v 214.3378 116.2515 5.445
v 214.8013 116.7191 4.7817
v 213.8615 116.6726 4.7599
v 214.0778 119.8934 8.8843
v 214.534 120.4695 8.3069
v 213.5941 120.423 8.2851

# 18 faces
f -18 -15 -17 
f -17 -15 -14 
f -17 -14 -16 
f -16 -14 -13 
f -16 -13 -18 
f -18 -13 -15 
f -12 -9 -11 
f -11 -9 -8 
f -11 -8 -10 
f -10 -8 -7 
f -10 -7 -12 
f -12 -7 -9 
f -6 -3 -5 
f -5 -3 -2 
f -5 -2 -4 
f -4 -2 -1 
f -4 -1 -6 
f -6 -1 -3 

g carrot_Petiole
s off

usemtl carrot_Petiole

# 18 vertices
v 214.0785 119.8839 8.8751
v 214.5336 120.4742 8.3114
v 213.5938 120.4277 8.2896
v 213.9996 120.9722 9.9513
v 214.4548 121.5625 9.3876
v 213.515 121.516 9.3658
v 213.9996 120.9722 9.9513
v 214.4548 121.5625 9.3876
v 213.515 121.516 9.3658
v 213.9222 122.0244 11.04446
v 214.3764 122.6287 10.4948
v 213.4366 122.5822 10.473
v 213.9222 122.0244 11.04446
v 214.3764 122.6287 10.4948
v 213.4366 122.5822 10.473
v 213.8456 123.0495 12.1631
v 214.2987 123.6673 11.6279
v 213.3589 123.6208 11.6061

# 18 faces
f -18 -15 -17 
f -17 -15 -14 
f -17 -14 -16 
f -16 -14 -13 
f -16 -13 -18 
f -18 -13 -15 
f -12 -9 -11 
f -11 -9 -8 
f -11 -8 -10 
f -10 -8 -7 
f -10 -7 -12 
f -12 -7 -9 
f -6 -3 -5 
f -5 -3 -2 
f -5 -2 -4 
f -4 -2 -1 
f -4 -1 -6 
f -6 -1 -3 

g carrot_Petiole
s off

usemtl carrot_Petiole

# 18 vertices
v 213.8356 123.4009 11.8403
v 213.8877 123.4635 11.7665
v 213.7797 123.4782 11.7857
v 213.9664 123.7995 12.2703
v 214.0184 123.8621 12.1964
v 213.9104 123.8767 12.2157
v 213.9664 123.7995 12.2703
v 214.0184 123.8621 12.1964
v 213.9104 123.8767 12.2157
v 214.2487 124.1624 12.6568
v 214.2956 124.2155 12.5727
v 214.198 124.2492 12.6124
v 214.2487 124.1624 12.6568
v 214.2956 124.2155 12.5727
v 214.198 124.2492 12.6124
v 214.6622 124.4634 12.9718
v 214.7004 124.5082 12.8789
v 214.6201 124.5585 12.9362

# 18 faces
f -18 -15 -17 
f -17 -15 -14 
f -17 -14 -16 
f -16 -14 -13 
f -16 -13 -18 
f -18 -13 -15 
f -12 -9 -11 
f -11 -9 -8 
f -11 -8 -10 
f -10 -8 -7 
f -10 -7 -12 
f -12 -7 -9 
f -6 -3 -5 
f -5 -3 -2 
f -5 -2 -4 
f -4 -2 -1 
f -4 -1 -6 
f -6 -1 -3 

g carrot_Leaf
s off

usemtl carrot_Leaf

# 8 vertices
v 214.6609 124.5103 12.9288
v 220.2894 129.3776 16.3608
v 220.042 129.2359 17.2333
v 223.5757 131.4757 18.706
v 223.2667 131.3261 19.6671
v 227.7701 134.384 23.2106
v 222.4657 131.3327 20.2995
v 219.3513 129.1572 17.8027

# 16 faces
f -8 -7 -6 
f -8 -6 -7 
f -7 -5 -6 
f -7 -6 -5 
f -5 -4 -6 
f -5 -6 -4 
f -5 -3 -4 
f -5 -4 -3 
f -4 -3 -2 
f -4 -2 -3 
f -6 -4 -2 
f -6 -2 -4 
f -6 -2 -1 
f -6 -1 -2 
f -6 -1 -8 
f -6 -8 -1 

g carrot_Petiole
s off

usemtl carrot_Petiole

# 18 vertices
v 213.8462 123.0406 12.1532
v 214.2984 123.6717 11.6328
v 213.3586 123.6252 11.611
v 213.7697 124.0468 13.3067
v 214.2219 124.6778 12.7862
v 213.282 124.6313 12.7644
v 213.7697 124.0468 13.3067
v 214.2219 124.6778 12.7862
v 213.282 124.6313 12.7644
v 213.6947 125.0158 14.4744
v 214.1459 125.6596 13.969
v 213.206 125.6131 13.9472
v 213.6947 125.0158 14.4744
v 214.1459 125.6596 13.969
v 213.206 125.6131 13.9472
v 213.6205 125.9558 15.6656
v 214.0707 126.6121 15.1757
v 213.1309 126.5656 15.1539

# 18 faces
f -18 -15 -17 
f -17 -15 -14 
f -17 -14 -16 
f -16 -14 -13 
f -16 -13 -18 
f -18 -13 -15 
f -12 -9 -11 
f -11 -9 -8 
f -11 -8 -10 
f -10 -8 -7 
f -10 -7 -12 
f -12 -7 -9 
f -6 -3 -5 
f -5 -3 -2 
f -5 -2 -4 
f -4 -2 -1 
f -4 -1 -6 
f -6 -1 -3 

g carrot_Petiole
s off

usemtl carrot_Petiole

# 18 vertices
v 213.6089 126.3299 15.3696
v 213.6591 126.4162 15.3235
v 213.554 126.3926 15.2979
v 213.4207 126.6803 15.8198
v 213.4709 126.7665 15.7737
v 213.3658 126.743 15.748
v 213.4207 126.6803 15.8198
v 213.4709 126.7665 15.7737
v 213.3658 126.743 15.748
v 213.0872 126.9838 16.2165
v 213.1308 127.0782 16.1811
v 213.0388 127.0383 16.1342
v 213.0872 126.9838 16.2165
v 213.1308 127.0782 16.1811
v 213.0388 127.0383 16.1342
v 212.6326 127.2187 16.5312
v 212.6664 127.3198 16.5046
v 212.5941 127.2664 16.44

# 18 faces
f -18 -15 -17 
f -17 -15 -14 
f -17 -14 -16 
f -16 -14 -13 
f -16 -13 -18 
f -18 -13 -15 
f -12 -9 -11 
f -11 -9 -8 
f -11 -8 -10 
f -10 -8 -7 
f -10 -7 -12 
f -12 -7 -9 
f -6 -3 -5 
f -5 -3 -2 
f -5 -2 -4 
f -4 -2 -1 
f -4 -1 -6 
f -6 -1 -3 

g carrot_Leaf
s off

usemtl carrot_Leaf

# 8 vertices
v 212.631 127.2685 16.4918
v 206.5232 131.3835 20.08502
v 206.0064 130.6546 20.2953
v 203.2282 133.178 22.6588
v 202.6562 132.3566 22.8584
v 197.7771 134.7275 26.4308
v 202.2349 131.5144 22.4653
v 205.6845 129.8677 20.0045

# 16 faces
f -8 -7 -6 
f -8 -6 -7 
f -7 -5 -6 
f -7 -6 -5 
f -5 -4 -6 
f -5 -6 -4 
f -5 -3 -4 
f -5 -4 -3 
f -4 -3 -2 
f -4 -2 -3 
f -6 -4 -2 
f -6 -2 -4 
f -6 -2 -1 
f -6 -1 -2 
f -6 -1 -8 
f -6 -8 -1 

g carrot_Petiole
s off

usemtl carrot_Petiole

# 18 vertices
v 213.6212 125.9477 15.6551
v 214.0704 126.6161 15.1808
v 213.1306 126.5696 15.159
v 213.5473 126.8663 16.8796
v 213.9966 127.5346 16.4053
v 213.0567 127.4881 16.3835
v 213.5473 126.8663 16.8796
v 213.9966 127.5346 16.4053
v 213.0567 127.4881 16.3835
v 213.4751 127.7467 18.1157
v 213.9234 128.4268 17.6573
v 212.9835 128.3802 17.6355
v 213.4751 127.7467 18.1157
v 213.9234 128.4268 17.6573
v 212.9835 128.3802 17.6355
v 213.4039 128.5965 19.373
v 213.8512 129.2879 18.9309
v 212.9114 129.2414 18.9091

# 18 faces
f -18 -15 -17 
f -17 -15 -14 
f -17 -14 -16 
f -16 -14 -13 
f -16 -13 -18 
f -18 -13 -15 
f -12 -9 -11 
f -11 -9 -8 
f -11 -8 -10 
f -10 -8 -7 
f -10 -7 -12 
f -12 -7 -9 
f -6 -3 -5 
f -5 -3 -2 
f -5 -2 -4 
f -4 -2 -1 
f -4 -1 -6 
f -6 -1 -3 

g carrot_Petiole
s off

usemtl carrot_Petiole

# 18 vertices
v 213.3905 128.9914 19.1053
v 213.4418 129.0643 19.04107
v 213.3339 129.0756 19.06302
v 213.5233 129.3232 19.588
v 213.5746 129.3961 19.5238
v 213.4668 129.4074 19.5458
v 213.5233 129.3232 19.588
v 213.5746 129.3961 19.5238
v 213.4668 129.4074 19.5458
v 213.8075 129.6267 20.0216
v 213.8536 129.6917 19.9459
v 213.7562 129.7188 19.9907
v 213.8075 129.6267 20.0216
v 213.8536 129.6917 19.9459
v 213.7562 129.7188 19.9907
v 214.2225 129.8799 20.3744
v 214.2599 129.938 20.2888
v 214.1799 129.979 20.3534

# 18 faces
f -18 -15 -17 
f -17 -15 -14 
f -17 -14 -16 
f -16 -14 -13 
f -16 -13 -18 
f -18 -13 -15 
f -12 -9 -11 
f -11 -9 -8 
f -11 -8 -10 
f -10 -8 -7 
f -10 -7 -12 
f -12 -7 -9 
f -6 -3 -5 
f -5 -3 -2 
f -5 -2 -4 
f -4 -2 -1 
f -4 -1 -6 
f -6 -1 -3 

g carrot_Leaf
s off

usemtl carrot_Leaf

# 8 vertices
v 214.2207 129.9326 20.3387
v 219.8608 134.2667 24.4074
v 219.6204 133.9978 25.2515
v 223.1586 136.0115 27.01173
v 222.8573 135.7215 27.9426
v 227.3783 138.245 31.8643
v 222.0611 135.6322 28.5748
v 218.9342 133.8338 25.808

# 16 faces
f -8 -7 -6 
f -8 -6 -7 
f -7 -5 -6 
f -7 -6 -5 
f -5 -4 -6 
f -5 -6 -4 
f -5 -3 -4 
f -5 -4 -3 
f -4 -3 -2 
f -4 -2 -3 
f -6 -4 -2 
f -6 -2 -4 
f -6 -2 -1 
f -6 -1 -2 
f -6 -1 -8 
f -6 -8 -1 

g carrot_Petiole
s off

usemtl carrot_Petiole

# 18 vertices
v 213.4045 128.5892 19.3619
v 213.8509 129.2915 18.9364
v 212.9111 129.245 18.9146
v 213.3337 129.4152 20.6509
v 213.7802 130.1175 20.2253
v 212.8403 130.071 20.2035
v 213.3337 129.4152 20.6509
v 213.7802 130.1175 20.2253
v 212.8403 130.071 20.2035
v 213.2646 130.2024 21.9485
v 213.7102 130.9151 21.5397
v 212.7704 130.8686 21.5179
v 213.2646 130.2024 21.9485
v 213.7102 130.9151 21.5397
v 212.7704 130.8686 21.5179
v 213.1967 130.9574 23.2651
v 213.6414 131.6802 22.8734
v 212.7016 131.6337 22.8516

# 18 faces
f -18 -15 -17 
f -17 -15 -14 
f -17 -14 -16 
f -16 -14 -13 
f -16 -13 -18 
f -18 -13 -15 
f -12 -9 -11 
f -11 -9 -8 
f -11 -8 -10 
f -10 -8 -7 
f -10 -7 -12 
f -12 -7 -9 
f -6 -3 -5 
f -5 -3 -2 
f -5 -2 -4 
f -4 -2 -1 
f -4 -1 -6 
f -6 -1 -3 

g carrot_Petiole
s off

usemtl carrot_Petiole

# 18 vertices
v 213.1818 131.3709 23.02716
v 213.2314 131.4631 22.9938
v 213.1263 131.4432 22.9658
v 212.996 131.6508 23.5251
v 213.0456 131.743 23.4918
v 212.9404 131.723 23.4637
v 212.996 131.6508 23.5251
v 213.0456 131.743 23.4918
v 212.9404 131.723 23.4637
v 212.6646 131.8916 23.9644
v 212.7077 131.9903 23.9428
v 212.6155 131.9574 23.8913
v 212.6646 131.8916 23.9644
v 212.7077 131.9903 23.9428
v 212.6155 131.9574 23.8913
v 212.2117 132.076 24.3132
v 212.245 132.1801 24.3015
v 212.1724 132.1365 24.2303

# 18 faces
f -18 -15 -17 
f -17 -15 -14 
f -17 -14 -16 
f -16 -14 -13 
f -16 -13 -18 
f -18 -13 -15 
f -12 -9 -11 
f -11 -9 -8 
f -11 -8 -10 
f -10 -8 -7 
f -10 -7 -12 
f -12 -7 -9 
f -6 -3 -5 
f -5 -3 -2 
f -5 -2 -4 
f -4 -2 -1 
f -4 -1 -6 
f -6 -1 -3 

g carrot_Leaf
s off

usemtl carrot_Leaf

# 8 vertices
v 212.2097 132.1311 24.2815
v 206.1172 135.6512 28.4816
v 205.6041 134.8974 28.5865
v 202.8365 137.0363 31.3136
v 202.2684 136.1924 31.3947
v 197.4095 137.995 35.3099
v 201.8466 135.4151 30.8853
v 205.2823 134.1603 28.1857

# 16 faces
f -8 -7 -6 
f -8 -6 -7 
f -7 -5 -6 
f -7 -6 -5 
f -5 -4 -6 
f -5 -6 -4 
f -5 -3 -4 
f -5 -4 -3 
f -4 -3 -2 
f -4 -2 -3 
f -6 -4 -2 
f -6 -2 -4 
f -6 -2 -1 
f -6 -1 -2 
f -6 -1 -8 
f -6 -8 -1 

g carrot_Petiole
s off

usemtl carrot_Petiole

# 18 vertices
v 213.1973 130.951 23.2535
v 213.6411 131.6834 22.8791
v 212.7013 131.6369 22.8573
v 213.13 131.6799 24.5999
v 213.5738 132.4124 24.2255
v 212.634 132.3659 24.2037
v 213.13 131.6799 24.5999
v 213.5738 132.4124 24.2255
v 212.634 132.3659 24.2037
v 213.0646 132.3695 25.952
v 213.5075 133.1111 25.5952
v 212.5676 133.0646 25.5734
v 213.0646 132.3695 25.952
v 213.5075 133.1111 25.5952
v 212.5676 133.0646 25.5734
v 213.0003 133.0257 27.3208
v 213.4424 133.7761 26.9817
v 212.5025 133.7296 26.9598

# 18 faces
f -18 -15 -17 
f -17 -15 -14 
f -17 -14 -16 
f -16 -14 -13 
f -16 -13 -18 
f -18 -13 -15 
f -12 -9 -11 
f -11 -9 -8 
f -11 -8 -10 
f -10 -8 -7 
f -10 -7 -12 
f -12 -7 -9 
f -6 -3 -5 
f -5 -3 -2 
f -5 -2 -4 
f -4 -2 -1 
f -4 -1 -6 
f -6 -1 -3 

g carrot_Petiole
s off

usemtl carrot_Petiole

# 18 vertices
v 212.9839 133.4555 27.1139
v 213.0345 133.5373 27.06071
v 212.9267 133.5447 27.08483
v 213.1194 133.7135 27.6391
v 213.17 133.7953 27.5859
v 213.0622 133.8027 27.61
v 213.1194 133.7135 27.6391
v 213.17 133.7953 27.5859
v 213.0622 133.8027 27.61
v 213.4059 133.9513 28.1104
v 213.4513 134.0269 28.04479
v 213.3541 134.0468 28.09385
v 213.4059 133.9513 28.1104
v 213.4513 134.0269 28.04479
v 213.3541 134.0468 28.09385
v 213.8228 134.1518 28.4936
v 213.8593 134.2218 28.4173
v 213.7798 134.2527 28.4877

# 18 faces
f -18 -15 -17 
f -17 -15 -14 
f -17 -14 -16 
f -16 -14 -13 
f -16 -13 -18 
f -18 -13 -15 
f -12 -9 -11 
f -11 -9 -8 
f -11 -8 -10 
f -10 -8 -7 
f -10 -7 -12 
f -12 -7 -9 
f -6 -3 -5 
f -5 -3 -2 
f -5 -2 -4 
f -4 -2 -1 
f -4 -1 -6 
f -6 -1 -3 

g carrot_Leaf
s off

usemtl carrot_Leaf

# 8 vertices
v 213.8206 134.209 28.4661
v 219.4786 137.9225 33.0864
v 219.2453 137.5319 33.8836
v 222.7908 139.2799 35.895
v 222.4973 138.8555 36.7755
v 227.0404 140.795 40.9929
v 221.7061 138.6714 37.3933
v 218.5638 137.2854 34.4148

# 16 faces
f -8 -7 -6 
f -8 -6 -7 
f -7 -5 -6 
f -7 -6 -5 
f -5 -4 -6 
f -5 -6 -4 
f -5 -3 -4 
f -5 -4 -3 
f -4 -3 -2 
f -4 -2 -3 
f -6 -4 -2 
f -6 -2 -4 
f -6 -2 -1 
f -6 -1 -2 
f -6 -1 -8 
f -6 -8 -1 

g carrot_Petiole
s off

usemtl carrot_Petiole

# 18 vertices
v 213.0009 133.0201 27.3087
v 213.4421 133.7789 26.9876
v 212.5023 133.7324 26.9658
v 212.9374 133.6481 28.7052
v 213.3787 134.4068 28.3841
v 212.4388 134.3604 28.3623
v 212.9374 133.6481 28.7052
v 213.3787 134.4068 28.3841
v 212.4388 134.3604 28.3623
v 212.8759 134.2364 30.1046
v 213.3163 135.003 29.8016
v 212.3764 134.9565 29.7798
v 212.8759 134.2364 30.1046
v 213.3163 135.003 29.8016
v 212.3764 134.9565 29.7798
v 212.8157 134.7901 31.5181
v 213.2553 135.5642 31.2335
v 212.3155 135.5177 31.2117

# 18 faces
f -18 -15 -17 
f -17 -15 -14 
f -17 -14 -16 
f -16 -14 -13 
f -16 -13 -18 
f -18 -13 -15 
f -12 -9 -11 
f -11 -9 -8 
f -11 -8 -10 
f -10 -8 -7 
f -10 -7 -12 
f -12 -7 -9 
f -6 -3 -5 
f -5 -3 -2 
f -5 -2 -4 
f -4 -2 -1 
f -4 -1 -6 
f -6 -1 -3 

g carrot_Petiole
s off

usemtl carrot_Petiole

# 18 vertices
v 212.7978 135.2339 31.3434
v 212.8469 135.3302 31.3236
v 212.7415 135.3142 31.2937
v 212.6149 135.4371 31.8783
v 212.664 135.5334 31.8585
v 212.5586 135.5173 31.8286
v 212.6149 135.4371 31.8783
v 212.664 135.5334 31.8585
v 212.5586 135.5173 31.8286
v 212.2861 135.6097 32.3505
v 212.3288 135.7107 32.3433
v 212.2363 135.6852 32.2881
v 212.2861 135.6097 32.3505
v 212.3288 135.7107 32.3433
v 212.2363 135.6852 32.2881
v 211.8353 135.7392 32.7257
v 211.8682 135.844 32.7291
v 211.7952 135.811 32.6528

# 18 faces
f -18 -15 -17 
f -17 -15 -14 
f -17 -14 -16 
f -16 -14 -13 
f -16 -13 -18 
f -18 -13 -15 
f -12 -9 -11 
f -11 -9 -8 
f -11 -8 -10 
f -10 -8 -7 
f -10 -7 -12 
f -12 -7 -9 
f -6 -3 -5 
f -5 -3 -2 
f -5 -2 -4 
f -4 -2 -1 
f -4 -1 -6 
f -6 -1 -3 

g carrot_Leaf
s off

usemtl carrot_Leaf

# 8 vertices
v 211.8329 135.7983 32.7024
v 205.7621 138.6412 37.4155
v 205.2519 137.8781 37.4124
v 202.4987 139.5835 40.4427
v 201.9336 138.7346 40.4033
v 197.0991 139.9251 44.5743
v 201.5102 138.0386 39.7885
v 204.9292 137.2064 36.9102

# 16 faces
f -8 -7 -6 
f -8 -6 -7 
f -7 -5 -6 
f -7 -6 -5 
f -5 -4 -6 
f -5 -6 -4 
f -5 -3 -4 
f -5 -4 -3 
f -4 -3 -2 
f -4 -2 -3 
f -6 -4 -2 
f -6 -2 -4 
f -6 -2 -1 
f -6 -1 -2 
f -6 -1 -8 
f -6 -8 -1 

g carrot_Petiole
s off

usemtl carrot_Petiole

# 18 vertices
v 212.7978 135.2339 31.3434
v 212.8495 135.325 31.3099
v 212.739 135.3195 31.3074
v 212.774 135.4529 31.9022
v 212.8257 135.5439 31.8688
v 212.7151 135.5385 31.8662
v 212.774 135.4529 31.9022
v 212.8257 135.5439 31.8688
v 212.7151 135.5385 31.8662
v 212.7502 135.6719 32.4611
v 212.8018 135.7629 32.4276
v 212.6913 135.7575 32.425
v 212.7502 135.6719 32.4611
v 212.8018 135.7629 32.4276
v 212.6913 135.7575 32.425
v 212.7263 135.8909 33.01994
v 212.778 135.9819 32.9864
v 212.6675 135.9765 32.9839

# 18 faces
f -18 -15 -17 
f -17 -15 -14 
f -17 -14 -16 
f -16 -14 -13 
f -16 -13 -18 
f -18 -13 -15 
f -12 -9 -11 
f -11 -9 -8 
f -11 -8 -10 
f -10 -8 -7 
f -10 -7 -12 
f -12 -7 -9 
f -6 -3 -5 
f -5 -3 -2 
f -5 -2 -4 
f -4 -2 -1 
f -4 -1 -6 
f -6 -1 -3 

g carrot_Leaf
s off

usemtl carrot_Leaf

# 8 vertices
v 212.724 135.95 32.9966
v 212.4521 139.9785 40.1274
v 211.904 139.3884 40.5678
v 212.4916 141.544 44.3993
v 211.8592 140.8897 44.8613
v 211.6529 143.0367 50.988
v 210.9734 140.3881 44.7876
v 211.1702 138.8734 40.5058

# 16 faces
f -8 -7 -6 
f -8 -6 -7 
f -7 -5 -6 
f -7 -6 -5 
f -5 -4 -6 
f -5 -6 -4 
f -5 -3 -4 
f -5 -4 -3 
f -4 -3 -2 
f -4 -2 -3 
f -6 -4 -2 
f -6 -2 -4 
f -6 -2 -1 
f -6 -1 -2 
f -6 -1 -8 
f -6 -8 -1 

g carrot_Mrstm
s off

usemtl carrot_Mrstm

# 8 vertices
v 214.888 107.6154 0.146
v 214.8996 107.6399 0.1605
v 214.8859 107.6405 0.1518
v 214.9002 107.6651 0.1696
v 214.8831 107.6665 0.16
v 214.8803 107.6893 0.1721
v 214.8705 107.6408 0.1504
v 214.8658 107.6657 0.1592

# 16 faces
f -8 -7 -6 
f -8 -6 -7 
f -6 -7 -5 
f -6 -5 -7 
f -6 -5 -4 
f -6 -4 -5 
f -5 -3 -4 
f -5 -4 -3 
f -6 -2 -8 
f -6 -8 -2 
f -2 -6 -4 
f -2 -4 -6 
f -1 -2 -4 
f -1 -4 -2 
f -1 -4 -3 
f -1 -3 -4 

g carrot_Mrstm
s off

usemtl carrot_Mrstm

# 8 vertices
v 214.888 107.6154 0.146
v 214.8985 107.6442 0.1428
v 214.8861 107.6404 0.1526
v 214.9005 107.6703 0.1482
v 214.886 107.6664 0.1609
v 214.8902 107.6903 0.1702
v 214.8799 107.6374 0.1665
v 214.88 107.6623 0.1766

# 16 faces
f -8 -7 -6 
f -8 -6 -7 
f -6 -7 -5 
f -6 -5 -7 
f -6 -5 -4 
f -6 -4 -5 
f -5 -3 -4 
f -5 -4 -3 
f -6 -2 -8 
f -6 -8 -2 
f -2 -6 -4 
f -2 -4 -6 
f -1 -2 -4 
f -1 -4 -2 
f -1 -4 -3 
f -1 -3 -4 

g carrot_Mrstm
s off

usemtl carrot_Mrstm

# 8 vertices
v 214.888 107.6154 0.146
v 214.881 107.6443 0.1381
v 214.887 107.6404 0.1527
v 214.8797 107.671 0.1409
v 214.8877 107.6671 0.1585
v 214.8913 107.6927 0.1604
v 214.8984 107.6392 0.1631
v 214.9012 107.6653 0.1691

# 16 faces
f -8 -7 -6 
f -8 -6 -7 
f -6 -7 -5 
f -6 -5 -7 
f -6 -5 -4 
f -6 -4 -5 
f -5 -3 -4 
f -5 -4 -3 
f -6 -2 -8 
f -6 -8 -2 
f -2 -6 -4 
f -2 -4 -6 
f -1 -2 -4 
f -1 -4 -2 
f -1 -4 -3 
f -1 -3 -4 

g carrot_Mrstm
s off

usemtl carrot_Mrstm

# 8 vertices
v 214.888 107.6154 0.146
v 214.8711 107.6402 0.1528
v 214.8873 107.6406 0.1519
v 214.8663 107.6661 0.1578
v 214.8859 107.6676 0.1561
v 214.882 107.6933 0.1562
v 214.9007 107.6438 0.1448
v 214.9003 107.6706 0.1471

# 16 faces
f -8 -7 -6 
f -8 -6 -7 
f -6 -7 -5 
f -6 -5 -7 
f -6 -5 -4 
f -6 -4 -5 
f -5 -3 -4 
f -5 -4 -3 
f -6 -2 -8 
f -6 -8 -2 
f -2 -6 -4 
f -2 -4 -6 
f -1 -2 -4 
f -1 -4 -2 
f -1 -4 -3 
f -1 -3 -4 

g carrot_Mrstm
s off

usemtl carrot_Mrstm

# 8 vertices
v 214.888 107.6154 0.146
v 214.8824 107.6375 0.1667
v 214.8866 107.6407 0.1514
v 214.8788 107.6624 0.1757
v 214.883 107.6672 0.157
v 214.8752 107.6911 0.1634
v 214.8835 107.6448 0.1368
v 214.8786 107.6709 0.1408

# 16 faces
f -8 -7 -6 
f -8 -6 -7 
f -6 -7 -5 
f -6 -5 -7 
f -6 -5 -4 
f -6 -4 -5 
f -5 -3 -4 
f -5 -4 -3 
f -6 -2 -8 
f -6 -8 -2 
f -2 -6 -4 
f -2 -4 -6 
f -1 -2 -4 
f -1 -4 -2 
f -1 -4 -3 
f -1 -3 -4 

g carrot_Intrnd
s off

usemtl carrot_Intrnd

# 18 vertices
v 215.4265 107.7239 -0.4233
v 214.1182 107.6465 -0.0342
v 215.1268 107.4775 0.8875
v 215.4249 108.1761 -0.3387
v 214.1166 108.0986 0.05043
v 215.1253 107.9296 0.9722
v 215.4249 108.1761 -0.3387
v 214.1166 108.0986 0.05043
v 215.1253 107.9296 0.9722
v 215.4451 108.5741 -0.2878
v 214.1387 108.5826 0.115
v 215.1474 108.4135 1.03678
v 215.4451 108.5741 -0.2878
v 214.1387 108.5826 0.115
v 215.1474 108.4135 1.03678
v 215.4853 108.9728 -0.2587
v 214.1852 109.0675 0.1531
v 215.1938 108.8985 1.07491

# 18 faces
f -18 -15 -17 
f -17 -15 -14 
f -17 -14 -16 
f -16 -14 -13 
f -16 -13 -18 
f -18 -13 -15 
f -12 -9 -11 
f -11 -9 -8 
f -11 -8 -10 
f -10 -8 -7 
f -10 -7 -12 
f -12 -7 -9 
f -6 -3 -5 
f -5 -3 -2 
f -5 -2 -4 
f -4 -2 -1 
f -4 -1 -6 
f -6 -1 -3 

g carrot_Petiole
s off

usemtl carrot_Petiole

# 18 vertices
v 215.2932 108.8858 -0.06445
v 214.4484 109.0822 0.2114
v 215.1199 108.9696 0.8251
v 216.3392 113.7426 -0.3182
v 215.4944 113.9389 -0.04238
v 216.1659 113.8264 0.5712
v 216.3392 113.7426 -0.3182
v 215.4944 113.9389 -0.04238
v 216.1659 113.8264 0.5712
v 217.8963 118.2898 -1.1882
v 217.0873 118.6154 -0.9278
v 217.7588 118.5028 -0.3141
v 217.8963 118.2898 -1.1882
v 217.0873 118.6154 -0.9278
v 217.7588 118.5028 -0.3141
v 219.9328 122.4829 -2.6477
v 219.1734 122.9297 -2.4193
v 219.8449 122.8172 -1.8057

# 18 faces
f -18 -15 -17 
f -17 -15 -14 
f -17 -14 -16 
f -16 -14 -13 
f -16 -13 -18 
f -18 -13 -15 
f -12 -9 -11 
f -11 -9 -8 
f -11 -8 -10 
f -10 -8 -7 
f -10 -7 -12 
f -12 -7 -9 
f -6 -3 -5 
f -5 -3 -2 
f -5 -2 -4 
f -4 -2 -1 
f -4 -1 -6 
f -6 -1 -3 

g carrot_Petiole
s off

usemtl carrot_Petiole

# 18 vertices
v 219.9273 122.4719 -2.6437
v 219.1761 122.9352 -2.4213
v 219.8476 122.8226 -1.8076
v 220.5678 123.7356 -3.1128
v 219.8166 124.1989 -2.8904
v 220.4881 124.0863 -2.2767
v 220.5678 123.7356 -3.1128
v 219.8166 124.1989 -2.8904
v 220.4881 124.0863 -2.2767
v 221.2218 124.9691 -3.6022
v 220.479 125.4486 -3.386
v 221.1505 125.3361 -2.7723
v 221.2218 124.9691 -3.6022
v 220.479 125.4486 -3.386
v 221.1505 125.3361 -2.7723
v 221.8943 126.1827 -4.1156
v 221.1602 126.6782 -3.9059
v 221.8317 126.5656 -3.2923

# 18 faces
f -18 -15 -17 
f -17 -15 -14 
f -17 -14 -16 
f -16 -14 -13 
f -16 -13 -18 
f -18 -13 -15 
f -12 -9 -11 
f -11 -9 -8 
f -11 -8 -10 
f -10 -8 -7 
f -10 -7 -12 
f -12 -7 -9 
f -6 -3 -5 
f -5 -3 -2 
f -5 -2 -4 
f -4 -2 -1 
f -4 -1 -6 
f -6 -1 -3 

g carrot_Petiole
s off

usemtl carrot_Petiole

# 18 vertices
v 221.6581 126.4432 -3.8093
v 221.569 126.4882 -3.7791
v 221.6558 126.4988 -3.7211
v 221.7963 126.9122 -4.1014
v 221.7073 126.9573 -4.07135
v 221.7941 126.9678 -4.01335
v 221.7963 126.9122 -4.1014
v 221.7073 126.9573 -4.07135
v 221.7941 126.9678 -4.01335
v 221.8038 127.349 -4.467
v 221.713 127.3827 -4.4287
v 221.8035 127.4159 -4.3871
v 221.8038 127.349 -4.467
v 221.713 127.3827 -4.4287
v 221.8035 127.4159 -4.3871
v 221.6802 127.7219 -4.8795
v 221.5907 127.7454 -4.8314
v 221.6783 127.7989 -4.8093

# 18 faces
f -18 -15 -17 
f -17 -15 -14 
f -17 -14 -16 
f -16 -14 -13 
f -16 -13 -18 
f -18 -13 -15 
f -12 -9 -11 
f -11 -9 -8 
f -11 -8 -10 
f -10 -8 -7 
f -10 -7 -12 
f -12 -7 -9 
f -6 -3 -5 
f -5 -3 -2 
f -5 -2 -4 
f -4 -2 -1 
f -4 -1 -6 
f -6 -1 -3 

g carrot_Leaf
s off

usemtl carrot_Leaf

# 8 vertices
v 221.6496 127.7556 -4.8399
v 219.2932 133.5048 -9.8469
v 220.0476 133.5488 -10.3244
v 218.211 136.2346 -13.1649
v 219.0678 136.2866 -13.6658
v 217.7787 140.2737 -18.4037
v 220.0541 136.3797 -13.5864
v 220.9219 133.5546 -10.2904

# 16 faces
f -8 -7 -6 
f -8 -6 -7 
f -7 -5 -6 
f -7 -6 -5 
f -5 -4 -6 
f -5 -6 -4 
f -5 -3 -4 
f -5 -4 -3 
f -4 -3 -2 
f -4 -2 -3 
f -6 -4 -2 
f -6 -2 -4 
f -6 -2 -1 
f -6 -1 -2 
f -6 -1 -8 
f -6 -8 -1 

g carrot_Petiole
s off

usemtl carrot_Petiole

# 18 vertices
v 221.8884 126.1722 -4.111
v 221.1631 126.6834 -3.9082
v 221.8346 126.5708 -3.2946
v 222.5851 127.3757 -4.6527
v 221.8599 127.8868 -4.4499
v 222.5314 127.7743 -3.8363
v 222.5851 127.3757 -4.6527
v 221.8599 127.8868 -4.4499
v 222.5314 127.7743 -3.8363
v 223.2937 128.5473 -5.2132
v 222.5775 129.0738 -5.01758
v 223.249 128.9613 -4.4039
v 223.2937 128.5473 -5.2132
v 222.5775 129.0738 -5.01758
v 223.249 128.9613 -4.4039
v 224.0196 129.6968 -5.7967
v 223.3128 130.2385 -5.6085
v 223.9843 130.126 -4.9948

# 18 faces
f -18 -15 -17 
f -17 -15 -14 
f -17 -14 -16 
f -16 -14 -13 
f -16 -13 -18 
f -18 -13 -15 
f -12 -9 -11 
f -11 -9 -8 
f -11 -8 -10 
f -10 -8 -7 
f -10 -7 -12 
f -12 -7 -9 
f -6 -3 -5 
f -5 -3 -2 
f -5 -2 -4 
f -4 -2 -1 
f -4 -1 -6 
f -6 -1 -3 

g carrot_Petiole
s off

usemtl carrot_Petiole

# 18 vertices
v 223.7995 129.9847 -5.5031
v 223.7268 130.0574 -5.4858
v 223.7872 130.0232 -5.407
v 224.1801 130.3927 -5.6178
v 224.1075 130.4653 -5.6005
v 224.1678 130.4312 -5.5218
v 224.1801 130.3927 -5.6178
v 224.1075 130.4653 -5.6005
v 224.1678 130.4312 -5.5218
v 224.6344 130.7364 -5.6145
v 224.5721 130.8184 -5.5985
v 224.6116 130.7655 -5.517
v 224.6344 130.7364 -5.6145
v 224.5721 130.8184 -5.5985
v 224.6116 130.7655 -5.517
v 225.1293 130.9909 -5.4931
v 225.0789 131.0805 -5.4757
v 225.0947 131.0125 -5.3972

# 18 faces
f -18 -15 -17 
f -17 -15 -14 
f -17 -14 -16 
f -16 -14 -13 
f -16 -13 -18 
f -18 -13 -15 
f -12 -9 -11 
f -11 -9 -8 
f -11 -8 -10 
f -10 -8 -7 
f -10 -7 -12 
f -12 -7 -9 
f -6 -3 -5 
f -5 -3 -2 
f -5 -2 -4 
f -4 -2 -1 
f -4 -1 -6 
f -6 -1 -3 

g carrot_Leaf
s off

usemtl carrot_Leaf

# 8 vertices
v 225.1008 131.0281 -5.4552
v 231.4255 135.3064 -3.1373
v 232.0079 134.6292 -3.103
v 235.2885 137.354 -2.4191
v 235.9132 136.5832 -2.3611
v 241.5084 139.2911 -1.1915
v 236.0497 135.6706 -1.9921
v 232.1326 133.7985 -2.8579

# 16 faces
f -8 -7 -6 
f -8 -6 -7 
f -7 -5 -6 
f -7 -6 -5 
f -5 -4 -6 
f -5 -6 -4 
f -5 -3 -4 
f -5 -4 -3 
f -4 -3 -2 
f -4 -2 -3 
f -6 -4 -2 
f -6 -2 -4 
f -6 -2 -1 
f -6 -1 -2 
f -6 -1 -8 
f -6 -8 -1 

g carrot_Petiole
s off

usemtl carrot_Petiole

# 18 vertices
v 224.0131 129.6868 -5.7915
v 223.316 130.2434 -5.6111
v 223.9875 130.1309 -4.9974
v 224.7624 130.8235 -6.4029
v 224.0652 131.3801 -6.2224
v 224.7367 131.2676 -5.6088
v 224.7624 130.8235 -6.4029
v 224.0652 131.3801 -6.2224
v 224.7367 131.2676 -5.6088
v 225.5216 131.9268 -7.0314
v 224.8342 132.498 -6.859
v 225.5057 132.3854 -6.2453
v 225.5216 131.9268 -7.0314
v 224.8342 132.498 -6.859
v 225.5057 132.3854 -6.2453
v 226.2969 133.0061 -7.6818
v 225.6195 133.5914 -7.5178
v 226.291 133.4789 -6.9041

# 18 faces
f -18 -15 -17 
f -17 -15 -14 
f -17 -14 -16 
f -16 -14 -13 
f -16 -13 -18 
f -18 -13 -15 
f -12 -9 -11 
f -11 -9 -8 
f -11 -8 -10 
f -10 -8 -7 
f -10 -7 -12 
f -12 -7 -9 
f -6 -3 -5 
f -5 -3 -2 
f -5 -2 -4 
f -4 -2 -1 
f -4 -1 -6 
f -6 -1 -3 

g carrot_Petiole
s off

usemtl carrot_Petiole

# 18 vertices
v 226.0943 133.3199 -7.4025
v 226.0108 133.3765 -7.3763
v 226.0995 133.3845 -7.3209
v 226.2706 133.739 -7.7455
v 226.1871 133.7956 -7.7193
v 226.2759 133.8036 -7.6639
v 226.2706 133.739 -7.7455
v 226.1871 133.7956 -7.7193
v 226.2759 133.8036 -7.6639
v 226.3121 134.1314 -8.1564
v 226.2259 134.1779 -8.1207
v 226.3201 134.2062 -8.08421
v 226.3121 134.1314 -8.1564
v 226.2259 134.1779 -8.1207
v 226.3201 134.2062 -8.08421
v 226.2157 134.4686 -8.6052
v 226.1301 134.5059 -8.5588
v 226.223 134.5525 -8.5438

# 18 faces
f -18 -15 -17 
f -17 -15 -14 
f -17 -14 -16 
f -16 -14 -13 
f -16 -13 -18 
f -18 -13 -15 
f -12 -9 -11 
f -11 -9 -8 
f -11 -8 -10 
f -10 -8 -7 
f -10 -7 -12 
f -12 -7 -9 
f -6 -3 -5 
f -5 -3 -2 
f -5 -2 -4 
f -4 -2 -1 
f -4 -1 -6 
f -6 -1 -3 

g carrot_Leaf
s off

usemtl carrot_Leaf

# 8 vertices
v 226.1895 134.5092 -8.5691
v 224.2873 139.8972 -14.1394
v 225.031 139.8149 -14.6284
v 223.3987 142.3515 -17.7197
v 224.2445 142.2645 -18.2341
v 223.2392 145.8319 -23.3595
v 225.2368 142.2672 -18.1778
v 225.9024 139.7375 -14.6063

# 16 faces
f -8 -7 -6 
f -8 -6 -7 
f -7 -5 -6 
f -7 -6 -5 
f -5 -4 -6 
f -5 -6 -4 
f -5 -3 -4 
f -5 -4 -3 
f -4 -3 -2 
f -4 -2 -3 
f -6 -4 -2 
f -6 -2 -4 
f -6 -2 -1 
f -6 -1 -2 
f -6 -1 -8 
f -6 -8 -1 

g carrot_Petiole
s off

usemtl carrot_Petiole

# 18 vertices
v 226.2901 132.9967 -7.676
v 225.6229 133.596 -7.5206
v 226.2944 133.4835 -6.9069
v 227.0877 134.0605 -8.3538
v 226.4206 134.6598 -8.1983
v 227.0921 134.5472 -7.5847
v 227.0877 134.0605 -8.3538
v 226.4206 134.6598 -8.1983
v 227.0921 134.5472 -7.5847
v 227.8936 135.0896 -9.04691
v 227.2368 135.7024 -8.9004
v 227.9083 135.5899 -8.2867
v 227.8936 135.0896 -9.04691
v 227.2368 135.7024 -8.9004
v 227.9083 135.5899 -8.2867
v 228.7141 136.0926 -9.7607
v 228.0679 136.7187 -9.6234
v 228.7394 136.6062 -9.009769

# 18 faces
f -18 -15 -17 
f -17 -15 -14 
f -17 -14 -16 
f -16 -14 -13 
f -16 -13 -18 
f -18 -13 -15 
f -12 -9 -11 
f -11 -9 -8 
f -11 -8 -10 
f -10 -8 -7 
f -10 -7 -12 
f -12 -7 -9 
f -6 -3 -5 
f -5 -3 -2 
f -5 -2 -4 
f -4 -2 -1 
f -4 -1 -6 
f -6 -1 -3 

g carrot_Petiole
s off

usemtl carrot_Petiole

# 18 vertices
v 228.5299 136.4306 -9.4973
v 228.4651 136.5116 -9.487
v 228.5237 136.4802 -9.4058
v 228.9457 136.7842 -9.6604
v 228.8808 136.8652 -9.6501
v 228.9394 136.8338 -9.5689
v 228.9457 136.7842 -9.6604
v 228.8808 136.8652 -9.6501
v 228.9394 136.8338 -9.5689
v 229.4311 137.0795 -9.7
v 229.3776 137.1686 -9.6923
v 229.4136 137.121 -9.606
v 229.4311 137.0795 -9.7
v 229.3776 137.1686 -9.6923
v 229.4136 137.121 -9.606
v 229.9512 137.2952 -9.6133
v 229.9102 137.3907 -9.605
v 229.9211 137.3302 -9.5199

# 18 faces
f -18 -15 -17 
f -17 -15 -14 
f -17 -14 -16 
f -16 -14 -13 
f -16 -13 -18 
f -18 -13 -15 
f -12 -9 -11 
f -11 -9 -8 
f -11 -8 -10 
f -10 -8 -7 
f -10 -7 -12 
f -12 -7 -9 
f -6 -3 -5 
f -5 -3 -2 
f -5 -2 -4 
f -4 -2 -1 
f -4 -1 -6 
f -6 -1 -3 

g carrot_Leaf
s off

usemtl carrot_Leaf

# 8 vertices
v 229.9274 137.3389 -9.5793
v 236.6905 141.1912 -7.8194
v 237.2049 140.4671 -7.7192
v 240.75 142.9103 -7.3764
v 241.298 142.0919 -7.2431
v 247.1558 144.3405 -6.4452
v 241.3536 141.2148 -6.7792
v 237.2539 139.659 -7.3872

# 16 faces
f -8 -7 -6 
f -8 -6 -7 
f -7 -5 -6 
f -7 -6 -5 
f -5 -4 -6 
f -5 -6 -4 
f -5 -3 -4 
f -5 -4 -3 
f -4 -3 -2 
f -4 -2 -3 
f -6 -4 -2 
f -6 -2 -4 
f -6 -2 -1 
f -6 -1 -2 
f -6 -1 -8 
f -6 -8 -1 

g carrot_Petiole
s off

usemtl carrot_Petiole

# 18 vertices
v 228.7068 136.084 -9.7544
v 228.0715 136.723 -9.6265
v 228.743 136.6105 -9.01288
v 229.5486 137.069 -10.4948
v 228.9132 137.7081 -10.3669
v 229.5847 137.5955 -9.7533
v 229.5486 137.069 -10.4948
v 228.9132 137.7081 -10.3669
v 229.5847 137.5955 -9.7533
v 230.3967 138.0183 -11.2488
v 229.7723 138.6699 -11.1306
v 230.4438 138.5573 -10.517
v 230.3967 138.0183 -11.2488
v 229.7723 138.6699 -11.1306
v 230.4438 138.5573 -10.517
v 231.2579 138.9397 -12.02221
v 230.6447 139.6035 -11.9139
v 231.3161 139.491 -11.3003

# 18 faces
f -18 -15 -17 
f -17 -15 -14 
f -17 -14 -16 
f -16 -14 -13 
f -16 -13 -18 
f -18 -13 -15 
f -12 -9 -11 
f -11 -9 -8 
f -11 -8 -10 
f -10 -8 -7 
f -10 -7 -12 
f -12 -7 -9 
f -6 -3 -5 
f -5 -3 -2 
f -5 -2 -4 
f -4 -2 -1 
f -4 -1 -6 
f -6 -1 -3 

g carrot_Petiole
s off

usemtl carrot_Petiole

# 18 vertices
v 231.0933 139.3001 -11.776
v 231.0163 139.3671 -11.755
v 231.1067 139.3721 -11.7019
v 231.3015 139.6607 -12.1646
v 231.2245 139.7278 -12.1437
v 231.315 139.7328 -12.09061
v 231.3015 139.6607 -12.1646
v 231.2245 139.7278 -12.1437
v 231.315 139.7328 -12.09061
v 231.3714 140.001 -12.6161
v 231.2909 140.0593 -12.5846
v 231.3883 140.0818 -12.5525
v 231.3714 140.001 -12.6161
v 231.2909 140.0593 -12.5846
v 231.3883 140.0818 -12.5525
v 231.2978 140.2963 -13.0976
v 231.2173 140.3466 -13.05444
v 231.3146 140.3851 -13.04572

# 18 faces
f -18 -15 -17 
f -17 -15 -14 
f -17 -14 -16 
f -16 -14 -13 
f -16 -13 -18 
f -18 -13 -15 
f -12 -9 -11 
f -11 -9 -8 
f -11 -8 -10 
f -10 -8 -7 
f -10 -7 -12 
f -12 -7 -9 
f -6 -3 -5 
f -5 -3 -2 
f -5 -2 -4 
f -4 -2 -1 
f -4 -1 -6 
f -6 -1 -3 

g carrot_Leaf
s off

usemtl carrot_Leaf

# 8 vertices
v 231.2765 140.3429 -13.06577
v 229.7779 145.2684 -19.1626
v 230.4985 145.0611 -19.6491
v 229.049 147.403 -22.9762
v 229.8701 147.1782 -23.4888
v 229.0972 150.2609 -28.9575
v 230.859 147.0884 -23.4458
v 231.3585 144.9004 -19.6299

# 16 faces
f -8 -7 -6 
f -8 -6 -7 
f -7 -5 -6 
f -7 -6 -5 
f -5 -4 -6 
f -5 -6 -4 
f -5 -3 -4 
f -5 -4 -3 
f -4 -3 -2 
f -4 -2 -3 
f -6 -4 -2 
f -6 -2 -4 
f -6 -2 -1 
f -6 -1 -2 
f -6 -1 -8 
f -6 -8 -1 

g carrot_Petiole
s off

usemtl carrot_Petiole

# 18 vertices
v 231.2503 138.9318 -12.01536
v 230.6484 139.6074 -11.9173
v 231.3199 139.4949 -11.3037
v 232.1316 139.8328 -12.8145
v 231.5297 140.5085 -12.7165
v 232.2012 140.3959 -12.1028
v 232.1316 139.8328 -12.8145
v 231.5297 140.5085 -12.7165
v 232.2012 140.3959 -12.1028
v 233.0173 140.6971 -13.6252
v 232.4269 141.3842 -13.5377
v 233.0984 141.2717 -12.924
v 233.0173 140.6971 -13.6252
v 232.4269 141.3842 -13.5377
v 233.0984 141.2717 -12.924
v 233.9146 141.532 -14.4539
v 233.3358 142.2301 -14.3771
v 234.0073 142.1176 -13.7634

# 18 faces
f -18 -15 -17 
f -17 -15 -14 
f -17 -14 -16 
f -16 -14 -13 
f -16 -13 -18 
f -18 -13 -15 
f -12 -9 -11 
f -11 -9 -8 
f -11 -8 -10 
f -10 -8 -7 
f -10 -7 -12 
f -12 -7 -9 
f -6 -3 -5 
f -5 -3 -2 
f -5 -2 -4 
f -4 -2 -1 
f -4 -1 -6 
f -6 -1 -3 

g carrot_Petiole
s off

usemtl carrot_Petiole

# 18 vertices
v 233.7704 141.9127 -14.2263
v 233.714 142.0003 -14.2241
v 233.7711 141.9721 -14.1407
v 234.2146 142.2039 -14.4321
v 234.1582 142.2915 -14.4299
v 234.2154 142.2633 -14.3465
v 234.2146 142.2039 -14.4321
v 234.1582 142.2915 -14.4299
v 234.2154 142.2633 -14.3465
v 234.7255 142.4437 -14.5097
v 234.681 142.5379 -14.511
v 234.7143 142.4964 -14.4205
v 234.7255 142.4437 -14.5097
v 234.681 142.5379 -14.511
v 234.7143 142.4964 -14.4205
v 235.2659 142.6147 -14.4535
v 235.2346 142.7141 -14.4551
v 235.2415 142.6623 -14.364

# 18 faces
f -18 -15 -17 
f -17 -15 -14 
f -17 -14 -16 
f -16 -14 -13 
f -16 -13 -18 
f -18 -13 -15 
f -12 -9 -11 
f -11 -9 -8 
f -11 -8 -10 
f -10 -8 -7 
f -10 -7 -12 
f -12 -7 -9 
f -6 -3 -5 
f -5 -3 -2 
f -5 -2 -4 
f -4 -2 -1 
f -4 -1 -6 
f -6 -1 -3 

g carrot_Leaf
s off

usemtl carrot_Leaf

# 8 vertices
v 235.2473 142.6639 -14.4241
v 242.3922 145.9918 -13.1781
v 242.8359 145.235 -13.00669
v 246.6089 147.337 -12.9757
v 247.0777 146.4873 -12.7615
v 253.1434 148.2158 -12.2865
v 247.0585 145.6634 -12.206
v 242.8138 144.4661 -12.5896

# 16 faces
f -8 -7 -6 
f -8 -6 -7 
f -7 -5 -6 
f -7 -6 -5 
f -5 -4 -6 
f -5 -6 -4 
f -5 -3 -4 
f -5 -4 -3 
f -4 -3 -2 
f -4 -2 -3 
f -6 -4 -2 
f -6 -2 -4 
f -6 -2 -1 
f -6 -1 -2 
f -6 -1 -8 
f -6 -8 -1 

g carrot_Petiole
s off

usemtl carrot_Petiole

# 18 vertices
v 233.7704 141.9127 -14.2263
v 233.7041 141.9926 -14.2175
v 233.781 141.9798 -14.1473
v 234.1158 142.2342 -14.5454
v 234.0496 142.3141 -14.5366
v 234.1264 142.3012 -14.4663
v 234.1158 142.2342 -14.5454
v 234.0496 142.3141 -14.5366
v 234.1264 142.3012 -14.4663
v 234.4613 142.5557 -14.8644
v 234.395 142.6356 -14.8556
v 234.4719 142.6227 -14.7853
v 234.4613 142.5557 -14.8644
v 234.395 142.6356 -14.8556
v 234.4719 142.6227 -14.7853
v 234.8067 142.8772 -15.1834
v 234.7404 142.9571 -15.1746
v 234.8173 142.9442 -15.1044

# 18 faces
f -18 -15 -17 
f -17 -15 -14 
f -17 -14 -16 
f -16 -14 -13 
f -16 -13 -18 
f -18 -13 -15 
f -12 -9 -11 
f -11 -9 -8 
f -11 -8 -10 
f -10 -8 -7 
f -10 -7 -12 
f -12 -7 -9 
f -6 -3 -5 
f -5 -3 -2 
f -5 -2 -4 
f -4 -2 -1 
f -4 -1 -6 
f -6 -1 -3 

g carrot_Leaf
s off

usemtl carrot_Leaf

# 8 vertices
v 234.7881 142.9264 -15.154
v 239.1683 148.3078 -19.09508
v 239.9075 147.811 -19.1714
v 241.7304 150.7438 -21.7658
v 242.551 150.1854 -21.8161
v 246.4258 153.5684 -25.4968
v 243.1953 149.6347 -21.2972
v 240.4506 147.2606 -18.7619

# 16 faces
f -8 -7 -6 
f -8 -6 -7 
f -7 -5 -6 
f -7 -6 -5 
f -5 -4 -6 
f -5 -6 -4 
f -5 -3 -4 
f -5 -4 -3 
f -4 -3 -2 
f -4 -2 -3 
f -6 -4 -2 
f -6 -2 -4 
f -6 -2 -1 
f -6 -1 -2 
f -6 -1 -8 
f -6 -8 -1 

g carrot_Mrstm
s off

usemtl carrot_Mrstm

# 8 vertices
v 214.9522 108.9797 0.3258
v 214.9506 109.0076 0.313
v 214.9551 109.0052 0.3284
v 214.9537 109.0341 0.3115
v 214.9599 109.0321 0.3301
v 214.9676 109.0568 0.3282
v 214.9656 109.004 0.3398
v 214.9723 109.03 0.3419

# 16 faces
f -8 -7 -6 
f -8 -6 -7 
f -6 -7 -5 
f -6 -5 -7 
f -6 -5 -4 
f -6 -4 -5 
f -5 -3 -4 
f -5 -4 -3 
f -6 -2 -8 
f -6 -8 -2 
f -2 -6 -4 
f -2 -4 -6 
f -1 -2 -4 
f -1 -4 -2 
f -1 -4 -3 
f -1 -3 -4 

g carrot_Mrstm
s off

usemtl carrot_Mrstm

# 8 vertices
v 214.9522 108.9797 0.3258
v 214.9394 109.0075 0.3273
v 214.9554 109.0052 0.3277
v 214.9388 109.0343 0.3278
v 214.9584 109.0324 0.3275
v 214.9589 109.058 0.3232
v 214.9696 109.0051 0.3213
v 214.9736 109.0316 0.3194

# 16 faces
f -8 -7 -6 
f -8 -6 -7 
f -6 -7 -5 
f -6 -5 -7 
f -6 -5 -4 
f -6 -4 -5 
f -5 -3 -4 
f -5 -4 -3 
f -6 -2 -8 
f -6 -8 -2 
f -2 -6 -4 
f -2 -4 -6 
f -1 -2 -4 
f -1 -4 -2 
f -1 -4 -3 
f -1 -3 -4 

g carrot_Mrstm
s off

usemtl carrot_Mrstm

# 8 vertices
v 214.9522 108.9797 0.3258
v 214.9493 109.0054 0.3423
v 214.9548 109.0053 0.3271
v 214.9494 109.0318 0.3469
v 214.9554 109.0327 0.3282
v 214.9514 109.0582 0.33
v 214.9533 109.0074 0.3118
v 214.9526 109.0342 0.3113

# 16 faces
f -8 -7 -6 
f -8 -6 -7 
f -6 -7 -5 
f -6 -5 -7 
f -6 -5 -4 
f -6 -4 -5 
f -5 -3 -4 
f -5 -4 -3 
f -6 -2 -8 
f -6 -8 -2 
f -2 -6 -4 
f -2 -4 -6 
f -1 -2 -4 
f -1 -4 -2 
f -1 -4 -3 
f -1 -3 -4 

g carrot_Mrstm
s off

usemtl carrot_Mrstm

# 8 vertices
v 214.9522 108.9797 0.3258
v 214.9668 109.0041 0.3375
v 214.9541 109.0054 0.3275
v 214.971 109.03 0.3427
v 214.9551 109.0325 0.3312
v 214.9554 109.0571 0.3393
v 214.9391 109.0078 0.3244
v 214.9382 109.0343 0.3287

# 16 faces
f -8 -7 -6 
f -8 -6 -7 
f -6 -7 -5 
f -6 -5 -7 
f -6 -5 -4 
f -6 -4 -5 
f -5 -3 -4 
f -5 -4 -3 
f -6 -2 -8 
f -6 -8 -2 
f -2 -6 -4 
f -2 -4 -6 
f -1 -2 -4 
f -1 -4 -2 
f -1 -4 -3 
f -1 -3 -4 

g carrot_Mrstm
s off

usemtl carrot_Mrstm

# 8 vertices
v 214.9522 108.9797 0.3258
v 214.9678 109.0054 0.3194
v 214.9542 109.0053 0.3283
v 214.9739 109.0314 0.3209
v 214.9579 109.0321 0.3324
v 214.9655 109.0562 0.3382
v 214.9465 109.0057 0.3417
v 214.9501 109.0317 0.3478

# 16 faces
f -8 -7 -6 
f -8 -6 -7 
f -6 -7 -5 
f -6 -5 -7 
f -6 -5 -4 
f -6 -4 -5 
f -5 -3 -4 
f -5 -4 -3 
f -6 -2 -8 
f -6 -8 -2 
f -2 -6 -4 
f -2 -4 -6 
f -1 -2 -4 
f -1 -4 -2 
f -1 -4 -3 
f -1 -3 -4 

g carrot_Intrnd
s off

usemtl carrot_Intrnd

# 18 vertices
v 214.1643 108.9726 0.397
v 215.4028 108.9245 0.9739
v 215.2784 109.0418 -0.3922
v 214.1638 109.431 0.4364
v 215.4023 109.3828 1.01329
v 215.2779 109.5001 -0.3528
v 214.1638 109.431 0.4364
v 215.4023 109.3828 1.01329
v 215.2779 109.5001 -0.3528
v 214.1222 109.8094 0.4726
v 215.3549 109.8765 1.06
v 215.2306 109.9938 -0.3061
v 214.1222 109.8094 0.4726
v 215.3549 109.8765 1.06
v 215.2306 109.9938 -0.3061
v 214.0438 110.1817 0.5117
v 215.2594 110.3629 1.1104
v 215.1351 110.4802 -0.2557

# 18 faces
f -18 -15 -17 
f -17 -15 -14 
f -17 -14 -16 
f -16 -14 -13 
f -16 -13 -18 
f -18 -13 -15 
f -12 -9 -11 
f -11 -9 -8 
f -11 -8 -10 
f -10 -8 -7 
f -10 -7 -12 
f -12 -7 -9 
f -6 -3 -5 
f -5 -3 -2 
f -5 -2 -4 
f -4 -2 -1 
f -4 -1 -6 
f -6 -1 -3 

g carrot_Petiole
s off

usemtl carrot_Petiole

# 18 vertices
v 214.3558 110.1605 0.4815
v 215.0824 110.3953 0.8704
v 215.0045 110.4688 0.01412
v 212.6721 114.4992 1.007341
v 213.3987 114.734 1.3962
v 213.3208 114.8076 0.5399
v 212.6721 114.4992 1.007341
v 213.3987 114.734 1.3962
v 213.3208 114.8076 0.5399
v 210.3068 118.4045 1.5579
v 210.9778 118.7526 1.9616
v 210.8998 118.8261 1.1053
v 210.3068 118.4045 1.5579
v 210.9778 118.7526 1.9616
v 210.8998 118.8261 1.1053
v 207.3058 121.8425 2.1263
v 207.9026 122.2925 2.5455
v 207.8246 122.3661 1.6892

# 18 faces
f -18 -15 -17 
f -17 -15 -14 
f -17 -14 -16 
f -16 -14 -13 
f -16 -13 -18 
f -18 -13 -15 
f -12 -9 -11 
f -11 -9 -8 
f -11 -8 -10 
f -10 -8 -7 
f -10 -7 -12 
f -12 -7 -9 
f -6 -3 -5 
f -5 -3 -2 
f -5 -2 -4 
f -4 -2 -1 
f -4 -1 -6 
f -6 -1 -3 

g carrot_Petiole
s off

usemtl carrot_Petiole

# 18 vertices
v 207.3139 121.8335 2.1248
v 207.8986 122.297 2.5462
v 207.8206 122.3705 1.6899
v 206.373 122.8624 2.2988
v 206.9577 123.3259 2.7202
v 206.8797 123.3994 1.8639
v 206.373 122.8624 2.2988
v 206.9577 123.3259 2.7202
v 206.8797 123.3994 1.8639
v 205.4152 123.8589 2.4715
v 205.9876 124.3355 2.8952
v 205.9096 124.409 2.03895
v 205.4152 123.8589 2.4715
v 205.9876 124.3355 2.8952
v 205.9096 124.409 2.03895
v 204.433 124.8314 2.6444
v 204.9928 125.3209 3.07041
v 204.9148 125.3944 2.2141

# 18 faces
f -18 -15 -17 
f -17 -15 -14 
f -17 -14 -16 
f -16 -14 -13 
f -16 -13 -18 
f -18 -13 -15 
f -12 -9 -11 
f -11 -9 -8 
f -11 -8 -10 
f -10 -8 -7 
f -10 -7 -12 
f -12 -7 -9 
f -6 -3 -5 
f -5 -3 -2 
f -5 -2 -4 
f -4 -2 -1 
f -4 -1 -6 
f -6 -1 -3 

g carrot_Petiole
s off

usemtl carrot_Petiole

# 18 vertices
v 204.7443 125.1459 2.6431
v 204.8132 125.1901 2.6858
v 204.7876 125.2151 2.5999
v 204.4133 125.4742 2.8371
v 204.4823 125.5184 2.8799
v 204.4567 125.5434 2.794
v 204.4133 125.4742 2.8371
v 204.4823 125.5184 2.8799
v 204.4567 125.5434 2.794
v 204.1315 125.7545 3.1485
v 204.2081 125.7911 3.1849
v 204.1671 125.8313 3.1116
v 204.1315 125.7545 3.1485
v 204.2081 125.7911 3.1849
v 204.1671 125.8313 3.1116
v 203.919 125.9664 3.5546
v 204.0018 125.9969 3.582
v 203.9485 126.0494 3.5267

# 18 faces
f -18 -15 -17 
f -17 -15 -14 
f -17 -14 -16 
f -16 -14 -13 
f -16 -13 -18 
f -18 -13 -15 
f -12 -9 -11 
f -11 -9 -8 
f -11 -8 -10 
f -10 -8 -7 
f -10 -7 -12 
f -12 -7 -9 
f -6 -3 -5 
f -5 -3 -2 
f -5 -2 -4 
f -4 -2 -1 
f -4 -1 -6 
f -6 -1 -3 

g carrot_Leaf
s off

usemtl carrot_Leaf

# 8 vertices
v 203.9566 126.0044 3.5544
v 201.615 129.8259 9.5842
v 200.7896 129.753 9.4371
v 199.9053 131.3916 13.05225
v 198.9926 131.3216 12.858
v 196.3574 133.6427 17.6674
v 198.3357 131.4451 12.2032
v 200.1976 129.7835 8.8649

# 16 faces
f -8 -7 -6 
f -8 -6 -7 
f -7 -5 -6 
f -7 -6 -5 
f -5 -4 -6 
f -5 -6 -4 
f -5 -3 -4 
f -5 -4 -3 
f -4 -3 -2 
f -4 -2 -3 
f -6 -4 -2 
f -6 -2 -4 
f -6 -2 -1 
f -6 -1 -2 
f -6 -1 -8 
f -6 -8 -1 

g carrot_Petiole
s off

usemtl carrot_Petiole

# 18 vertices
v 204.4417 124.823 2.6429
v 204.9885 125.325 3.07115
v 204.9106 125.3985 2.2148
v 203.4272 125.7793 2.8174
v 203.974 126.2813 3.2456
v 203.896 126.3548 2.3893
v 203.4272 125.7793 2.8174
v 203.974 126.2813 3.2456
v 203.896 126.3548 2.3893
v 202.3982 126.702 2.9903
v 202.9317 127.2162 3.4207
v 202.8537 127.2897 2.5644
v 202.3982 126.702 2.9903
v 202.9317 127.2162 3.4207
v 202.8537 127.2897 2.5644
v 201.3466 127.599 3.163
v 201.8666 128.1251 3.5957
v 201.7886 128.1986 2.7394

# 18 faces
f -18 -15 -17 
f -17 -15 -14 
f -17 -14 -16 
f -16 -14 -13 
f -16 -13 -18 
f -18 -13 -15 
f -12 -9 -11 
f -11 -9 -8 
f -11 -8 -10 
f -10 -8 -7 
f -10 -7 -12 
f -12 -7 -9 
f -6 -3 -5 
f -5 -3 -2 
f -5 -2 -4 
f -4 -2 -1 
f -4 -1 -6 
f -6 -1 -3 

g carrot_Petiole
s off

usemtl carrot_Petiole

# 18 vertices
v 201.6341 127.9354 3.1658
v 201.6806 128.0002 3.2123
v 201.6912 127.9919 3.1202
v 201.2546 128.2603 3.09253
v 201.3011 128.3251 3.139
v 201.3117 128.3168 3.04699
v 201.2546 128.2603 3.09253
v 201.3011 128.3251 3.139
v 201.3117 128.3168 3.04699
v 200.9042 128.5613 2.8886
v 200.9416 128.634 2.9317
v 200.9705 128.61 2.8466
v 200.9042 128.5613 2.8886
v 200.9416 128.634 2.9317
v 200.9705 128.61 2.8466
v 200.6083 128.8167 2.5689
v 200.6376 128.8963 2.6054
v 200.6827 128.8584 2.5334

# 18 faces
f -18 -15 -17 
f -17 -15 -14 
f -17 -14 -16 
f -16 -14 -13 
f -16 -13 -18 
f -18 -13 -15 
f -12 -9 -11 
f -11 -9 -8 
f -11 -8 -10 
f -10 -8 -7 
f -10 -7 -12 
f -12 -7 -9 
f -6 -3 -5 
f -5 -3 -2 
f -5 -2 -4 
f -4 -2 -1 
f -4 -1 -6 
f -6 -1 -3 

g carrot_Leaf
s off

usemtl carrot_Leaf

# 8 vertices
v 200.6431 128.8573 2.5693
v 196.9261 133.4534 -2.06808
v 196.6508 132.8616 -2.5993
v 194.3244 135.5648 -4.5529
v 194.0493 134.8957 -5.1462
v 190.4019 137.7553 -8.8854
v 194.3281 134.1717 -5.6693
v 196.849 132.1786 -3.01521

# 16 faces
f -8 -7 -6 
f -8 -6 -7 
f -7 -5 -6 
f -7 -6 -5 
f -5 -4 -6 
f -5 -6 -4 
f -5 -3 -4 
f -5 -4 -3 
f -4 -3 -2 
f -4 -2 -3 
f -6 -4 -2 
f -6 -2 -4 
f -6 -2 -1 
f -6 -1 -2 
f -6 -1 -8 
f -6 -8 -1 

g carrot_Petiole
s off

usemtl carrot_Petiole

# 18 vertices
v 201.3559 127.5913 3.1615
v 201.862 128.1289 3.5965
v 201.784 128.2024 2.7402
v 200.2732 128.4698 3.3355
v 200.7793 129.0074 3.7705
v 200.7013 129.0809 2.9142
v 200.2732 128.4698 3.3355
v 200.7793 129.0074 3.7705
v 200.7013 129.0809 2.9142
v 199.1785 129.3137 3.5076
v 199.6705 129.8625 3.9448
v 199.5925 129.936 3.08858
v 199.1785 129.3137 3.5076
v 199.6705 129.8625 3.9448
v 199.5925 129.936 3.08858
v 198.0633 130.1304 3.6793
v 198.5408 130.69 4.1187
v 198.4628 130.7635 3.2624

# 18 faces
f -18 -15 -17 
f -17 -15 -14 
f -17 -14 -16 
f -16 -14 -13 
f -16 -13 -18 
f -18 -13 -15 
f -12 -9 -11 
f -11 -9 -8 
f -11 -8 -10 
f -10 -8 -7 
f -10 -7 -12 
f -12 -7 -9 
f -6 -3 -5 
f -5 -3 -2 
f -5 -2 -4 
f -4 -2 -1 
f -4 -1 -6 
f -6 -1 -3 

g carrot_Petiole
s off

usemtl carrot_Petiole

# 18 vertices
v 198.3254 130.4868 3.686
v 198.3866 130.54 3.7302
v 198.3587 130.5622 3.6443
v 197.9479 130.7607 3.8796
v 198.0092 130.8139 3.9238
v 197.9812 130.8361 3.8379
v 197.9479 130.7607 3.8796
v 198.0092 130.8139 3.9238
v 197.9812 130.8361 3.8379
v 197.6247 130.9925 4.1906
v 197.6947 131.0394 4.2284
v 197.6492 131.0742 4.1551
v 197.6247 130.9925 4.1906
v 197.6947 131.0394 4.2284
v 197.6492 131.0742 4.1551
v 197.379 131.1655 4.5963
v 197.4561 131.2073 4.6252
v 197.3963 131.2523 4.5699

# 18 faces
f -18 -15 -17 
f -17 -15 -14 
f -17 -14 -16 
f -16 -14 -13 
f -16 -13 -18 
f -18 -13 -15 
f -12 -9 -11 
f -11 -9 -8 
f -11 -8 -10 
f -10 -8 -7 
f -10 -7 -12 
f -12 -7 -9 
f -6 -3 -5 
f -5 -3 -2 
f -5 -2 -4 
f -4 -2 -1 
f -4 -1 -6 
f -6 -1 -3 

g carrot_Leaf
s off

usemtl carrot_Leaf

# 8 vertices
v 197.4106 131.2086 4.5971
v 194.4679 134.5628 10.6415
v 193.6636 134.3727 10.4824
v 192.5084 135.8138 14.1053
v 191.618 135.6145 13.8979
v 188.6175 137.459 18.6997
v 190.9577 135.6503 13.2359
v 193.0802 134.3248 9.9027

# 16 faces
f -8 -7 -6 
f -8 -6 -7 
f -7 -5 -6 
f -7 -6 -5 
f -5 -4 -6 
f -5 -6 -4 
f -5 -3 -4 
f -5 -4 -3 
f -4 -3 -2 
f -4 -2 -3 
f -6 -4 -2 
f -6 -2 -4 
f -6 -2 -1 
f -6 -1 -2 
f -6 -1 -8 
f -6 -8 -1 

g carrot_Petiole
s off

usemtl carrot_Petiole

# 18 vertices
v 198.0731 130.1234 3.6778
v 198.5359 130.6935 4.1195
v 198.458 130.767 3.2632
v 196.9281 130.9193 3.8504
v 197.391 131.4894 4.292
v 197.313 131.5629 3.4357
v 196.9281 130.9193 3.8504
v 197.391 131.4894 4.292
v 197.313 131.5629 3.4357
v 195.7737 131.6799 4.02081
v 196.2216 132.2601 4.4647
v 196.1437 132.3336 3.6084
v 195.7737 131.6799 4.02081
v 196.2216 132.2601 4.4647
v 196.1437 132.3336 3.6084
v 194.6008 132.4118 4.1904
v 195.0335 133.0017 4.6365
v 194.9556 133.0753 3.7802

# 18 faces
f -18 -15 -17 
f -17 -15 -14 
f -17 -14 -16 
f -16 -14 -13 
f -16 -13 -18 
f -18 -13 -15 
f -12 -9 -11 
f -11 -9 -8 
f -11 -8 -10 
f -10 -8 -7 
f -10 -7 -12 
f -12 -7 -9 
f -6 -3 -5 
f -5 -3 -2 
f -5 -2 -4 
f -4 -2 -1 
f -4 -1 -6 
f -6 -1 -3 

g carrot_Petiole
s off

usemtl carrot_Petiole

# 18 vertices
v 194.8361 132.7863 4.2011
v 194.8722 132.8566 4.249
v 194.885 132.8512 4.1571
v 194.4142 133.0535 4.1267
v 194.4503 133.1238 4.1747
v 194.4631 133.1184 4.08273
v 194.4142 133.0535 4.1267
v 194.4503 133.1238 4.1747
v 194.4631 133.1184 4.08273
v 194.0261 133.3033 3.9219
v 194.052 133.38 3.9664
v 194.0851 133.3617 3.8813
v 194.0261 133.3033 3.9219
v 194.052 133.38 3.9664
v 194.0851 133.3617 3.8813
v 193.6999 133.5174 3.6015
v 193.7169 133.5999 3.6393
v 193.7679 133.57 3.5675

# 18 faces
f -18 -15 -17 
f -17 -15 -14 
f -17 -14 -16 
f -16 -14 -13 
f -16 -13 -18 
f -18 -13 -15 
f -12 -9 -11 
f -11 -9 -8 
f -11 -8 -10 
f -10 -8 -7 
f -10 -7 -12 
f -12 -7 -9 
f -6 -3 -5 
f -5 -3 -2 
f -5 -2 -4 
f -4 -2 -1 
f -4 -1 -6 
f -6 -1 -3 

g carrot_Leaf
s off

usemtl carrot_Leaf

# 8 vertices
v 193.7284 133.5627 3.6028
v 189.4352 137.6342 -1.02717
v 189.2552 137.0162 -1.5693
v 186.5825 139.3796 -3.5206
v 186.4146 138.686 -4.1258
v 182.433 141.0372 -7.8782
v 186.802 138.0178 -4.654
v 189.5556 136.3753 -1.9909

# 16 faces
f -8 -7 -6 
f -8 -6 -7 
f -7 -5 -6 
f -7 -6 -5 
f -5 -4 -6 
f -5 -6 -4 
f -5 -3 -4 
f -5 -4 -3 
f -4 -3 -2 
f -4 -2 -3 
f -6 -4 -2 
f -6 -2 -4 
f -6 -2 -1 
f -6 -1 -2 
f -6 -1 -8 
f -6 -8 -1 

g carrot_Petiole
s off

usemtl carrot_Petiole

# 18 vertices
v 194.6111 132.4055 4.1889
v 195.0285 133.0048 4.6372
v 194.9505 133.0784 3.7809
v 193.4101 133.1145 4.3591
v 193.8274 133.7139 4.8074
v 193.7494 133.7874 3.9511
v 193.4101 133.1145 4.3591
v 193.8274 133.7139 4.8074
v 193.7494 133.7874 3.9511
v 192.2022 133.7877 4.5269
v 192.6039 134.396 4.9774
v 192.5259 134.4695 4.1211
v 192.2022 133.7877 4.5269
v 192.6039 134.396 4.9774
v 192.5259 134.4695 4.1211
v 190.978 134.4309 4.6936
v 191.3638 135.0478 5.1462
v 191.2859 135.1213 4.2899

# 18 faces
f -18 -15 -17 
f -17 -15 -14 
f -17 -14 -16 
f -16 -14 -13 
f -16 -13 -18 
f -18 -13 -15 
f -12 -9 -11 
f -11 -9 -8 
f -11 -8 -10 
f -10 -8 -7 
f -10 -7 -12 
f -12 -7 -9 
f -6 -3 -5 
f -5 -3 -2 
f -5 -2 -4 
f -4 -2 -1 
f -4 -1 -6 
f -6 -1 -3 

g carrot_Petiole
s off

usemtl carrot_Petiole

# 18 vertices
v 191.1853 134.8215 4.7082
v 191.2376 134.8824 4.7539
v 191.2077 134.9015 4.6679
v 190.7698 135.0348 4.9001
v 190.8221 135.0957 4.9457
v 190.7922 135.1148 4.8597
v 190.7698 135.0348 4.9001
v 190.8221 135.0957 4.9457
v 190.7922 135.1148 4.8597
v 190.4126 135.2127 5.2095
v 190.4746 135.2687 5.2488
v 190.4254 135.2976 5.1754
v 190.4126 135.2127 5.2095
v 190.4746 135.2687 5.2488
v 190.4254 135.2976 5.1754
v 190.1397 135.3423 5.614
v 190.2095 135.3945 5.6444
v 190.1445 135.4311 5.5888

# 18 faces
f -18 -15 -17 
f -17 -15 -14 
f -17 -14 -16 
f -16 -14 -13 
f -16 -13 -18 
f -18 -13 -15 
f -12 -9 -11 
f -11 -9 -8 
f -11 -8 -10 
f -10 -8 -7 
f -10 -7 -12 
f -12 -7 -9 
f -6 -3 -5 
f -5 -3 -2 
f -5 -2 -4 
f -4 -2 -1 
f -4 -1 -6 
f -6 -1 -3 

g carrot_Leaf
s off

usemtl carrot_Leaf

# 8 vertices
v 190.1647 135.3895 5.6158
v 186.6952 138.1939 11.6609
v 185.9292 137.891 11.4887
v 184.5346 139.0972 15.1131
v 183.6852 138.7734 14.8913
v 180.3929 140.0934 19.6747
v 183.0344 138.7221 14.221
v 185.3656 137.7669 10.9006

# 16 faces
f -8 -7 -6 
f -8 -6 -7 
f -7 -5 -6 
f -7 -6 -5 
f -5 -4 -6 
f -5 -6 -4 
f -5 -3 -4 
f -5 -4 -3 
f -4 -3 -2 
f -4 -2 -3 
f -6 -4 -2 
f -6 -2 -4 
f -6 -2 -1 
f -6 -1 -2 
f -6 -1 -8 
f -6 -8 -1 

g carrot_Petiole
s off

usemtl carrot_Petiole

# 18 vertices
v 190.9888 134.4254 4.6921
v 191.3585 135.0505 5.147
v 191.2805 135.124 4.2907
v 189.7381 135.0437 4.859
v 190.1079 135.6687 5.3139
v 190.0299 135.7423 4.4576
v 189.7381 135.0437 4.859
v 190.1079 135.6687 5.3139
v 190.0299 135.7423 4.4576
v 188.4834 135.6257 5.02329
v 188.8368 136.2586 5.4803
v 188.7589 136.3321 4.624
v 188.4834 135.6257 5.02329
v 188.8368 136.2586 5.4803
v 188.7589 136.3321 4.624
v 187.2144 136.1767 5.1861
v 187.5515 136.817 5.6452
v 187.4735 136.8905 4.7889

# 18 faces
f -18 -15 -17 
f -17 -15 -14 
f -17 -14 -16 
f -16 -14 -13 
f -16 -13 -18 
f -18 -13 -15 
f -12 -9 -11 
f -11 -9 -8 
f -11 -8 -10 
f -10 -8 -7 
f -10 -7 -12 
f -12 -7 -9 
f -6 -3 -5 
f -5 -3 -2 
f -5 -2 -4 
f -4 -2 -1 
f -4 -1 -6 
f -6 -1 -3 

g carrot_Petiole
s off

usemtl carrot_Petiole

# 18 vertices
v 187.3926 136.5813 5.2046
v 187.4174 136.6554 5.2539
v 187.4319 136.6532 5.162
v 186.9371 136.7853 5.1279
v 186.962 136.8594 5.1771
v 186.9765 136.8572 5.0853
v 186.9371 136.7853 5.1279
v 186.962 136.8594 5.1771
v 186.9765 136.8572 5.0853
v 186.5191 136.9788 4.9209
v 186.5331 137.0578 4.9666
v 186.5694 137.0457 4.8819
v 186.5191 136.9788 4.9209
v 186.5331 137.0578 4.9666
v 186.5694 137.0457 4.8819
v 186.1689 137.1477 4.5987
v 186.1733 137.2313 4.6379
v 186.2289 137.2101 4.5663

# 18 faces
f -18 -15 -17 
f -17 -15 -14 
f -17 -14 -16 
f -16 -14 -13 
f -16 -13 -18 
f -18 -13 -15 
f -12 -9 -11 
f -11 -9 -8 
f -11 -8 -10 
f -10 -8 -7 
f -10 -7 -12 
f -12 -7 -9 
f -6 -3 -5 
f -5 -3 -2 
f -5 -2 -4 
f -4 -2 -1 
f -4 -1 -6 
f -6 -1 -3 

g carrot_Leaf
s off

usemtl carrot_Leaf

# 8 vertices
v 186.1905 137.1966 4.601
v 181.4036 140.6653 -0.03575
v 181.3218 140.0354 -0.5879
v 178.356 142.0121 -2.5456
v 178.298 141.3101 -3.1615
v 174.0598 143.1098 -6.938
v 178.7846 140.713 -3.6927
v 181.7173 139.4511 -1.01325

# 16 faces
f -8 -7 -6 
f -8 -6 -7 
f -7 -5 -6 
f -7 -6 -5 
f -5 -4 -6 
f -5 -6 -4 
f -5 -3 -4 
f -5 -4 -3 
f -4 -3 -2 
f -4 -2 -3 
f -6 -4 -2 
f -6 -2 -4 
f -6 -2 -1 
f -6 -1 -2 
f -6 -1 -8 
f -6 -8 -1 

g carrot_Petiole
s off

usemtl carrot_Petiole

# 18 vertices
v 187.3926 136.5813 5.2046
v 187.4289 136.6503 5.2541
v 187.4205 136.6583 5.1618
v 186.9326 136.7811 5.2636
v 186.9689 136.8501 5.3131
v 186.9605 136.858 5.2208
v 186.9326 136.7811 5.2636
v 186.9689 136.8501 5.3131
v 186.9605 136.858 5.2208
v 186.4727 136.9809 5.3226
v 186.509 137.0499 5.3721
v 186.5006 137.0578 5.2798
v 186.4727 136.9809 5.3226
v 186.509 137.0499 5.3721
v 186.5006 137.0578 5.2798
v 186.0127 137.1806 5.3817
v 186.0491 137.2496 5.4312
v 186.0406 137.2576 5.3388

# 18 faces
f -18 -15 -17 
f -17 -15 -14 
f -17 -14 -16 
f -16 -14 -13 
f -16 -13 -18 
f -18 -13 -15 
f -12 -9 -11 
f -11 -9 -8 
f -11 -8 -10 
f -10 -8 -7 
f -10 -7 -12 
f -12 -7 -9 
f -6 -3 -5 
f -5 -3 -2 
f -5 -2 -4 
f -4 -2 -1 
f -4 -1 -6 
f -6 -1 -3 

g carrot_Leaf
s off

usemtl carrot_Leaf

# 8 vertices
v 186.0342 137.2295 5.3839
v 179.6888 141.1263 6.3818
v 179.2068 140.6711 5.8634
v 175.8717 142.666 7.0609
v 175.3588 142.1635 6.4609
v 169.8534 144.315 7.1857
v 175.3141 141.8156 5.5935
v 179.1664 140.2926 5.1328

# 16 faces
f -8 -7 -6 
f -8 -6 -7 
f -7 -5 -6 
f -7 -6 -5 
f -5 -4 -6 
f -5 -6 -4 
f -5 -3 -4 
f -5 -4 -3 
f -4 -3 -2 
f -4 -2 -3 
f -6 -4 -2 
f -6 -2 -4 
f -6 -2 -1 
f -6 -1 -2 
f -6 -1 -8 
f -6 -8 -1 

g carrot_Mrstm
s off

usemtl carrot_Mrstm

# 8 vertices
v 214.8164 110.3424 0.4552
v 214.8045 110.3655 0.4716
v 214.8115 110.3677 0.4571
v 214.7966 110.3906 0.4765
v 214.8043 110.394 0.4587
v 214.793 110.4174 0.4603
v 214.8113 110.37 0.4418
v 214.8031 110.3956 0.4415

# 16 faces
f -8 -7 -6 
f -8 -6 -7 
f -6 -7 -5 
f -6 -5 -7 
f -6 -5 -4 
f -6 -4 -5 
f -5 -3 -4 
f -5 -4 -3 
f -6 -2 -8 
f -6 -8 -2 
f -2 -6 -4 
f -2 -4 -6 
f -1 -2 -4 
f -1 -4 -2 
f -1 -4 -3 
f -1 -3 -4 

g carrot_Mrstm
s off

usemtl carrot_Mrstm

# 8 vertices
v 214.8164 110.3424 0.4552
v 214.822 110.3693 0.4689
v 214.8108 110.3675 0.4574
v 214.8181 110.3951 0.475
v 214.8037 110.3936 0.4616
v 214.7961 110.417 0.47
v 214.7962 110.3658 0.4525
v 214.7873 110.3908 0.457

# 16 faces
f -8 -7 -6 
f -8 -6 -7 
f -6 -7 -5 
f -6 -5 -7 
f -6 -5 -4 
f -6 -4 -5 
f -5 -3 -4 
f -5 -4 -3 
f -6 -2 -8 
f -6 -8 -2 
f -2 -6 -4 
f -2 -4 -6 
f -1 -2 -4 
f -1 -4 -2 
f -1 -4 -3 
f -1 -3 -4 

g carrot_Mrstm
s off

usemtl carrot_Mrstm

# 8 vertices
v 214.8164 110.3424 0.4552
v 214.8248 110.3717 0.4512
v 214.8108 110.3674 0.4583
v 214.8231 110.3983 0.4537
v 214.8063 110.394 0.4631
v 214.8061 110.4189 0.4702
v 214.8017 110.3651 0.4706
v 214.7972 110.3907 0.4774

# 16 faces
f -8 -7 -6 
f -8 -6 -7 
f -6 -7 -5 
f -6 -5 -7 
f -6 -5 -4 
f -6 -4 -5 
f -5 -3 -4 
f -5 -4 -3 
f -6 -2 -8 
f -6 -8 -2 
f -2 -6 -4 
f -2 -4 -6 
f -1 -2 -4 
f -1 -4 -2 
f -1 -4 -3 
f -1 -3 -4 

g carrot_Mrstm
s off

usemtl carrot_Mrstm

# 8 vertices
v 214.8164 110.3424 0.4552
v 214.8089 110.3694 0.4426
v 214.8116 110.3676 0.4585
v 214.8046 110.3958 0.4419
v 214.8085 110.3946 0.4611
v 214.8092 110.4205 0.4607
v 214.8203 110.3687 0.4713
v 214.8192 110.3953 0.4747

# 16 faces
f -8 -7 -6 
f -8 -6 -7 
f -6 -7 -5 
f -6 -5 -7 
f -6 -5 -4 
f -6 -4 -5 
f -5 -3 -4 
f -5 -4 -3 
f -6 -2 -8 
f -6 -8 -2 
f -2 -6 -4 
f -2 -4 -6 
f -1 -2 -4 
f -1 -4 -2 
f -1 -4 -3 
f -1 -3 -4 

g carrot_Mrstm
s off

usemtl carrot_Mrstm

# 8 vertices
v 214.8164 110.3424 0.4552
v 214.7962 110.3656 0.455
v 214.8121 110.3677 0.4578
v 214.7881 110.3911 0.4557
v 214.8073 110.3947 0.4584
v 214.8013 110.4196 0.4545
v 214.8264 110.3718 0.4536
v 214.8231 110.3984 0.4526

# 16 faces
f -8 -7 -6 
f -8 -6 -7 
f -6 -7 -5 
f -6 -5 -7 
f -6 -5 -4 
f -6 -4 -5 
f -5 -3 -4 
f -5 -4 -3 
f -6 -2 -8 
f -6 -8 -2 
f -2 -6 -4 
f -2 -4 -6 
f -1 -2 -4 
f -1 -4 -2 
f -1 -4 -3 
f -1 -3 -4 

g carrot_Intrnd
s off

usemtl carrot_Intrnd

# 18 vertices
v 215.4449 110.2284 0.8987
v 214.9051 110.5335 -0.2933
v 214.1082 110.2636 0.7665
v 215.4454 110.6665 1.0107
v 214.9055 110.9716 -0.1814
v 214.1086 110.7016 0.8784
v 215.4454 110.6665 1.0107
v 214.9055 110.9716 -0.1814
v 214.1086 110.7016 0.8784
v 215.5156 110.8956 1.1218
v 215.0041 111.469 0.01942
v 214.2072 111.199 1.07932
v 215.5156 110.8956 1.1218
v 215.0041 111.469 0.01942
v 214.2072 111.199 1.07932
v 215.6327 111.0887 1.259
v 215.2042 111.904 0.2806
v 214.4073 111.634 1.3405

# 18 faces
f -18 -15 -17 
f -17 -15 -14 
f -17 -14 -16 
f -16 -14 -13 
f -16 -13 -18 
f -18 -13 -15 
f -12 -9 -11 
f -11 -9 -8 
f -11 -8 -10 
f -10 -8 -7 
f -10 -7 -12 
f -12 -7 -9 
f -6 -3 -5 
f -5 -3 -2 
f -5 -2 -4 
f -4 -2 -1 
f -4 -1 -6 
f -6 -1 -3 

g carrot_Petiole
s off

usemtl carrot_Petiole

# 18 vertices
v 215.3556 111.2348 1.08799
v 215.1651 111.7724 0.5984
v 214.7194 111.6214 1.1913
v 217.4017 114.0023 3.3312
v 217.2112 114.5399 2.8417
v 216.7654 114.3889 3.4345
v 217.4017 114.0023 3.3312
v 217.2112 114.5399 2.8417
v 216.7654 114.3889 3.4345
v 219.8235 116.1836 5.7078
v 219.6944 116.7892 5.2817
v 219.2487 116.6382 5.8746
v 219.8235 116.1836 5.7078
v 219.6944 116.7892 5.2817
v 219.2487 116.6382 5.8746
v 222.5828 117.7693 8.1863
v 222.5255 118.4273 7.8276
v 222.0797 118.2763 8.4204

# 18 faces
f -18 -15 -17 
f -17 -15 -14 
f -17 -14 -16 
f -16 -14 -13 
f -16 -13 -18 
f -18 -13 -15 
f -12 -9 -11 
f -11 -9 -8 
f -11 -8 -10 
f -10 -8 -7 
f -10 -7 -12 
f -12 -7 -9 
f -6 -3 -5 
f -5 -3 -2 
f -5 -2 -4 
f -4 -2 -1 
f -4 -1 -6 
f -6 -1 -3 

g carrot_Petiole
s off

usemtl carrot_Petiole

# 18 vertices
v 222.5755 117.7652 8.1798
v 222.5291 118.4293 7.8308
v 222.0833 118.2783 8.4237
v 223.4305 118.2242 8.9395
v 223.3841 118.8883 8.5906
v 222.9384 118.7373 9.1834
v 223.4305 118.2242 8.9395
v 223.3841 118.8883 8.5906
v 222.9384 118.7373 9.1834
v 224.2903 118.6517 9.6949
v 224.2551 119.3216 9.3558
v 223.8093 119.1706 9.9487
v 224.2903 118.6517 9.6949
v 224.2551 119.3216 9.3558
v 223.8093 119.1706 9.9487
v 225.1618 119.0517 10.4521
v 225.1379 119.727 10.1228
v 224.6921 119.576 10.7157

# 18 faces
f -18 -15 -17 
f -17 -15 -14 
f -17 -14 -16 
f -16 -14 -13 
f -16 -13 -18 
f -18 -13 -15 
f -12 -9 -11 
f -11 -9 -8 
f -11 -8 -10 
f -10 -8 -7 
f -10 -7 -12 
f -12 -7 -9 
f -6 -3 -5 
f -5 -3 -2 
f -5 -2 -4 
f -4 -2 -1 
f -4 -1 -6 
f -6 -1 -3 

g carrot_Petiole
s off

usemtl carrot_Petiole

# 18 vertices
v 225.0121 119.4155 10.4322
v 225.0023 119.4759 10.3961
v 224.9753 119.4684 10.462
v 225.3402 119.5588 10.583
v 225.3304 119.6192 10.547
v 225.3033 119.6117 10.6128
v 225.3402 119.5588 10.583
v 225.3304 119.6192 10.547
v 225.3033 119.6117 10.6128
v 225.6955 119.7077 10.6331
v 225.6771 119.7645 10.5945
v 225.6672 119.7643 10.6654
v 225.6955 119.7077 10.6331
v 225.6771 119.7645 10.5945
v 225.6672 119.7643 10.6654
v 226.0522 119.8516 10.5787
v 226.0249 119.9047 10.5402
v 226.0328 119.9118 10.611

# 18 faces
f -18 -15 -17 
f -17 -15 -14 
f -17 -14 -16 
f -16 -14 -13 
f -16 -13 -18 
f -18 -13 -15 
f -12 -9 -11 
f -11 -9 -8 
f -11 -8 -10 
f -10 -8 -7 
f -10 -7 -12 
f -12 -7 -9 
f -6 -3 -5 
f -5 -3 -2 
f -5 -2 -4 
f -4 -2 -1 
f -4 -1 -6 
f -6 -1 -3 

g carrot_Leaf
s off

usemtl carrot_Leaf

# 8 vertices
v 226.0366 119.8895 10.5766
v 231.6698 123.1495 9.5433
v 232.0906 122.7473 9.9973
v 235.0394 124.404 8.8648
v 235.4877 123.9609 9.3905
v 240.3502 125.7134 8.6364
v 235.533 123.6677 10.1558
v 232.1293 122.4254 10.6431

# 16 faces
f -8 -7 -6 
f -8 -6 -7 
f -7 -5 -6 
f -7 -6 -5 
f -5 -4 -6 
f -5 -6 -4 
f -5 -3 -4 
f -5 -4 -3 
f -4 -3 -2 
f -4 -2 -3 
f -6 -4 -2 
f -6 -2 -4 
f -6 -2 -1 
f -6 -1 -2 
f -6 -1 -8 
f -6 -8 -1 

g carrot_Petiole
s off

usemtl carrot_Petiole

# 18 vertices
v 225.1542 119.0484 10.4454
v 225.1416 119.7286 10.1261
v 224.6959 119.5776 10.7189
v 226.0444 119.4239 11.2105
v 226.0319 120.1042 10.8911
v 225.5862 119.9532 11.484
v 226.0444 119.4239 11.2105
v 226.0319 120.1042 10.8911
v 225.5862 119.9532 11.484
v 226.9377 119.768 11.9697
v 226.9368 120.453 11.6603
v 226.491 120.302 12.2531
v 226.9377 119.768 11.9697
v 226.9368 120.453 11.6603
v 226.491 120.302 12.2531
v 227.841 120.0839 12.7294
v 227.8518 120.7732 12.4298
v 227.406 120.6222 13.0227

# 18 faces
f -18 -15 -17 
f -17 -15 -14 
f -17 -14 -16 
f -16 -14 -13 
f -16 -13 -18 
f -18 -13 -15 
f -12 -9 -11 
f -11 -9 -8 
f -11 -8 -10 
f -10 -8 -7 
f -10 -7 -12 
f -12 -7 -9 
f -6 -3 -5 
f -5 -3 -2 
f -5 -2 -4 
f -4 -2 -1 
f -4 -1 -6 
f -6 -1 -3 

g carrot_Petiole
s off

usemtl carrot_Petiole

# 18 vertices
v 227.7123 120.4561 12.7275
v 227.7197 120.5235 12.7061
v 227.6649 120.5048 12.7482
v 227.9281 120.5323 13.04144
v 227.9354 120.5997 13.02006
v 227.8807 120.581 13.06222
v 227.9281 120.5323 13.04144
v 227.9354 120.5997 13.02006
v 227.8807 120.581 13.06222
v 228.0568 120.5787 13.405
v 228.0685 120.6476 13.3921
v 228.0051 120.6258 13.4173
v 228.0568 120.5787 13.405
v 228.0685 120.6476 13.3921
v 228.0051 120.6258 13.4173
v 228.0892 120.5918 13.7919
v 228.1028 120.6615 13.7884
v 228.0354 120.6382 13.7948

# 18 faces
f -18 -15 -17 
f -17 -15 -14 
f -17 -14 -16 
f -16 -14 -13 
f -16 -13 -18 
f -18 -13 -15 
f -12 -9 -11 
f -11 -9 -8 
f -11 -8 -10 
f -10 -8 -7 
f -10 -7 -12 
f -12 -7 -9 
f -6 -3 -5 
f -5 -3 -2 
f -5 -2 -4 
f -4 -2 -1 
f -4 -1 -6 
f -6 -1 -3 

g carrot_Leaf
s off

usemtl carrot_Leaf

# 8 vertices
v 228.0758 120.6307 13.7917
v 228.3882 121.7471 20.2789
v 228.1551 121.0811 20.4957
v 228.8846 121.8441 23.9028
v 228.6026 121.1064 24.1262
v 229.1316 121.1131 29.3227
v 228.0051 120.5538 24.02027
v 227.6781 120.5509 20.3789

# 16 faces
f -8 -7 -6 
f -8 -6 -7 
f -7 -5 -6 
f -7 -6 -5 
f -5 -4 -6 
f -5 -6 -4 
f -5 -3 -4 
f -5 -4 -3 
f -4 -3 -2 
f -4 -2 -3 
f -6 -4 -2 
f -6 -2 -4 
f -6 -2 -1 
f -6 -1 -2 
f -6 -1 -8 
f -6 -8 -1 

g carrot_Petiole
s off

usemtl carrot_Petiole

# 18 vertices
v 227.8331 120.0813 12.7227
v 227.8557 120.7745 12.4331
v 227.4099 120.6235 13.02597
v 228.7538 120.3713 13.4889
v 228.7764 121.0646 13.1993
v 228.3307 120.9136 13.7921
v 228.7538 120.3713 13.4889
v 228.7764 121.0646 13.1993
v 228.3307 120.9136 13.7921
v 229.6756 120.6302 14.2479
v 229.7102 121.327 13.9682
v 229.2644 121.1759 14.561
v 229.6756 120.6302 14.2479
v 229.7102 121.327 13.9682
v 229.2644 121.1759 14.561
v 230.6058 120.8603 15.00594
v 230.6524 121.5602 14.736
v 230.2067 121.4092 15.3289

# 18 faces
f -18 -15 -17 
f -17 -15 -14 
f -17 -14 -16 
f -16 -14 -13 
f -16 -13 -18 
f -18 -13 -15 
f -12 -9 -11 
f -11 -9 -8 
f -11 -8 -10 
f -10 -8 -7 
f -10 -7 -12 
f -12 -7 -9 
f -6 -3 -5 
f -5 -3 -2 
f -5 -2 -4 
f -4 -2 -1 
f -4 -1 -6 
f -6 -1 -3 

g carrot_Petiole
s off

usemtl carrot_Petiole

# 18 vertices
v 230.4989 121.239 15.02205
v 230.4953 121.3031 14.9916
v 230.4692 121.293 15.0575
v 230.8449 121.3302 15.1731
v 230.8413 121.3943 15.1427
v 230.8152 121.3842 15.2086
v 230.8449 121.3302 15.1731
v 230.8413 121.3943 15.1427
v 230.8152 121.3842 15.2086
v 231.2162 121.4328 15.2234
v 231.2036 121.4945 15.1905
v 231.1955 121.4892 15.2614
v 231.2162 121.4328 15.2234
v 231.2036 121.4945 15.1905
v 231.1955 121.4892 15.2614
v 231.5858 121.5394 15.1693
v 231.564 121.5985 15.1364
v 231.5744 121.5984 15.2072

# 18 faces
f -18 -15 -17 
f -17 -15 -14 
f -17 -14 -16 
f -16 -14 -13 
f -16 -13 -18 
f -18 -13 -15 
f -12 -9 -11 
f -11 -9 -8 
f -11 -8 -10 
f -10 -8 -7 
f -10 -7 -12 
f -12 -7 -9 
f -6 -3 -5 
f -5 -3 -2 
f -5 -2 -4 
f -4 -2 -1 
f -4 -1 -6 
f -6 -1 -3 

g carrot_Leaf
s off

usemtl carrot_Leaf

# 8 vertices
v 231.5747 121.579 15.171
v 237.5217 124.2559 14.2251
v 237.9039 123.77 14.6287
v 240.9969 125.1741 13.5403
v 241.4032 124.6384 14.01092
v 246.4167 125.8865 13.2417
v 241.4328 124.2757 14.7465
v 237.9206 123.3901 15.2432

# 16 faces
f -8 -7 -6 
f -8 -6 -7 
f -7 -5 -6 
f -7 -6 -5 
f -5 -4 -6 
f -5 -6 -4 
f -5 -3 -4 
f -5 -4 -3 
f -4 -3 -2 
f -4 -2 -3 
f -6 -4 -2 
f -6 -2 -4 
f -6 -2 -1 
f -6 -1 -2 
f -6 -1 -8 
f -6 -8 -1 

g carrot_Petiole
s off

usemtl carrot_Petiole

# 18 vertices
v 230.5976 120.8584 14.9993
v 230.6564 121.5611 14.7393
v 230.2107 121.4101 15.3322
v 231.5438 121.0614 15.7624
v 231.6027 121.7642 15.5025
v 231.1569 121.6132 16.09535
v 231.5438 121.0614 15.7624
v 231.6027 121.7642 15.5025
v 231.1569 121.6132 16.09535
v 232.4892 121.2336 16.517
v 232.5603 121.9388 16.2669
v 232.1145 121.7878 16.8598
v 232.4892 121.2336 16.517
v 232.5603 121.9388 16.2669
v 232.1145 121.7878 16.8598
v 233.4412 121.3766 17.2693
v 233.5247 122.0839 17.02906
v 233.079 121.9329 17.6219

# 18 faces
f -18 -15 -17 
f -17 -15 -14 
f -17 -14 -16 
f -16 -14 -13 
f -16 -13 -18 
f -18 -13 -15 
f -12 -9 -11 
f -11 -9 -8 
f -11 -8 -10 
f -10 -8 -7 
f -10 -7 -12 
f -12 -7 -9 
f -6 -3 -5 
f -5 -3 -2 
f -5 -2 -4 
f -4 -2 -1 
f -4 -1 -6 
f -6 -1 -3 

g carrot_Petiole
s off

usemtl carrot_Petiole

# 18 vertices
v 233.3567 121.7598 17.3034
v 233.3712 121.8275 17.2875
v 233.3158 121.8115 17.3298
v 233.5874 121.783 17.615
v 233.602 121.8507 17.5992
v 233.5465 121.8347 17.6415
v 233.5874 121.783 17.615
v 233.602 121.8507 17.5992
v 233.5465 121.8347 17.6415
v 233.7294 121.7822 17.9766
v 233.7487 121.8502 17.9692
v 233.6839 121.8336 17.9946
v 233.7294 121.7822 17.9766
v 233.7487 121.8502 17.9692
v 233.6839 121.8336 17.9946
v 233.7725 121.7574 18.3619
v 233.794 121.8251 18.3638
v 233.7246 121.8092 18.3706

# 18 faces
f -18 -15 -17 
f -17 -15 -14 
f -17 -14 -16 
f -16 -14 -13 
f -16 -13 -18 
f -18 -13 -15 
f -12 -9 -11 
f -11 -9 -8 
f -11 -8 -10 
f -10 -8 -7 
f -10 -7 -12 
f -12 -7 -9 
f -6 -3 -5 
f -5 -3 -2 
f -5 -2 -4 
f -4 -2 -1 
f -4 -1 -6 
f -6 -1 -3 

g carrot_Leaf
s off

usemtl carrot_Leaf

# 8 vertices
v 233.7637 121.7974 18.3655
v 234.3611 122.2952 24.9094
v 234.0575 121.6435 25.07694
v 234.9533 122.0155 28.5094
v 234.5929 121.2979 28.679
v 235.2452 120.7865 33.8362
v 233.9329 120.8282 28.5471
v 233.5194 121.1834 24.932

# 16 faces
f -8 -7 -6 
f -8 -6 -7 
f -7 -5 -6 
f -7 -6 -5 
f -5 -4 -6 
f -5 -6 -4 
f -5 -3 -4 
f -5 -4 -3 
f -4 -3 -2 
f -4 -2 -3 
f -6 -4 -2 
f -6 -2 -4 
f -6 -2 -1 
f -6 -1 -2 
f -6 -1 -8 
f -6 -8 -1 

g carrot_Petiole
s off

usemtl carrot_Petiole

# 18 vertices
v 233.4328 121.3755 17.2627
v 233.5288 122.0844 17.0323
v 233.0831 121.9334 17.6251
v 234.3994 121.4904 18.01878
v 234.4954 122.1993 17.7882
v 234.0496 122.0483 18.3811
v 234.3994 121.4904 18.01878
v 234.4954 122.1993 17.7882
v 234.0496 122.0483 18.3811
v 235.3632 121.5749 18.7649
v 235.4717 122.2852 18.5442
v 235.0259 122.1342 19.137
v 235.3632 121.5749 18.7649
v 235.4717 122.2852 18.5442
v 235.0259 122.1342 19.137
v 236.3319 121.6301 19.5073
v 236.453 122.3413 19.2963
v 236.0073 122.1903 19.8892

# 18 faces
f -18 -15 -17 
f -17 -15 -14 
f -17 -14 -16 
f -16 -14 -13 
f -16 -13 -18 
f -18 -13 -15 
f -12 -9 -11 
f -11 -9 -8 
f -11 -8 -10 
f -10 -8 -7 
f -10 -7 -12 
f -12 -7 -9 
f -6 -3 -5 
f -5 -3 -2 
f -5 -2 -4 
f -4 -2 -1 
f -4 -1 -6 
f -6 -1 -3 

g carrot_Petiole
s off

usemtl carrot_Petiole

# 18 vertices
v 236.2702 122.0156 19.5591
v 236.2733 122.0822 19.5344
v 236.2478 122.0693 19.6
v 236.6281 122.0533 19.7055
v 236.6312 122.1198 19.6808
v 236.6057 122.1069 19.7464
v 236.6281 122.0533 19.7055
v 236.6312 122.1198 19.6808
v 236.6057 122.1069 19.7464
v 237.0099 122.1082 19.7516
v 237.0038 122.1736 19.7244
v 236.9968 122.163 19.7949
v 237.0099 122.1082 19.7516
v 237.0038 122.1736 19.7244
v 236.9968 122.163 19.7949
v 237.388 122.1764 19.694
v 237.3723 122.2403 19.667
v 237.3844 122.2328 19.7371

# 18 faces
f -18 -15 -17 
f -17 -15 -14 
f -17 -14 -16 
f -16 -14 -13 
f -16 -13 -18 
f -18 -13 -15 
f -12 -9 -11 
f -11 -9 -8 
f -11 -8 -10 
f -10 -8 -7 
f -10 -7 -12 
f -12 -7 -9 
f -6 -3 -5 
f -5 -3 -2 
f -5 -2 -4 
f -4 -2 -1 
f -4 -1 -6 
f -6 -1 -3 

g carrot_Leaf
s off

usemtl carrot_Leaf

# 8 vertices
v 237.3815 122.2167 19.6994
v 243.5746 124.2732 18.7805
v 243.9074 123.7135 19.1281
v 247.1152 124.8473 18.05732
v 247.4678 124.2295 18.4666
v 252.5722 124.9627 17.6346
v 247.4729 123.8024 19.1674
v 243.8948 123.2815 19.7073

# 16 faces
f -8 -7 -6 
f -8 -6 -7 
f -7 -5 -6 
f -7 -6 -5 
f -5 -4 -6 
f -5 -6 -4 
f -5 -3 -4 
f -5 -4 -3 
f -4 -3 -2 
f -4 -2 -3 
f -6 -4 -2 
f -6 -2 -4 
f -6 -2 -1 
f -6 -1 -2 
f -6 -1 -8 
f -6 -8 -1 

g carrot_Petiole
s off

usemtl carrot_Petiole

# 18 vertices
v 236.3234 121.6298 19.5009
v 236.4572 122.3414 19.2995
v 236.0115 122.1904 19.8924
v 237.3051 121.6559 20.2456
v 237.4389 122.3676 20.04429
v 236.9931 122.2166 20.6371
v 237.3051 121.6559 20.2456
v 237.4389 122.3676 20.04429
v 236.9931 122.2166 20.6371
v 238.282 121.6524 20.9793
v 238.4286 122.3642 20.7875
v 237.9828 122.2132 21.3804
v 238.282 121.6524 20.9793
v 238.4286 122.3642 20.7875
v 237.9828 122.2132 21.3804
v 239.2623 121.6194 21.7079
v 239.4215 122.331 21.5256
v 238.9758 122.18 22.1185

# 18 faces
f -18 -15 -17 
f -17 -15 -14 
f -17 -14 -16 
f -16 -14 -13 
f -16 -13 -18 
f -18 -13 -15 
f -12 -9 -11 
f -11 -9 -8 
f -11 -8 -10 
f -10 -8 -7 
f -10 -7 -12 
f -12 -7 -9 
f -6 -3 -5 
f -5 -3 -2 
f -5 -2 -4 
f -4 -2 -1 
f -4 -1 -6 
f -6 -1 -3 

g carrot_Petiole
s off

usemtl carrot_Petiole

# 18 vertices
v 239.2237 122.0052 21.7771
v 239.2456 122.072 21.7666
v 239.1897 122.0587 21.8093
v 239.463 121.9745 22.08161
v 239.485 122.0413 22.07109
v 239.4291 122.028 22.1137
v 239.463 121.9745 22.08161
v 239.485 122.0413 22.07109
v 239.4291 122.028 22.1137
v 239.6128 121.9257 22.4367
v 239.6396 121.9915 22.4344
v 239.5739 121.9802 22.4606
v 239.6128 121.9257 22.4367
v 239.6396 121.9915 22.4344
v 239.5739 121.9802 22.4606
v 239.662 121.8624 22.8168
v 239.6913 121.9268 22.8237
v 239.6207 121.9183 22.8315

# 18 faces
f -18 -15 -17 
f -17 -15 -14 
f -17 -14 -16 
f -16 -14 -13 
f -16 -13 -18 
f -18 -13 -15 
f -12 -9 -11 
f -11 -9 -8 
f -11 -8 -10 
f -10 -8 -7 
f -10 -7 -12 
f -12 -7 -9 
f -6 -3 -5 
f -5 -3 -2 
f -5 -2 -4 
f -4 -2 -1 
f -4 -1 -6 
f -6 -1 -3 

g carrot_Leaf
s off

usemtl carrot_Leaf

# 8 vertices
v 239.658 121.9027 22.824
v 240.468 121.7508 29.3623
v 240.0948 121.1257 29.4843
v 241.1108 121.0896 32.9032
v 240.6737 120.4055 33.0237
v 241.3872 119.371 38.09372
v 239.9606 120.0273 32.8752
v 239.5036 120.7443 29.3195

# 16 faces
f -8 -7 -6 
f -8 -6 -7 
f -7 -5 -6 
f -7 -6 -5 
f -5 -4 -6 
f -5 -6 -4 
f -5 -3 -4 
f -5 -4 -3 
f -4 -3 -2 
f -4 -2 -3 
f -6 -4 -2 
f -6 -2 -4 
f -6 -2 -1 
f -6 -1 -2 
f -6 -1 -8 
f -6 -8 -1 

g carrot_Petiole
s off

usemtl carrot_Petiole

# 18 vertices
v 239.2237 122.0052 21.7771
v 239.2387 122.0725 21.7599
v 239.1966 122.0582 21.816
v 239.5353 121.9948 22.00885
v 239.5504 122.0621 21.9916
v 239.5083 122.0478 22.04768
v 239.5353 121.9948 22.00885
v 239.5504 122.0621 21.9916
v 239.5083 122.0478 22.04768
v 239.847 121.9844 22.2405
v 239.8621 122.0517 22.2233
v 239.8199 122.0374 22.2793
v 239.847 121.9844 22.2405
v 239.8621 122.0517 22.2233
v 239.8199 122.0374 22.2793
v 240.1587 121.9739 22.4722
v 240.1737 122.0412 22.4549
v 240.1316 122.0269 22.511

# 18 faces
f -18 -15 -17 
f -17 -15 -14 
f -17 -14 -16 
f -16 -14 -13 
f -16 -13 -18 
f -18 -13 -15 
f -12 -9 -11 
f -11 -9 -8 
f -11 -8 -10 
f -10 -8 -7 
f -10 -7 -12 
f -12 -7 -9 
f -6 -3 -5 
f -5 -3 -2 
f -5 -2 -4 
f -4 -2 -1 
f -4 -1 -6 
f -6 -1 -3 

g carrot_Leaf
s off

usemtl carrot_Leaf

# 8 vertices
v 240.1546 122.0142 22.4794
v 245.3428 122.7568 26.4742
v 245.2686 122.1183 26.8372
v 248.385 122.6071 28.5019
v 248.2747 121.9039 28.9104
v 252.501 121.5828 31.9632
v 247.7357 121.4425 29.323
v 244.803 121.6634 27.1512

# 16 faces
f -8 -7 -6 
f -8 -6 -7 
f -7 -5 -6 
f -7 -6 -5 
f -5 -4 -6 
f -5 -6 -4 
f -5 -3 -4 
f -5 -4 -3 
f -4 -3 -2 
f -4 -2 -3 
f -6 -4 -2 
f -6 -2 -4 
f -6 -2 -1 
f -6 -1 -2 
f -6 -1 -8 
f -6 -8 -1 

g carrot_Mrstm
s off

usemtl carrot_Mrstm

# 8 vertices
v 215.0788 111.5444 0.9586
v 215.1024 111.5631 0.9644
v 215.0881 111.5646 0.9716
v 215.1159 111.5826 0.9768
v 215.099 111.5847 0.9867
v 215.1123 111.6005 1.002479
v 215.0783 111.5629 0.9836
v 215.0885 111.5815 1.000085

# 16 faces
f -8 -7 -6 
f -8 -6 -7 
f -6 -7 -5 
f -6 -5 -7 
f -6 -5 -4 
f -6 -4 -5 
f -5 -3 -4 
f -5 -4 -3 
f -6 -2 -8 
f -6 -8 -2 
f -2 -6 -4 
f -2 -4 -6 
f -1 -2 -4 
f -1 -4 -2 
f -1 -4 -3 
f -1 -3 -4 

g carrot_Mrstm
s off

usemtl carrot_Mrstm

# 8 vertices
v 215.0788 111.5444 0.9586
v 215.0888 111.5734 0.9584
v 215.0888 111.5642 0.9717
v 215.1002 111.5956 0.9682
v 215.1013 111.5848 0.9847
v 215.1165 111.6037 0.9938
v 215.0956 111.5552 0.9824
v 215.1094 111.5741 0.9955

# 16 faces
f -8 -7 -6 
f -8 -6 -7 
f -6 -7 -5 
f -6 -5 -7 
f -6 -5 -4 
f -6 -4 -5 
f -5 -3 -4 
f -5 -4 -3 
f -6 -2 -8 
f -6 -8 -2 
f -2 -6 -4 
f -2 -4 -6 
f -1 -2 -4 
f -1 -4 -2 
f -1 -4 -3 
f -1 -3 -4 

g carrot_Mrstm
s off

usemtl carrot_Mrstm

# 8 vertices
v 215.0788 111.5444 0.9586
v 215.0753 111.5725 0.9705
v 215.0893 111.5644 0.9711
v 215.0829 111.5955 0.9819
v 215.1005 111.5866 0.9824
v 215.1099 111.6098 0.9892
v 215.1037 111.5613 0.9663
v 215.1161 111.5831 0.9759

# 16 faces
f -8 -7 -6 
f -8 -6 -7 
f -6 -7 -5 
f -6 -5 -7 
f -6 -5 -4 
f -6 -4 -5 
f -5 -3 -4 
f -5 -4 -3 
f -6 -2 -8 
f -6 -8 -2 
f -2 -6 -4 
f -2 -4 -6 
f -1 -2 -4 
f -1 -4 -2 
f -1 -4 -3 
f -1 -3 -4 

g carrot_Mrstm
s off

usemtl carrot_Mrstm

# 8 vertices
v 215.0788 111.5444 0.9586
v 215.0805 111.5616 0.984
v 215.0889 111.5649 0.9706
v 215.0877 111.5825 0.9991
v 215.0977 111.5877 0.9829
v 215.1015 111.6104 0.9949
v 215.0915 111.5727 0.9574
v 215.0993 111.5961 0.968

# 16 faces
f -8 -7 -6 
f -8 -6 -7 
f -6 -7 -5 
f -6 -5 -7 
f -6 -5 -4 
f -6 -4 -5 
f -5 -3 -4 
f -5 -4 -3 
f -6 -2 -8 
f -6 -8 -2 
f -2 -6 -4 
f -2 -4 -6 
f -1 -2 -4 
f -1 -4 -2 
f -1 -4 -3 
f -1 -3 -4 

g carrot_Mrstm
s off

usemtl carrot_Mrstm

# 8 vertices
v 215.0788 111.5444 0.9586
v 215.0972 111.5556 0.9804
v 215.0881 111.5651 0.9709
v 215.1081 111.5744 0.9962
v 215.0967 111.5865 0.9856
v 215.1029 111.6046 1.003127
v 215.0757 111.5739 0.9679
v 215.0822 111.5953 0.9827

# 16 faces
f -8 -7 -6 
f -8 -6 -7 
f -6 -7 -5 
f -6 -5 -7 
f -6 -5 -4 
f -6 -4 -5 
f -5 -3 -4 
f -5 -4 -3 
f -6 -2 -8 
f -6 -8 -2 
f -2 -6 -4 
f -2 -4 -6 
f -1 -2 -4 
f -1 -4 -2 
f -1 -4 -3 
f -1 -3 -4 

g carrot_Intrnd
s off

usemtl carrot_Intrnd

# 18 vertices
v 214.9275 111.816 0.3195
v 214.5877 111.5624 1.472
v 215.7189 111.2585 1.07522
v 215.0695 112.1841 0.4424
v 214.7296 111.9305 1.5949
v 215.8609 111.6266 1.198
v 215.0695 112.1841 0.4424
v 214.7296 111.9305 1.5949
v 215.8609 111.6266 1.198
v 215.1389 112.4325 0.4501
v 214.8735 112.3958 1.6486
v 216.0047 112.0919 1.2517
v 215.1389 112.4325 0.4501
v 214.8735 112.3958 1.6486
v 216.0047 112.0919 1.2517
v 215.1896 112.6814 0.4041
v 214.984 112.8707 1.5999
v 216.1152 112.5669 1.203

# 18 faces
f -18 -15 -17 
f -17 -15 -14 
f -17 -14 -16 
f -16 -14 -13 
f -16 -13 -18 
f -18 -13 -15 
f -12 -9 -11 
f -11 -9 -8 
f -11 -8 -10 
f -10 -8 -7 
f -10 -7 -12 
f -12 -7 -9 
f -6 -3 -5 
f -5 -3 -2 
f -5 -2 -4 
f -4 -2 -1 
f -4 -1 -6 
f -6 -1 -3 

g carrot_Petiole
s off

usemtl carrot_Petiole

# 18 vertices
v 215.3216 112.6476 0.8061
v 215.251 112.7982 1.2853
v 215.7181 112.6727 1.1214
v 215.7607 115.2766 0.04486
v 215.6901 115.4272 0.5239
v 216.1573 115.3017 0.36
v 215.7607 115.2766 0.04486
v 215.6901 115.4272 0.5239
v 216.1573 115.3017 0.36
v 216.0108 117.7252 -1.1171
v 215.9496 117.9455 -0.6644
v 216.4168 117.82 -0.8283
v 216.0108 117.7252 -1.1171
v 215.9496 117.9455 -0.6644
v 216.4168 117.82 -0.8283
v 216.0741 119.9698 -2.6553
v 216.0173 120.2552 -2.24
v 216.4845 120.1297 -2.4039

# 18 faces
f -18 -15 -17 
f -17 -15 -14 
f -17 -14 -16 
f -16 -14 -13 
f -16 -13 -18 
f -18 -13 -15 
f -12 -9 -11 
f -11 -9 -8 
f -11 -8 -10 
f -10 -8 -7 
f -10 -7 -12 
f -12 -7 -9 
f -6 -3 -5 
f -5 -3 -2 
f -5 -2 -4 
f -4 -2 -1 
f -4 -1 -6 
f -6 -1 -3 

g carrot_Petiole
s off

usemtl carrot_Petiole

# 18 vertices
v 216.074 119.9639 -2.6512
v 216.0174 120.2581 -2.242
v 216.4846 120.1326 -2.4059
v 216.0856 120.6397 -3.1356
v 216.029 120.934 -2.7264
v 216.4962 120.8085 -2.8903
v 216.0856 120.6397 -3.1356
v 216.029 120.934 -2.7264
v 216.4962 120.8085 -2.8903
v 216.0889 121.2988 -3.6308
v 216.0324 121.6017 -3.228
v 216.4996 121.4762 -3.3919
v 216.0889 121.2988 -3.6308
v 216.0324 121.6017 -3.228
v 216.4996 121.4762 -3.3919
v 216.0841 121.9466 -4.1407
v 216.0276 122.258 -3.7444
v 216.4947 122.1326 -3.9083

# 18 faces
f -18 -15 -17 
f -17 -15 -14 
f -17 -14 -16 
f -16 -14 -13 
f -16 -13 -18 
f -18 -13 -15 
f -12 -9 -11 
f -11 -9 -8 
f -11 -8 -10 
f -10 -8 -7 
f -10 -7 -12 
f -12 -7 -9 
f -6 -3 -5 
f -5 -3 -2 
f -5 -2 -4 
f -4 -2 -1 
f -4 -1 -6 
f -6 -1 -3 

g carrot_Petiole
s off

usemtl carrot_Petiole

# 18 vertices
v 216.1951 122.1026 -3.9436
v 216.1921 122.1189 -3.9158
v 216.2207 122.118 -3.9312
v 216.151 122.2481 -4.03388
v 216.1479 122.2644 -4.006099
v 216.1766 122.2635 -4.02155
v 216.151 122.2481 -4.03388
v 216.1479 122.2644 -4.006099
v 216.1766 122.2635 -4.02155
v 216.0669 122.3897 -4.09851
v 216.0655 122.4024 -4.06879
v 216.0909 122.4087 -4.08812
v 216.0669 122.3897 -4.09851
v 216.0655 122.4024 -4.06879
v 216.0909 122.4087 -4.08812
v 215.949 122.517 -4.1328
v 215.9501 122.5263 -4.1018
v 215.9705 122.5394 -4.1236

# 18 faces
f -18 -15 -17 
f -17 -15 -14 
f -17 -14 -16 
f -16 -14 -13 
f -16 -13 -18 
f -18 -13 -15 
f -12 -9 -11 
f -11 -9 -8 
f -11 -8 -10 
f -10 -8 -7 
f -10 -7 -12 
f -12 -7 -9 
f -6 -3 -5 
f -5 -3 -2 
f -5 -2 -4 
f -4 -2 -1 
f -4 -1 -6 
f -6 -1 -3 

g carrot_Leaf
s off

usemtl carrot_Leaf

# 8 vertices
v 215.9566 122.5276 -4.1194
v 213.2421 126.0296 -4.4937
v 213.2052 126.0246 -4.9904
v 211.5015 127.7238 -4.9362
v 211.48 127.7178 -5.4895
v 209.0661 130.1706 -6.2504
v 211.7789 127.7058 -5.9556
v 213.4476 125.9728 -5.4102

# 16 faces
f -8 -7 -6 
f -8 -6 -7 
f -7 -5 -6 
f -7 -6 -5 
f -5 -4 -6 
f -5 -6 -4 
f -5 -3 -4 
f -5 -4 -3 
f -4 -3 -2 
f -4 -2 -3 
f -6 -4 -2 
f -6 -2 -4 
f -6 -2 -1 
f -6 -1 -2 
f -6 -1 -8 
f -6 -8 -1 

g carrot_Petiole
s off

usemtl carrot_Petiole

# 18 vertices
v 216.0842 121.941 -4.1362
v 216.0275 122.2608 -3.7466
v 216.4947 122.1353 -3.9105
v 216.071 122.5827 -4.6649
v 216.0144 122.9025 -4.2754
v 216.4816 122.777 -4.4393
v 216.071 122.5827 -4.6649
v 216.0144 122.9025 -4.2754
v 216.4816 122.777 -4.4393
v 216.0499 123.2068 -5.2032
v 215.993 123.5348 -4.8206
v 216.4602 123.4093 -4.9845
v 216.0499 123.2068 -5.2032
v 215.993 123.5348 -4.8206
v 216.4602 123.4093 -4.9845
v 216.0205 123.8184 -5.7552
v 215.9633 124.1545 -5.3797
v 216.4305 124.029 -5.5436

# 18 faces
f -18 -15 -17 
f -17 -15 -14 
f -17 -14 -16 
f -16 -14 -13 
f -16 -13 -18 
f -18 -13 -15 
f -12 -9 -11 
f -11 -9 -8 
f -11 -8 -10 
f -10 -8 -7 
f -10 -7 -12 
f -12 -7 -9 
f -6 -3 -5 
f -5 -3 -2 
f -5 -2 -4 
f -4 -2 -1 
f -4 -1 -6 
f -6 -1 -3 

g carrot_Petiole
s off

usemtl carrot_Petiole

# 18 vertices
v 216.1311 123.9898 -5.5711
v 216.1279 124.0143 -5.5502
v 216.1569 124.0002 -5.5545
v 216.1682 124.1047 -5.7004
v 216.1649 124.1292 -5.6795
v 216.194 124.1151 -5.6838
v 216.1682 124.1047 -5.7004
v 216.1649 124.1292 -5.6795
v 216.194 124.1151 -5.6838
v 216.246 124.1949 -5.8311
v 216.2441 124.222 -5.8135
v 216.2703 124.2027 -5.8112
v 216.246 124.1949 -5.8311
v 216.2441 124.222 -5.8135
v 216.2703 124.2027 -5.8112
v 216.3588 124.2539 -5.9539
v 216.3594 124.2829 -5.9394
v 216.3808 124.2598 -5.9308

# 18 faces
f -18 -15 -17 
f -17 -15 -14 
f -17 -14 -16 
f -16 -14 -13 
f -16 -13 -18 
f -18 -13 -15 
f -12 -9 -11 
f -11 -9 -8 
f -11 -8 -10 
f -10 -8 -7 
f -10 -7 -12 
f -12 -7 -9 
f -6 -3 -5 
f -5 -3 -2 
f -5 -2 -4 
f -4 -2 -1 
f -4 -1 -6 
f -6 -1 -3 

g carrot_Leaf
s off

usemtl carrot_Leaf

# 8 vertices
v 216.3663 124.2656 -5.9413
v 219.3923 126.1581 -8.5935
v 219.5183 125.7468 -8.8446
v 220.8644 127.0265 -10.3753
v 221.0073 126.56 -10.6374
v 223.1871 127.6707 -13.1745
v 221.1681 126.034 -10.5732
v 219.6204 125.2712 -8.8103

# 16 faces
f -8 -7 -6 
f -8 -6 -7 
f -7 -5 -6 
f -7 -6 -5 
f -5 -4 -6 
f -5 -6 -4 
f -5 -3 -4 
f -5 -4 -3 
f -4 -3 -2 
f -4 -2 -3 
f -6 -4 -2 
f -6 -2 -4 
f -6 -2 -1 
f -6 -1 -2 
f -6 -1 -8 
f -6 -8 -1 

g carrot_Petiole
s off

usemtl carrot_Petiole

# 18 vertices
v 216.0208 123.8131 -5.7503
v 215.9632 124.1571 -5.3821
v 216.4303 124.0316 -5.546
v 215.983 124.4172 -6.3206
v 215.9254 124.7612 -5.9524
v 216.3926 124.6357 -6.1162
v 215.983 124.4172 -6.3206
v 215.9254 124.7612 -5.9524
v 216.3926 124.6357 -6.1162
v 215.9374 125.0029 -6.899
v 215.8792 125.3546 -6.5382
v 216.3464 125.2291 -6.7021
v 215.9374 125.0029 -6.899
v 215.8792 125.3546 -6.5382
v 216.3464 125.2291 -6.7021
v 215.8837 125.575 -7.4901
v 215.8249 125.9342 -7.137
v 216.2921 125.8087 -7.3009

# 18 faces
f -18 -15 -17 
f -17 -15 -14 
f -17 -14 -16 
f -16 -14 -13 
f -16 -13 -18 
f -18 -13 -15 
f -12 -9 -11 
f -11 -9 -8 
f -11 -8 -10 
f -10 -8 -7 
f -10 -7 -12 
f -12 -7 -9 
f -6 -3 -5 
f -5 -3 -2 
f -5 -2 -4 
f -4 -2 -1 
f -4 -1 -6 
f -6 -1 -3 

g carrot_Petiole
s off

usemtl carrot_Petiole

# 18 vertices
v 215.9933 125.7609 -7.3201
v 215.9904 125.7807 -7.2946
v 216.0185 125.779 -7.3109
v 215.9391 125.8908 -7.4271
v 215.9361 125.9106 -7.4017
v 215.9643 125.9089 -7.418
v 215.9391 125.8908 -7.4271
v 215.9361 125.9106 -7.4017
v 215.9643 125.9089 -7.418
v 215.846 126.0185 -7.5067
v 215.8449 126.035 -7.4789
v 215.8694 126.0398 -7.4999
v 215.846 126.0185 -7.5067
v 215.8449 126.035 -7.4789
v 215.8694 126.0398 -7.4999
v 215.7209 126.1346 -7.5531
v 215.7225 126.1481 -7.5237
v 215.7416 126.1589 -7.5478

# 18 faces
f -18 -15 -17 
f -17 -15 -14 
f -17 -14 -16 
f -16 -14 -13 
f -16 -13 -18 
f -18 -13 -15 
f -12 -9 -11 
f -11 -9 -8 
f -11 -8 -10 
f -10 -8 -7 
f -10 -7 -12 
f -12 -7 -9 
f -6 -3 -5 
f -5 -3 -2 
f -5 -2 -4 
f -4 -2 -1 
f -4 -1 -6 
f -6 -1 -3 

g carrot_Leaf
s off

usemtl carrot_Leaf

# 8 vertices
v 215.7284 126.1472 -7.5415
v 212.833 129.4418 -8.2727
v 212.78 129.3682 -8.7625
v 210.9971 130.9813 -8.8686
v 210.9577 130.8997 -9.4149
v 208.4015 133.117 -10.4008
v 211.2413 130.8382 -9.8866
v 213.0108 129.2711 -9.1809

# 16 faces
f -8 -7 -6 
f -8 -6 -7 
f -7 -5 -6 
f -7 -6 -5 
f -5 -4 -6 
f -5 -6 -4 
f -5 -3 -4 
f -5 -4 -3 
f -4 -3 -2 
f -4 -2 -3 
f -6 -4 -2 
f -6 -2 -4 
f -6 -2 -1 
f -6 -1 -2 
f -6 -1 -8 
f -6 -8 -1 

g carrot_Petiole
s off

usemtl carrot_Petiole

# 18 vertices
v 215.8842 125.57 -7.4849
v 215.8246 125.9367 -7.1396
v 216.2918 125.8112 -7.3035
v 215.822 126.1332 -8.09362
v 215.7624 126.4999 -7.7482
v 216.2296 126.3744 -7.9121
v 215.822 126.1332 -8.09362
v 215.7624 126.4999 -7.7482
v 216.2296 126.3744 -7.9121
v 215.7522 126.6773 -8.709
v 215.6918 127.0511 -8.3716
v 216.159 126.9256 -8.5355
v 215.7522 126.6773 -8.709
v 215.6918 127.0511 -8.3716
v 216.159 126.9256 -8.5355
v 215.6744 127.2068 -9.3361
v 215.6131 127.5876 -9.006845
v 216.0802 127.4621 -9.1707

# 18 faces
f -18 -15 -17 
f -17 -15 -14 
f -17 -14 -16 
f -16 -14 -13 
f -16 -13 -18 
f -18 -13 -15 
f -12 -9 -11 
f -11 -9 -8 
f -11 -8 -10 
f -10 -8 -7 
f -10 -7 -12 
f -12 -7 -9 
f -6 -3 -5 
f -5 -3 -2 
f -5 -2 -4 
f -4 -2 -1 
f -4 -1 -6 
f -6 -1 -3 

g carrot_Petiole
s off

usemtl carrot_Petiole

# 18 vertices
v 215.7824 127.4063 -9.181
v 215.7787 127.4332 -9.1635
v 215.8082 127.4199 -9.1669
v 215.8095 127.5042 -9.3258
v 215.8057 127.5311 -9.3082
v 215.8353 127.5178 -9.3117
v 215.8095 127.5042 -9.3258
v 215.8057 127.5311 -9.3082
v 215.8353 127.5178 -9.3117
v 215.8784 127.5793 -9.4703
v 215.8758 127.6084 -9.4564
v 215.903 127.5908 -9.4526
v 215.8784 127.5793 -9.4703
v 215.8758 127.6084 -9.4564
v 215.903 127.5908 -9.4526
v 215.9841 127.6262 -9.6042
v 215.9837 127.6568 -9.5938
v 216.0065 127.6361 -9.583

# 18 faces
f -18 -15 -17 
f -17 -15 -14 
f -17 -14 -16 
f -16 -14 -13 
f -16 -13 -18 
f -18 -13 -15 
f -12 -9 -11 
f -11 -9 -8 
f -11 -8 -10 
f -10 -8 -7 
f -10 -7 -12 
f -12 -7 -9 
f -6 -3 -5 
f -5 -3 -2 
f -5 -2 -4 
f -4 -2 -1 
f -4 -1 -6 
f -6 -1 -3 

g carrot_Leaf
s off

usemtl carrot_Leaf

# 8 vertices
v 215.9914 127.6398 -9.5936
v 218.8311 129.2899 -12.5912
v 218.9691 128.8545 -12.7899
v 220.199 129.9745 -14.5292
v 220.3562 129.4838 -14.7321
v 222.3938 130.3378 -17.4782
v 220.5449 128.979 -14.6048
v 219.0956 128.393 -12.6965

# 16 faces
f -8 -7 -6 
f -8 -6 -7 
f -7 -5 -6 
f -7 -6 -5 
f -5 -4 -6 
f -5 -6 -4 
f -5 -3 -4 
f -5 -4 -3 
f -4 -3 -2 
f -4 -2 -3 
f -6 -4 -2 
f -6 -2 -4 
f -6 -2 -1 
f -6 -1 -2 
f -6 -1 -8 
f -6 -8 -1 

g carrot_Petiole
s off

usemtl carrot_Petiole

# 18 vertices
v 215.6752 127.2023 -9.3305
v 215.6127 127.5899 -9.009569
v 216.0799 127.4644 -9.1734
v 215.5888 127.7215 -9.9743
v 215.5263 128.1091 -9.6533
v 215.9935 127.9836 -9.8172
v 215.5888 127.7215 -9.9743
v 215.5263 128.1091 -9.6533
v 215.9935 127.9836 -9.8172
v 215.4952 128.221 -10.6235
v 215.4316 128.6153 -10.3109
v 215.8988 128.4898 -10.4747
v 215.4952 128.221 -10.6235
v 215.4316 128.6153 -10.3109
v 215.8988 128.4898 -10.4747
v 215.3939 128.7051 -11.283
v 215.329 129.1057 -10.979
v 215.7962 128.9803 -11.1429

# 18 faces
f -18 -15 -17 
f -17 -15 -14 
f -17 -14 -16 
f -16 -14 -13 
f -16 -13 -18 
f -18 -13 -15 
f -12 -9 -11 
f -11 -9 -8 
f -11 -8 -10 
f -10 -8 -7 
f -10 -7 -12 
f -12 -7 -9 
f -6 -3 -5 
f -5 -3 -2 
f -5 -2 -4 
f -4 -2 -1 
f -4 -1 -6 
f -6 -1 -3 

g carrot_Petiole
s off

usemtl carrot_Petiole

# 18 vertices
v 215.4996 128.917 -11.1437
v 215.4966 128.9398 -11.1211
v 215.5242 128.9372 -11.1381
v 215.4355 129.0287 -11.265
v 215.4325 129.0515 -11.2423
v 215.4601 129.0489 -11.2593
v 215.4355 129.0287 -11.265
v 215.4325 129.0515 -11.2423
v 215.4601 129.0489 -11.2593
v 215.3337 129.1401 -11.3572
v 215.3327 129.1602 -11.3318
v 215.3562 129.1632 -11.3542
v 215.3337 129.1401 -11.3572
v 215.3327 129.1602 -11.3318
v 215.3562 129.1632 -11.3542
v 215.2016 129.2432 -11.4136
v 215.2035 129.2606 -11.3864
v 215.2212 129.2689 -11.4125

# 18 faces
f -18 -15 -17 
f -17 -15 -14 
f -17 -14 -16 
f -16 -14 -13 
f -16 -13 -18 
f -18 -13 -15 
f -12 -9 -11 
f -11 -9 -8 
f -11 -8 -10 
f -10 -8 -7 
f -10 -7 -12 
f -12 -7 -9 
f -6 -3 -5 
f -5 -3 -2 
f -5 -2 -4 
f -4 -2 -1 
f -4 -1 -6 
f -6 -1 -3 

g carrot_Leaf
s off

usemtl carrot_Leaf

# 8 vertices
v 215.2088 129.2576 -11.4041
v 212.1313 132.2907 -12.454
v 212.066 132.1493 -12.9272
v 210.2028 133.652 -13.1774
v 210.1496 133.4957 -13.706
v 207.4557 135.4432 -14.8777
v 210.4202 133.3838 -14.1761
v 212.2875 132.0069 -13.3376

# 16 faces
f -8 -7 -6 
f -8 -6 -7 
f -7 -5 -6 
f -7 -6 -5 
f -5 -4 -6 
f -5 -6 -4 
f -5 -3 -4 
f -5 -4 -3 
f -4 -3 -2 
f -4 -2 -3 
f -6 -4 -2 
f -6 -2 -4 
f -6 -2 -1 
f -6 -1 -2 
f -6 -1 -8 
f -6 -8 -1 

g carrot_Petiole
s off

usemtl carrot_Petiole

# 18 vertices
v 215.3948 128.7009 -11.2772
v 215.3285 129.1078 -10.9818
v 215.7957 128.9823 -11.1457
v 215.2847 129.1734 -11.9527
v 215.2185 129.5803 -11.6573
v 215.6857 129.4548 -11.8212
v 215.2847 129.1734 -11.9527
v 215.2185 129.5803 -11.6573
v 215.6857 129.4548 -11.8212
v 215.1679 129.6257 -12.632
v 215.1002 130.0386 -12.3453
v 215.5674 129.9131 -12.5092
v 215.1679 129.6257 -12.632
v 215.1002 130.0386 -12.3453
v 215.5674 129.9131 -12.5092
v 215.0435 130.0617 -13.3205
v 214.9742 130.4803 -13.04285
v 215.4414 130.3548 -13.2067

# 18 faces
f -18 -15 -17 
f -17 -15 -14 
f -17 -14 -16 
f -16 -14 -13 
f -16 -13 -18 
f -18 -13 -15 
f -12 -9 -11 
f -11 -9 -8 
f -11 -8 -10 
f -10 -8 -7 
f -10 -7 -12 
f -12 -7 -9 
f -6 -3 -5 
f -5 -3 -2 
f -5 -2 -4 
f -4 -2 -1 
f -4 -1 -6 
f -6 -1 -3 

g carrot_Petiole
s off

usemtl carrot_Petiole

# 18 vertices
v 215.1465 130.2849 -13.1977
v 215.142 130.3137 -13.1838
v 215.172 130.3014 -13.1867
v 215.1639 130.3634 -13.3552
v 215.1594 130.3923 -13.3413
v 215.1894 130.38 -13.3442
v 215.1639 130.3634 -13.3552
v 215.1594 130.3923 -13.3413
v 215.1894 130.38 -13.3442
v 215.2242 130.4213 -13.5111
v 215.2207 130.4519 -13.5011
v 215.2487 130.4362 -13.4961
v 215.2242 130.4213 -13.5111
v 215.2207 130.4519 -13.5011
v 215.2487 130.4362 -13.4961
v 215.323 130.4544 -13.6541
v 215.3214 130.4861 -13.6478
v 215.3455 130.4681 -13.6353

# 18 faces
f -18 -15 -17 
f -17 -15 -14 
f -17 -14 -16 
f -16 -14 -13 
f -16 -13 -18 
f -18 -13 -15 
f -12 -9 -11 
f -11 -9 -8 
f -11 -8 -10 
f -10 -8 -7 
f -10 -7 -12 
f -12 -7 -9 
f -6 -3 -5 
f -5 -3 -2 
f -5 -2 -4 
f -4 -2 -1 
f -4 -1 -6 
f -6 -1 -3 

g carrot_Leaf
s off

usemtl carrot_Leaf

# 8 vertices
v 215.33 130.4696 -13.6457
v 217.9845 131.8249 -16.9456
v 218.1371 131.3732 -17.0898
v 219.2523 132.3019 -19.00983
v 219.4268 131.7957 -19.1515
v 221.3282 132.3611 -22.06477
v 219.6443 131.3217 -18.9654
v 218.2894 130.9346 -16.9407

# 16 faces
f -8 -7 -6 
f -8 -6 -7 
f -7 -5 -6 
f -7 -6 -5 
f -5 -4 -6 
f -5 -6 -4 
f -5 -3 -4 
f -5 -4 -3 
f -4 -3 -2 
f -4 -2 -3 
f -6 -4 -2 
f -6 -2 -4 
f -6 -2 -1 
f -6 -1 -2 
f -6 -1 -8 
f -6 -8 -1 

g carrot_Petiole
s off

usemtl carrot_Petiole

# 18 vertices
v 215.1465 130.2849 -13.1977
v 215.1421 130.3116 -13.18
v 215.1719 130.3036 -13.1905
v 215.1198 130.3784 -13.3455
v 215.1154 130.4051 -13.3277
v 215.1452 130.3971 -13.3382
v 215.1198 130.3784 -13.3455
v 215.1154 130.4051 -13.3277
v 215.1452 130.3971 -13.3382
v 215.0931 130.472 -13.4932
v 215.0887 130.4987 -13.4754
v 215.1185 130.4907 -13.4859
v 215.0931 130.472 -13.4932
v 215.0887 130.4987 -13.4754
v 215.1185 130.4907 -13.4859
v 215.0665 130.5655 -13.6409
v 215.062 130.5922 -13.6232
v 215.0918 130.5842 -13.6336

# 18 faces
f -18 -15 -17 
f -17 -15 -14 
f -17 -14 -16 
f -16 -14 -13 
f -16 -13 -18 
f -18 -13 -15 
f -12 -9 -11 
f -11 -9 -8 
f -11 -8 -10 
f -10 -8 -7 
f -10 -7 -12 
f -12 -7 -9 
f -6 -3 -5 
f -5 -3 -2 
f -5 -2 -4 
f -4 -2 -1 
f -4 -1 -6 
f -6 -1 -3 

g carrot_Leaf
s off

usemtl carrot_Leaf

# 8 vertices
v 215.0735 130.5807 -13.6325
v 214.5963 133.427 -17.01535
v 214.7194 133.1098 -17.3791
v 214.0949 134.7116 -19.06329
v 214.248 134.3544 -19.4577
v 213.6472 136.118 -22.4496
v 214.6352 133.9918 -19.6168
v 215.0269 132.7575 -17.5172

# 16 faces
f -8 -7 -6 
f -8 -6 -7 
f -7 -5 -6 
f -7 -6 -5 
f -5 -4 -6 
f -5 -6 -4 
f -5 -3 -4 
f -5 -4 -3 
f -4 -3 -2 
f -4 -2 -3 
f -6 -4 -2 
f -6 -2 -4 
f -6 -2 -1 
f -6 -1 -2 
f -6 -1 -8 
f -6 -8 -1 

g carrot_Mrstm
s off

usemtl carrot_Mrstm

# 8 vertices
v 215.4308 112.7064 1.07222
v 215.4218 112.7351 1.06574
v 215.4371 112.7313 1.06923
v 215.4247 112.7612 1.06056
v 215.4437 112.7573 1.06393
v 215.4483 112.7811 1.05462
v 215.4519 112.7282 1.06543
v 215.4597 112.7531 1.05878

# 16 faces
f -8 -7 -6 
f -8 -6 -7 
f -6 -7 -5 
f -6 -5 -7 
f -6 -5 -4 
f -6 -4 -5 
f -5 -3 -4 
f -5 -4 -3 
f -6 -2 -8 
f -6 -8 -2 
f -2 -6 -4 
f -2 -4 -6 
f -1 -2 -4 
f -1 -4 -2 
f -1 -4 -3 
f -1 -3 -4 

g carrot_Mrstm
s off

usemtl carrot_Mrstm

# 8 vertices
v 215.4308 112.7064 1.07222
v 215.4291 112.7354 1.08233
v 215.4366 112.7313 1.06856
v 215.4322 112.762 1.08132
v 215.4408 112.758 1.06407
v 215.4401 112.7836 1.0599
v 215.4375 112.73 1.05313
v 215.4406 112.756 1.04694

# 16 faces
f -8 -7 -6 
f -8 -6 -7 
f -6 -7 -5 
f -6 -5 -7 
f -6 -5 -4 
f -6 -4 -5 
f -5 -3 -4 
f -5 -4 -3 
f -6 -2 -8 
f -6 -8 -2 
f -2 -6 -4 
f -2 -4 -6 
f -1 -2 -4 
f -1 -4 -2 
f -1 -4 -3 
f -1 -3 -4 

g carrot_Mrstm
s off

usemtl carrot_Mrstm

# 8 vertices
v 215.4308 112.7064 1.07222
v 215.4467 112.7313 1.08083
v 215.4359 112.7315 1.06882
v 215.4537 112.7571 1.08117
v 215.4401 112.7585 1.06698
v 215.4426 112.7842 1.06968
v 215.4219 112.7347 1.06282
v 215.424 112.7615 1.06138

# 16 faces
f -8 -7 -6 
f -8 -6 -7 
f -6 -7 -5 
f -6 -5 -7 
f -6 -5 -4 
f -6 -4 -5 
f -5 -3 -4 
f -5 -4 -3 
f -6 -2 -8 
f -6 -8 -2 
f -2 -6 -4 
f -2 -4 -6 
f -1 -2 -4 
f -1 -4 -2 
f -1 -4 -3 
f -1 -3 -4 

g carrot_Mrstm
s off

usemtl carrot_Mrstm

# 8 vertices
v 215.4308 112.7064 1.07222
v 215.4504 112.7283 1.06331
v 215.4359 112.7316 1.06965
v 215.4597 112.7533 1.06031
v 215.4426 112.7581 1.06865
v 215.4525 112.7821 1.07054
v 215.4264 112.7359 1.0812
v 215.4327 112.762 1.08227

# 16 faces
f -8 -7 -6 
f -8 -6 -7 
f -6 -7 -5 
f -6 -5 -7 
f -6 -5 -4 
f -6 -4 -5 
f -5 -3 -4 
f -5 -4 -3 
f -6 -2 -8 
f -6 -8 -2 
f -2 -6 -4 
f -2 -4 -6 
f -1 -2 -4 
f -1 -4 -2 
f -1 -4 -3 
f -1 -3 -4 

g carrot_Mrstm
s off

usemtl carrot_Mrstm

# 8 vertices
v 215.4308 112.7064 1.07222
v 215.4351 112.7307 1.05381
v 215.4367 112.7315 1.06992
v 215.442 112.7557 1.04737
v 215.4449 112.7574 1.0668
v 215.4561 112.7801 1.0613
v 215.4449 112.7319 1.08305
v 215.4547 112.7569 1.08095

# 16 faces
f -8 -7 -6 
f -8 -6 -7 
f -6 -7 -5 
f -6 -5 -7 
f -6 -5 -4 
f -6 -4 -5 
f -5 -3 -4 
f -5 -4 -3 
f -6 -2 -8 
f -6 -8 -2 
f -2 -6 -4 
f -2 -4 -6 
f -1 -2 -4 
f -1 -4 -2 
f -1 -4 -3 
f -1 -3 -4 

g carrot_Intrnd
s off

usemtl carrot_Intrnd

# 18 vertices
v 215.1783 112.721 1.6589
v 216.0585 112.6113 1.00179
v 215.0518 112.7873 0.5643
v 215.2357 113.0876 1.6745
v 216.1159 112.9779 1.01738
v 215.1091 113.1539 0.5798
v 215.2357 113.0876 1.6745
v 216.1159 112.9779 1.01738
v 215.1091 113.1539 0.5798
v 215.2539 113.3423 1.7349
v 216.1538 113.3938 1.09758
v 215.147 113.5699 0.66
v 215.2539 113.3423 1.7349
v 216.1538 113.3938 1.09758
v 215.147 113.5699 0.66
v 215.2532 113.5851 1.8344
v 216.1609 113.7938 1.242
v 215.1542 113.9698 0.8045

# 18 faces
f -18 -15 -17 
f -17 -15 -14 
f -17 -14 -16 
f -16 -14 -13 
f -16 -13 -18 
f -18 -13 -15 
f -12 -9 -11 
f -11 -9 -8 
f -11 -8 -10 
f -10 -8 -7 
f -10 -7 -12 
f -12 -7 -9 
f -6 -3 -5 
f -5 -3 -2 
f -5 -2 -4 
f -4 -2 -1 
f -4 -1 -6 
f -6 -1 -3 

g carrot_Petiole
s off

usemtl carrot_Petiole

# 18 vertices
v 215.4515 113.7032 1.4255
v 215.6959 113.7998 1.2839
v 215.4237 113.8474 1.1656
v 215.3529 115.1227 2.2236
v 215.5973 115.2193 2.08208
v 215.3251 115.2669 1.9637
v 215.3529 115.1227 2.2236
v 215.5973 115.2193 2.08208
v 215.3251 115.2669 1.9637
v 215.1415 116.3667 3.2107
v 215.3817 116.4999 3.09363
v 215.1094 116.5475 2.9753
v 215.1415 116.3667 3.2107
v 215.3817 116.4999 3.09363
v 215.1094 116.5475 2.9753
v 214.8228 117.4253 4.37
v 215.0556 117.5904 4.2827
v 214.7834 117.638 4.1644

# 18 faces
f -18 -15 -17 
f -17 -15 -14 
f -17 -14 -16 
f -16 -14 -13 
f -16 -13 -18 
f -18 -13 -15 
f -12 -9 -11 
f -11 -9 -8 
f -11 -8 -10 
f -10 -8 -7 
f -10 -7 -12 
f -12 -7 -9 
f -6 -3 -5 
f -5 -3 -2 
f -5 -2 -4 
f -4 -2 -1 
f -4 -1 -6 
f -6 -1 -3 

g carrot_Petiole
s off

usemtl carrot_Petiole

# 18 vertices
v 214.8237 117.4225 4.3669
v 215.0552 117.5918 4.2842
v 214.783 117.6394 4.1659
v 214.7221 117.7376 4.7274
v 214.9537 117.9069 4.6447
v 214.6814 117.9545 4.5264
v 214.7221 117.7376 4.7274
v 214.9537 117.9069 4.6447
v 214.6814 117.9545 4.5264
v 214.6171 118.041 5.09131
v 214.8472 118.2142 5.01328
v 214.575 118.2618 4.8949
v 214.6171 118.041 5.09131
v 214.8472 118.2142 5.01328
v 214.575 118.2618 4.8949
v 214.5077 118.3351 5.4613
v 214.7365 118.5123 5.3881
v 214.4642 118.5599 5.2698

# 18 faces
f -18 -15 -17 
f -17 -15 -14 
f -17 -14 -16 
f -16 -14 -13 
f -16 -13 -18 
f -18 -13 -15 
f -12 -9 -11 
f -11 -9 -8 
f -11 -8 -10 
f -10 -8 -7 
f -10 -7 -12 
f -12 -7 -9 
f -6 -3 -5 
f -5 -3 -2 
f -5 -2 -4 
f -4 -2 -1 
f -4 -1 -6 
f -6 -1 -3 

g carrot_Petiole
s off

usemtl carrot_Petiole

# 18 vertices
v 214.5674 118.4647 5.376
v 214.5762 118.4704 5.372
v 214.5656 118.474 5.37
v 214.5689 118.4979 5.4274
v 214.5777 118.5036 5.4235
v 214.5671 118.5072 5.4215
v 214.5689 118.4979 5.4274
v 214.5777 118.5036 5.4235
v 214.5671 118.5072 5.4215
v 214.5856 118.5247 5.4799
v 214.5941 118.5298 5.4746
v 214.584 118.5348 5.4753
v 214.5856 118.5247 5.4799
v 214.5941 118.5298 5.4746
v 214.584 118.5348 5.4753
v 214.6162 118.5433 5.5296
v 214.6242 118.5478 5.523
v 214.6153 118.554 5.5262

# 18 faces
f -18 -15 -17 
f -17 -15 -14 
f -17 -14 -16 
f -16 -14 -13 
f -16 -13 -18 
f -18 -13 -15 
f -12 -9 -11 
f -11 -9 -8 
f -11 -8 -10 
f -10 -8 -7 
f -10 -7 -12 
f -12 -7 -9 
f -6 -3 -5 
f -5 -3 -2 
f -5 -2 -4 
f -4 -2 -1 
f -4 -1 -6 
f -6 -1 -3 

g carrot_Leaf
s off

usemtl carrot_Leaf

# 8 vertices
v 214.6186 118.5484 5.5263
v 216.0702 119.6035 7.4312
v 215.8832 119.5521 7.6511
v 216.8381 119.9788 8.6064
v 216.6219 119.9265 8.8446
v 217.6425 120.4887 10.5609
v 216.3115 119.9639 8.9369
v 215.6084 119.5574 7.7335

# 16 faces
f -8 -7 -6 
f -8 -6 -7 
f -7 -5 -6 
f -7 -6 -5 
f -5 -4 -6 
f -5 -6 -4 
f -5 -3 -4 
f -5 -4 -3 
f -4 -3 -2 
f -4 -2 -3 
f -6 -4 -2 
f -6 -2 -4 
f -6 -2 -1 
f -6 -1 -2 
f -6 -1 -8 
f -6 -8 -1 

g carrot_Petiole
s off

usemtl carrot_Petiole

# 18 vertices
v 214.5087 118.3326 5.4581
v 214.736 118.5135 5.3897
v 214.4638 118.5611 5.2714
v 214.394 118.6199 5.8374
v 214.6214 118.8008 5.769
v 214.3492 118.8484 5.6507
v 214.394 118.6199 5.8374
v 214.6214 118.8008 5.769
v 214.3492 118.8484 5.6507
v 214.2762 118.8951 6.2192
v 214.502 119.0797 6.1558
v 214.2298 119.1273 6.03756
v 214.2762 118.8951 6.2192
v 214.502 119.0797 6.1558
v 214.2298 119.1273 6.03756
v 214.1543 119.1606 6.6066
v 214.3786 119.3487 6.5482
v 214.1064 119.3963 6.4299

# 18 faces
f -18 -15 -17 
f -17 -15 -14 
f -17 -14 -16 
f -16 -14 -13 
f -16 -13 -18 
f -18 -13 -15 
f -12 -9 -11 
f -11 -9 -8 
f -11 -8 -10 
f -10 -8 -7 
f -10 -7 -12 
f -12 -7 -9 
f -6 -3 -5 
f -5 -3 -2 
f -5 -2 -4 
f -4 -2 -1 
f -4 -1 -6 
f -6 -1 -3 

g carrot_Petiole
s off

usemtl carrot_Petiole

# 18 vertices
v 214.2112 119.2972 6.5308
v 214.219 119.3052 6.5298
v 214.2099 119.3052 6.5231
v 214.1815 119.3321 6.5716
v 214.1894 119.3401 6.5705
v 214.1803 119.3401 6.5638
v 214.1815 119.3321 6.5716
v 214.1894 119.3401 6.5705
v 214.1803 119.3401 6.5638
v 214.1398 119.3659 6.6011
v 214.1467 119.3747 6.6009
v 214.1394 119.373 6.5925
v 214.1398 119.3659 6.6011
v 214.1467 119.3747 6.6009
v 214.1394 119.373 6.5925
v 214.089 119.396 6.6174
v 214.0948 119.4056 6.6178
v 214.0898 119.4024 6.6082

# 18 faces
f -18 -15 -17 
f -17 -15 -14 
f -17 -14 -16 
f -16 -14 -13 
f -16 -13 -18 
f -18 -13 -15 
f -12 -9 -11 
f -11 -9 -8 
f -11 -8 -10 
f -10 -8 -7 
f -10 -7 -12 
f -12 -7 -9 
f -6 -3 -5 
f -5 -3 -2 
f -5 -2 -4 
f -4 -2 -1 
f -4 -1 -6 
f -6 -1 -3 

g carrot_Leaf
s off

usemtl carrot_Leaf

# 8 vertices
v 214.0912 119.4014 6.6144
v 212.0811 120.9858 7.1606
v 211.8685 120.787 7.1257
v 210.8966 121.691 7.6203
v 210.6647 121.4672 7.5712
v 208.926 122.4286 8.1676
v 210.5489 121.243 7.3648
v 211.7717 120.5708 6.9637

# 16 faces
f -8 -7 -6 
f -8 -6 -7 
f -7 -5 -6 
f -7 -6 -5 
f -5 -4 -6 
f -5 -6 -4 
f -5 -3 -4 
f -5 -4 -3 
f -4 -3 -2 
f -4 -2 -3 
f -6 -4 -2 
f -6 -2 -4 
f -6 -2 -1 
f -6 -1 -2 
f -6 -1 -8 
f -6 -8 -1 

g carrot_Petiole
s off

usemtl carrot_Petiole

# 18 vertices
v 214.1554 119.1583 6.6032
v 214.3781 119.3499 6.5499
v 214.1058 119.3975 6.4316
v 214.0284 119.4163 6.9993
v 214.251 119.6078 6.946
v 213.9788 119.6554 6.8277
v 214.0284 119.4163 6.9993
v 214.251 119.6078 6.946
v 213.9788 119.6554 6.8277
v 213.8985 119.6619 7.3971
v 214.1195 119.8567 7.3489
v 213.8472 119.9043 7.2306
v 213.8985 119.6619 7.3971
v 214.1195 119.8567 7.3489
v 213.8472 119.9043 7.2306
v 213.7647 119.8974 7.7997
v 213.9839 120.0953 7.7568
v 213.7117 120.1429 7.6385

# 18 faces
f -18 -15 -17 
f -17 -15 -14 
f -17 -14 -16 
f -16 -14 -13 
f -16 -13 -18 
f -18 -13 -15 
f -12 -9 -11 
f -11 -9 -8 
f -11 -8 -10 
f -10 -8 -7 
f -10 -7 -12 
f -12 -7 -9 
f -6 -3 -5 
f -5 -3 -2 
f -5 -2 -4 
f -4 -2 -1 
f -4 -1 -6 
f -6 -1 -3 

g carrot_Petiole
s off

usemtl carrot_Petiole

# 18 vertices
v 213.8183 120.0403 7.7339
v 213.8268 120.0471 7.7309
v 213.8161 120.0502 7.7292
v 213.8168 120.0664 7.7893
v 213.8253 120.0731 7.7864
v 213.8146 120.0763 7.7846
v 213.8168 120.0664 7.7893
v 213.8253 120.0731 7.7864
v 213.8146 120.0763 7.7846
v 213.8309 120.0869 7.8453
v 213.8392 120.0931 7.841
v 213.8288 120.0974 7.842
v 213.8309 120.0869 7.8453
v 213.8392 120.0931 7.841
v 213.8288 120.0974 7.842
v 213.8594 120.1004 7.8978
v 213.8672 120.1061 7.8921
v 213.8579 120.1113 7.8959

# 18 faces
f -18 -15 -17 
f -17 -15 -14 
f -17 -14 -16 
f -16 -14 -13 
f -16 -13 -18 
f -18 -13 -15 
f -12 -9 -11 
f -11 -9 -8 
f -11 -8 -10 
f -10 -8 -7 
f -10 -7 -12 
f -12 -7 -9 
f -6 -3 -5 
f -5 -3 -2 
f -5 -2 -4 
f -4 -2 -1 
f -4 -1 -6 
f -6 -1 -3 

g carrot_Leaf
s off

usemtl carrot_Leaf

# 8 vertices
v 213.8615 120.106 7.8953
v 215.2108 120.9771 9.9616
v 215.023 120.8864 10.1676
v 215.9322 121.2346 11.1965
v 215.7149 121.1389 11.4197
v 216.6669 121.5234 13.2222
v 215.4011 121.1462 11.5077
v 214.7467 120.8652 10.2425

# 16 faces
f -8 -7 -6 
f -8 -6 -7 
f -7 -5 -6 
f -7 -6 -5 
f -5 -4 -6 
f -5 -6 -4 
f -5 -3 -4 
f -5 -4 -3 
f -4 -3 -2 
f -4 -2 -3 
f -6 -4 -2 
f -6 -2 -4 
f -6 -2 -1 
f -6 -1 -2 
f -6 -1 -8 
f -6 -8 -1 

g carrot_Petiole
s off

usemtl carrot_Petiole

# 18 vertices
v 213.7659 119.8953 7.7962
v 213.9834 120.0963 7.7585
v 213.7111 120.1439 7.6402
v 213.6271 120.1225 8.2069
v 213.8446 120.3235 8.1692
v 213.5724 120.3711 8.05099
v 213.6271 120.1225 8.2069
v 213.8446 120.3235 8.1692
v 213.5724 120.3711 8.05099
v 213.4858 120.3372 8.6184
v 213.7015 120.541 8.5861
v 213.4293 120.5886 8.4678
v 213.4858 120.3372 8.6184
v 213.7015 120.541 8.5861
v 213.4293 120.5886 8.4678
v 213.3409 120.5413 9.03414
v 213.5547 120.7479 9.007209
v 213.2825 120.7955 8.8889

# 18 faces
f -18 -15 -17 
f -17 -15 -14 
f -17 -14 -16 
f -16 -14 -13 
f -16 -13 -18 
f -18 -13 -15 
f -12 -9 -11 
f -11 -9 -8 
f -11 -8 -10 
f -10 -8 -7 
f -10 -7 -12 
f -12 -7 -9 
f -6 -3 -5 
f -5 -3 -2 
f -5 -2 -4 
f -4 -2 -1 
f -4 -1 -6 
f -6 -1 -3 

g carrot_Petiole
s off

usemtl carrot_Petiole

# 18 vertices
v 213.391 120.6898 8.9786
v 213.3984 120.6983 8.9788
v 213.3894 120.6987 8.9719
v 213.3585 120.7173 9.02279
v 213.3659 120.7257 9.02299
v 213.357 120.7262 9.01613
v 213.3585 120.7173 9.02279
v 213.3659 120.7257 9.02299
v 213.357 120.7262 9.01613
v 213.3143 120.7444 9.05541
v 213.3208 120.7535 9.05657
v 213.3137 120.7526 9.04779
v 213.3143 120.7444 9.05541
v 213.3208 120.7535 9.05657
v 213.3137 120.7526 9.04779
v 213.2615 120.7692 9.07414
v 213.2667 120.7789 9.07594
v 213.2621 120.7767 9.06587

# 18 faces
f -18 -15 -17 
f -17 -15 -14 
f -17 -14 -16 
f -16 -14 -13 
f -16 -13 -18 
f -18 -13 -15 
f -12 -9 -11 
f -11 -9 -8 
f -11 -8 -10 
f -10 -8 -7 
f -10 -7 -12 
f -12 -7 -9 
f -6 -3 -5 
f -5 -3 -2 
f -5 -2 -4 
f -4 -2 -1 
f -4 -1 -6 
f -6 -1 -3 

g carrot_Leaf
s off

usemtl carrot_Leaf

# 8 vertices
v 213.2635 120.775 9.07197
v 211.1527 122.1568 9.7681
v 210.9531 121.9528 9.7015
v 209.9198 122.7266 10.2847
v 209.7026 122.4987 10.2002
v 207.8987 123.2726 10.8711
v 209.6044 122.298 9.963
v 210.8724 121.7551 9.5097

# 16 faces
f -8 -7 -6 
f -8 -6 -7 
f -7 -5 -6 
f -7 -6 -5 
f -5 -4 -6 
f -5 -6 -4 
f -5 -3 -4 
f -5 -4 -3 
f -4 -3 -2 
f -4 -2 -3 
f -6 -4 -2 
f -6 -2 -4 
f -6 -2 -1 
f -6 -1 -2 
f -6 -1 -8 
f -6 -8 -1 

g carrot_Petiole
s off

usemtl carrot_Petiole

# 18 vertices
v 213.3422 120.5396 9.03049
v 213.5541 120.7488 9.009007
v 213.2818 120.7964 8.8907
v 213.1924 120.7348 9.4536
v 213.4043 120.9439 9.4321
v 213.1321 120.9915 9.3138
v 213.1924 120.7348 9.4536
v 213.4043 120.9439 9.4321
v 213.1321 120.9915 9.3138
v 213.0405 120.9174 9.8767
v 213.2504 121.129 9.8607
v 212.9782 121.1766 9.7424
v 213.0405 120.9174 9.8767
v 213.2504 121.129 9.8607
v 212.9782 121.1766 9.7424
v 212.8852 121.0891 10.3031
v 213.0931 121.303 10.2927
v 212.8209 121.3506 10.1744

# 18 faces
f -18 -15 -17 
f -17 -15 -14 
f -17 -14 -16 
f -16 -14 -13 
f -16 -13 -18 
f -18 -13 -15 
f -12 -9 -11 
f -11 -9 -8 
f -11 -8 -10 
f -10 -8 -7 
f -10 -7 -12 
f -12 -7 -9 
f -6 -3 -5 
f -5 -3 -2 
f -5 -2 -4 
f -4 -2 -1 
f -4 -1 -6 
f -6 -1 -3 

g carrot_Petiole
s off

usemtl carrot_Petiole

# 18 vertices
v 212.9315 121.2423 10.2582
v 212.9396 121.2499 10.2564
v 212.9288 121.2527 10.2548
v 212.9274 121.2607 10.3166
v 212.9355 121.2682 10.3148
v 212.9247 121.271 10.3131
v 212.9274 121.2607 10.3166
v 212.9355 121.2682 10.3148
v 212.9247 121.271 10.3131
v 212.9391 121.2743 10.3751
v 212.9471 121.2814 10.3719
v 212.9365 121.285 10.3732
v 212.9391 121.2743 10.3751
v 212.9471 121.2814 10.3719
v 212.9365 121.285 10.3732
v 212.9658 121.2822 10.4297
v 212.9733 121.2891 10.4251
v 212.9637 121.2932 10.4292

# 18 faces
f -18 -15 -17 
f -17 -15 -14 
f -17 -14 -16 
f -16 -14 -13 
f -16 -13 -18 
f -18 -13 -15 
f -12 -9 -11 
f -11 -9 -8 
f -11 -8 -10 
f -10 -8 -7 
f -10 -7 -12 
f -12 -7 -9 
f -6 -3 -5 
f -5 -3 -2 
f -5 -2 -4 
f -4 -2 -1 
f -4 -1 -6 
f -6 -1 -3 

g carrot_Leaf
s off

usemtl carrot_Leaf

# 8 vertices
v 212.9676 121.2882 10.428
v 214.2226 121.95 12.6271
v 214.0365 121.8221 12.8141
v 214.9034 122.0804 13.9043
v 214.6878 121.9437 14.107
v 215.5803 122.1368 15.9696
v 214.3725 121.9215 14.1866
v 213.7606 121.7757 12.8781

# 16 faces
f -8 -7 -6 
f -8 -6 -7 
f -7 -5 -6 
f -7 -6 -5 
f -5 -4 -6 
f -5 -6 -4 
f -5 -3 -4 
f -5 -4 -3 
f -4 -3 -2 
f -4 -2 -3 
f -6 -4 -2 
f -6 -2 -4 
f -6 -2 -1 
f -6 -1 -2 
f -6 -1 -8 
f -6 -8 -1 

g carrot_Petiole
s off

usemtl carrot_Petiole

# 18 vertices
v 212.8866 121.0876 10.2994
v 213.0925 121.3037 10.2945
v 212.8202 121.3513 10.1762
v 212.7267 121.2498 10.7326
v 212.9325 121.4658 10.7277
v 212.6603 121.5134 10.6094
v 212.7267 121.2498 10.7326
v 212.9325 121.4658 10.7277
v 212.6603 121.5134 10.6094
v 212.5649 121.3993 11.1649
v 212.7687 121.6174 11.1657
v 212.4965 121.665 11.04745
v 212.5649 121.3993 11.1649
v 212.7687 121.6174 11.1657
v 212.4965 121.665 11.04745
v 212.4001 121.5376 11.5998
v 212.6018 121.7576 11.6063
v 212.3296 121.8052 11.488

# 18 faces
f -18 -15 -17 
f -17 -15 -14 
f -17 -14 -16 
f -16 -14 -13 
f -16 -13 -18 
f -18 -13 -15 
f -12 -9 -11 
f -11 -9 -8 
f -11 -8 -10 
f -10 -8 -7 
f -10 -7 -12 
f -12 -7 -9 
f -6 -3 -5 
f -5 -3 -2 
f -5 -2 -4 
f -4 -2 -1 
f -4 -1 -6 
f -6 -1 -3 

g carrot_Petiole
s off

usemtl carrot_Petiole

# 18 vertices
v 212.4424 121.6948 11.5658
v 212.4493 121.7035 11.5674
v 212.4404 121.7044 11.5604
v 212.4075 121.7142 11.6123
v 212.4144 121.7229 11.6139
v 212.4056 121.7238 11.6069
v 212.4075 121.7142 11.6123
v 212.4144 121.7229 11.6139
v 212.4056 121.7238 11.6069
v 212.3612 121.7342 11.6471
v 212.367 121.7434 11.6496
v 212.3602 121.7433 11.6406
v 212.3612 121.7342 11.6471
v 212.367 121.7434 11.6496
v 212.3602 121.7433 11.6406
v 212.3066 121.7533 11.6675
v 212.3112 121.763 11.6707
v 212.307 121.7619 11.6603

# 18 faces
f -18 -15 -17 
f -17 -15 -14 
f -17 -14 -16 
f -16 -14 -13 
f -16 -13 -18 
f -18 -13 -15 
f -12 -9 -11 
f -11 -9 -8 
f -11 -8 -10 
f -10 -8 -7 
f -10 -7 -12 
f -12 -7 -9 
f -6 -3 -5 
f -5 -3 -2 
f -5 -2 -4 
f -4 -2 -1 
f -4 -1 -6 
f -6 -1 -3 

g carrot_Leaf
s off

usemtl carrot_Leaf

# 8 vertices
v 212.3083 121.7594 11.6661
v 210.1062 122.9151 12.4814
v 209.9203 122.7109 12.383
v 208.8319 123.3405 13.0353
v 208.6303 123.1142 12.9155
v 206.771 123.6889 13.6337
v 208.5487 122.9417 12.6512
v 209.8553 122.5363 12.1647

# 16 faces
f -8 -7 -6 
f -8 -6 -7 
f -7 -5 -6 
f -7 -6 -5 
f -5 -4 -6 
f -5 -6 -4 
f -5 -3 -4 
f -5 -4 -3 
f -4 -3 -2 
f -4 -2 -3 
f -6 -4 -2 
f -6 -2 -4 
f -6 -2 -1 
f -6 -1 -2 
f -6 -1 -8 
f -6 -8 -1 

g carrot_Petiole
s off

usemtl carrot_Petiole

# 18 vertices
v 212.4424 121.6948 11.5658
v 212.45 121.703 11.5661
v 212.4397 121.7048 11.5616
v 212.4216 121.7123 11.6208
v 212.4292 121.7205 11.621
v 212.4189 121.7223 11.6166
v 212.4216 121.7123 11.6208
v 212.4292 121.7205 11.621
v 212.4189 121.7223 11.6166
v 212.4008 121.7297 11.6757
v 212.4083 121.738 11.6759
v 212.3981 121.7398 11.6715
v 212.4008 121.7297 11.6757
v 212.4083 121.738 11.6759
v 212.3981 121.7398 11.6715
v 212.38 121.7472 11.7306
v 212.3875 121.7555 11.7308
v 212.3773 121.7572 11.7264

# 18 faces
f -18 -15 -17 
f -17 -15 -14 
f -17 -14 -16 
f -16 -14 -13 
f -16 -13 -18 
f -18 -13 -15 
f -12 -9 -11 
f -11 -9 -8 
f -11 -8 -10 
f -10 -8 -7 
f -10 -7 -12 
f -12 -7 -9 
f -6 -3 -5 
f -5 -3 -2 
f -5 -2 -4 
f -4 -2 -1 
f -4 -1 -6 
f -6 -1 -3 

g carrot_Leaf
s off

usemtl carrot_Leaf

# 8 vertices
v 212.3816 121.7533 11.7293
v 211.6214 122.8337 13.9885
v 211.3783 122.6739 14.02436
v 211.1821 123.2036 15.3234
v 210.9086 123.0287 15.3524
v 210.1974 123.5459 17.2313
v 210.6357 122.9325 15.2026
v 211.1472 122.5632 13.8949

# 16 faces
f -8 -7 -6 
f -8 -6 -7 
f -7 -5 -6 
f -7 -6 -5 
f -5 -4 -6 
f -5 -6 -4 
f -5 -3 -4 
f -5 -4 -3 
f -4 -3 -2 
f -4 -2 -3 
f -6 -4 -2 
f -6 -2 -4 
f -6 -2 -1 
f -6 -1 -2 
f -6 -1 -8 
f -6 -8 -1 

g carrot_Mrstm
s off

usemtl carrot_Mrstm

# 8 vertices
v 215.524 113.7838 1.291
v 215.5329 113.8041 1.3124
v 215.5238 113.8082 1.2996
v 215.5338 113.8277 1.325
v 215.5222 113.8334 1.3101
v 215.5186 113.8552 1.3238
v 215.5104 113.8118 1.2927
v 215.5067 113.8363 1.303

# 16 faces
f -8 -7 -6 
f -8 -6 -7 
f -6 -7 -5 
f -6 -5 -7 
f -6 -5 -4 
f -6 -4 -5 
f -5 -3 -4 
f -5 -4 -3 
f -6 -2 -8 
f -6 -8 -2 
f -2 -6 -4 
f -2 -4 -6 
f -1 -2 -4 
f -1 -4 -2 
f -1 -4 -3 
f -1 -3 -4 

g carrot_Mrstm
s off

usemtl carrot_Mrstm

# 8 vertices
v 215.524 113.7838 1.291
v 215.5393 113.8099 1.2965
v 215.5237 113.8079 1.3004
v 215.5432 113.8346 1.3063
v 215.5245 113.8327 1.312
v 215.5285 113.8543 1.3257
v 215.5122 113.8051 1.3103
v 215.5123 113.8286 1.3235

# 16 faces
f -8 -7 -6 
f -8 -6 -7 
f -6 -7 -5 
f -6 -5 -7 
f -6 -5 -4 
f -6 -4 -5 
f -5 -3 -4 
f -5 -4 -3 
f -6 -2 -8 
f -6 -8 -2 
f -2 -6 -4 
f -2 -4 -6 
f -1 -2 -4 
f -1 -4 -2 
f -1 -4 -3 
f -1 -3 -4 

g carrot_Mrstm
s off

usemtl carrot_Mrstm

# 8 vertices
v 215.524 113.7838 1.291
v 215.5253 113.8141 1.2858
v 215.5245 113.8078 1.3007
v 215.5272 113.8401 1.2921
v 215.5271 113.8332 1.3105
v 215.5336 113.8573 1.3176
v 215.5307 113.8034 1.3143
v 215.5349 113.8278 1.3249

# 16 faces
f -8 -7 -6 
f -8 -6 -7 
f -6 -7 -5 
f -6 -5 -7 
f -6 -5 -4 
f -6 -4 -5 
f -5 -3 -4 
f -5 -4 -3 
f -6 -2 -8 
f -6 -8 -2 
f -2 -6 -4 
f -2 -4 -6 
f -1 -2 -4 
f -1 -4 -2 
f -1 -4 -3 
f -1 -3 -4 

g carrot_Mrstm
s off

usemtl carrot_Mrstm

# 8 vertices
v 215.524 113.7838 1.291
v 215.51 113.8109 1.295
v 215.5251 113.808 1.3002
v 215.5078 113.8367 1.3019
v 215.5264 113.8343 1.3078
v 215.5269 113.86 1.3104
v 215.5405 113.809 1.299
v 215.5435 113.835 1.3052

# 16 faces
f -8 -7 -6 
f -8 -6 -7 
f -6 -7 -5 
f -6 -5 -7 
f -6 -5 -4 
f -6 -4 -5 
f -5 -3 -4 
f -5 -4 -3 
f -6 -2 -8 
f -6 -8 -2 
f -2 -6 -4 
f -2 -4 -6 
f -1 -2 -4 
f -1 -4 -2 
f -1 -4 -3 
f -1 -3 -4 

g carrot_Mrstm
s off

usemtl carrot_Mrstm

# 8 vertices
v 215.524 113.7838 1.291
v 215.5144 113.8047 1.3115
v 215.5247 113.8083 1.2995
v 215.5116 113.829 1.3223
v 215.5234 113.8344 1.3075
v 215.5176 113.8588 1.3142
v 215.5282 113.8142 1.2856
v 215.5263 113.8403 1.2915

# 16 faces
f -8 -7 -6 
f -8 -6 -7 
f -6 -7 -5 
f -6 -5 -7 
f -6 -5 -4 
f -6 -4 -5 
f -5 -3 -4 
f -5 -4 -3 
f -6 -2 -8 
f -6 -8 -2 
f -2 -6 -4 
f -2 -4 -6 
f -1 -2 -4 
f -1 -4 -2 
f -1 -4 -3 
f -1 -3 -4 

g carrot_Intrnd
s off

usemtl carrot_Intrnd

# 18 vertices
v 216.0381 113.7624 1.05288
v 215.0802 113.9554 0.9829
v 215.4612 113.6335 1.834
v 216.094 114.0737 1.1455
v 215.1361 114.2667 1.07562
v 215.5172 113.9448 1.9267
v 216.094 114.0737 1.1455
v 215.1361 114.2667 1.07562
v 215.5172 113.9448 1.9267
v 216.1762 114.2871 1.1894
v 215.2542 114.6163 1.1549
v 215.6352 114.2943 2.006147
v 216.1762 114.2871 1.1894
v 215.2542 114.6163 1.1549
v 215.6352 114.2943 2.006147
v 216.2911 114.4881 1.214
v 215.4265 114.9485 1.2035
v 215.8075 114.6266 2.05466

# 18 faces
f -18 -15 -17 
f -17 -15 -14 
f -17 -14 -16 
f -16 -14 -13 
f -16 -13 -18 
f -18 -13 -15 
f -12 -9 -11 
f -11 -9 -8 
f -11 -8 -10 
f -10 -8 -7 
f -10 -7 -12 
f -12 -7 -9 
f -6 -3 -5 
f -5 -3 -2 
f -5 -2 -4 
f -4 -2 -1 
f -4 -1 -6 
f -6 -1 -3 

g carrot_Petiole
s off

usemtl carrot_Petiole

# 18 vertices
v 215.9097 114.6391 1.4418
v 215.7715 114.7414 1.442
v 215.8384 114.6849 1.5914
v 216.4685 115.3939 1.4771
v 216.3303 115.4962 1.4773
v 216.3972 115.4397 1.6267
v 216.4685 115.3939 1.4771
v 216.3303 115.4962 1.4773
v 216.3972 115.4397 1.6267
v 217.1212 116.0446 1.431
v 216.9997 116.1662 1.4311
v 217.0665 116.1097 1.5805
v 217.1212 116.0446 1.431
v 216.9997 116.1662 1.4311
v 217.0665 116.1097 1.5805
v 217.8577 116.5863 1.3062
v 217.7554 116.7245 1.3039
v 217.8223 116.668 1.4533

# 18 faces
f -18 -15 -17 
f -17 -15 -14 
f -17 -14 -16 
f -16 -14 -13 
f -16 -13 -18 
f -18 -13 -15 
f -12 -9 -11 
f -11 -9 -8 
f -11 -8 -10 
f -10 -8 -7 
f -10 -7 -12 
f -12 -7 -9 
f -6 -3 -5 
f -5 -3 -2 
f -5 -2 -4 
f -4 -2 -1 
f -4 -1 -6 
f -6 -1 -3 

g carrot_Petiole
s off

usemtl carrot_Petiole

# 18 vertices
v 217.8557 116.5849 1.3065
v 217.7563 116.7252 1.3037
v 217.8232 116.6687 1.4531
v 218.0837 116.7456 1.2653
v 217.9843 116.8859 1.2625
v 218.0512 116.8294 1.4119
v 218.0837 116.7456 1.2653
v 217.9843 116.8859 1.2625
v 218.0512 116.8294 1.4119
v 218.3127 116.8997 1.221
v 218.2162 117.042 1.2177
v 218.2831 116.9855 1.3671
v 218.3127 116.8997 1.221
v 218.2162 117.042 1.2177
v 218.2831 116.9855 1.3671
v 218.5445 117.0484 1.1735
v 218.4511 117.1927 1.1695
v 218.5179 117.1362 1.3189

# 18 faces
f -18 -15 -17 
f -17 -15 -14 
f -17 -14 -16 
f -16 -14 -13 
f -16 -13 -18 
f -18 -13 -15 
f -12 -9 -11 
f -11 -9 -8 
f -11 -8 -10 
f -10 -8 -7 
f -10 -7 -12 
f -12 -7 -9 
f -6 -3 -5 
f -5 -3 -2 
f -5 -2 -4 
f -4 -2 -1 
f -4 -1 -6 
f -6 -1 -3 

g carrot_Petiole
s off

usemtl carrot_Petiole

# 18 vertices
v 218.5052 117.1245 1.2199
v 218.5028 117.1273 1.2199
v 218.505 117.1266 1.2229
v 218.5193 117.1367 1.2119
v 218.5169 117.1395 1.2119
v 218.5191 117.1388 1.2149
v 218.5193 117.1367 1.2119
v 218.5169 117.1395 1.2119
v 218.5191 117.1388 1.2149
v 218.5298 117.1493 1.1999
v 218.527 117.1519 1.2002
v 218.5299 117.1518 1.2026
v 218.5298 117.1493 1.1999
v 218.527 117.1519 1.2002
v 218.5299 117.1518 1.2026
v 218.5357 117.1616 1.1848
v 218.5328 117.1638 1.1854
v 218.536 117.1644 1.1872

# 18 faces
f -18 -15 -17 
f -17 -15 -14 
f -17 -14 -16 
f -16 -14 -13 
f -16 -13 -18 
f -18 -13 -15 
f -12 -9 -11 
f -11 -9 -8 
f -11 -8 -10 
f -10 -8 -7 
f -10 -7 -12 
f -12 -7 -9 
f -6 -3 -5 
f -5 -3 -2 
f -5 -2 -4 
f -4 -2 -1 
f -4 -1 -6 
f -6 -1 -3 

g carrot_Leaf
s off

usemtl carrot_Leaf

# 8 vertices
v 218.5348 117.1633 1.1858
v 218.8709 118.2258 0.1706
v 219.0241 118.1675 0.1298
v 219.0888 118.708 -0.4779
v 219.2606 118.643 -0.5168
v 219.6204 119.3279 -1.4274
v 219.4244 118.5875 -0.4437
v 219.1654 118.1043 0.1877

# 16 faces
f -8 -7 -6 
f -8 -6 -7 
f -7 -5 -6 
f -7 -6 -5 
f -5 -4 -6 
f -5 -6 -4 
f -5 -3 -4 
f -5 -4 -3 
f -4 -3 -2 
f -4 -2 -3 
f -6 -4 -2 
f -6 -2 -4 
f -6 -2 -1 
f -6 -1 -2 
f -6 -1 -8 
f -6 -8 -1 

g carrot_Petiole
s off

usemtl carrot_Petiole

# 18 vertices
v 218.5424 117.0471 1.1739
v 218.4521 117.1933 1.1693
v 218.519 117.1368 1.3187
v 218.779 117.1917 1.1227
v 218.6886 117.3379 1.1181
v 218.7555 117.2814 1.2675
v 218.779 117.1917 1.1227
v 218.6886 117.3379 1.1181
v 218.7555 117.2814 1.2675
v 219.016 117.3296 1.06878
v 218.9287 117.4776 1.0635
v 218.9956 117.4211 1.2128
v 219.016 117.3296 1.06878
v 218.9287 117.4776 1.0635
v 218.9956 117.4211 1.2128
v 219.2555 117.4619 1.0116
v 219.1713 117.6117 1.005595
v 219.2382 117.5552 1.1549

# 18 faces
f -18 -15 -17 
f -17 -15 -14 
f -17 -14 -16 
f -16 -14 -13 
f -16 -13 -18 
f -18 -13 -15 
f -12 -9 -11 
f -11 -9 -8 
f -11 -8 -10 
f -10 -8 -7 
f -10 -7 -12 
f -12 -7 -9 
f -6 -3 -5 
f -5 -3 -2 
f -5 -2 -4 
f -4 -2 -1 
f -4 -1 -6 
f -6 -1 -3 

g carrot_Petiole
s off

usemtl carrot_Petiole

# 18 vertices
v 219.2223 117.5415 1.05661
v 219.2209 117.545 1.05644
v 219.2214 117.5433 1.05976
v 219.2411 117.549 1.05728
v 219.2398 117.5525 1.05711
v 219.2403 117.5508 1.06043
v 219.2411 117.549 1.05728
v 219.2398 117.5525 1.05711
v 219.2403 117.5508 1.06043
v 219.2601 117.5539 1.06274
v 219.2592 117.5575 1.06264
v 219.2588 117.5555 1.0658
v 219.2601 117.5539 1.06274
v 219.2592 117.5575 1.06264
v 219.2588 117.5555 1.0658
v 219.2778 117.5557 1.07257
v 219.2774 117.5594 1.07266
v 219.2761 117.5573 1.07545

# 18 faces
f -18 -15 -17 
f -17 -15 -14 
f -17 -14 -16 
f -16 -14 -13 
f -16 -13 -18 
f -18 -13 -15 
f -12 -9 -11 
f -11 -9 -8 
f -11 -8 -10 
f -10 -8 -7 
f -10 -7 -12 
f -12 -7 -9 
f -6 -3 -5 
f -5 -3 -2 
f -5 -2 -4 
f -4 -2 -1 
f -4 -1 -6 
f -6 -1 -3 

g carrot_Leaf
s off

usemtl carrot_Leaf

# 8 vertices
v 219.2771 117.5575 1.07357
v 220.5104 117.8741 1.8805
v 220.5515 117.7148 1.9185
v 221.259 117.9555 2.2461
v 221.2985 117.7774 2.2905
v 222.3557 117.8535 2.8422
v 221.23 117.6175 2.3612
v 220.4943 117.5674 1.9666

# 16 faces
f -8 -7 -6 
f -8 -6 -7 
f -7 -5 -6 
f -7 -6 -5 
f -5 -4 -6 
f -5 -6 -4 
f -5 -3 -4 
f -5 -4 -3 
f -4 -3 -2 
f -4 -2 -3 
f -6 -4 -2 
f -6 -2 -4 
f -6 -2 -1 
f -6 -1 -2 
f -6 -1 -8 
f -6 -8 -1 

g carrot_Petiole
s off

usemtl carrot_Petiole

# 18 vertices
v 219.2555 117.4619 1.0116
v 219.1713 117.6117 1.005595
v 219.2382 117.5552 1.1549
v 219.4971 117.5953 0.9539
v 219.4129 117.7451 0.9479
v 219.4798 117.6886 1.09732
v 219.4971 117.5953 0.9539
v 219.4129 117.7451 0.9479
v 219.4798 117.6886 1.09732
v 219.7386 117.7288 0.8962
v 219.6544 117.8786 0.8902
v 219.7213 117.8221 1.03965
v 219.7386 117.7288 0.8962
v 219.6544 117.8786 0.8902
v 219.7213 117.8221 1.03965
v 219.9802 117.8622 0.8385
v 219.896 118.012 0.8325
v 219.9629 117.9555 0.9819

# 18 faces
f -18 -15 -17 
f -17 -15 -14 
f -17 -14 -16 
f -16 -14 -13 
f -16 -13 -18 
f -18 -13 -15 
f -12 -9 -11 
f -11 -9 -8 
f -11 -8 -10 
f -10 -8 -7 
f -10 -7 -12 
f -12 -7 -9 
f -6 -3 -5 
f -5 -3 -2 
f -5 -2 -4 
f -4 -2 -1 
f -4 -1 -6 
f -6 -1 -3 

g carrot_Petiole
s off

usemtl carrot_Petiole

# 18 vertices
v 219.9469 117.9419 0.8836
v 219.9447 117.9449 0.8836
v 219.947 117.9442 0.8865
v 219.9616 117.9529 0.8749
v 219.9594 117.9559 0.8749
v 219.9617 117.9552 0.8778
v 219.9616 117.9529 0.8749
v 219.9594 117.9559 0.8749
v 219.9617 117.9552 0.8778
v 219.9725 117.9646 0.8623
v 219.97 117.9673 0.8626
v 219.9729 117.9671 0.865
v 219.9725 117.9646 0.8623
v 219.97 117.9673 0.8626
v 219.9729 117.9671 0.865
v 219.9789 117.976 0.8467
v 219.9761 117.9784 0.8474
v 219.9794 117.9789 0.849

# 18 faces
f -18 -15 -17 
f -17 -15 -14 
f -17 -14 -16 
f -16 -14 -13 
f -16 -13 -18 
f -18 -13 -15 
f -12 -9 -11 
f -11 -9 -8 
f -11 -8 -10 
f -10 -8 -7 
f -10 -7 -12 
f -12 -7 -9 
f -6 -3 -5 
f -5 -3 -2 
f -5 -2 -4 
f -4 -2 -1 
f -4 -1 -6 
f -6 -1 -3 

g carrot_Leaf
s off

usemtl carrot_Leaf

# 8 vertices
v 219.9781 117.9778 0.8477
v 220.3553 118.9882 -0.2055
v 220.5034 118.9191 -0.2481
v 220.5869 119.4374 -0.8727
v 220.7533 119.3605 -0.9136
v 221.1328 119.9957 -1.8519
v 220.915 119.2967 -0.8428
v 220.6418 118.8487 -0.1916

# 16 faces
f -8 -7 -6 
f -8 -6 -7 
f -7 -5 -6 
f -7 -6 -5 
f -5 -4 -6 
f -5 -6 -4 
f -5 -3 -4 
f -5 -4 -3 
f -4 -3 -2 
f -4 -2 -3 
f -6 -4 -2 
f -6 -2 -4 
f -6 -2 -1 
f -6 -1 -2 
f -6 -1 -8 
f -6 -8 -1 

g carrot_Petiole
s off

usemtl carrot_Petiole

# 18 vertices
v 219.9802 117.8622 0.8385
v 219.896 118.012 0.8325
v 219.9629 117.9555 0.9819
v 220.2218 117.9957 0.7809
v 220.1376 118.1455 0.7749
v 220.2045 118.089 0.9243
v 220.2218 117.9957 0.7809
v 220.1376 118.1455 0.7749
v 220.2045 118.089 0.9243
v 220.4633 118.1291 0.7232
v 220.3791 118.2789 0.7172
v 220.446 118.2224 0.8666
v 220.4633 118.1291 0.7232
v 220.3791 118.2789 0.7172
v 220.446 118.2224 0.8666
v 220.7049 118.2626 0.6655
v 220.6207 118.4124 0.6595
v 220.6876 118.3559 0.8089

# 18 faces
f -18 -15 -17 
f -17 -15 -14 
f -17 -14 -16 
f -16 -14 -13 
f -16 -13 -18 
f -18 -13 -15 
f -12 -9 -11 
f -11 -9 -8 
f -11 -8 -10 
f -10 -8 -7 
f -10 -7 -12 
f -12 -7 -9 
f -6 -3 -5 
f -5 -3 -2 
f -5 -2 -4 
f -4 -2 -1 
f -4 -1 -6 
f -6 -1 -3 

g carrot_Petiole
s off

usemtl carrot_Petiole

# 18 vertices
v 220.6716 118.3422 0.7106
v 220.6703 118.3457 0.7104
v 220.6708 118.344 0.7137
v 220.6905 118.3497 0.7112
v 220.6891 118.3532 0.711
v 220.6897 118.3516 0.7144
v 220.6905 118.3497 0.7112
v 220.6891 118.3532 0.711
v 220.6897 118.3516 0.7144
v 220.7095 118.3546 0.7167
v 220.7086 118.3582 0.7166
v 220.7082 118.3562 0.7197
v 220.7095 118.3546 0.7167
v 220.7086 118.3582 0.7166
v 220.7082 118.3562 0.7197
v 220.7272 118.3564 0.7265
v 220.7268 118.3601 0.7266
v 220.7254 118.358 0.7294

# 18 faces
f -18 -15 -17 
f -17 -15 -14 
f -17 -14 -16 
f -16 -14 -13 
f -16 -13 -18 
f -18 -13 -15 
f -12 -9 -11 
f -11 -9 -8 
f -11 -8 -10 
f -10 -8 -7 
f -10 -7 -12 
f -12 -7 -9 
f -6 -3 -5 
f -5 -3 -2 
f -5 -2 -4 
f -4 -2 -1 
f -4 -1 -6 
f -6 -1 -3 

g carrot_Leaf
s off

usemtl carrot_Leaf

# 8 vertices
v 220.7265 118.3582 0.7275
v 221.9598 118.6749 1.5345
v 222.0009 118.5155 1.5725
v 222.7084 118.7562 1.9001
v 222.7478 118.5781 1.9445
v 223.805 118.6542 2.4962
v 222.6794 118.4183 2.01524
v 221.9437 118.3681 1.6206

# 16 faces
f -8 -7 -6 
f -8 -6 -7 
f -7 -5 -6 
f -7 -6 -5 
f -5 -4 -6 
f -5 -6 -4 
f -5 -3 -4 
f -5 -4 -3 
f -4 -3 -2 
f -4 -2 -3 
f -6 -4 -2 
f -6 -2 -4 
f -6 -2 -1 
f -6 -1 -2 
f -6 -1 -8 
f -6 -8 -1 

g carrot_Petiole
s off

usemtl carrot_Petiole

# 18 vertices
v 220.7049 118.2626 0.6655
v 220.6207 118.4124 0.6595
v 220.6876 118.3559 0.8089
v 220.9465 118.396 0.6079
v 220.8623 118.5458 0.6019
v 220.9291 118.4893 0.7513
v 220.9465 118.396 0.6079
v 220.8623 118.5458 0.6019
v 220.9291 118.4893 0.7513
v 221.188 118.5295 0.5502
v 221.1038 118.6793 0.5442
v 221.1707 118.6228 0.6936
v 221.188 118.5295 0.5502
v 221.1038 118.6793 0.5442
v 221.1707 118.6228 0.6936
v 221.4296 118.6629 0.4925
v 221.3454 118.8127 0.4865
v 221.4123 118.7562 0.6359

# 18 faces
f -18 -15 -17 
f -17 -15 -14 
f -17 -14 -16 
f -16 -14 -13 
f -16 -13 -18 
f -18 -13 -15 
f -12 -9 -11 
f -11 -9 -8 
f -11 -8 -10 
f -10 -8 -7 
f -10 -7 -12 
f -12 -7 -9 
f -6 -3 -5 
f -5 -3 -2 
f -5 -2 -4 
f -4 -2 -1 
f -4 -1 -6 
f -6 -1 -3 

g carrot_Petiole
s off

usemtl carrot_Petiole

# 18 vertices
v 221.3963 118.7426 0.5375
v 221.3941 118.7456 0.5376
v 221.3963 118.7449 0.5405
v 221.411 118.7536 0.5289
v 221.4088 118.7566 0.5289
v 221.411 118.7559 0.5318
v 221.411 118.7536 0.5289
v 221.4088 118.7566 0.5289
v 221.411 118.7559 0.5318
v 221.4219 118.7653 0.5163
v 221.4194 118.768 0.5166
v 221.4223 118.7679 0.5189
v 221.4219 118.7653 0.5163
v 221.4194 118.768 0.5166
v 221.4223 118.7679 0.5189
v 221.4282 118.7767 0.5007
v 221.4255 118.7792 0.5014
v 221.4288 118.7796 0.503

# 18 faces
f -18 -15 -17 
f -17 -15 -14 
f -17 -14 -16 
f -16 -14 -13 
f -16 -13 -18 
f -18 -13 -15 
f -12 -9 -11 
f -11 -9 -8 
f -11 -8 -10 
f -10 -8 -7 
f -10 -7 -12 
f -12 -7 -9 
f -6 -3 -5 
f -5 -3 -2 
f -5 -2 -4 
f -4 -2 -1 
f -4 -1 -6 
f -6 -1 -3 

g carrot_Leaf
s off

usemtl carrot_Leaf

# 8 vertices
v 221.4275 118.7785 0.5017
v 221.8046 119.7889 -0.5515
v 221.9527 119.7198 -0.5941
v 222.0363 120.2381 -1.2187
v 222.2026 120.1612 -1.2596
v 222.5822 120.7964 -2.1979
v 222.3644 120.0974 -1.1888
v 222.0912 119.6494 -0.5376

# 16 faces
f -8 -7 -6 
f -8 -6 -7 
f -7 -5 -6 
f -7 -6 -5 
f -5 -4 -6 
f -5 -6 -4 
f -5 -3 -4 
f -5 -4 -3 
f -4 -3 -2 
f -4 -2 -3 
f -6 -4 -2 
f -6 -2 -4 
f -6 -2 -1 
f -6 -1 -2 
f -6 -1 -8 
f -6 -8 -1 

g carrot_Petiole
s off

usemtl carrot_Petiole

# 18 vertices
v 221.4296 118.6629 0.4925
v 221.3454 118.8127 0.4865
v 221.4123 118.7562 0.6359
v 221.6711 118.7964 0.4349
v 221.5869 118.9462 0.4289
v 221.6538 118.8897 0.5782
v 221.6711 118.7964 0.4349
v 221.5869 118.9462 0.4289
v 221.6538 118.8897 0.5782
v 221.9127 118.9298 0.3772
v 221.8285 119.0797 0.3712
v 221.8954 119.0231 0.5206
v 221.9127 118.9298 0.3772
v 221.8285 119.0797 0.3712
v 221.8954 119.0231 0.5206
v 222.1543 119.0633 0.3195
v 222.0701 119.2131 0.3135
v 222.1369 119.1566 0.4629

# 18 faces
f -18 -15 -17 
f -17 -15 -14 
f -17 -14 -16 
f -16 -14 -13 
f -16 -13 -18 
f -18 -13 -15 
f -12 -9 -11 
f -11 -9 -8 
f -11 -8 -10 
f -10 -8 -7 
f -10 -7 -12 
f -12 -7 -9 
f -6 -3 -5 
f -5 -3 -2 
f -5 -2 -4 
f -4 -2 -1 
f -4 -1 -6 
f -6 -1 -3 

g carrot_Petiole
s off

usemtl carrot_Petiole

# 18 vertices
v 222.121 119.143 0.3645
v 222.1196 119.1464 0.3644
v 222.1202 119.1448 0.3677
v 222.1399 119.1505 0.3652
v 222.1385 119.1539 0.365
v 222.1391 119.1523 0.3684
v 222.1399 119.1505 0.3652
v 222.1385 119.1539 0.365
v 222.1391 119.1523 0.3684
v 222.1589 119.1553 0.3707
v 222.158 119.1589 0.3706
v 222.1576 119.157 0.3737
v 222.1589 119.1553 0.3707
v 222.158 119.1589 0.3706
v 222.1576 119.157 0.3737
v 222.1766 119.1571 0.3805
v 222.1761 119.1608 0.3806
v 222.1748 119.1587 0.3834

# 18 faces
f -18 -15 -17 
f -17 -15 -14 
f -17 -14 -16 
f -16 -14 -13 
f -16 -13 -18 
f -18 -13 -15 
f -12 -9 -11 
f -11 -9 -8 
f -11 -8 -10 
f -10 -8 -7 
f -10 -7 -12 
f -12 -7 -9 
f -6 -3 -5 
f -5 -3 -2 
f -5 -2 -4 
f -4 -2 -1 
f -4 -1 -6 
f -6 -1 -3 

g carrot_Leaf
s off

usemtl carrot_Leaf

# 8 vertices
v 222.1758 119.1589 0.3815
v 223.4092 119.4756 1.1884
v 223.4503 119.3163 1.2265
v 224.1577 119.557 1.554
v 224.1972 119.3789 1.5985
v 225.2544 119.4549 2.1502
v 224.1287 119.219 1.6692
v 223.3931 119.1688 1.2746

# 16 faces
f -8 -7 -6 
f -8 -6 -7 
f -7 -5 -6 
f -7 -6 -5 
f -5 -4 -6 
f -5 -6 -4 
f -5 -3 -4 
f -5 -4 -3 
f -4 -3 -2 
f -4 -2 -3 
f -6 -4 -2 
f -6 -2 -4 
f -6 -2 -1 
f -6 -1 -2 
f -6 -1 -8 
f -6 -8 -1 

g carrot_Petiole
s off

usemtl carrot_Petiole

# 18 vertices
v 222.121 119.143 0.3645
v 222.1192 119.1462 0.3644
v 222.1206 119.145 0.3676
v 222.1384 119.1526 0.3604
v 222.1366 119.1558 0.3602
v 222.1381 119.1546 0.3635
v 222.1384 119.1526 0.3604
v 222.1366 119.1558 0.3602
v 222.1381 119.1546 0.3635
v 222.1559 119.1622 0.3562
v 222.154 119.1654 0.3561
v 222.1555 119.1642 0.3593
v 222.1559 119.1622 0.3562
v 222.154 119.1654 0.3561
v 222.1555 119.1642 0.3593
v 222.1733 119.1718 0.3521
v 222.1715 119.1751 0.3519
v 222.1729 119.1738 0.3552

# 18 faces
f -18 -15 -17 
f -17 -15 -14 
f -17 -14 -16 
f -16 -14 -13 
f -16 -13 -18 
f -18 -13 -15 
f -12 -9 -11 
f -11 -9 -8 
f -11 -8 -10 
f -10 -8 -7 
f -10 -7 -12 
f -12 -7 -9 
f -6 -3 -5 
f -5 -3 -2 
f -5 -2 -4 
f -4 -2 -1 
f -4 -1 -6 
f -6 -1 -3 

g carrot_Leaf
s off

usemtl carrot_Leaf

# 8 vertices
v 222.1725 119.1736 0.3531
v 223.3728 120.0582 0.1305
v 223.4904 119.9393 0.1536
v 224.0805 120.4504 -0.08393
v 224.2084 120.3165 -0.05253
v 225.2434 120.8484 -0.3237
v 224.2645 120.1819 0.06563
v 223.5372 119.8103 0.2459

# 16 faces
f -8 -7 -6 
f -8 -6 -7 
f -7 -5 -6 
f -7 -6 -5 
f -5 -4 -6 
f -5 -6 -4 
f -5 -3 -4 
f -5 -4 -3 
f -4 -3 -2 
f -4 -2 -3 
f -6 -4 -2 
f -6 -2 -4 
f -6 -2 -1 
f -6 -1 -2 
f -6 -1 -8 
f -6 -8 -1 

g carrot_Mrstm
s off

usemtl carrot_Mrstm

# 8 vertices
v 215.8396 114.6887 1.492
v 215.8533 114.7134 1.4799
v 215.8517 114.7112 1.4959
v 215.8672 114.7363 1.48
v 215.8663 114.734 1.4995
v 215.8836 114.7533 1.5007
v 215.8569 114.7073 1.5099
v 215.8727 114.7285 1.5146

# 16 faces
f -8 -7 -6 
f -8 -6 -7 
f -6 -7 -5 
f -6 -5 -7 
f -6 -5 -4 
f -6 -4 -5 
f -5 -3 -4 
f -5 -4 -3 
f -6 -2 -8 
f -6 -8 -2 
f -2 -6 -4 
f -2 -4 -6 
f -1 -2 -4 
f -1 -4 -2 
f -1 -4 -3 
f -1 -3 -4 

g carrot_Mrstm
s off

usemtl carrot_Mrstm

# 8 vertices
v 215.8396 114.6887 1.492
v 215.8394 114.7194 1.4899
v 215.8522 114.711 1.4953
v 215.8496 114.7441 1.4907
v 215.8659 114.7347 1.4966
v 215.878 114.7574 1.4932
v 215.8662 114.7046 1.4936
v 215.8811 114.727 1.4936

# 16 faces
f -8 -7 -6 
f -8 -6 -7 
f -6 -7 -5 
f -6 -5 -7 
f -6 -5 -4 
f -6 -4 -5 
f -5 -3 -4 
f -5 -4 -3 
f -6 -2 -8 
f -6 -8 -2 
f -2 -6 -4 
f -2 -4 -6 
f -1 -2 -4 
f -1 -4 -2 
f -1 -4 -3 
f -1 -3 -4 

g carrot_Mrstm
s off

usemtl carrot_Mrstm

# 8 vertices
v 215.8396 114.6887 1.492
v 215.8427 114.7152 1.5073
v 215.8519 114.7113 1.4945
v 215.8521 114.7398 1.5122
v 215.8632 114.7361 1.4964
v 215.8696 114.7612 1.4974
v 215.8559 114.7121 1.4796
v 215.8664 114.7368 1.4794

# 16 faces
f -8 -7 -6 
f -8 -6 -7 
f -6 -7 -5 
f -6 -5 -7 
f -6 -5 -4 
f -6 -4 -5 
f -5 -3 -4 
f -5 -4 -3 
f -6 -2 -8 
f -6 -8 -2 
f -2 -6 -4 
f -2 -4 -6 
f -1 -2 -4 
f -1 -4 -2 
f -1 -4 -3 
f -1 -3 -4 

g carrot_Mrstm
s off

usemtl carrot_Mrstm

# 8 vertices
v 215.8396 114.6887 1.492
v 215.8586 114.7066 1.5082
v 215.8512 114.7116 1.4947
v 215.8713 114.7292 1.5149
v 215.862 114.7364 1.4991
v 215.8699 114.7597 1.5074
v 215.8401 114.7194 1.4871
v 215.8488 114.7444 1.4915

# 16 faces
f -8 -7 -6 
f -8 -6 -7 
f -6 -7 -5 
f -6 -5 -7 
f -6 -5 -4 
f -6 -4 -5 
f -5 -3 -4 
f -5 -4 -3 
f -6 -2 -8 
f -6 -8 -2 
f -2 -6 -4 
f -2 -4 -6 
f -1 -2 -4 
f -1 -4 -2 
f -1 -4 -3 
f -1 -3 -4 

g carrot_Mrstm
s off

usemtl carrot_Mrstm

# 8 vertices
v 215.8396 114.6887 1.492
v 215.8654 114.7054 1.4913
v 215.851 114.7116 1.4955
v 215.8808 114.7269 1.4952
v 215.8639 114.7351 1.5011
v 215.8785 114.7548 1.5095
v 215.8405 114.7165 1.5058
v 215.8524 114.7394 1.5132

# 16 faces
f -8 -7 -6 
f -8 -6 -7 
f -6 -7 -5 
f -6 -5 -7 
f -6 -5 -4 
f -6 -4 -5 
f -5 -3 -4 
f -5 -4 -3 
f -6 -2 -8 
f -6 -8 -2 
f -2 -6 -4 
f -2 -4 -6 
f -1 -2 -4 
f -1 -4 -2 
f -1 -4 -3 
f -1 -3 -4 

g carrot_Intrnd
s off

usemtl carrot_Intrnd

# 18 vertices
v 215.3757 114.8144 1.3734
v 215.9611 114.625 1.9676
v 216.1753 114.6285 1.1333
v 215.4462 115.0927 1.3927
v 216.0316 114.9033 1.9869
v 216.2458 114.9069 1.1526
v 215.4462 115.0927 1.3927
v 216.0316 114.9033 1.9869
v 216.2458 114.9069 1.1526
v 215.4335 115.2604 1.3902
v 216.0421 115.2503 1.9911
v 216.2563 115.2539 1.1568
v 215.4335 115.2604 1.3902
v 216.0421 115.2503 1.9911
v 216.2563 115.2539 1.1568
v 215.3817 115.4199 1.3776
v 215.9706 115.5896 1.9742
v 216.1848 115.5932 1.1399

# 18 faces
f -18 -15 -17 
f -17 -15 -14 
f -17 -14 -16 
f -16 -14 -13 
f -16 -13 -18 
f -18 -13 -15 
f -12 -9 -11 
f -11 -9 -8 
f -11 -8 -10 
f -10 -8 -7 
f -10 -7 -12 
f -12 -7 -9 
f -6 -3 -5 
f -5 -3 -2 
f -5 -2 -4 
f -4 -2 -1 
f -4 -1 -6 
f -6 -1 -3 

g carrot_Petiole
s off

usemtl carrot_Petiole

# 18 vertices
v 215.7831 115.506 1.481
v 215.8641 115.5487 1.5674
v 215.8956 115.5492 1.4447
v 215.5193 116.138 1.416
v 215.6003 116.1806 1.5024
v 215.6318 116.1812 1.3796
v 215.5193 116.138 1.416
v 215.6003 116.1806 1.5024
v 215.6318 116.1812 1.3796
v 215.1606 116.7032 1.3263
v 215.233 116.7623 1.4106
v 215.2645 116.7628 1.2878
v 215.1606 116.7032 1.3263
v 215.233 116.7623 1.4106
v 215.2645 116.7628 1.2878
v 214.7135 117.1968 1.2136
v 214.7748 117.2707 1.2951
v 214.8063 117.2712 1.1724

# 18 faces
f -18 -15 -17 
f -17 -15 -14 
f -17 -14 -16 
f -16 -14 -13 
f -16 -13 -18 
f -18 -13 -15 
f -12 -9 -11 
f -11 -9 -8 
f -11 -8 -10 
f -10 -8 -7 
f -10 -7 -12 
f -12 -7 -9 
f -6 -3 -5 
f -5 -3 -2 
f -5 -2 -4 
f -4 -2 -1 
f -4 -1 -6 
f -6 -1 -3 

g carrot_Petiole
s off

usemtl carrot_Petiole

# 18 vertices
v 214.7135 117.1968 1.2136
v 214.7748 117.2707 1.2951
v 214.8063 117.2712 1.1724
v 214.5772 117.3479 1.1793
v 214.6384 117.4217 1.2608
v 214.67 117.4222 1.138
v 214.5772 117.3479 1.1793
v 214.6384 117.4217 1.2608
v 214.67 117.4222 1.138
v 214.4408 117.4989 1.1449
v 214.5021 117.5728 1.2264
v 214.5336 117.5733 1.1036
v 214.4408 117.4989 1.1449
v 214.5021 117.5728 1.2264
v 214.5336 117.5733 1.1036
v 214.3045 117.65 1.1106
v 214.3657 117.7238 1.192
v 214.3972 117.7243 1.06932

# 18 faces
f -18 -15 -17 
f -17 -15 -14 
f -17 -14 -16 
f -16 -14 -13 
f -16 -13 -18 
f -18 -13 -15 
f -12 -9 -11 
f -11 -9 -8 
f -11 -8 -10 
f -10 -8 -7 
f -10 -7 -12 
f -12 -7 -9 
f -6 -3 -5 
f -5 -3 -2 
f -5 -2 -4 
f -4 -2 -1 
f -4 -1 -6 
f -6 -1 -3 

g carrot_Petiole
s off

usemtl carrot_Petiole

# 18 vertices
v 214.3552 117.6988 1.1238
v 214.3564 117.6998 1.1251
v 214.3565 117.7002 1.1231
v 214.3476 117.7065 1.1249
v 214.3487 117.7075 1.1262
v 214.3489 117.7079 1.1242
v 214.3476 117.7065 1.1249
v 214.3487 117.7075 1.1262
v 214.3489 117.7079 1.1242
v 214.34 117.7133 1.1287
v 214.3414 117.7141 1.13
v 214.3411 117.7149 1.1281
v 214.34 117.7133 1.1287
v 214.3414 117.7141 1.13
v 214.3411 117.7149 1.1281
v 214.3331 117.7188 1.1351
v 214.3346 117.7194 1.1362
v 214.334 117.7205 1.1347

# 18 faces
f -18 -15 -17 
f -17 -15 -14 
f -17 -14 -16 
f -16 -14 -13 
f -16 -13 -18 
f -18 -13 -15 
f -12 -9 -11 
f -11 -9 -8 
f -11 -8 -10 
f -10 -8 -7 
f -10 -7 -12 
f -12 -7 -9 
f -6 -3 -5 
f -5 -3 -2 
f -5 -2 -4 
f -4 -2 -1 
f -4 -1 -6 
f -6 -1 -3 

g carrot_Leaf
s off

usemtl carrot_Leaf

# 8 vertices
v 214.3339 117.7196 1.1353
v 213.7525 118.3662 1.8147
v 213.6449 118.3582 1.7545
v 213.3621 118.6476 2.1938
v 213.2447 118.64 2.1228
v 212.6681 119.0536 2.6341
v 213.1868 118.6535 1.9989
v 213.5911 118.3588 1.6461

# 16 faces
f -8 -7 -6 
f -8 -6 -7 
f -7 -5 -6 
f -7 -6 -5 
f -5 -4 -6 
f -5 -6 -4 
f -5 -3 -4 
f -5 -4 -3 
f -4 -3 -2 
f -4 -2 -3 
f -6 -4 -2 
f -6 -2 -4 
f -6 -2 -1 
f -6 -1 -2 
f -6 -1 -8 
f -6 -8 -1 

g carrot_Petiole
s off

usemtl carrot_Petiole

# 18 vertices
v 214.3045 117.65 1.1106
v 214.3657 117.7238 1.192
v 214.3972 117.7243 1.06932
v 214.1681 117.801 1.07625
v 214.2294 117.8749 1.1577
v 214.2609 117.8754 1.03496
v 214.1681 117.801 1.07625
v 214.2294 117.8749 1.1577
v 214.2609 117.8754 1.03496
v 214.0318 117.9521 1.04189
v 214.093 118.0259 1.1233
v 214.1245 118.0265 1.000603
v 214.0318 117.9521 1.04189
v 214.093 118.0259 1.1233
v 214.1245 118.0265 1.000603
v 213.8954 118.1031 1.007533
v 213.9567 118.177 1.089
v 213.9882 118.1775 0.9662

# 18 faces
f -18 -15 -17 
f -17 -15 -14 
f -17 -14 -16 
f -16 -14 -13 
f -16 -13 -18 
f -18 -13 -15 
f -12 -9 -11 
f -11 -9 -8 
f -11 -8 -10 
f -10 -8 -7 
f -10 -7 -12 
f -12 -7 -9 
f -6 -3 -5 
f -5 -3 -2 
f -5 -2 -4 
f -4 -2 -1 
f -4 -1 -6 
f -6 -1 -3 

g carrot_Petiole
s off

usemtl carrot_Petiole

# 18 vertices
v 213.9462 118.152 1.02077
v 213.947 118.1534 1.02198
v 213.9478 118.153 1.0202
v 213.94 118.1597 1.01621
v 213.9408 118.1611 1.01742
v 213.9416 118.1607 1.01564
v 213.94 118.1597 1.01621
v 213.9408 118.1611 1.01742
v 213.9416 118.1607 1.01564
v 213.9352 118.1665 1.009237
v 213.9359 118.1681 1.0103
v 213.937 118.1674 1.008808
v 213.9352 118.1665 1.009237
v 213.9359 118.1681 1.0103
v 213.937 118.1674 1.008808
v 213.9322 118.1721 1.000346
v 213.9328 118.1738 1.001213
v 213.9341 118.1727 1.000115

# 18 faces
f -18 -15 -17 
f -17 -15 -14 
f -17 -14 -16 
f -16 -14 -13 
f -16 -13 -18 
f -18 -13 -15 
f -12 -9 -11 
f -11 -9 -8 
f -11 -8 -10 
f -10 -8 -7 
f -10 -7 -12 
f -12 -7 -9 
f -6 -3 -5 
f -5 -3 -2 
f -5 -2 -4 
f -4 -2 -1 
f -4 -1 -6 
f -6 -1 -3 

g carrot_Leaf
s off

usemtl carrot_Leaf

# 8 vertices
v 213.933 118.1729 1.000559
v 213.7333 118.8393 0.144
v 213.709 118.7507 0.06141
v 213.5354 119.1552 -0.3421
v 213.5127 119.0545 -0.4328
v 213.2455 119.4794 -1.1491
v 213.5617 118.9378 -0.4862
v 213.7427 118.6426 0.01855

# 16 faces
f -8 -7 -6 
f -8 -6 -7 
f -7 -5 -6 
f -7 -6 -5 
f -5 -4 -6 
f -5 -6 -4 
f -5 -3 -4 
f -5 -4 -3 
f -4 -3 -2 
f -4 -2 -3 
f -6 -4 -2 
f -6 -2 -4 
f -6 -2 -1 
f -6 -1 -2 
f -6 -1 -8 
f -6 -8 -1 

g carrot_Petiole
s off

usemtl carrot_Petiole

# 18 vertices
v 213.8954 118.1031 1.007533
v 213.9567 118.177 1.089
v 213.9882 118.1775 0.9662
v 213.7591 118.2542 0.9731
v 213.8203 118.328 1.05464
v 213.8518 118.3286 0.9318
v 213.7591 118.2542 0.9731
v 213.8203 118.328 1.05464
v 213.8518 118.3286 0.9318
v 213.6227 118.4053 0.9388
v 213.684 118.4791 1.02028
v 213.7155 118.4796 0.8975
v 213.6227 118.4053 0.9388
v 213.684 118.4791 1.02028
v 213.7155 118.4796 0.8975
v 213.4864 118.5563 0.9044
v 213.5476 118.6301 0.9859
v 213.5791 118.6307 0.8631

# 18 faces
f -18 -15 -17 
f -17 -15 -14 
f -17 -14 -16 
f -16 -14 -13 
f -16 -13 -18 
f -18 -13 -15 
f -12 -9 -11 
f -11 -9 -8 
f -11 -8 -10 
f -10 -8 -7 
f -10 -7 -12 
f -12 -7 -9 
f -6 -3 -5 
f -5 -3 -2 
f -5 -2 -4 
f -4 -2 -1 
f -4 -1 -6 
f -6 -1 -3 

g carrot_Petiole
s off

usemtl carrot_Petiole

# 18 vertices
v 213.5371 118.6052 0.9176
v 213.5383 118.6061 0.9189
v 213.5384 118.6065 0.917
v 213.5295 118.6128 0.9187
v 213.5306 118.6138 0.92
v 213.5308 118.6142 0.918
v 213.5295 118.6128 0.9187
v 213.5306 118.6138 0.92
v 213.5308 118.6142 0.918
v 213.5219 118.6196 0.9226
v 213.5233 118.6204 0.9238
v 213.523 118.6212 0.922
v 213.5219 118.6196 0.9226
v 213.5233 118.6204 0.9238
v 213.523 118.6212 0.922
v 213.515 118.6251 0.929
v 213.5165 118.6257 0.9301
v 213.5159 118.6268 0.9285

# 18 faces
f -18 -15 -17 
f -17 -15 -14 
f -17 -14 -16 
f -16 -14 -13 
f -16 -13 -18 
f -18 -13 -15 
f -12 -9 -11 
f -11 -9 -8 
f -11 -8 -10 
f -10 -8 -7 
f -10 -7 -12 
f -12 -7 -9 
f -6 -3 -5 
f -5 -3 -2 
f -5 -2 -4 
f -4 -2 -1 
f -4 -1 -6 
f -6 -1 -3 

g carrot_Leaf
s off

usemtl carrot_Leaf

# 8 vertices
v 213.5158 118.6259 0.9292
v 212.9344 119.2725 1.6085
v 212.8268 119.2645 1.5483
v 212.544 119.554 1.9876
v 212.4266 119.5463 1.9166
v 211.85 119.9599 2.4279
v 212.3687 119.5598 1.7927
v 212.773 119.2651 1.4399

# 16 faces
f -8 -7 -6 
f -8 -6 -7 
f -7 -5 -6 
f -7 -6 -5 
f -5 -4 -6 
f -5 -6 -4 
f -5 -3 -4 
f -5 -4 -3 
f -4 -3 -2 
f -4 -2 -3 
f -6 -4 -2 
f -6 -2 -4 
f -6 -2 -1 
f -6 -1 -2 
f -6 -1 -8 
f -6 -8 -1 

g carrot_Petiole
s off

usemtl carrot_Petiole

# 18 vertices
v 213.4864 118.5563 0.9044
v 213.5476 118.6301 0.9859
v 213.5791 118.6307 0.8631
v 213.35 118.7074 0.87
v 213.4113 118.7812 0.9515
v 213.4428 118.7817 0.8288
v 213.35 118.7074 0.87
v 213.4113 118.7812 0.9515
v 213.4428 118.7817 0.8288
v 213.2137 118.8584 0.8357
v 213.2749 118.9323 0.9172
v 213.3064 118.9328 0.7944
v 213.2137 118.8584 0.8357
v 213.2749 118.9323 0.9172
v 213.3064 118.9328 0.7944
v 213.0773 119.0095 0.8013
v 213.1386 119.0833 0.8828
v 213.1701 119.0838 0.76

# 18 faces
f -18 -15 -17 
f -17 -15 -14 
f -17 -14 -16 
f -16 -14 -13 
f -16 -13 -18 
f -18 -13 -15 
f -12 -9 -11 
f -11 -9 -8 
f -11 -8 -10 
f -10 -8 -7 
f -10 -7 -12 
f -12 -7 -9 
f -6 -3 -5 
f -5 -3 -2 
f -5 -2 -4 
f -4 -2 -1 
f -4 -1 -6 
f -6 -1 -3 

g carrot_Petiole
s off

usemtl carrot_Petiole

# 18 vertices
v 213.1281 119.0583 0.8146
v 213.1289 119.0597 0.8158
v 213.1297 119.0593 0.814
v 213.1219 119.066 0.81
v 213.1227 119.0674 0.8112
v 213.1235 119.067 0.8094
v 213.1219 119.066 0.81
v 213.1227 119.0674 0.8112
v 213.1235 119.067 0.8094
v 213.1171 119.0729 0.803
v 213.1178 119.0744 0.8041
v 213.1189 119.0737 0.8026
v 213.1171 119.0729 0.803
v 213.1178 119.0744 0.8041
v 213.1189 119.0737 0.8026
v 213.1141 119.0784 0.7941
v 213.1147 119.0801 0.795
v 213.116 119.079 0.7939

# 18 faces
f -18 -15 -17 
f -17 -15 -14 
f -17 -14 -16 
f -16 -14 -13 
f -16 -13 -18 
f -18 -13 -15 
f -12 -9 -11 
f -11 -9 -8 
f -11 -8 -10 
f -10 -8 -7 
f -10 -7 -12 
f -12 -7 -9 
f -6 -3 -5 
f -5 -3 -2 
f -5 -2 -4 
f -4 -2 -1 
f -4 -1 -6 
f -6 -1 -3 

g carrot_Leaf
s off

usemtl carrot_Leaf

# 8 vertices
v 213.1149 119.0792 0.7943
v 212.9151 119.7456 -0.06209
v 212.8909 119.657 -0.1447
v 212.7173 120.0616 -0.5483
v 212.6945 119.9608 -0.639
v 212.4274 120.3857 -1.3553
v 212.7436 119.8441 -0.6924
v 212.9246 119.5489 -0.1876

# 16 faces
f -8 -7 -6 
f -8 -6 -7 
f -7 -5 -6 
f -7 -6 -5 
f -5 -4 -6 
f -5 -6 -4 
f -5 -3 -4 
f -5 -4 -3 
f -4 -3 -2 
f -4 -2 -3 
f -6 -4 -2 
f -6 -2 -4 
f -6 -2 -1 
f -6 -1 -2 
f -6 -1 -8 
f -6 -8 -1 

g carrot_Petiole
s off

usemtl carrot_Petiole

# 18 vertices
v 213.0773 119.0095 0.8013
v 213.1386 119.0833 0.8828
v 213.1701 119.0838 0.76
v 212.9409 119.1605 0.767
v 213.0022 119.2344 0.8484
v 213.0337 119.2349 0.7257
v 212.9409 119.1605 0.767
v 213.0022 119.2344 0.8484
v 213.0337 119.2349 0.7257
v 212.8046 119.3116 0.7326
v 212.8659 119.3854 0.8141
v 212.8974 119.3859 0.6913
v 212.8046 119.3116 0.7326
v 212.8659 119.3854 0.8141
v 212.8974 119.3859 0.6913
v 212.6682 119.4626 0.6982
v 212.7295 119.5365 0.7797
v 212.761 119.537 0.6569

# 18 faces
f -18 -15 -17 
f -17 -15 -14 
f -17 -14 -16 
f -16 -14 -13 
f -16 -13 -18 
f -18 -13 -15 
f -12 -9 -11 
f -11 -9 -8 
f -11 -8 -10 
f -10 -8 -7 
f -10 -7 -12 
f -12 -7 -9 
f -6 -3 -5 
f -5 -3 -2 
f -5 -2 -4 
f -4 -2 -1 
f -4 -1 -6 
f -6 -1 -3 

g carrot_Petiole
s off

usemtl carrot_Petiole

# 18 vertices
v 212.719 119.5115 0.7115
v 212.7202 119.5125 0.7128
v 212.7203 119.5129 0.7108
v 212.7113 119.5192 0.7125
v 212.7125 119.5201 0.7138
v 212.7126 119.5205 0.7119
v 212.7113 119.5192 0.7125
v 212.7125 119.5201 0.7138
v 212.7126 119.5205 0.7119
v 212.7038 119.526 0.7164
v 212.7051 119.5268 0.7177
v 212.7049 119.5275 0.7158
v 212.7038 119.526 0.7164
v 212.7051 119.5268 0.7177
v 212.7049 119.5275 0.7158
v 212.6969 119.5314 0.7228
v 212.6984 119.5321 0.7239
v 212.6978 119.5331 0.7223

# 18 faces
f -18 -15 -17 
f -17 -15 -14 
f -17 -14 -16 
f -16 -14 -13 
f -16 -13 -18 
f -18 -13 -15 
f -12 -9 -11 
f -11 -9 -8 
f -11 -8 -10 
f -10 -8 -7 
f -10 -7 -12 
f -12 -7 -9 
f -6 -3 -5 
f -5 -3 -2 
f -5 -2 -4 
f -4 -2 -1 
f -4 -1 -6 
f -6 -1 -3 

g carrot_Leaf
s off

usemtl carrot_Leaf

# 8 vertices
v 212.6977 119.5322 0.723
v 212.1163 120.1789 1.4024
v 212.0086 120.1709 1.3422
v 211.7259 120.4603 1.7815
v 211.6085 120.4526 1.7105
v 211.0319 120.8663 2.2218
v 211.5506 120.4661 1.5866
v 211.9549 120.1714 1.2338

# 16 faces
f -8 -7 -6 
f -8 -6 -7 
f -7 -5 -6 
f -7 -6 -5 
f -5 -4 -6 
f -5 -6 -4 
f -5 -3 -4 
f -5 -4 -3 
f -4 -3 -2 
f -4 -2 -3 
f -6 -4 -2 
f -6 -2 -4 
f -6 -2 -1 
f -6 -1 -2 
f -6 -1 -8 
f -6 -8 -1 

g carrot_Petiole
s off

usemtl carrot_Petiole

# 18 vertices
v 212.6682 119.4626 0.6982
v 212.7295 119.5365 0.7797
v 212.761 119.537 0.6569
v 212.5319 119.6137 0.6639
v 212.5932 119.6875 0.7454
v 212.6247 119.688 0.6226
v 212.5319 119.6137 0.6639
v 212.5932 119.6875 0.7454
v 212.6247 119.688 0.6226
v 212.3955 119.7647 0.6295
v 212.4568 119.8386 0.711
v 212.4883 119.8391 0.5882
v 212.3955 119.7647 0.6295
v 212.4568 119.8386 0.711
v 212.4883 119.8391 0.5882
v 212.2592 119.9158 0.5952
v 212.3204 119.9896 0.6766
v 212.352 119.9902 0.5539

# 18 faces
f -18 -15 -17 
f -17 -15 -14 
f -17 -14 -16 
f -16 -14 -13 
f -16 -13 -18 
f -18 -13 -15 
f -12 -9 -11 
f -11 -9 -8 
f -11 -8 -10 
f -10 -8 -7 
f -10 -7 -12 
f -12 -7 -9 
f -6 -3 -5 
f -5 -3 -2 
f -5 -2 -4 
f -4 -2 -1 
f -4 -1 -6 
f -6 -1 -3 

g carrot_Petiole
s off

usemtl carrot_Petiole

# 18 vertices
v 212.31 119.9646 0.6084
v 212.3108 119.966 0.6096
v 212.3116 119.9656 0.6078
v 212.3037 119.9723 0.6038
v 212.3046 119.9737 0.605
v 212.3054 119.9733 0.6033
v 212.3037 119.9723 0.6038
v 212.3046 119.9737 0.605
v 212.3054 119.9733 0.6033
v 212.299 119.9792 0.5969
v 212.2996 119.9808 0.5979
v 212.3008 119.98 0.5964
v 212.299 119.9792 0.5969
v 212.2996 119.9808 0.5979
v 212.3008 119.98 0.5964
v 212.296 119.9847 0.588
v 212.2965 119.9864 0.5888
v 212.2978 119.9854 0.5877

# 18 faces
f -18 -15 -17 
f -17 -15 -14 
f -17 -14 -16 
f -16 -14 -13 
f -16 -13 -18 
f -18 -13 -15 
f -12 -9 -11 
f -11 -9 -8 
f -11 -8 -10 
f -10 -8 -7 
f -10 -7 -12 
f -12 -7 -9 
f -6 -3 -5 
f -5 -3 -2 
f -5 -2 -4 
f -4 -2 -1 
f -4 -1 -6 
f -6 -1 -3 

g carrot_Leaf
s off

usemtl carrot_Leaf

# 8 vertices
v 212.2968 119.9855 0.5882
v 212.097 120.652 -0.2682
v 212.0728 120.5633 -0.3509
v 211.8992 120.9679 -0.7545
v 211.8764 120.8672 -0.8451
v 211.6093 121.292 -1.5614
v 211.9254 120.7504 -0.8986
v 212.1064 120.4553 -0.3937

# 16 faces
f -8 -7 -6 
f -8 -6 -7 
f -7 -5 -6 
f -7 -6 -5 
f -5 -4 -6 
f -5 -6 -4 
f -5 -3 -4 
f -5 -4 -3 
f -4 -3 -2 
f -4 -2 -3 
f -6 -4 -2 
f -6 -2 -4 
f -6 -2 -1 
f -6 -1 -2 
f -6 -1 -8 
f -6 -8 -1 

g carrot_Petiole
s off

usemtl carrot_Petiole

# 18 vertices
v 212.31 119.9646 0.6084
v 212.3109 119.9658 0.6097
v 212.3114 119.9658 0.6077
v 212.3027 119.9726 0.6066
v 212.3037 119.9738 0.6079
v 212.3042 119.9738 0.6059
v 212.3027 119.9726 0.6066
v 212.3037 119.9738 0.6079
v 212.3042 119.9738 0.6059
v 212.2955 119.9806 0.6048
v 212.2965 119.9818 0.6061
v 212.297 119.9818 0.6041
v 212.2955 119.9806 0.6048
v 212.2965 119.9818 0.6061
v 212.297 119.9818 0.6041
v 212.2883 119.9886 0.603
v 212.2893 119.9897 0.6043
v 212.2898 119.9897 0.6023

# 18 faces
f -18 -15 -17 
f -17 -15 -14 
f -17 -14 -16 
f -16 -14 -13 
f -16 -13 -18 
f -18 -13 -15 
f -12 -9 -11 
f -11 -9 -8 
f -11 -8 -10 
f -10 -8 -7 
f -10 -7 -12 
f -12 -7 -9 
f -6 -3 -5 
f -5 -3 -2 
f -5 -2 -4 
f -4 -2 -1 
f -4 -1 -6 
f -6 -1 -3 

g carrot_Leaf
s off

usemtl carrot_Leaf

# 8 vertices
v 212.2892 119.9893 0.6032
v 211.6735 120.8941 0.4619
v 211.6075 120.8525 0.366
v 211.2516 121.3318 0.3854
v 211.1824 121.2843 0.2766
v 210.5808 121.9022 0.1307
v 211.1934 121.2263 0.1526
v 211.6113 120.7923 0.2611

# 16 faces
f -8 -7 -6 
f -8 -6 -7 
f -7 -5 -6 
f -7 -6 -5 
f -5 -4 -6 
f -5 -6 -4 
f -5 -3 -4 
f -5 -4 -3 
f -4 -3 -2 
f -4 -2 -3 
f -6 -4 -2 
f -6 -2 -4 
f -6 -2 -1 
f -6 -1 -2 
f -6 -1 -8 
f -6 -8 -1 

g carrot_Mrstm
s off

usemtl carrot_Mrstm

# 8 vertices
v 215.8479 115.5348 1.4978
v 215.831 115.5586 1.5071
v 215.8425 115.5599 1.4958
v 215.8217 115.5838 1.507
v 215.8349 115.5861 1.4926
v 215.8236 115.609 1.4884
v 215.8474 115.561 1.4811
v 215.8396 115.5862 1.476

# 16 faces
f -8 -7 -6 
f -8 -6 -7 
f -6 -7 -5 
f -6 -5 -7 
f -6 -5 -4 
f -6 -4 -5 
f -5 -3 -4 
f -5 -4 -3 
f -6 -2 -8 
f -6 -8 -2 
f -2 -6 -4 
f -2 -4 -6 
f -1 -2 -4 
f -1 -4 -2 
f -1 -4 -3 
f -1 -3 -4 

g carrot_Mrstm
s off

usemtl carrot_Mrstm

# 8 vertices
v 215.8479 115.5348 1.4978
v 215.8484 115.5629 1.5103
v 215.8416 115.5598 1.4958
v 215.8425 115.5889 1.5124
v 215.8334 115.5858 1.4952
v 215.8233 115.6095 1.4985
v 215.8296 115.5572 1.4864
v 215.8195 115.5821 1.4856

# 16 faces
f -8 -7 -6 
f -8 -6 -7 
f -6 -7 -5 
f -6 -5 -7 
f -6 -5 -4 
f -6 -4 -5 
f -5 -3 -4 
f -5 -4 -3 
f -6 -2 -8 
f -6 -8 -2 
f -2 -6 -4 
f -2 -4 -6 
f -1 -2 -4 
f -1 -4 -2 
f -1 -4 -3 
f -1 -3 -4 

g carrot_Mrstm
s off

usemtl carrot_Mrstm

# 8 vertices
v 215.8479 115.5348 1.4978
v 215.8569 115.5639 1.4943
v 215.8414 115.5598 1.4966
v 215.8543 115.5906 1.4938
v 215.8353 115.5864 1.4974
v 215.8325 115.6118 1.5019
v 215.8287 115.558 1.5054
v 215.822 115.5839 1.5081

# 16 faces
f -8 -7 -6 
f -8 -6 -7 
f -6 -7 -5 
f -6 -5 -7 
f -6 -5 -4 
f -6 -4 -5 
f -5 -3 -4 
f -5 -4 -3 
f -6 -2 -8 
f -6 -8 -2 
f -2 -6 -4 
f -2 -4 -6 
f -1 -2 -4 
f -1 -4 -2 
f -1 -4 -3 
f -1 -3 -4 

g carrot_Mrstm
s off

usemtl carrot_Mrstm

# 8 vertices
v 215.8479 115.5348 1.4978
v 215.8449 115.5604 1.4811
v 215.8421 115.5599 1.4971
v 215.8409 115.5866 1.4767
v 215.8381 115.587 1.4962
v 215.8387 115.6128 1.4939
v 215.846 115.5624 1.5119
v 215.8436 115.5891 1.5125

# 16 faces
f -8 -7 -6 
f -8 -6 -7 
f -6 -7 -5 
f -6 -5 -7 
f -6 -5 -4 
f -6 -4 -5 
f -5 -3 -4 
f -5 -4 -3 
f -6 -2 -8 
f -6 -8 -2 
f -2 -6 -4 
f -2 -4 -6 
f -1 -2 -4 
f -1 -4 -2 
f -1 -4 -3 
f -1 -3 -4 

g carrot_Mrstm
s off

usemtl carrot_Mrstm

# 8 vertices
v 215.8479 115.5348 1.4978
v 215.8288 115.5571 1.4889
v 215.8428 115.5601 1.4966
v 215.8207 115.5823 1.4846
v 215.8379 115.5868 1.4932
v 215.8333 115.6111 1.4855
v 215.8577 115.5643 1.4971
v 215.8547 115.5906 1.4928

# 16 faces
f -8 -7 -6 
f -8 -6 -7 
f -6 -7 -5 
f -6 -5 -7 
f -6 -5 -4 
f -6 -4 -5 
f -5 -3 -4 
f -5 -4 -3 
f -6 -2 -8 
f -6 -8 -2 
f -2 -6 -4 
f -2 -4 -6 
f -1 -2 -4 
f -1 -4 -2 
f -1 -4 -3 
f -1 -3 -4 

g carrot_Intrnd
s off

usemtl carrot_Intrnd

# 18 vertices
v 216.0841 115.5452 1.8486
v 216.0322 115.5881 1.1207
v 215.4308 115.4711 1.529
v 216.0483 115.7879 1.8655
v 215.9964 115.8309 1.1376
v 215.3951 115.7139 1.5459
v 216.0483 115.7879 1.8655
v 215.9964 115.8309 1.1376
v 215.3951 115.7139 1.5459
v 216.0396 115.9676 1.9041
v 215.978 116.1022 1.1882
v 215.3766 115.9852 1.5965
v 216.0396 115.9676 1.9041
v 215.978 116.1022 1.1882
v 215.3766 115.9852 1.5965
v 216.0464 116.1414 1.964
v 215.983 116.366 1.2712
v 215.3817 116.249 1.6795

# 18 faces
f -18 -15 -17 
f -17 -15 -14 
f -17 -14 -16 
f -16 -14 -13 
f -16 -13 -18 
f -18 -13 -15 
f -12 -9 -11 
f -11 -9 -8 
f -11 -8 -10 
f -10 -8 -7 
f -10 -7 -12 
f -12 -7 -9 
f -6 -3 -5 
f -5 -3 -2 
f -5 -2 -4 
f -4 -2 -1 
f -4 -1 -6 
f -6 -1 -3 

g carrot_Petiole
s off

usemtl carrot_Petiole

# 18 vertices
v 215.8432 116.2223 1.6878
v 215.8337 116.2776 1.5767
v 215.7313 116.2577 1.6462
v 215.9256 116.8298 1.9833
v 215.9162 116.8851 1.8721
v 215.8137 116.8652 1.9417
v 215.9256 116.8298 1.9833
v 215.9162 116.8851 1.8721
v 215.8137 116.8652 1.9417
v 216.0704 117.3687 2.3509
v 216.064 117.4398 2.2489
v 215.9616 117.4199 2.3184
v 216.0704 117.3687 2.3509
v 216.064 117.4398 2.2489
v 215.9616 117.4199 2.3184
v 216.2741 117.8347 2.7844
v 216.2725 117.9197 2.6935
v 216.1701 117.8998 2.763

# 18 faces
f -18 -15 -17 
f -17 -15 -14 
f -17 -14 -16 
f -16 -14 -13 
f -16 -13 -18 
f -18 -13 -15 
f -12 -9 -11 
f -11 -9 -8 
f -11 -8 -10 
f -10 -8 -7 
f -10 -7 -12 
f -12 -7 -9 
f -6 -3 -5 
f -5 -3 -2 
f -5 -2 -4 
f -4 -2 -1 
f -4 -1 -6 
f -6 -1 -3 

g carrot_Petiole
s off

usemtl carrot_Petiole

# 18 vertices
v 216.2741 117.8347 2.7844
v 216.2725 117.9197 2.6935
v 216.1701 117.8998 2.763
v 216.3361 117.9772 2.9167
v 216.3346 118.0623 2.8258
v 216.2322 118.0424 2.8953
v 216.3361 117.9772 2.9167
v 216.3346 118.0623 2.8258
v 216.2322 118.0424 2.8953
v 216.3982 118.1198 3.04906
v 216.3967 118.2049 2.9581
v 216.2943 118.1849 3.02766
v 216.3982 118.1198 3.04906
v 216.3967 118.2049 2.9581
v 216.2943 118.1849 3.02766
v 216.4603 118.2624 3.1813
v 216.4588 118.3475 3.0904
v 216.3563 118.3275 3.1599

# 18 faces
f -18 -15 -17 
f -17 -15 -14 
f -17 -14 -16 
f -16 -14 -13 
f -16 -13 -18 
f -18 -13 -15 
f -12 -9 -11 
f -11 -9 -8 
f -11 -8 -10 
f -10 -8 -7 
f -10 -7 -12 
f -12 -7 -9 
f -6 -3 -5 
f -5 -3 -2 
f -5 -2 -4 
f -4 -2 -1 
f -4 -1 -6 
f -6 -1 -3 

g carrot_Petiole
s off

usemtl carrot_Petiole

# 18 vertices
v 216.4255 118.3119 3.1443
v 216.4254 118.3131 3.1427
v 216.424 118.3131 3.1441
v 216.431 118.3195 3.1493
v 216.4308 118.3207 3.1478
v 216.4294 118.3207 3.1492
v 216.431 118.3195 3.1493
v 216.4308 118.3207 3.1478
v 216.4294 118.3207 3.1492
v 216.4382 118.3268 3.1522
v 216.4379 118.3278 3.1506
v 216.4369 118.3282 3.1521
v 216.4382 118.3268 3.1522
v 216.4379 118.3278 3.1506
v 216.4369 118.3282 3.1521
v 216.4468 118.3332 3.1527
v 216.4463 118.3339 3.151
v 216.4456 118.3347 3.1527

# 18 faces
f -18 -15 -17 
f -17 -15 -14 
f -17 -14 -16 
f -16 -14 -13 
f -16 -13 -18 
f -18 -13 -15 
f -12 -9 -11 
f -11 -9 -8 
f -11 -8 -10 
f -10 -8 -7 
f -10 -7 -12 
f -12 -7 -9 
f -6 -3 -5 
f -5 -3 -2 
f -5 -2 -4 
f -4 -2 -1 
f -4 -1 -6 
f -6 -1 -3 

g carrot_Leaf
s off

usemtl carrot_Leaf

# 8 vertices
v 216.4462 118.3339 3.1521
v 217.2416 119.0805 3.1106
v 217.2839 119.0635 3.2241
v 217.7436 119.4201 3.1211
v 217.7861 119.4017 3.2489
v 218.4964 119.8933 3.2997
v 217.7479 119.3949 3.3792
v 217.2541 119.0466 3.3388

# 16 faces
f -8 -7 -6 
f -8 -6 -7 
f -7 -5 -6 
f -7 -6 -5 
f -5 -4 -6 
f -5 -6 -4 
f -5 -3 -4 
f -5 -4 -3 
f -4 -3 -2 
f -4 -2 -3 
f -6 -4 -2 
f -6 -2 -4 
f -6 -2 -1 
f -6 -1 -2 
f -6 -1 -8 
f -6 -8 -1 

g carrot_Petiole
s off

usemtl carrot_Petiole

# 18 vertices
v 216.4603 118.2624 3.1813
v 216.4588 118.3475 3.0904
v 216.3563 118.3275 3.1599
v 216.5224 118.405 3.3136
v 216.5208 118.49 3.2226
v 216.4184 118.4701 3.2922
v 216.5224 118.405 3.3136
v 216.5208 118.49 3.2226
v 216.4184 118.4701 3.2922
v 216.5844 118.5476 3.4459
v 216.5829 118.6326 3.3549
v 216.4805 118.6127 3.4245
v 216.5844 118.5476 3.4459
v 216.5829 118.6326 3.3549
v 216.4805 118.6127 3.4245
v 216.6465 118.6902 3.5782
v 216.645 118.7752 3.4872
v 216.5426 118.7553 3.5568

# 18 faces
f -18 -15 -17 
f -17 -15 -14 
f -17 -14 -16 
f -16 -14 -13 
f -16 -13 -18 
f -18 -13 -15 
f -12 -9 -11 
f -11 -9 -8 
f -11 -8 -10 
f -10 -8 -7 
f -10 -7 -12 
f -12 -7 -9 
f -6 -3 -5 
f -5 -3 -2 
f -5 -2 -4 
f -4 -2 -1 
f -4 -1 -6 
f -6 -1 -3 

g carrot_Petiole
s off

usemtl carrot_Petiole

# 18 vertices
v 216.6117 118.7397 3.5411
v 216.6118 118.7412 3.5399
v 216.61 118.7405 3.5406
v 216.6125 118.7464 3.5494
v 216.6126 118.7479 3.5481
v 216.6109 118.7472 3.5488
v 216.6125 118.7464 3.5494
v 216.6126 118.7479 3.5481
v 216.6109 118.7472 3.5488
v 216.6108 118.7519 3.5583
v 216.6109 118.7536 3.5573
v 216.6092 118.7526 3.5576
v 216.6108 118.7519 3.5583
v 216.6109 118.7536 3.5573
v 216.6092 118.7526 3.5576
v 216.6068 118.7558 3.5674
v 216.6067 118.7576 3.5666
v 216.6052 118.7564 3.5664

# 18 faces
f -18 -15 -17 
f -17 -15 -14 
f -17 -14 -16 
f -16 -14 -13 
f -16 -13 -18 
f -18 -13 -15 
f -12 -9 -11 
f -11 -9 -8 
f -11 -8 -10 
f -10 -8 -7 
f -10 -7 -12 
f -12 -7 -9 
f -6 -3 -5 
f -5 -3 -2 
f -5 -2 -4 
f -4 -2 -1 
f -4 -1 -6 
f -6 -1 -3 

g carrot_Leaf
s off

usemtl carrot_Leaf

# 8 vertices
v 216.6062 118.7566 3.5668
v 216.1282 119.2669 4.4052
v 216.1031 119.1669 4.471
v 215.9267 119.4962 4.9289
v 215.8968 119.3832 4.9982
v 215.5864 119.6813 5.7489
v 215.8392 119.2602 4.9914
v 216.0629 119.0542 4.4676

# 16 faces
f -8 -7 -6 
f -8 -6 -7 
f -7 -5 -6 
f -7 -6 -5 
f -5 -4 -6 
f -5 -6 -4 
f -5 -3 -4 
f -5 -4 -3 
f -4 -3 -2 
f -4 -2 -3 
f -6 -4 -2 
f -6 -2 -4 
f -6 -2 -1 
f -6 -1 -2 
f -6 -1 -8 
f -6 -8 -1 

g carrot_Petiole
s off

usemtl carrot_Petiole

# 18 vertices
v 216.6465 118.6902 3.5782
v 216.645 118.7752 3.4872
v 216.5426 118.7553 3.5568
v 216.7086 118.8328 3.7105
v 216.707 118.9178 3.6195
v 216.6046 118.8979 3.6891
v 216.7086 118.8328 3.7105
v 216.707 118.9178 3.6195
v 216.6046 118.8979 3.6891
v 216.7706 118.9753 3.8427
v 216.7691 119.0604 3.7518
v 216.6667 119.0405 3.8213
v 216.7706 118.9753 3.8427
v 216.7691 119.0604 3.7518
v 216.6667 119.0405 3.8213
v 216.8327 119.1179 3.975
v 216.8312 119.203 3.8841
v 216.7288 119.183 3.9536

# 18 faces
f -18 -15 -17 
f -17 -15 -14 
f -17 -14 -16 
f -16 -14 -13 
f -16 -13 -18 
f -18 -13 -15 
f -12 -9 -11 
f -11 -9 -8 
f -11 -8 -10 
f -10 -8 -7 
f -10 -7 -12 
f -12 -7 -9 
f -6 -3 -5 
f -5 -3 -2 
f -5 -2 -4 
f -4 -2 -1 
f -4 -1 -6 
f -6 -1 -3 

g carrot_Petiole
s off

usemtl carrot_Petiole

# 18 vertices
v 216.7979 119.1674 3.938
v 216.7978 119.1686 3.9364
v 216.7964 119.1686 3.9378
v 216.8034 119.1751 3.9431
v 216.8033 119.1762 3.9415
v 216.8019 119.1763 3.9429
v 216.8034 119.1751 3.9431
v 216.8033 119.1762 3.9415
v 216.8019 119.1763 3.9429
v 216.8107 119.1823 3.946
v 216.8104 119.1833 3.9443
v 216.8093 119.1837 3.9459
v 216.8107 119.1823 3.946
v 216.8104 119.1833 3.9443
v 216.8093 119.1837 3.9459
v 216.8192 119.1887 3.9464
v 216.8187 119.1895 3.9447
v 216.818 119.1902 3.9464

# 18 faces
f -18 -15 -17 
f -17 -15 -14 
f -17 -14 -16 
f -16 -14 -13 
f -16 -13 -18 
f -18 -13 -15 
f -12 -9 -11 
f -11 -9 -8 
f -11 -8 -10 
f -10 -8 -7 
f -10 -7 -12 
f -12 -7 -9 
f -6 -3 -5 
f -5 -3 -2 
f -5 -2 -4 
f -4 -2 -1 
f -4 -1 -6 
f -6 -1 -3 

g carrot_Leaf
s off

usemtl carrot_Leaf

# 8 vertices
v 216.8186 119.1895 3.9459
v 217.6141 119.9361 3.9044
v 217.6563 119.9191 4.01792
v 218.116 120.2757 3.9148
v 218.1585 120.2573 4.04269
v 218.8688 120.7488 4.09351
v 218.1203 120.2504 4.173
v 217.6265 119.9021 4.1326

# 16 faces
f -8 -7 -6 
f -8 -6 -7 
f -7 -5 -6 
f -7 -6 -5 
f -5 -4 -6 
f -5 -6 -4 
f -5 -3 -4 
f -5 -4 -3 
f -4 -3 -2 
f -4 -2 -3 
f -6 -4 -2 
f -6 -2 -4 
f -6 -2 -1 
f -6 -1 -2 
f -6 -1 -8 
f -6 -8 -1 

g carrot_Petiole
s off

usemtl carrot_Petiole

# 18 vertices
v 216.8327 119.1179 3.975
v 216.8312 119.203 3.8841
v 216.7288 119.183 3.9536
v 216.8948 119.2605 4.1073
v 216.8933 119.3456 4.01642
v 216.7908 119.3256 4.08596
v 216.8948 119.2605 4.1073
v 216.8933 119.3456 4.01642
v 216.7908 119.3256 4.08596
v 216.9569 119.4031 4.2396
v 216.9553 119.4881 4.1487
v 216.8529 119.4682 4.2182
v 216.9569 119.4031 4.2396
v 216.9553 119.4881 4.1487
v 216.8529 119.4682 4.2182
v 217.0189 119.5457 4.3719
v 217.0174 119.6307 4.281
v 216.915 119.6108 4.3505

# 18 faces
f -18 -15 -17 
f -17 -15 -14 
f -17 -14 -16 
f -16 -14 -13 
f -16 -13 -18 
f -18 -13 -15 
f -12 -9 -11 
f -11 -9 -8 
f -11 -8 -10 
f -10 -8 -7 
f -10 -7 -12 
f -12 -7 -9 
f -6 -3 -5 
f -5 -3 -2 
f -5 -2 -4 
f -4 -2 -1 
f -4 -1 -6 
f -6 -1 -3 

g carrot_Petiole
s off

usemtl carrot_Petiole

# 18 vertices
v 216.9842 119.5952 4.3349
v 216.9842 119.5967 4.3336
v 216.9825 119.596 4.3343
v 216.985 119.6019 4.3431
v 216.985 119.6034 4.3419
v 216.9833 119.6027 4.3426
v 216.985 119.6019 4.3431
v 216.985 119.6034 4.3419
v 216.9833 119.6027 4.3426
v 216.9833 119.6074 4.3521
v 216.9833 119.6091 4.351
v 216.9816 119.6081 4.3513
v 216.9833 119.6074 4.3521
v 216.9833 119.6091 4.351
v 216.9816 119.6081 4.3513
v 216.9792 119.6113 4.3611
v 216.9792 119.6131 4.3603
v 216.9776 119.6119 4.3601

# 18 faces
f -18 -15 -17 
f -17 -15 -14 
f -17 -14 -16 
f -16 -14 -13 
f -16 -13 -18 
f -18 -13 -15 
f -12 -9 -11 
f -11 -9 -8 
f -11 -8 -10 
f -10 -8 -7 
f -10 -7 -12 
f -12 -7 -9 
f -6 -3 -5 
f -5 -3 -2 
f -5 -2 -4 
f -4 -2 -1 
f -4 -1 -6 
f -6 -1 -3 

g carrot_Leaf
s off

usemtl carrot_Leaf

# 8 vertices
v 216.9787 119.6121 4.3605
v 216.5006 120.1224 5.1989
v 216.4756 120.0224 5.2648
v 216.2991 120.3517 5.7226
v 216.2692 120.2387 5.7919
v 215.9589 120.5369 6.5426
v 216.2117 120.1157 5.7852
v 216.4353 119.9098 5.2613

# 16 faces
f -8 -7 -6 
f -8 -6 -7 
f -7 -5 -6 
f -7 -6 -5 
f -5 -4 -6 
f -5 -6 -4 
f -5 -3 -4 
f -5 -4 -3 
f -4 -3 -2 
f -4 -2 -3 
f -6 -4 -2 
f -6 -2 -4 
f -6 -2 -1 
f -6 -1 -2 
f -6 -1 -8 
f -6 -8 -1 

g carrot_Petiole
s off

usemtl carrot_Petiole

# 18 vertices
v 217.0189 119.5457 4.3719
v 217.0174 119.6307 4.281
v 216.915 119.6108 4.3505
v 217.081 119.6883 4.5042
v 217.0795 119.7733 4.4132
v 216.9771 119.7534 4.4828
v 217.081 119.6883 4.5042
v 217.0795 119.7733 4.4132
v 216.9771 119.7534 4.4828
v 217.1431 119.8309 4.6365
v 217.1416 119.9159 4.5455
v 217.0391 119.896 4.6151
v 217.1431 119.8309 4.6365
v 217.1416 119.9159 4.5455
v 217.0391 119.896 4.6151
v 217.2052 119.9734 4.7688
v 217.2036 120.0585 4.6778
v 217.1012 120.0386 4.7474

# 18 faces
f -18 -15 -17 
f -17 -15 -14 
f -17 -14 -16 
f -16 -14 -13 
f -16 -13 -18 
f -18 -13 -15 
f -12 -9 -11 
f -11 -9 -8 
f -11 -8 -10 
f -10 -8 -7 
f -10 -7 -12 
f -12 -7 -9 
f -6 -3 -5 
f -5 -3 -2 
f -5 -2 -4 
f -4 -2 -1 
f -4 -1 -6 
f -6 -1 -3 

g carrot_Petiole
s off

usemtl carrot_Petiole

# 18 vertices
v 217.1704 120.0229 4.7317
v 217.1703 120.0241 4.7302
v 217.1689 120.0241 4.7315
v 217.1758 120.0306 4.7368
v 217.1757 120.0317 4.7352
v 217.1743 120.0318 4.7366
v 217.1758 120.0306 4.7368
v 217.1757 120.0317 4.7352
v 217.1743 120.0318 4.7366
v 217.1831 120.0378 4.7397
v 217.1828 120.0388 4.738
v 217.1817 120.0392 4.7396
v 217.1831 120.0378 4.7397
v 217.1828 120.0388 4.738
v 217.1817 120.0392 4.7396
v 217.1916 120.0442 4.7402
v 217.1911 120.045 4.7385
v 217.1905 120.0458 4.7401

# 18 faces
f -18 -15 -17 
f -17 -15 -14 
f -17 -14 -16 
f -16 -14 -13 
f -16 -13 -18 
f -18 -13 -15 
f -12 -9 -11 
f -11 -9 -8 
f -11 -8 -10 
f -10 -8 -7 
f -10 -7 -12 
f -12 -7 -9 
f -6 -3 -5 
f -5 -3 -2 
f -5 -2 -4 
f -4 -2 -1 
f -4 -1 -6 
f -6 -1 -3 

g carrot_Leaf
s off

usemtl carrot_Leaf

# 8 vertices
v 217.1911 120.045 4.7396
v 217.9865 120.7916 4.6981
v 218.0287 120.7746 4.8116
v 218.4885 121.1312 4.7085
v 218.531 121.1128 4.8364
v 219.2413 121.6043 4.8872
v 218.4928 121.1059 4.9667
v 217.9989 120.7576 4.9263

# 16 faces
f -8 -7 -6 
f -8 -6 -7 
f -7 -5 -6 
f -7 -6 -5 
f -5 -4 -6 
f -5 -6 -4 
f -5 -3 -4 
f -5 -4 -3 
f -4 -3 -2 
f -4 -2 -3 
f -6 -4 -2 
f -6 -2 -4 
f -6 -2 -1 
f -6 -1 -2 
f -6 -1 -8 
f -6 -8 -1 

g carrot_Petiole
s off

usemtl carrot_Petiole

# 18 vertices
v 217.2052 119.9734 4.7688
v 217.2036 120.0585 4.6778
v 217.1012 120.0386 4.7474
v 217.2672 120.116 4.901
v 217.2657 120.2011 4.8101
v 217.1633 120.1811 4.8797
v 217.2672 120.116 4.901
v 217.2657 120.2011 4.8101
v 217.1633 120.1811 4.8797
v 217.3293 120.2586 5.03338
v 217.3278 120.3437 4.9424
v 217.2254 120.3237 5.01198
v 217.3293 120.2586 5.03338
v 217.3278 120.3437 4.9424
v 217.2254 120.3237 5.01198
v 217.3914 120.4012 5.1656
v 217.3898 120.4862 5.07473
v 217.2874 120.4663 5.1442

# 18 faces
f -18 -15 -17 
f -17 -15 -14 
f -17 -14 -16 
f -16 -14 -13 
f -16 -13 -18 
f -18 -13 -15 
f -12 -9 -11 
f -11 -9 -8 
f -11 -8 -10 
f -10 -8 -7 
f -10 -7 -12 
f -12 -7 -9 
f -6 -3 -5 
f -5 -3 -2 
f -5 -2 -4 
f -4 -2 -1 
f -4 -1 -6 
f -6 -1 -3 

g carrot_Petiole
s off

usemtl carrot_Petiole

# 18 vertices
v 217.3566 120.4507 5.1286
v 217.3566 120.4522 5.1274
v 217.3549 120.4515 5.1281
v 217.3574 120.4574 5.1368
v 217.3574 120.4589 5.1356
v 217.3557 120.4583 5.1363
v 217.3574 120.4574 5.1368
v 217.3574 120.4589 5.1356
v 217.3557 120.4583 5.1363
v 217.3557 120.4629 5.1458
v 217.3557 120.4646 5.1448
v 217.354 120.4636 5.145
v 217.3557 120.4629 5.1458
v 217.3557 120.4646 5.1448
v 217.354 120.4636 5.145
v 217.3516 120.4668 5.1548
v 217.3516 120.4686 5.154
v 217.3501 120.4674 5.1539

# 18 faces
f -18 -15 -17 
f -17 -15 -14 
f -17 -14 -16 
f -16 -14 -13 
f -16 -13 -18 
f -18 -13 -15 
f -12 -9 -11 
f -11 -9 -8 
f -11 -8 -10 
f -10 -8 -7 
f -10 -7 -12 
f -12 -7 -9 
f -6 -3 -5 
f -5 -3 -2 
f -5 -2 -4 
f -4 -2 -1 
f -4 -1 -6 
f -6 -1 -3 

g carrot_Leaf
s off

usemtl carrot_Leaf

# 8 vertices
v 217.3511 120.4676 5.1542
v 216.8731 120.9779 5.9927
v 216.848 120.878 6.05855
v 216.6716 121.2073 6.5163
v 216.6416 121.0942 6.5856
v 216.3313 121.3924 7.3364
v 216.5841 120.9712 6.5789
v 216.8077 120.7653 6.05513

# 16 faces
f -8 -7 -6 
f -8 -6 -7 
f -7 -5 -6 
f -7 -6 -5 
f -5 -4 -6 
f -5 -6 -4 
f -5 -3 -4 
f -5 -4 -3 
f -4 -3 -2 
f -4 -2 -3 
f -6 -4 -2 
f -6 -2 -4 
f -6 -2 -1 
f -6 -1 -2 
f -6 -1 -8 
f -6 -8 -1 

g carrot_Petiole
s off

usemtl carrot_Petiole

# 18 vertices
v 217.3566 120.4507 5.1286
v 217.3566 120.452 5.1272
v 217.355 120.4517 5.1283
v 217.3598 120.4581 5.1355
v 217.3598 120.4595 5.1341
v 217.3582 120.4592 5.1352
v 217.3598 120.4581 5.1355
v 217.3598 120.4595 5.1341
v 217.3582 120.4592 5.1352
v 217.3631 120.4656 5.1424
v 217.3631 120.4669 5.141
v 217.3615 120.4666 5.1421
v 217.3631 120.4656 5.1424
v 217.3631 120.4669 5.141
v 217.3615 120.4666 5.1421
v 217.3663 120.473 5.1493
v 217.3663 120.4744 5.1479
v 217.3647 120.4741 5.149

# 18 faces
f -18 -15 -17 
f -17 -15 -14 
f -17 -14 -16 
f -16 -14 -13 
f -16 -13 -18 
f -18 -13 -15 
f -12 -9 -11 
f -11 -9 -8 
f -11 -8 -10 
f -10 -8 -7 
f -10 -7 -12 
f -12 -7 -9 
f -6 -3 -5 
f -5 -3 -2 
f -5 -2 -4 
f -4 -2 -1 
f -4 -1 -6 
f -6 -1 -3 

g carrot_Leaf
s off

usemtl carrot_Leaf

# 8 vertices
v 217.3658 120.4738 5.1487
v 217.6296 121.3372 5.7625
v 217.6218 121.2813 5.871
v 217.8443 121.7544 6.1464
v 217.8312 121.6906 6.2657
v 218.1143 122.2732 6.8395
v 217.7498 121.6134 6.3426
v 217.5584 121.2052 5.9382

# 16 faces
f -8 -7 -6 
f -8 -6 -7 
f -7 -5 -6 
f -7 -6 -5 
f -5 -4 -6 
f -5 -6 -4 
f -5 -3 -4 
f -5 -4 -3 
f -4 -3 -2 
f -4 -2 -3 
f -6 -4 -2 
f -6 -2 -4 
f -6 -2 -1 
f -6 -1 -2 
f -6 -1 -8 
f -6 -8 -1 

g carrot_Mrstm
s off

usemtl carrot_Mrstm

# 8 vertices
v 215.8026 116.2526 1.6367
v 215.8186 116.2779 1.6438
v 215.8025 116.2772 1.6448
v 215.8226 116.3027 1.6531
v 215.803 116.3024 1.6553
v 215.8062 116.3245 1.6687
v 215.7891 116.2758 1.6525
v 215.7887 116.2998 1.6645

# 16 faces
f -8 -7 -6 
f -8 -6 -7 
f -6 -7 -5 
f -6 -5 -7 
f -6 -5 -4 
f -6 -4 -5 
f -5 -3 -4 
f -5 -4 -3 
f -6 -2 -8 
f -6 -8 -2 
f -2 -6 -4 
f -2 -4 -6 
f -1 -2 -4 
f -1 -4 -2 
f -1 -4 -3 
f -1 -3 -4 

g carrot_Mrstm
s off

usemtl carrot_Mrstm

# 8 vertices
v 215.8026 116.2526 1.6367
v 215.8071 116.2824 1.6305
v 215.8031 116.277 1.6453
v 215.8099 116.3085 1.6359
v 215.8059 116.3027 1.6543
v 215.8129 116.3266 1.6614
v 215.8064 116.273 1.6599
v 215.8105 116.2975 1.6701

# 16 faces
f -8 -7 -6 
f -8 -6 -7 
f -6 -7 -5 
f -6 -5 -7 
f -6 -5 -4 
f -6 -4 -5 
f -5 -3 -4 
f -5 -4 -3 
f -6 -2 -8 
f -6 -8 -2 
f -2 -6 -4 
f -2 -4 -6 
f -1 -2 -4 
f -1 -4 -2 
f -1 -4 -3 
f -1 -3 -4 

g carrot_Mrstm
s off

usemtl carrot_Mrstm

# 8 vertices
v 215.8026 116.2526 1.6367
v 215.7902 116.2808 1.6368
v 215.8038 116.2771 1.6448
v 215.7888 116.307 1.6421
v 215.8058 116.3036 1.6514
v 215.8079 116.3294 1.6531
v 215.8192 116.277 1.6465
v 215.8231 116.303 1.6521

# 16 faces
f -8 -7 -6 
f -8 -6 -7 
f -6 -7 -5 
f -6 -5 -7 
f -6 -5 -4 
f -6 -4 -5 
f -5 -3 -4 
f -5 -4 -3 
f -6 -2 -8 
f -6 -8 -2 
f -2 -6 -4 
f -2 -4 -6 
f -1 -2 -4 
f -1 -4 -2 
f -1 -4 -3 
f -1 -3 -4 

g carrot_Mrstm
s off

usemtl carrot_Mrstm

# 8 vertices
v 215.8026 116.2526 1.6367
v 215.7911 116.2752 1.6541
v 215.8036 116.2774 1.644
v 215.7882 116.3003 1.6632
v 215.8029 116.3039 1.6506
v 215.798 116.329 1.6551
v 215.81 116.2823 1.6308
v 215.8091 116.3088 1.6352

# 16 faces
f -8 -7 -6 
f -8 -6 -7 
f -6 -7 -5 
f -6 -5 -7 
f -6 -5 -4 
f -6 -4 -5 
f -5 -3 -4 
f -5 -4 -3 
f -6 -2 -8 
f -6 -8 -2 
f -2 -6 -4 
f -2 -4 -6 
f -1 -2 -4 
f -1 -4 -2 
f -1 -4 -3 
f -1 -3 -4 

g carrot_Mrstm
s off

usemtl carrot_Mrstm

# 8 vertices
v 215.8026 116.2526 1.6367
v 215.8086 116.2733 1.6586
v 215.8027 116.2774 1.644
v 215.809 116.2975 1.6701
v 215.8012 116.3032 1.653
v 215.7968 116.326 1.6647
v 215.7914 116.2816 1.6343
v 215.7878 116.3069 1.6427

# 16 faces
f -8 -7 -6 
f -8 -6 -7 
f -6 -7 -5 
f -6 -5 -7 
f -6 -5 -4 
f -6 -4 -5 
f -5 -3 -4 
f -5 -4 -3 
f -6 -2 -8 
f -6 -8 -2 
f -2 -6 -4 
f -2 -4 -6 
f -1 -2 -4 
f -1 -4 -2 
f -1 -4 -3 
f -1 -3 -4 

g carrot_Intrnd
s off

usemtl carrot_Intrnd

# 18 vertices
v 215.8419 116.2742 1.2884
v 215.4799 116.26 1.7751
v 216.0863 116.2241 1.8415
v 215.8525 116.4776 1.3022
v 215.4905 116.4634 1.7889
v 216.0969 116.4275 1.8553
v 215.8525 116.4776 1.3022
v 215.4905 116.4634 1.7889
v 216.0969 116.4275 1.8553
v 215.8627 116.5923 1.271
v 215.5091 116.706 1.7507
v 216.1154 116.6701 1.8171
v 215.8627 116.5923 1.271
v 215.5091 116.706 1.7507
v 216.1154 116.6701 1.8171
v 215.8752 116.6958 1.213
v 215.5329 116.9316 1.655
v 216.1393 116.8957 1.7214

# 18 faces
f -18 -15 -17 
f -17 -15 -14 
f -17 -14 -16 
f -16 -14 -13 
f -16 -13 -18 
f -18 -13 -15 
f -12 -9 -11 
f -11 -9 -8 
f -11 -8 -10 
f -10 -8 -7 
f -10 -7 -12 
f -12 -7 -9 
f -6 -3 -5 
f -5 -3 -2 
f -5 -2 -4 
f -4 -2 -1 
f -4 -1 -6 
f -6 -1 -3 

g carrot_Petiole
s off

usemtl carrot_Petiole

# 18 vertices
v 215.8531 116.8012 1.4722
v 215.785 116.8654 1.5536
v 215.909 116.858 1.5672
v 215.9276 117.3595 1.09445
v 215.8595 117.4237 1.1759
v 215.9835 117.4163 1.1895
v 215.9276 117.3595 1.09445
v 215.8595 117.4237 1.1759
v 215.9835 117.4163 1.1895
v 216.0061 117.8345 0.6345
v 215.9401 117.9129 0.7044
v 216.0641 117.9056 0.718
v 216.0061 117.8345 0.6345
v 215.9401 117.9129 0.7044
v 216.0641 117.9056 0.718
v 216.0877 118.2231 0.09996
v 216.0239 118.3135 0.1561
v 216.1479 118.3062 0.1697

# 18 faces
f -18 -15 -17 
f -17 -15 -14 
f -17 -14 -16 
f -16 -14 -13 
f -16 -13 -18 
f -18 -13 -15 
f -12 -9 -11 
f -11 -9 -8 
f -11 -8 -10 
f -10 -8 -7 
f -10 -7 -12 
f -12 -7 -9 
f -6 -3 -5 
f -5 -3 -2 
f -5 -2 -4 
f -4 -2 -1 
f -4 -1 -6 
f -6 -1 -3 

g carrot_Petiole
s off

usemtl carrot_Petiole

# 18 vertices
v 216.0877 118.2231 0.09996
v 216.0239 118.3135 0.1561
v 216.1479 118.3062 0.1697
v 216.1126 118.3421 -0.06316
v 216.0488 118.4325 -0.006969
v 216.1728 118.4252 0.006605
v 216.1126 118.3421 -0.06316
v 216.0488 118.4325 -0.006969
v 216.1728 118.4252 0.006605
v 216.1375 118.4611 -0.2263
v 216.0737 118.5515 -0.1701
v 216.1977 118.5442 -0.1565
v 216.1375 118.4611 -0.2263
v 216.0737 118.5515 -0.1701
v 216.1977 118.5442 -0.1565
v 216.1624 118.5801 -0.3894
v 216.0987 118.6705 -0.3332
v 216.2227 118.6631 -0.3196

# 18 faces
f -18 -15 -17 
f -17 -15 -14 
f -17 -14 -16 
f -16 -14 -13 
f -16 -13 -18 
f -18 -13 -15 
f -12 -9 -11 
f -11 -9 -8 
f -11 -8 -10 
f -10 -8 -7 
f -10 -7 -12 
f -12 -7 -9 
f -6 -3 -5 
f -5 -3 -2 
f -5 -2 -4 
f -4 -2 -1 
f -4 -1 -6 
f -6 -1 -3 

g carrot_Petiole
s off

usemtl carrot_Petiole

# 18 vertices
v 216.1613 118.6373 -0.3479
v 216.1603 118.6385 -0.3468
v 216.1622 118.6387 -0.347
v 216.1597 118.6434 -0.3563
v 216.1587 118.6447 -0.3553
v 216.1606 118.6449 -0.3555
v 216.1597 118.6434 -0.3563
v 216.1587 118.6447 -0.3553
v 216.1606 118.6449 -0.3555
v 216.1554 118.649 -0.3642
v 216.1545 118.6502 -0.3629
v 216.1563 118.6506 -0.3635
v 216.1554 118.649 -0.3642
v 216.1545 118.6502 -0.3629
v 216.1563 118.6506 -0.3635
v 216.1487 118.6538 -0.3709
v 216.1479 118.6547 -0.3694
v 216.1494 118.6555 -0.3704

# 18 faces
f -18 -15 -17 
f -17 -15 -14 
f -17 -14 -16 
f -16 -14 -13 
f -16 -13 -18 
f -18 -13 -15 
f -12 -9 -11 
f -11 -9 -8 
f -11 -8 -10 
f -10 -8 -7 
f -10 -7 -12 
f -12 -7 -9 
f -6 -3 -5 
f -5 -3 -2 
f -5 -2 -4 
f -4 -2 -1 
f -4 -1 -6 
f -6 -1 -3 

g carrot_Leaf
s off

usemtl carrot_Leaf

# 8 vertices
v 216.1487 118.6547 -0.3702
v 215.4535 119.2533 -0.9549
v 215.4949 119.2209 -1.06485
v 215.0491 119.4996 -1.3299
v 215.0995 119.4646 -1.4507
v 214.5492 119.8211 -2.01067
v 215.2121 119.4545 -1.5254
v 215.592 119.2007 -1.1311

# 16 faces
f -8 -7 -6 
f -8 -6 -7 
f -7 -5 -6 
f -7 -6 -5 
f -5 -4 -6 
f -5 -6 -4 
f -5 -3 -4 
f -5 -4 -3 
f -4 -3 -2 
f -4 -2 -3 
f -6 -4 -2 
f -6 -2 -4 
f -6 -2 -1 
f -6 -1 -2 
f -6 -1 -8 
f -6 -8 -1 

g carrot_Petiole
s off

usemtl carrot_Petiole

# 18 vertices
v 216.1624 118.5801 -0.3894
v 216.0987 118.6705 -0.3332
v 216.2227 118.6631 -0.3196
v 216.1873 118.6991 -0.5525
v 216.1236 118.7895 -0.4963
v 216.2476 118.7821 -0.4827
v 216.1873 118.6991 -0.5525
v 216.1236 118.7895 -0.4963
v 216.2476 118.7821 -0.4827
v 216.2122 118.8181 -0.7157
v 216.1485 118.9085 -0.6595
v 216.2725 118.9011 -0.6459
v 216.2122 118.8181 -0.7157
v 216.1485 118.9085 -0.6595
v 216.2725 118.9011 -0.6459
v 216.2372 118.9371 -0.8788
v 216.1734 119.0275 -0.8226
v 216.2974 119.0201 -0.809

# 18 faces
f -18 -15 -17 
f -17 -15 -14 
f -17 -14 -16 
f -16 -14 -13 
f -16 -13 -18 
f -18 -13 -15 
f -12 -9 -11 
f -11 -9 -8 
f -11 -8 -10 
f -10 -8 -7 
f -10 -7 -12 
f -12 -7 -9 
f -6 -3 -5 
f -5 -3 -2 
f -5 -2 -4 
f -4 -2 -1 
f -4 -1 -6 
f -6 -1 -3 

g carrot_Petiole
s off

usemtl carrot_Petiole

# 18 vertices
v 216.236 118.9942 -0.8373
v 216.2351 118.9958 -0.8366
v 216.2369 118.9954 -0.836
v 216.2401 119.0 -0.8451
v 216.2391 119.0016 -0.8445
v 216.2409 119.0012 -0.8438
v 216.2401 119.0 -0.8451
v 216.2391 119.0016 -0.8445
v 216.2409 119.0012 -0.8438
v 216.2466 119.005 -0.8518
v 216.2458 119.0067 -0.8513
v 216.2473 119.006 -0.8503
v 216.2466 119.005 -0.8518
v 216.2458 119.0067 -0.8513
v 216.2473 119.006 -0.8503
v 216.2551 119.0088 -0.8568
v 216.2545 119.0107 -0.8565
v 216.2556 119.0097 -0.8552

# 18 faces
f -18 -15 -17 
f -17 -15 -14 
f -17 -14 -16 
f -16 -14 -13 
f -16 -13 -18 
f -18 -13 -15 
f -12 -9 -11 
f -11 -9 -8 
f -11 -8 -10 
f -10 -8 -7 
f -10 -7 -12 
f -12 -7 -9 
f -6 -3 -5 
f -5 -3 -2 
f -5 -2 -4 
f -4 -2 -1 
f -4 -1 -6 
f -6 -1 -3 

g carrot_Leaf
s off

usemtl carrot_Leaf

# 8 vertices
v 216.2551 119.0098 -0.8562
v 217.1103 119.527 -1.2856
v 217.1796 119.4285 -1.3037
v 217.5779 119.7461 -1.599
v 217.6543 119.6353 -1.6145
v 218.3435 119.923 -2.04542
v 217.7041 119.5252 -1.5533
v 217.2175 119.3253 -1.2574

# 16 faces
f -8 -7 -6 
f -8 -6 -7 
f -7 -5 -6 
f -7 -6 -5 
f -5 -4 -6 
f -5 -6 -4 
f -5 -3 -4 
f -5 -4 -3 
f -4 -3 -2 
f -4 -2 -3 
f -6 -4 -2 
f -6 -2 -4 
f -6 -2 -1 
f -6 -1 -2 
f -6 -1 -8 
f -6 -8 -1 

g carrot_Petiole
s off

usemtl carrot_Petiole

# 18 vertices
v 216.2372 118.9371 -0.8788
v 216.1734 119.0275 -0.8226
v 216.2974 119.0201 -0.809
v 216.2621 119.056 -1.04196
v 216.1983 119.1464 -0.9857
v 216.3223 119.1391 -0.9721
v 216.2621 119.056 -1.04196
v 216.1983 119.1464 -0.9857
v 216.3223 119.1391 -0.9721
v 216.287 119.175 -1.2051
v 216.2233 119.2654 -1.1489
v 216.3472 119.2581 -1.1353
v 216.287 119.175 -1.2051
v 216.2233 119.2654 -1.1489
v 216.3472 119.2581 -1.1353
v 216.3119 119.294 -1.3682
v 216.2482 119.3844 -1.312
v 216.3722 119.3771 -1.2984

# 18 faces
f -18 -15 -17 
f -17 -15 -14 
f -17 -14 -16 
f -16 -14 -13 
f -16 -13 -18 
f -18 -13 -15 
f -12 -9 -11 
f -11 -9 -8 
f -11 -8 -10 
f -10 -8 -7 
f -10 -7 -12 
f -12 -7 -9 
f -6 -3 -5 
f -5 -3 -2 
f -5 -2 -4 
f -4 -2 -1 
f -4 -1 -6 
f -6 -1 -3 

g carrot_Petiole
s off

usemtl carrot_Petiole

# 18 vertices
v 216.3108 119.3512 -1.3267
v 216.3098 119.3525 -1.3256
v 216.3117 119.3527 -1.3258
v 216.3092 119.3573 -1.3351
v 216.3082 119.3586 -1.334
v 216.3102 119.3588 -1.3343
v 216.3092 119.3573 -1.3351
v 216.3082 119.3586 -1.334
v 216.3102 119.3588 -1.3343
v 216.3049 119.363 -1.343
v 216.304 119.3641 -1.3417
v 216.3058 119.3646 -1.3423
v 216.3049 119.363 -1.343
v 216.304 119.3641 -1.3417
v 216.3058 119.3646 -1.3423
v 216.2982 119.3677 -1.3497
v 216.2974 119.3687 -1.3482
v 216.2989 119.3694 -1.3492

# 18 faces
f -18 -15 -17 
f -17 -15 -14 
f -17 -14 -16 
f -16 -14 -13 
f -16 -13 -18 
f -18 -13 -15 
f -12 -9 -11 
f -11 -9 -8 
f -11 -8 -10 
f -10 -8 -7 
f -10 -7 -12 
f -12 -7 -9 
f -6 -3 -5 
f -5 -3 -2 
f -5 -2 -4 
f -4 -2 -1 
f -4 -1 -6 
f -6 -1 -3 

g carrot_Leaf
s off

usemtl carrot_Leaf

# 8 vertices
v 216.2982 119.3686 -1.349
v 215.603 119.9673 -1.9337
v 215.6444 119.9348 -2.04365
v 215.1986 120.2135 -2.3087
v 215.249 120.1786 -2.4294
v 214.6987 120.5351 -2.9894
v 215.3616 120.1684 -2.5042
v 215.7415 119.9146 -2.1099

# 16 faces
f -8 -7 -6 
f -8 -6 -7 
f -7 -5 -6 
f -7 -6 -5 
f -5 -4 -6 
f -5 -6 -4 
f -5 -3 -4 
f -5 -4 -3 
f -4 -3 -2 
f -4 -2 -3 
f -6 -4 -2 
f -6 -2 -4 
f -6 -2 -1 
f -6 -1 -2 
f -6 -1 -8 
f -6 -8 -1 

g carrot_Petiole
s off

usemtl carrot_Petiole

# 18 vertices
v 216.3119 119.294 -1.3682
v 216.2482 119.3844 -1.312
v 216.3722 119.3771 -1.2984
v 216.3368 119.413 -1.5313
v 216.2731 119.5034 -1.4751
v 216.3971 119.4961 -1.4615
v 216.3368 119.413 -1.5313
v 216.2731 119.5034 -1.4751
v 216.3971 119.4961 -1.4615
v 216.3618 119.532 -1.6945
v 216.298 119.6224 -1.6383
v 216.422 119.615 -1.6247
v 216.3618 119.532 -1.6945
v 216.298 119.6224 -1.6383
v 216.422 119.615 -1.6247
v 216.3867 119.651 -1.8576
v 216.3229 119.7414 -1.8014
v 216.4469 119.734 -1.7878

# 18 faces
f -18 -15 -17 
f -17 -15 -14 
f -17 -14 -16 
f -16 -14 -13 
f -16 -13 -18 
f -18 -13 -15 
f -12 -9 -11 
f -11 -9 -8 
f -11 -8 -10 
f -10 -8 -7 
f -10 -7 -12 
f -12 -7 -9 
f -6 -3 -5 
f -5 -3 -2 
f -5 -2 -4 
f -4 -2 -1 
f -4 -1 -6 
f -6 -1 -3 

g carrot_Petiole
s off

usemtl carrot_Petiole

# 18 vertices
v 216.3855 119.7082 -1.8161
v 216.3846 119.7097 -1.8154
v 216.3864 119.7093 -1.8148
v 216.3896 119.714 -1.8239
v 216.3886 119.7155 -1.8233
v 216.3904 119.7151 -1.8226
v 216.3896 119.714 -1.8239
v 216.3886 119.7155 -1.8233
v 216.3904 119.7151 -1.8226
v 216.3961 119.719 -1.8306
v 216.3953 119.7206 -1.8301
v 216.3968 119.72 -1.8291
v 216.3961 119.719 -1.8306
v 216.3953 119.7206 -1.8301
v 216.3968 119.72 -1.8291
v 216.4046 119.7228 -1.8356
v 216.404 119.7246 -1.8353
v 216.4051 119.7237 -1.834

# 18 faces
f -18 -15 -17 
f -17 -15 -14 
f -17 -14 -16 
f -16 -14 -13 
f -16 -13 -18 
f -18 -13 -15 
f -12 -9 -11 
f -11 -9 -8 
f -11 -8 -10 
f -10 -8 -7 
f -10 -7 -12 
f -12 -7 -9 
f -6 -3 -5 
f -5 -3 -2 
f -5 -2 -4 
f -4 -2 -1 
f -4 -1 -6 
f -6 -1 -3 

g carrot_Leaf
s off

usemtl carrot_Leaf

# 8 vertices
v 216.4046 119.7237 -1.835
v 217.2598 120.241 -2.2644
v 217.3291 120.1424 -2.2825
v 217.7274 120.46 -2.5778
v 217.8038 120.3492 -2.5933
v 218.493 120.637 -3.02422
v 217.8536 120.2391 -2.5321
v 217.3671 120.0392 -2.2362

# 16 faces
f -8 -7 -6 
f -8 -6 -7 
f -7 -5 -6 
f -7 -6 -5 
f -5 -4 -6 
f -5 -6 -4 
f -5 -3 -4 
f -5 -4 -3 
f -4 -3 -2 
f -4 -2 -3 
f -6 -4 -2 
f -6 -2 -4 
f -6 -2 -1 
f -6 -1 -2 
f -6 -1 -8 
f -6 -8 -1 

g carrot_Petiole
s off

usemtl carrot_Petiole

# 18 vertices
v 216.3867 119.651 -1.8576
v 216.3229 119.7414 -1.8014
v 216.4469 119.734 -1.7878
v 216.4116 119.77 -2.02076
v 216.3478 119.8604 -1.9645
v 216.4718 119.853 -1.9509
v 216.4116 119.77 -2.02076
v 216.3478 119.8604 -1.9645
v 216.4718 119.853 -1.9509
v 216.4365 119.889 -2.1839
v 216.3728 119.9794 -2.1276
v 216.4967 119.972 -2.1141
v 216.4365 119.889 -2.1839
v 216.3728 119.9794 -2.1276
v 216.4967 119.972 -2.1141
v 216.4614 120.0079 -2.347
v 216.3977 120.0984 -2.2908
v 216.5217 120.091 -2.2772

# 18 faces
f -18 -15 -17 
f -17 -15 -14 
f -17 -14 -16 
f -16 -14 -13 
f -16 -13 -18 
f -18 -13 -15 
f -12 -9 -11 
f -11 -9 -8 
f -11 -8 -10 
f -10 -8 -7 
f -10 -7 -12 
f -12 -7 -9 
f -6 -3 -5 
f -5 -3 -2 
f -5 -2 -4 
f -4 -2 -1 
f -4 -1 -6 
f -6 -1 -3 

g carrot_Petiole
s off

usemtl carrot_Petiole

# 18 vertices
v 216.4603 120.0651 -2.3055
v 216.4593 120.0664 -2.3044
v 216.4612 120.0666 -2.3046
v 216.4587 120.0713 -2.3139
v 216.4577 120.0725 -2.3128
v 216.4597 120.0727 -2.3131
v 216.4587 120.0713 -2.3139
v 216.4577 120.0725 -2.3128
v 216.4597 120.0727 -2.3131
v 216.4544 120.0769 -2.3218
v 216.4535 120.078 -2.3205
v 216.4553 120.0785 -2.3211
v 216.4544 120.0769 -2.3218
v 216.4535 120.078 -2.3205
v 216.4553 120.0785 -2.3211
v 216.4477 120.0816 -2.3285
v 216.4469 120.0826 -2.327
v 216.4484 120.0834 -2.328

# 18 faces
f -18 -15 -17 
f -17 -15 -14 
f -17 -14 -16 
f -16 -14 -13 
f -16 -13 -18 
f -18 -13 -15 
f -12 -9 -11 
f -11 -9 -8 
f -11 -8 -10 
f -10 -8 -7 
f -10 -7 -12 
f -12 -7 -9 
f -6 -3 -5 
f -5 -3 -2 
f -5 -2 -4 
f -4 -2 -1 
f -4 -1 -6 
f -6 -1 -3 

g carrot_Leaf
s off

usemtl carrot_Leaf

# 8 vertices
v 216.4477 120.0825 -2.3278
v 215.7525 120.6812 -2.9125
v 215.7939 120.6488 -3.02244
v 215.3481 120.9274 -3.2875
v 215.3985 120.8925 -3.4082
v 214.8482 121.249 -3.9682
v 215.5111 120.8824 -3.483
v 215.891 120.6285 -3.08874

# 16 faces
f -8 -7 -6 
f -8 -6 -7 
f -7 -5 -6 
f -7 -6 -5 
f -5 -4 -6 
f -5 -6 -4 
f -5 -3 -4 
f -5 -4 -3 
f -4 -3 -2 
f -4 -2 -3 
f -6 -4 -2 
f -6 -2 -4 
f -6 -2 -1 
f -6 -1 -2 
f -6 -1 -8 
f -6 -8 -1 

g carrot_Petiole
s off

usemtl carrot_Petiole

# 18 vertices
v 216.4614 120.0079 -2.347
v 216.3977 120.0984 -2.2908
v 216.5217 120.091 -2.2772
v 216.4863 120.1269 -2.5101
v 216.4226 120.2173 -2.4539
v 216.5466 120.21 -2.4403
v 216.4863 120.1269 -2.5101
v 216.4226 120.2173 -2.4539
v 216.5466 120.21 -2.4403
v 216.5113 120.2459 -2.6733
v 216.4475 120.3363 -2.617
v 216.5715 120.329 -2.6035
v 216.5113 120.2459 -2.6733
v 216.4475 120.3363 -2.617
v 216.5715 120.329 -2.6035
v 216.5362 120.3649 -2.8364
v 216.4724 120.4553 -2.7802
v 216.5964 120.448 -2.7666

# 18 faces
f -18 -15 -17 
f -17 -15 -14 
f -17 -14 -16 
f -16 -14 -13 
f -16 -13 -18 
f -18 -13 -15 
f -12 -9 -11 
f -11 -9 -8 
f -11 -8 -10 
f -10 -8 -7 
f -10 -7 -12 
f -12 -7 -9 
f -6 -3 -5 
f -5 -3 -2 
f -5 -2 -4 
f -4 -2 -1 
f -4 -1 -6 
f -6 -1 -3 

g carrot_Petiole
s off

usemtl carrot_Petiole

# 18 vertices
v 216.535 120.4221 -2.7948
v 216.5341 120.4237 -2.7942
v 216.5359 120.4232 -2.7936
v 216.5391 120.4279 -2.8027
v 216.5381 120.4295 -2.8021
v 216.5399 120.429 -2.8014
v 216.5391 120.4279 -2.8027
v 216.5381 120.4295 -2.8021
v 216.5399 120.429 -2.8014
v 216.5456 120.4329 -2.8094
v 216.5448 120.4346 -2.8089
v 216.5463 120.4339 -2.8079
v 216.5456 120.4329 -2.8094
v 216.5448 120.4346 -2.8089
v 216.5463 120.4339 -2.8079
v 216.5541 120.4367 -2.8144
v 216.5535 120.4385 -2.8141
v 216.5546 120.4376 -2.8128

# 18 faces
f -18 -15 -17 
f -17 -15 -14 
f -17 -14 -16 
f -16 -14 -13 
f -16 -13 -18 
f -18 -13 -15 
f -12 -9 -11 
f -11 -9 -8 
f -11 -8 -10 
f -10 -8 -7 
f -10 -7 -12 
f -12 -7 -9 
f -6 -3 -5 
f -5 -3 -2 
f -5 -2 -4 
f -4 -2 -1 
f -4 -1 -6 
f -6 -1 -3 

g carrot_Leaf
s off

usemtl carrot_Leaf

# 8 vertices
v 216.5541 120.4376 -2.8138
v 217.4093 120.9549 -3.2432
v 217.4787 120.8563 -3.2613
v 217.8769 121.174 -3.5566
v 217.9533 121.0631 -3.5721
v 218.6425 121.3509 -4.003026
v 218.0031 120.953 -3.5109
v 217.5166 120.7531 -3.215

# 16 faces
f -8 -7 -6 
f -8 -6 -7 
f -7 -5 -6 
f -7 -6 -5 
f -5 -4 -6 
f -5 -6 -4 
f -5 -3 -4 
f -5 -4 -3 
f -4 -3 -2 
f -4 -2 -3 
f -6 -4 -2 
f -6 -2 -4 
f -6 -2 -1 
f -6 -1 -2 
f -6 -1 -8 
f -6 -8 -1 

g carrot_Petiole
s off

usemtl carrot_Petiole

# 18 vertices
v 216.535 120.4221 -2.7948
v 216.534 120.4235 -2.794
v 216.536 120.4234 -2.7938
v 216.5363 120.4283 -2.8033
v 216.5353 120.4297 -2.8025
v 216.5373 120.4296 -2.8022
v 216.5363 120.4283 -2.8033
v 216.5353 120.4297 -2.8025
v 216.5373 120.4296 -2.8022
v 216.5376 120.4345 -2.8118
v 216.5366 120.4359 -2.8109
v 216.5386 120.4358 -2.8107
v 216.5376 120.4345 -2.8118
v 216.5366 120.4359 -2.8109
v 216.5386 120.4358 -2.8107
v 216.5389 120.4407 -2.8203
v 216.5379 120.4421 -2.8194
v 216.5399 120.442 -2.8192

# 18 faces
f -18 -15 -17 
f -17 -15 -14 
f -17 -14 -16 
f -16 -14 -13 
f -16 -13 -18 
f -18 -13 -15 
f -12 -9 -11 
f -11 -9 -8 
f -11 -8 -10 
f -10 -8 -7 
f -10 -7 -12 
f -12 -7 -9 
f -6 -3 -5 
f -5 -3 -2 
f -5 -2 -4 
f -4 -2 -1 
f -4 -1 -6 
f -6 -1 -3 

g carrot_Leaf
s off

usemtl carrot_Leaf

# 8 vertices
v 216.5389 120.4416 -2.8197
v 216.6561 121.1954 -3.5952
v 216.7357 121.1337 -3.6639
v 216.7018 121.5381 -4.09056
v 216.793 121.4688 -4.1629
v 216.8935 121.9475 -4.873
v 216.9103 121.4013 -4.1584
v 216.8332 121.0649 -3.6633

# 16 faces
f -8 -7 -6 
f -8 -6 -7 
f -7 -5 -6 
f -7 -6 -5 
f -5 -4 -6 
f -5 -6 -4 
f -5 -3 -4 
f -5 -4 -3 
f -4 -3 -2 
f -4 -2 -3 
f -6 -4 -2 
f -6 -2 -4 
f -6 -2 -1 
f -6 -1 -2 
f -6 -1 -8 
f -6 -8 -1 

g carrot_Mrstm
s off

usemtl carrot_Mrstm

# 8 vertices
v 215.849 116.8417 1.5313
v 215.8392 116.8632 1.5116
v 215.8522 116.8652 1.521
v 215.84 116.8862 1.4979
v 215.8564 116.8891 1.5084
v 215.8607 116.9092 1.4925
v 215.8675 116.8655 1.5236
v 215.8735 116.8883 1.5106

# 16 faces
f -8 -7 -6 
f -8 -6 -7 
f -6 -7 -5 
f -6 -5 -7 
f -6 -5 -4 
f -6 -4 -5 
f -5 -3 -4 
f -5 -4 -3 
f -6 -2 -8 
f -6 -8 -2 
f -2 -6 -4 
f -2 -4 -6 
f -1 -2 -4 
f -1 -4 -2 
f -1 -4 -3 
f -1 -3 -4 

g carrot_Mrstm
s off

usemtl carrot_Mrstm

# 8 vertices
v 215.849 116.8417 1.5313
v 215.8391 116.8707 1.5282
v 215.852 116.8649 1.5203
v 215.8383 116.8954 1.5179
v 215.8536 116.889 1.5073
v 215.8507 116.9107 1.4935
v 215.8592 116.8593 1.5077
v 215.8605 116.8819 1.4932

# 16 faces
f -8 -7 -6 
f -8 -6 -7 
f -6 -7 -5 
f -6 -5 -7 
f -6 -5 -4 
f -6 -4 -5 
f -5 -3 -4 
f -5 -4 -3 
f -6 -2 -8 
f -6 -8 -2 
f -2 -6 -4 
f -2 -4 -6 
f -1 -2 -4 
f -1 -4 -2 
f -1 -4 -3 
f -1 -3 -4 

g carrot_Mrstm
s off

usemtl carrot_Mrstm

# 8 vertices
v 215.849 116.8417 1.5313
v 215.8563 116.8715 1.5341
v 215.8512 116.865 1.5202
v 215.8585 116.8971 1.5265
v 215.8517 116.8901 1.5094
v 215.849 116.915 1.5025
v 215.8405 116.862 1.5093
v 215.839 116.8865 1.4983

# 16 faces
f -8 -7 -6 
f -8 -6 -7 
f -6 -7 -5 
f -6 -5 -7 
f -6 -5 -4 
f -6 -4 -5 
f -5 -3 -4 
f -5 -4 -3 
f -6 -2 -8 
f -6 -8 -2 
f -2 -6 -4 
f -2 -4 -6 
f -1 -2 -4 
f -1 -4 -2 
f -1 -4 -3 
f -1 -3 -4 

g carrot_Mrstm
s off

usemtl carrot_Mrstm

# 8 vertices
v 215.849 116.8417 1.5313
v 215.8671 116.8645 1.5213
v 215.8509 116.8653 1.5208
v 215.8729 116.8889 1.5119
v 215.8533 116.891 1.5118
v 215.8579 116.9161 1.5072
v 215.8371 116.87 1.5262
v 215.8384 116.8958 1.5189

# 16 faces
f -8 -7 -6 
f -8 -6 -7 
f -6 -7 -5 
f -6 -5 -7 
f -6 -5 -4 
f -6 -4 -5 
f -5 -3 -4 
f -5 -4 -3 
f -6 -2 -8 
f -6 -8 -2 
f -2 -6 -4 
f -2 -4 -6 
f -1 -2 -4 
f -1 -4 -2 
f -1 -4 -3 
f -1 -3 -4 

g carrot_Mrstm
s off

usemtl carrot_Mrstm

# 8 vertices
v 215.849 116.8417 1.5313
v 215.8567 116.8594 1.5073
v 215.8515 116.8655 1.5214
v 215.8617 116.8822 1.4941
v 215.8562 116.8904 1.5112
v 215.8652 116.9126 1.5011
v 215.8536 116.8722 1.5352
v 215.8596 116.8971 1.5268

# 16 faces
f -8 -7 -6 
f -8 -6 -7 
f -6 -7 -5 
f -6 -5 -7 
f -6 -5 -4 
f -6 -4 -5 
f -5 -3 -4 
f -5 -4 -3 
f -6 -2 -8 
f -6 -8 -2 
f -2 -6 -4 
f -2 -4 -6 
f -1 -2 -4 
f -1 -4 -2 
f -1 -4 -3 
f -1 -3 -4 

g carrot_Intrnd
s off

usemtl carrot_Intrnd

# 18 vertices
v 215.6458 116.9134 1.7088
v 216.1157 116.8636 1.6112
v 215.7827 116.7492 1.2763
v 215.6502 117.0656 1.6524
v 216.1201 117.0158 1.5548
v 215.7872 116.9013 1.2199
v 215.6502 117.0656 1.6524
v 216.1201 117.0158 1.5548
v 215.7872 116.9013 1.2199
v 215.6433 117.1951 1.6151
v 216.1128 117.1841 1.5046
v 215.7799 117.0697 1.1697
v 215.6433 117.1951 1.6151
v 216.1128 117.1841 1.5046
v 215.7799 117.0697 1.1697
v 215.6268 117.3261 1.5867
v 216.093 117.3545 1.466
v 215.7601 117.2401 1.1311

# 18 faces
f -18 -15 -17 
f -17 -15 -14 
f -17 -14 -16 
f -16 -14 -13 
f -16 -13 -18 
f -18 -13 -15 
f -12 -9 -11 
f -11 -9 -8 
f -11 -8 -10 
f -10 -8 -7 
f -10 -7 -12 
f -12 -7 -9 
f -6 -3 -5 
f -5 -3 -2 
f -5 -2 -4 
f -4 -2 -1 
f -4 -1 -6 
f -6 -1 -3 

g carrot_Petiole
s off

usemtl carrot_Petiole

# 18 vertices
v 215.7781 117.2998 1.4452
v 215.8947 117.3249 1.4113
v 215.8092 117.2955 1.3253
v 215.6179 117.9551 1.3806
v 215.7345 117.9803 1.3467
v 215.6489 117.9509 1.2607
v 215.6179 117.9551 1.3806
v 215.7345 117.9803 1.3467
v 215.6489 117.9509 1.2607
v 215.3837 118.5777 1.4006
v 215.4949 118.6204 1.3661
v 215.4093 118.591 1.28
v 215.3837 118.5777 1.4006
v 215.4949 118.6204 1.3661
v 215.4093 118.591 1.28
v 215.0805 119.1612 1.5027
v 215.1843 119.2207 1.4698
v 215.0987 119.1913 1.3838

# 18 faces
f -18 -15 -17 
f -17 -15 -14 
f -17 -14 -16 
f -16 -14 -13 
f -16 -13 -18 
f -18 -13 -15 
f -12 -9 -11 
f -11 -9 -8 
f -11 -8 -10 
f -10 -8 -7 
f -10 -7 -12 
f -12 -7 -9 
f -6 -3 -5 
f -5 -3 -2 
f -5 -2 -4 
f -4 -2 -1 
f -4 -1 -6 
f -6 -1 -3 

g carrot_Petiole
s off

usemtl carrot_Petiole

# 18 vertices
v 215.0805 119.1612 1.5027
v 215.1843 119.2207 1.4698
v 215.0987 119.1913 1.3838
v 214.9881 119.3396 1.5337
v 215.0918 119.3991 1.5008
v 215.0062 119.3697 1.4147
v 214.9881 119.3396 1.5337
v 215.0918 119.3991 1.5008
v 215.0062 119.3697 1.4147
v 214.8956 119.518 1.5646
v 214.9993 119.5775 1.5318
v 214.9138 119.5481 1.4457
v 214.8956 119.518 1.5646
v 214.9993 119.5775 1.5318
v 214.9138 119.5481 1.4457
v 214.8031 119.6965 1.5956
v 214.9069 119.7559 1.5627
v 214.8213 119.7265 1.4766

# 18 faces
f -18 -15 -17 
f -17 -15 -14 
f -17 -14 -16 
f -16 -14 -13 
f -16 -13 -18 
f -18 -13 -15 
f -12 -9 -11 
f -11 -9 -8 
f -11 -8 -10 
f -10 -8 -7 
f -10 -7 -12 
f -12 -7 -9 
f -6 -3 -5 
f -5 -3 -2 
f -5 -2 -4 
f -4 -2 -1 
f -4 -1 -6 
f -6 -1 -3 

g carrot_Petiole
s off

usemtl carrot_Petiole

# 18 vertices
v 214.8433 119.726 1.5455
v 214.845 119.7267 1.5449
v 214.8435 119.7267 1.5437
v 214.8406 119.7356 1.549
v 214.8423 119.7363 1.5484
v 214.8408 119.7363 1.5472
v 214.8406 119.7356 1.549
v 214.8423 119.7363 1.5484
v 214.8408 119.7363 1.5472
v 214.8402 119.7448 1.5541
v 214.842 119.7453 1.5535
v 214.8404 119.7458 1.5525
v 214.8402 119.7448 1.5541
v 214.842 119.7453 1.5535
v 214.8404 119.7458 1.5525
v 214.8421 119.753 1.5605
v 214.8439 119.7533 1.5597
v 214.8423 119.7542 1.559

# 18 faces
f -18 -15 -17 
f -17 -15 -14 
f -17 -14 -16 
f -16 -14 -13 
f -16 -13 -18 
f -18 -13 -15 
f -12 -9 -11 
f -11 -9 -8 
f -11 -8 -10 
f -10 -8 -7 
f -10 -7 -12 
f -12 -7 -9 
f -6 -3 -5 
f -5 -3 -2 
f -5 -2 -4 
f -4 -2 -1 
f -4 -1 -6 
f -6 -1 -3 

g carrot_Leaf
s off

usemtl carrot_Leaf

# 8 vertices
v 214.8428 119.7535 1.5597
v 215.1358 120.6461 2.1068
v 215.0288 120.6657 2.1615
v 215.2606 121.094 2.4917
v 215.1395 121.1155 2.5483
v 215.2833 121.7676 3.09299
v 215.0067 121.1279 2.525
v 214.9104 120.6674 2.1477

# 16 faces
f -8 -7 -6 
f -8 -6 -7 
f -7 -5 -6 
f -7 -6 -5 
f -5 -4 -6 
f -5 -6 -4 
f -5 -3 -4 
f -5 -4 -3 
f -4 -3 -2 
f -4 -2 -3 
f -6 -4 -2 
f -6 -2 -4 
f -6 -2 -1 
f -6 -1 -2 
f -6 -1 -8 
f -6 -8 -1 

g carrot_Petiole
s off

usemtl carrot_Petiole

# 18 vertices
v 214.8031 119.6965 1.5956
v 214.9069 119.7559 1.5627
v 214.8213 119.7265 1.4766
v 214.7106 119.8749 1.6265
v 214.8144 119.9343 1.5937
v 214.7288 119.9049 1.5076
v 214.7106 119.8749 1.6265
v 214.8144 119.9343 1.5937
v 214.7288 119.9049 1.5076
v 214.6182 120.0533 1.6575
v 214.7219 120.1127 1.6246
v 214.6364 120.0833 1.5385
v 214.6182 120.0533 1.6575
v 214.7219 120.1127 1.6246
v 214.6364 120.0833 1.5385
v 214.5257 120.2317 1.6884
v 214.6295 120.2912 1.6556
v 214.5439 120.2617 1.5695

# 18 faces
f -18 -15 -17 
f -17 -15 -14 
f -17 -14 -16 
f -16 -14 -13 
f -16 -13 -18 
f -18 -13 -15 
f -12 -9 -11 
f -11 -9 -8 
f -11 -8 -10 
f -10 -8 -7 
f -10 -7 -12 
f -12 -7 -9 
f -6 -3 -5 
f -5 -3 -2 
f -5 -2 -4 
f -4 -2 -1 
f -4 -1 -6 
f -6 -1 -3 

g carrot_Petiole
s off

usemtl carrot_Petiole

# 18 vertices
v 214.5659 120.2612 1.6384
v 214.5674 120.2624 1.6379
v 214.5663 120.2615 1.6365
v 214.5593 120.2695 1.638
v 214.5608 120.2706 1.6375
v 214.5598 120.2697 1.6361
v 214.5593 120.2695 1.638
v 214.5608 120.2706 1.6375
v 214.5598 120.2697 1.6361
v 214.5515 120.2762 1.6356
v 214.5528 120.2775 1.6351
v 214.5521 120.2762 1.6338
v 214.5515 120.2762 1.6356
v 214.5528 120.2775 1.6351
v 214.5521 120.2762 1.6338
v 214.5429 120.2808 1.6314
v 214.544 120.2822 1.6308
v 214.5437 120.2807 1.6297

# 18 faces
f -18 -15 -17 
f -17 -15 -14 
f -17 -14 -16 
f -16 -14 -13 
f -16 -13 -18 
f -18 -13 -15 
f -12 -9 -11 
f -11 -9 -8 
f -11 -8 -10 
f -10 -8 -7 
f -10 -7 -12 
f -12 -7 -9 
f -6 -3 -5 
f -5 -3 -2 
f -5 -2 -4 
f -4 -2 -1 
f -4 -1 -6 
f -6 -1 -3 

g carrot_Leaf
s off

usemtl carrot_Leaf

# 8 vertices
v 214.5436 120.2812 1.6307
v 213.7602 120.8223 1.1058
v 213.6741 120.7366 1.1153
v 213.2679 121.101 0.8952
v 213.1753 121.0025 0.904
v 212.4608 121.3679 0.5902
v 213.1506 120.8711 0.8827
v 213.6506 120.62 1.1079

# 16 faces
f -8 -7 -6 
f -8 -6 -7 
f -7 -5 -6 
f -7 -6 -5 
f -5 -4 -6 
f -5 -6 -4 
f -5 -3 -4 
f -5 -4 -3 
f -4 -3 -2 
f -4 -2 -3 
f -6 -4 -2 
f -6 -2 -4 
f -6 -2 -1 
f -6 -1 -2 
f -6 -1 -8 
f -6 -8 -1 

g carrot_Petiole
s off

usemtl carrot_Petiole

# 18 vertices
v 214.5257 120.2317 1.6884
v 214.6295 120.2912 1.6556
v 214.5439 120.2617 1.5695
v 214.4332 120.4101 1.7194
v 214.537 120.4696 1.6865
v 214.4514 120.4402 1.6004
v 214.4332 120.4101 1.7194
v 214.537 120.4696 1.6865
v 214.4514 120.4402 1.6004
v 214.3408 120.5885 1.7503
v 214.4445 120.648 1.7175
v 214.3589 120.6186 1.6314
v 214.3408 120.5885 1.7503
v 214.4445 120.648 1.7175
v 214.3589 120.6186 1.6314
v 214.2483 120.7669 1.7813
v 214.3521 120.8264 1.7484
v 214.2665 120.797 1.6624

# 18 faces
f -18 -15 -17 
f -17 -15 -14 
f -17 -14 -16 
f -16 -14 -13 
f -16 -13 -18 
f -18 -13 -15 
f -12 -9 -11 
f -11 -9 -8 
f -11 -8 -10 
f -10 -8 -7 
f -10 -7 -12 
f -12 -7 -9 
f -6 -3 -5 
f -5 -3 -2 
f -5 -2 -4 
f -4 -2 -1 
f -4 -1 -6 
f -6 -1 -3 

g carrot_Petiole
s off

usemtl carrot_Petiole

# 18 vertices
v 214.2885 120.7964 1.7312
v 214.2902 120.7971 1.7307
v 214.2887 120.7971 1.7294
v 214.2858 120.8061 1.7347
v 214.2875 120.8067 1.7342
v 214.286 120.8068 1.7329
v 214.2858 120.8061 1.7347
v 214.2875 120.8067 1.7342
v 214.286 120.8068 1.7329
v 214.2854 120.8153 1.7399
v 214.2872 120.8157 1.7392
v 214.2856 120.8162 1.7382
v 214.2854 120.8153 1.7399
v 214.2872 120.8157 1.7392
v 214.2856 120.8162 1.7382
v 214.2873 120.8235 1.7462
v 214.2891 120.8237 1.7454
v 214.2875 120.8247 1.7447

# 18 faces
f -18 -15 -17 
f -17 -15 -14 
f -17 -14 -16 
f -16 -14 -13 
f -16 -13 -18 
f -18 -13 -15 
f -12 -9 -11 
f -11 -9 -8 
f -11 -8 -10 
f -10 -8 -7 
f -10 -7 -12 
f -12 -7 -9 
f -6 -3 -5 
f -5 -3 -2 
f -5 -2 -4 
f -4 -2 -1 
f -4 -1 -6 
f -6 -1 -3 

g carrot_Leaf
s off

usemtl carrot_Leaf

# 8 vertices
v 214.288 120.824 1.7455
v 214.581 121.7166 2.2925
v 214.474 121.7362 2.3472
v 214.7058 122.1645 2.6774
v 214.5847 122.186 2.734
v 214.7285 122.8381 3.2787
v 214.4519 122.1984 2.7107
v 214.3556 121.7378 2.3334

# 16 faces
f -8 -7 -6 
f -8 -6 -7 
f -7 -5 -6 
f -7 -6 -5 
f -5 -4 -6 
f -5 -6 -4 
f -5 -3 -4 
f -5 -4 -3 
f -4 -3 -2 
f -4 -2 -3 
f -6 -4 -2 
f -6 -2 -4 
f -6 -2 -1 
f -6 -1 -2 
f -6 -1 -8 
f -6 -8 -1 

g carrot_Petiole
s off

usemtl carrot_Petiole

# 18 vertices
v 214.2483 120.7669 1.7813
v 214.3521 120.8264 1.7484
v 214.2665 120.797 1.6624
v 214.1558 120.9454 1.8122
v 214.2596 121.0048 1.7794
v 214.174 120.9754 1.6933
v 214.1558 120.9454 1.8122
v 214.2596 121.0048 1.7794
v 214.174 120.9754 1.6933
v 214.0634 121.1238 1.8432
v 214.1671 121.1832 1.8103
v 214.0815 121.1538 1.7243
v 214.0634 121.1238 1.8432
v 214.1671 121.1832 1.8103
v 214.0815 121.1538 1.7243
v 213.9709 121.3022 1.8741
v 214.0746 121.3616 1.8413
v 213.9891 121.3322 1.7552

# 18 faces
f -18 -15 -17 
f -17 -15 -14 
f -17 -14 -16 
f -16 -14 -13 
f -16 -13 -18 
f -18 -13 -15 
f -12 -9 -11 
f -11 -9 -8 
f -11 -8 -10 
f -10 -8 -7 
f -10 -7 -12 
f -12 -7 -9 
f -6 -3 -5 
f -5 -3 -2 
f -5 -2 -4 
f -4 -2 -1 
f -4 -1 -6 
f -6 -1 -3 

g carrot_Petiole
s off

usemtl carrot_Petiole

# 18 vertices
v 214.0111 121.3317 1.8241
v 214.0126 121.3328 1.8236
v 214.0115 121.3319 1.8222
v 214.0045 121.34 1.8237
v 214.006 121.3411 1.8232
v 214.005 121.3402 1.8218
v 214.0045 121.34 1.8237
v 214.006 121.3411 1.8232
v 214.005 121.3402 1.8218
v 213.9967 121.3466 1.8213
v 213.998 121.348 1.8208
v 213.9973 121.3467 1.8195
v 213.9967 121.3466 1.8213
v 213.998 121.348 1.8208
v 213.9973 121.3467 1.8195
v 213.9881 121.3512 1.8172
v 213.9892 121.3527 1.8166
v 213.9889 121.3512 1.8154

# 18 faces
f -18 -15 -17 
f -17 -15 -14 
f -17 -14 -16 
f -16 -14 -13 
f -16 -13 -18 
f -18 -13 -15 
f -12 -9 -11 
f -11 -9 -8 
f -11 -8 -10 
f -10 -8 -7 
f -10 -7 -12 
f -12 -7 -9 
f -6 -3 -5 
f -5 -3 -2 
f -5 -2 -4 
f -4 -2 -1 
f -4 -1 -6 
f -6 -1 -3 

g carrot_Leaf
s off

usemtl carrot_Leaf

# 8 vertices
v 213.9888 121.3517 1.8164
v 213.2054 121.8927 1.2915
v 213.1193 121.8071 1.301
v 212.7131 122.1714 1.08099
v 212.6205 122.073 1.08977
v 211.906 122.4384 0.7759
v 212.5958 121.9416 1.0685
v 213.0958 121.6904 1.2936

# 16 faces
f -8 -7 -6 
f -8 -6 -7 
f -7 -5 -6 
f -7 -6 -5 
f -5 -4 -6 
f -5 -6 -4 
f -5 -3 -4 
f -5 -4 -3 
f -4 -3 -2 
f -4 -2 -3 
f -6 -4 -2 
f -6 -2 -4 
f -6 -2 -1 
f -6 -1 -2 
f -6 -1 -8 
f -6 -8 -1 

g carrot_Petiole
s off

usemtl carrot_Petiole

# 18 vertices
v 213.9709 121.3022 1.8741
v 214.0746 121.3616 1.8413
v 213.9891 121.3322 1.7552
v 213.8784 121.4806 1.9051
v 213.9822 121.54 1.8722
v 213.8966 121.5106 1.7862
v 213.8784 121.4806 1.9051
v 213.9822 121.54 1.8722
v 213.8966 121.5106 1.7862
v 213.786 121.659 1.936
v 213.8897 121.7185 1.9032
v 213.8041 121.689 1.8171
v 213.786 121.659 1.936
v 213.8897 121.7185 1.9032
v 213.8041 121.689 1.8171
v 213.6935 121.8374 1.967
v 213.7972 121.8969 1.9341
v 213.7117 121.8675 1.8481

# 18 faces
f -18 -15 -17 
f -17 -15 -14 
f -17 -14 -16 
f -16 -14 -13 
f -16 -13 -18 
f -18 -13 -15 
f -12 -9 -11 
f -11 -9 -8 
f -11 -8 -10 
f -10 -8 -7 
f -10 -7 -12 
f -12 -7 -9 
f -6 -3 -5 
f -5 -3 -2 
f -5 -2 -4 
f -4 -2 -1 
f -4 -1 -6 
f -6 -1 -3 

g carrot_Petiole
s off

usemtl carrot_Petiole

# 18 vertices
v 213.7337 121.8669 1.917
v 213.7354 121.8676 1.9164
v 213.7339 121.8676 1.9152
v 213.731 121.8765 1.9204
v 213.7327 121.8772 1.9199
v 213.7312 121.8772 1.9187
v 213.731 121.8765 1.9204
v 213.7327 121.8772 1.9199
v 213.7312 121.8772 1.9187
v 213.7306 121.8858 1.9256
v 213.7323 121.8862 1.9249
v 213.7307 121.8867 1.9239
v 213.7306 121.8858 1.9256
v 213.7323 121.8862 1.9249
v 213.7307 121.8867 1.9239
v 213.7325 121.894 1.932
v 213.7343 121.8942 1.9311
v 213.7327 121.8951 1.9304

# 18 faces
f -18 -15 -17 
f -17 -15 -14 
f -17 -14 -16 
f -16 -14 -13 
f -16 -13 -18 
f -18 -13 -15 
f -12 -9 -11 
f -11 -9 -8 
f -11 -8 -10 
f -10 -8 -7 
f -10 -7 -12 
f -12 -7 -9 
f -6 -3 -5 
f -5 -3 -2 
f -5 -2 -4 
f -4 -2 -1 
f -4 -1 -6 
f -6 -1 -3 

g carrot_Leaf
s off

usemtl carrot_Leaf

# 8 vertices
v 213.7332 121.8944 1.9312
v 214.0262 122.787 2.4783
v 213.9192 122.8067 2.533
v 214.151 123.235 2.8632
v 214.0299 123.2565 2.9197
v 214.1736 123.9086 3.4644
v 213.897 123.2689 2.8964
v 213.8008 122.8083 2.5191

# 16 faces
f -8 -7 -6 
f -8 -6 -7 
f -7 -5 -6 
f -7 -6 -5 
f -5 -4 -6 
f -5 -6 -4 
f -5 -3 -4 
f -5 -4 -3 
f -4 -3 -2 
f -4 -2 -3 
f -6 -4 -2 
f -6 -2 -4 
f -6 -2 -1 
f -6 -1 -2 
f -6 -1 -8 
f -6 -8 -1 

g carrot_Petiole
s off

usemtl carrot_Petiole

# 18 vertices
v 213.6935 121.8374 1.967
v 213.7972 121.8969 1.9341
v 213.7117 121.8675 1.8481
v 213.601 122.0158 1.9979
v 213.7048 122.0753 1.9651
v 213.6192 122.0459 1.879
v 213.601 122.0158 1.9979
v 213.7048 122.0753 1.9651
v 213.6192 122.0459 1.879
v 213.5086 122.1942 2.02894
v 213.6123 122.2537 1.996
v 213.5267 122.2243 1.91
v 213.5086 122.1942 2.02894
v 213.6123 122.2537 1.996
v 213.5267 122.2243 1.91
v 213.4161 122.3727 2.05989
v 213.5198 122.4321 2.02704
v 213.4343 122.4027 1.9409

# 18 faces
f -18 -15 -17 
f -17 -15 -14 
f -17 -14 -16 
f -16 -14 -13 
f -16 -13 -18 
f -18 -13 -15 
f -12 -9 -11 
f -11 -9 -8 
f -11 -8 -10 
f -10 -8 -7 
f -10 -7 -12 
f -12 -7 -9 
f -6 -3 -5 
f -5 -3 -2 
f -5 -2 -4 
f -4 -2 -1 
f -4 -1 -6 
f -6 -1 -3 

g carrot_Petiole
s off

usemtl carrot_Petiole

# 18 vertices
v 213.4563 122.4022 2.009859
v 213.4578 122.4033 2.009362
v 213.4567 122.4024 2.007989
v 213.4497 122.4104 2.009467
v 213.4512 122.4116 2.008969
v 213.4501 122.4107 2.007596
v 213.4497 122.4104 2.009467
v 213.4512 122.4116 2.008969
v 213.4501 122.4107 2.007596
v 213.4419 122.4171 2.007101
v 213.4432 122.4185 2.006569
v 213.4425 122.4172 2.005265
v 213.4419 122.4171 2.007101
v 213.4432 122.4185 2.006569
v 213.4425 122.4172 2.005265
v 213.4333 122.4217 2.002933
v 213.4344 122.4232 2.00232
v 213.4341 122.4216 2.001179

# 18 faces
f -18 -15 -17 
f -17 -15 -14 
f -17 -14 -16 
f -16 -14 -13 
f -16 -13 -18 
f -18 -13 -15 
f -12 -9 -11 
f -11 -9 -8 
f -11 -8 -10 
f -10 -8 -7 
f -10 -7 -12 
f -12 -7 -9 
f -6 -3 -5 
f -5 -3 -2 
f -5 -2 -4 
f -4 -2 -1 
f -4 -1 -6 
f -6 -1 -3 

g carrot_Leaf
s off

usemtl carrot_Leaf

# 8 vertices
v 213.434 122.4222 2.00214
v 212.6506 122.9632 1.4772
v 212.5645 122.8775 1.4867
v 212.1582 123.2419 1.2667
v 212.0657 123.1435 1.2754
v 211.3512 123.5089 0.9616
v 212.041 123.0121 1.2542
v 212.541 122.7609 1.4793

# 16 faces
f -8 -7 -6 
f -8 -6 -7 
f -7 -5 -6 
f -7 -6 -5 
f -5 -4 -6 
f -5 -6 -4 
f -5 -3 -4 
f -5 -4 -3 
f -4 -3 -2 
f -4 -2 -3 
f -6 -4 -2 
f -6 -2 -4 
f -6 -2 -1 
f -6 -1 -2 
f -6 -1 -8 
f -6 -8 -1 

g carrot_Petiole
s off

usemtl carrot_Petiole

# 18 vertices
v 213.4563 122.4022 2.009859
v 213.4579 122.4031 2.009346
v 213.4566 122.4026 2.008004
v 213.4515 122.4114 2.01146
v 213.4531 122.4124 2.01095
v 213.4518 122.4119 2.009614
v 213.4515 122.4114 2.01146
v 213.4531 122.4124 2.01095
v 213.4518 122.4119 2.009614
v 213.4467 122.4207 2.01307
v 213.4483 122.4216 2.01256
v 213.447 122.4212 2.01122
v 213.4467 122.4207 2.01307
v 213.4483 122.4216 2.01256
v 213.447 122.4212 2.01122
v 213.4419 122.43 2.01468
v 213.4435 122.4309 2.01417
v 213.4422 122.4305 2.01283

# 18 faces
f -18 -15 -17 
f -17 -15 -14 
f -17 -14 -16 
f -16 -14 -13 
f -16 -13 -18 
f -18 -13 -15 
f -12 -9 -11 
f -11 -9 -8 
f -11 -8 -10 
f -10 -8 -7 
f -10 -7 -12 
f -12 -7 -9 
f -6 -3 -5 
f -5 -3 -2 
f -5 -2 -4 
f -4 -2 -1 
f -4 -1 -6 
f -6 -1 -3 

g carrot_Leaf
s off

usemtl carrot_Leaf

# 8 vertices
v 213.4425 122.4305 2.01389
v 213.048 123.4414 2.07852
v 212.9314 123.4107 2.09589
v 212.7852 123.9711 2.2002
v 212.6559 123.9341 2.2157
v 212.2501 124.6778 2.373
v 212.5555 123.8579 2.1662
v 212.843 123.3381 2.06235

# 16 faces
f -8 -7 -6 
f -8 -6 -7 
f -7 -5 -6 
f -7 -6 -5 
f -5 -4 -6 
f -5 -6 -4 
f -5 -3 -4 
f -5 -4 -3 
f -4 -3 -2 
f -4 -2 -3 
f -6 -4 -2 
f -6 -2 -4 
f -6 -2 -1 
f -6 -1 -2 
f -6 -1 -8 
f -6 -8 -1 

g carrot_Mrstm
s off

usemtl carrot_Mrstm

# 8 vertices
v 215.8276 117.3068 1.3937
v 215.8277 117.3362 1.4027
v 215.8243 117.3316 1.3875
v 215.8239 117.3626 1.4003
v 215.8189 117.3579 1.3819
v 215.8105 117.3824 1.3799
v 215.8146 117.3286 1.3758
v 215.8074 117.3538 1.3697

# 16 faces
f -8 -7 -6 
f -8 -6 -7 
f -6 -7 -5 
f -6 -5 -7 
f -6 -5 -4 
f -6 -4 -5 
f -5 -3 -4 
f -5 -4 -3 
f -6 -2 -8 
f -6 -8 -2 
f -2 -6 -4 
f -2 -4 -6 
f -1 -2 -4 
f -1 -4 -2 
f -1 -4 -3 
f -1 -3 -4 

g carrot_Mrstm
s off

usemtl carrot_Mrstm

# 8 vertices
v 215.8276 117.3068 1.3937
v 215.8398 117.3346 1.3892
v 215.8239 117.3318 1.3882
v 215.8398 117.3611 1.3851
v 215.8203 117.3586 1.3845
v 215.8189 117.3845 1.3852
v 215.8094 117.332 1.3937
v 215.8046 117.3584 1.3917

# 16 faces
f -8 -7 -6 
f -8 -6 -7 
f -6 -7 -5 
f -6 -5 -7 
f -6 -5 -4 
f -6 -4 -5 
f -5 -3 -4 
f -5 -4 -3 
f -6 -2 -8 
f -6 -8 -2 
f -2 -6 -4 
f -2 -4 -6 
f -1 -2 -4 
f -1 -4 -2 
f -1 -4 -3 
f -1 -3 -4 

g carrot_Mrstm
s off

usemtl carrot_Mrstm

# 8 vertices
v 215.8276 117.3068 1.3937
v 215.8309 117.3302 1.374
v 215.8245 117.332 1.3888
v 215.8305 117.3557 1.3659
v 215.8233 117.3589 1.3839
v 215.8268 117.3841 1.3789
v 215.825 117.3361 1.4037
v 215.825 117.3628 1.4006

# 16 faces
f -8 -7 -6 
f -8 -6 -7 
f -6 -7 -5 
f -6 -5 -7 
f -6 -5 -4 
f -6 -4 -5 
f -5 -3 -4 
f -5 -4 -3 
f -6 -2 -8 
f -6 -8 -2 
f -2 -6 -4 
f -2 -4 -6 
f -1 -2 -4 
f -1 -4 -2 
f -1 -4 -3 
f -1 -3 -4 

g carrot_Mrstm
s off

usemtl carrot_Mrstm

# 8 vertices
v 215.8276 117.3068 1.3937
v 215.8132 117.3289 1.3779
v 215.8252 117.332 1.3884
v 215.8088 117.3538 1.369
v 215.8237 117.3583 1.381
v 215.8234 117.3816 1.3697
v 215.8399 117.3353 1.3921
v 215.8405 117.361 1.3842

# 16 faces
f -8 -7 -6 
f -8 -6 -7 
f -6 -7 -5 
f -6 -5 -7 
f -6 -5 -4 
f -6 -4 -5 
f -5 -3 -4 
f -5 -4 -3 
f -6 -2 -8 
f -6 -8 -2 
f -2 -6 -4 
f -2 -4 -6 
f -1 -2 -4 
f -1 -4 -2 
f -1 -4 -3 
f -1 -3 -4 

g carrot_Mrstm
s off

usemtl carrot_Mrstm

# 8 vertices
v 215.8276 117.3068 1.3937
v 215.811 117.3326 1.3956
v 215.8251 117.3318 1.3876
v 215.8044 117.358 1.3902
v 215.8211 117.3577 1.3797
v 215.8133 117.3805 1.3702
v 215.8337 117.3307 1.3748
v 215.8299 117.3554 1.365

# 16 faces
f -8 -7 -6 
f -8 -6 -7 
f -6 -7 -5 
f -6 -5 -7 
f -6 -5 -4 
f -6 -4 -5 
f -5 -3 -4 
f -5 -4 -3 
f -6 -2 -8 
f -6 -8 -2 
f -2 -6 -4 
f -2 -4 -6 
f -1 -2 -4 
f -1 -4 -2 
f -1 -4 -3 
f -1 -3 -4 

g carrot_Intrnd
s off

usemtl carrot_Intrnd

# 18 vertices
v 216.0348 117.3042 1.389
v 215.721 117.2682 1.2201
v 215.7299 117.3479 1.5718
v 216.0357 117.4217 1.3624
v 215.7218 117.3857 1.1935
v 215.7308 117.4654 1.5452
v 216.0357 117.4217 1.3624
v 215.7218 117.3857 1.1935
v 215.7308 117.4654 1.5452
v 216.0495 117.5135 1.3412
v 215.7383 117.5144 1.1639
v 215.7472 117.5941 1.5156
v 216.0495 117.5135 1.3412
v 215.7383 117.5144 1.1639
v 215.7472 117.5941 1.5156
v 216.0748 117.6028 1.3204
v 215.7708 117.64 1.1346
v 215.7797 117.7197 1.4864

# 18 faces
f -18 -15 -17 
f -17 -15 -14 
f -17 -14 -16 
f -16 -14 -13 
f -16 -13 -18 
f -18 -13 -15 
f -12 -9 -11 
f -11 -9 -8 
f -11 -8 -10 
f -10 -8 -7 
f -10 -7 -12 
f -12 -7 -9 
f -6 -3 -5 
f -5 -3 -2 
f -5 -2 -4 
f -4 -2 -1 
f -4 -1 -6 
f -6 -1 -3 

g carrot_Petiole
s off

usemtl carrot_Petiole

# 18 vertices
v 215.9395 117.6253 1.3187
v 215.8404 117.655 1.2504
v 215.8435 117.6826 1.3722
v 216.2186 118.2261 1.1755
v 216.1194 118.2558 1.1073
v 216.1225 118.2834 1.229
v 216.2186 118.2261 1.1755
v 216.1194 118.2558 1.1073
v 216.1225 118.2834 1.229
v 216.593 118.7605 1.04503
v 216.5028 118.8058 0.973
v 216.5059 118.8334 1.09475
v 216.593 118.7605 1.04503
v 216.5028 118.8058 0.973
v 216.5059 118.8334 1.09475
v 217.056 119.224 0.9282
v 216.9774 119.2833 0.8528
v 216.9805 119.3108 0.9745

# 18 faces
f -18 -15 -17 
f -17 -15 -14 
f -17 -14 -16 
f -16 -14 -13 
f -16 -13 -18 
f -18 -13 -15 
f -12 -9 -11 
f -11 -9 -8 
f -11 -8 -10 
f -10 -8 -7 
f -10 -7 -12 
f -12 -7 -9 
f -6 -3 -5 
f -5 -3 -2 
f -5 -2 -4 
f -4 -2 -1 
f -4 -1 -6 
f -6 -1 -3 

g carrot_Petiole
s off

usemtl carrot_Petiole

# 18 vertices
v 217.056 119.224 0.9282
v 216.9774 119.2833 0.8528
v 216.9805 119.3108 0.9745
v 217.1972 119.3659 0.8925
v 217.1186 119.4251 0.8171
v 217.1217 119.4527 0.9388
v 217.1972 119.3659 0.8925
v 217.1186 119.4251 0.8171
v 217.1217 119.4527 0.9388
v 217.3384 119.5078 0.8568
v 217.2598 119.567 0.7814
v 217.2629 119.5946 0.9031
v 217.3384 119.5078 0.8568
v 217.2598 119.567 0.7814
v 217.2629 119.5946 0.9031
v 217.4796 119.6496 0.8211
v 217.401 119.7088 0.7456
v 217.4041 119.7364 0.8674

# 18 faces
f -18 -15 -17 
f -17 -15 -14 
f -17 -14 -16 
f -16 -14 -13 
f -16 -13 -18 
f -18 -13 -15 
f -12 -9 -11 
f -11 -9 -8 
f -11 -8 -10 
f -10 -8 -7 
f -10 -7 -12 
f -12 -7 -9 
f -6 -3 -5 
f -5 -3 -2 
f -5 -2 -4 
f -4 -2 -1 
f -4 -1 -6 
f -6 -1 -3 

g carrot_Petiole
s off

usemtl carrot_Petiole

# 18 vertices
v 217.4288 119.6977 0.8115
v 217.4274 119.6985 0.8104
v 217.4278 119.6993 0.8121
v 217.4358 119.7042 0.8069
v 217.4344 119.705 0.8058
v 217.4348 119.7058 0.8076
v 217.4358 119.7042 0.8069
v 217.4344 119.705 0.8058
v 217.4348 119.7058 0.8076
v 217.4419 119.7094 0.8001
v 217.4404 119.71 0.7991
v 217.4411 119.711 0.8006
v 217.4419 119.7094 0.8001
v 217.4404 119.71 0.7991
v 217.4411 119.711 0.8006
v 217.4468 119.7128 0.7913
v 217.4451 119.7132 0.7905
v 217.4461 119.7145 0.7916

# 18 faces
f -18 -15 -17 
f -17 -15 -14 
f -17 -14 -16 
f -16 -14 -13 
f -16 -13 -18 
f -18 -13 -15 
f -12 -9 -11 
f -11 -9 -8 
f -11 -8 -10 
f -10 -8 -7 
f -10 -7 -12 
f -12 -7 -9 
f -6 -3 -5 
f -5 -3 -2 
f -5 -2 -4 
f -4 -2 -1 
f -4 -1 -6 
f -6 -1 -3 

g carrot_Leaf
s off

usemtl carrot_Leaf

# 8 vertices
v 217.446 119.7135 0.7912
v 217.8265 120.1547 -0.1266
v 217.9445 120.151 -0.097
v 218.0999 120.3196 -0.6389
v 218.2301 120.3176 -0.6018
v 218.6469 120.569 -1.3129
v 218.3185 120.3512 -0.5048
v 218.0246 120.1693 -0.01059

# 16 faces
f -8 -7 -6 
f -8 -6 -7 
f -7 -5 -6 
f -7 -6 -5 
f -5 -4 -6 
f -5 -6 -4 
f -5 -3 -4 
f -5 -4 -3 
f -4 -3 -2 
f -4 -2 -3 
f -6 -4 -2 
f -6 -2 -4 
f -6 -2 -1 
f -6 -1 -2 
f -6 -1 -8 
f -6 -8 -1 

g carrot_Petiole
s off

usemtl carrot_Petiole

# 18 vertices
v 217.4796 119.6496 0.8211
v 217.401 119.7088 0.7456
v 217.4041 119.7364 0.8674
v 217.6208 119.7915 0.7854
v 217.5422 119.8507 0.7099
v 217.5453 119.8783 0.8317
v 217.6208 119.7915 0.7854
v 217.5422 119.8507 0.7099
v 217.5453 119.8783 0.8317
v 217.762 119.9333 0.7497
v 217.6834 119.9925 0.6742
v 217.6865 120.0201 0.796
v 217.762 119.9333 0.7497
v 217.6834 119.9925 0.6742
v 217.6865 120.0201 0.796
v 217.9032 120.0752 0.714
v 217.8246 120.1344 0.6385
v 217.8277 120.162 0.7602

# 18 faces
f -18 -15 -17 
f -17 -15 -14 
f -17 -14 -16 
f -16 -14 -13 
f -16 -13 -18 
f -18 -13 -15 
f -12 -9 -11 
f -11 -9 -8 
f -11 -8 -10 
f -10 -8 -7 
f -10 -7 -12 
f -12 -7 -9 
f -6 -3 -5 
f -5 -3 -2 
f -5 -2 -4 
f -4 -2 -1 
f -4 -1 -6 
f -6 -1 -3 

g carrot_Petiole
s off

usemtl carrot_Petiole

# 18 vertices
v 217.8524 120.1233 0.7043
v 217.8513 120.1244 0.7032
v 217.851 120.1245 0.7051
v 217.8595 120.131 0.7053
v 217.8585 120.1321 0.7041
v 217.8582 120.1322 0.706
v 217.8595 120.131 0.7053
v 217.8585 120.1321 0.7041
v 217.8582 120.1322 0.706
v 217.866 120.1386 0.709
v 217.8651 120.1399 0.7079
v 217.8644 120.1395 0.7097
v 217.866 120.1386 0.709
v 217.8651 120.1399 0.7079
v 217.8644 120.1395 0.7097
v 217.8712 120.1453 0.7152
v 217.8705 120.1468 0.7142
v 217.8695 120.1461 0.7157

# 18 faces
f -18 -15 -17 
f -17 -15 -14 
f -17 -14 -16 
f -16 -14 -13 
f -16 -13 -18 
f -18 -13 -15 
f -12 -9 -11 
f -11 -9 -8 
f -11 -8 -10 
f -10 -8 -7 
f -10 -7 -12 
f -12 -7 -9 
f -6 -3 -5 
f -5 -3 -2 
f -5 -2 -4 
f -4 -2 -1 
f -4 -1 -6 
f -6 -1 -3 

g carrot_Leaf
s off

usemtl carrot_Leaf

# 8 vertices
v 217.8704 120.1461 0.715
v 218.3018 120.9441 1.3142
v 218.3453 120.8737 1.4035
v 218.6256 121.3307 1.6459
v 218.6696 121.2504 1.7456
v 219.1229 121.7829 2.2492
v 218.6354 121.1526 1.8328
v 218.323 120.7809 1.475

# 16 faces
f -8 -7 -6 
f -8 -6 -7 
f -7 -5 -6 
f -7 -6 -5 
f -5 -4 -6 
f -5 -6 -4 
f -5 -3 -4 
f -5 -4 -3 
f -4 -3 -2 
f -4 -2 -3 
f -6 -4 -2 
f -6 -2 -4 
f -6 -2 -1 
f -6 -1 -2 
f -6 -1 -8 
f -6 -8 -1 

g carrot_Petiole
s off

usemtl carrot_Petiole

# 18 vertices
v 217.9032 120.0752 0.714
v 217.8246 120.1344 0.6385
v 217.8277 120.162 0.7602
v 218.0444 120.217 0.6782
v 217.9658 120.2762 0.6028
v 217.9689 120.3038 0.7245
v 218.0444 120.217 0.6782
v 217.9658 120.2762 0.6028
v 217.9689 120.3038 0.7245
v 218.1856 120.3589 0.6425
v 218.107 120.4181 0.5671
v 218.1101 120.4457 0.6888
v 218.1856 120.3589 0.6425
v 218.107 120.4181 0.5671
v 218.1101 120.4457 0.6888
v 218.3268 120.5007 0.6068
v 218.2482 120.5599 0.5314
v 218.2513 120.5875 0.6531

# 18 faces
f -18 -15 -17 
f -17 -15 -14 
f -17 -14 -16 
f -16 -14 -13 
f -16 -13 -18 
f -18 -13 -15 
f -12 -9 -11 
f -11 -9 -8 
f -11 -8 -10 
f -10 -8 -7 
f -10 -7 -12 
f -12 -7 -9 
f -6 -3 -5 
f -5 -3 -2 
f -5 -2 -4 
f -4 -2 -1 
f -4 -1 -6 
f -6 -1 -3 

g carrot_Petiole
s off

usemtl carrot_Petiole

# 18 vertices
v 218.276 120.5489 0.5972
v 218.2746 120.5496 0.5961
v 218.275 120.5504 0.5978
v 218.283 120.5554 0.5927
v 218.2816 120.5561 0.5916
v 218.282 120.5569 0.5933
v 218.283 120.5554 0.5927
v 218.2816 120.5561 0.5916
v 218.282 120.5569 0.5933
v 218.2892 120.5605 0.5858
v 218.2876 120.5611 0.5848
v 218.2883 120.5621 0.5863
v 218.2892 120.5605 0.5858
v 218.2876 120.5611 0.5848
v 218.2883 120.5621 0.5863
v 218.294 120.5639 0.577
v 218.2923 120.5644 0.5763
v 218.2933 120.5657 0.5773

# 18 faces
f -18 -15 -17 
f -17 -15 -14 
f -17 -14 -16 
f -16 -14 -13 
f -16 -13 -18 
f -18 -13 -15 
f -12 -9 -11 
f -11 -9 -8 
f -11 -8 -10 
f -10 -8 -7 
f -10 -7 -12 
f -12 -7 -9 
f -6 -3 -5 
f -5 -3 -2 
f -5 -2 -4 
f -4 -2 -1 
f -4 -1 -6 
f -6 -1 -3 

g carrot_Leaf
s off

usemtl carrot_Leaf

# 8 vertices
v 218.2932 120.5646 0.5769
v 218.6737 121.0058 -0.3409
v 218.7918 121.0021 -0.3112
v 218.9471 121.1707 -0.8532
v 219.0773 121.1688 -0.8161
v 219.4942 121.4201 -1.5272
v 219.1657 121.2023 -0.7191
v 218.8718 121.0204 -0.2248

# 16 faces
f -8 -7 -6 
f -8 -6 -7 
f -7 -5 -6 
f -7 -6 -5 
f -5 -4 -6 
f -5 -6 -4 
f -5 -3 -4 
f -5 -4 -3 
f -4 -3 -2 
f -4 -2 -3 
f -6 -4 -2 
f -6 -2 -4 
f -6 -2 -1 
f -6 -1 -2 
f -6 -1 -8 
f -6 -8 -1 

g carrot_Petiole
s off

usemtl carrot_Petiole

# 18 vertices
v 218.3268 120.5007 0.6068
v 218.2482 120.5599 0.5314
v 218.2513 120.5875 0.6531
v 218.468 120.6426 0.5711
v 218.3894 120.7018 0.4956
v 218.3925 120.7294 0.6174
v 218.468 120.6426 0.5711
v 218.3894 120.7018 0.4956
v 218.3925 120.7294 0.6174
v 218.6092 120.7844 0.5354
v 218.5306 120.8437 0.4599
v 218.5337 120.8712 0.5817
v 218.6092 120.7844 0.5354
v 218.5306 120.8437 0.4599
v 218.5337 120.8712 0.5817
v 218.7504 120.9263 0.4997
v 218.6718 120.9855 0.4242
v 218.6749 121.0131 0.546

# 18 faces
f -18 -15 -17 
f -17 -15 -14 
f -17 -14 -16 
f -16 -14 -13 
f -16 -13 -18 
f -18 -13 -15 
f -12 -9 -11 
f -11 -9 -8 
f -11 -8 -10 
f -10 -8 -7 
f -10 -7 -12 
f -12 -7 -9 
f -6 -3 -5 
f -5 -3 -2 
f -5 -2 -4 
f -4 -2 -1 
f -4 -1 -6 
f -6 -1 -3 

g carrot_Petiole
s off

usemtl carrot_Petiole

# 18 vertices
v 218.6996 120.9744 0.4901
v 218.6986 120.9755 0.4889
v 218.6983 120.9756 0.4908
v 218.7068 120.9822 0.491
v 218.7057 120.9833 0.4898
v 218.7054 120.9833 0.4918
v 218.7068 120.9822 0.491
v 218.7057 120.9833 0.4898
v 218.7054 120.9833 0.4918
v 218.7132 120.9897 0.4947
v 218.7123 120.991 0.4936
v 218.7117 120.9907 0.4954
v 218.7132 120.9897 0.4947
v 218.7123 120.991 0.4936
v 218.7117 120.9907 0.4954
v 218.7184 120.9965 0.5009
v 218.7177 120.9979 0.4999
v 218.7168 120.9973 0.5015

# 18 faces
f -18 -15 -17 
f -17 -15 -14 
f -17 -14 -16 
f -16 -14 -13 
f -16 -13 -18 
f -18 -13 -15 
f -12 -9 -11 
f -11 -9 -8 
f -11 -8 -10 
f -10 -8 -7 
f -10 -7 -12 
f -12 -7 -9 
f -6 -3 -5 
f -5 -3 -2 
f -5 -2 -4 
f -4 -2 -1 
f -4 -1 -6 
f -6 -1 -3 

g carrot_Leaf
s off

usemtl carrot_Leaf

# 8 vertices
v 218.7176 120.9972 0.5008
v 219.149 121.7952 1.09998
v 219.1925 121.7248 1.1892
v 219.4728 122.1819 1.4317
v 219.5169 122.1015 1.5313
v 219.9701 122.634 2.03501
v 219.4826 122.0037 1.6185
v 219.1702 121.6321 1.2608

# 16 faces
f -8 -7 -6 
f -8 -6 -7 
f -7 -5 -6 
f -7 -6 -5 
f -5 -4 -6 
f -5 -6 -4 
f -5 -3 -4 
f -5 -4 -3 
f -4 -3 -2 
f -4 -2 -3 
f -6 -4 -2 
f -6 -2 -4 
f -6 -2 -1 
f -6 -1 -2 
f -6 -1 -8 
f -6 -8 -1 

g carrot_Petiole
s off

usemtl carrot_Petiole

# 18 vertices
v 218.7504 120.9263 0.4997
v 218.6718 120.9855 0.4242
v 218.6749 121.0131 0.546
v 218.8916 121.0681 0.464
v 218.813 121.1274 0.3885
v 218.8161 121.1549 0.5103
v 218.8916 121.0681 0.464
v 218.813 121.1274 0.3885
v 218.8161 121.1549 0.5103
v 219.0328 121.21 0.4283
v 218.9542 121.2692 0.3528
v 218.9573 121.2968 0.4745
v 219.0328 121.21 0.4283
v 218.9542 121.2692 0.3528
v 218.9573 121.2968 0.4745
v 219.174 121.3518 0.3925
v 219.0954 121.4111 0.3171
v 219.0985 121.4386 0.4388

# 18 faces
f -18 -15 -17 
f -17 -15 -14 
f -17 -14 -16 
f -16 -14 -13 
f -16 -13 -18 
f -18 -13 -15 
f -12 -9 -11 
f -11 -9 -8 
f -11 -8 -10 
f -10 -8 -7 
f -10 -7 -12 
f -12 -7 -9 
f -6 -3 -5 
f -5 -3 -2 
f -5 -2 -4 
f -4 -2 -1 
f -4 -1 -6 
f -6 -1 -3 

g carrot_Petiole
s off

usemtl carrot_Petiole

# 18 vertices
v 219.1232 121.4 0.3829
v 219.1218 121.4007 0.3818
v 219.1222 121.4015 0.3836
v 219.1302 121.4065 0.3784
v 219.1288 121.4072 0.3773
v 219.1292 121.408 0.379
v 219.1302 121.4065 0.3784
v 219.1288 121.4072 0.3773
v 219.1292 121.408 0.379
v 219.1364 121.4116 0.3715
v 219.1348 121.4122 0.3705
v 219.1356 121.4133 0.372
v 219.1364 121.4116 0.3715
v 219.1348 121.4122 0.3705
v 219.1356 121.4133 0.372
v 219.1413 121.415 0.3627
v 219.1396 121.4155 0.362
v 219.1406 121.4168 0.363

# 18 faces
f -18 -15 -17 
f -17 -15 -14 
f -17 -14 -16 
f -16 -14 -13 
f -16 -13 -18 
f -18 -13 -15 
f -12 -9 -11 
f -11 -9 -8 
f -11 -8 -10 
f -10 -8 -7 
f -10 -7 -12 
f -12 -7 -9 
f -6 -3 -5 
f -5 -3 -2 
f -5 -2 -4 
f -4 -2 -1 
f -4 -1 -6 
f -6 -1 -3 

g carrot_Leaf
s off

usemtl carrot_Leaf

# 8 vertices
v 219.1405 121.4158 0.3626
v 219.521 121.857 -0.5552
v 219.639 121.8533 -0.5255
v 219.7944 122.0218 -1.0675
v 219.9246 122.0199 -1.0304
v 220.3414 122.2712 -1.7415
v 220.0129 122.0534 -0.9334
v 219.7191 121.8716 -0.4391

# 16 faces
f -8 -7 -6 
f -8 -6 -7 
f -7 -5 -6 
f -7 -6 -5 
f -5 -4 -6 
f -5 -6 -4 
f -5 -3 -4 
f -5 -4 -3 
f -4 -3 -2 
f -4 -2 -3 
f -6 -4 -2 
f -6 -2 -4 
f -6 -2 -1 
f -6 -1 -2 
f -6 -1 -8 
f -6 -8 -1 

g carrot_Petiole
s off

usemtl carrot_Petiole

# 18 vertices
v 219.174 121.3518 0.3925
v 219.0954 121.4111 0.3171
v 219.0985 121.4386 0.4388
v 219.3152 121.4937 0.3568
v 219.2366 121.5529 0.2814
v 219.2397 121.5805 0.4031
v 219.3152 121.4937 0.3568
v 219.2366 121.5529 0.2814
v 219.2397 121.5805 0.4031
v 219.4564 121.6356 0.3211
v 219.3779 121.6948 0.2456
v 219.3809 121.7224 0.3674
v 219.4564 121.6356 0.3211
v 219.3779 121.6948 0.2456
v 219.3809 121.7224 0.3674
v 219.5976 121.7774 0.2854
v 219.5191 121.8366 0.2099
v 219.5221 121.8642 0.3317

# 18 faces
f -18 -15 -17 
f -17 -15 -14 
f -17 -14 -16 
f -16 -14 -13 
f -16 -13 -18 
f -18 -13 -15 
f -12 -9 -11 
f -11 -9 -8 
f -11 -8 -10 
f -10 -8 -7 
f -10 -7 -12 
f -12 -7 -9 
f -6 -3 -5 
f -5 -3 -2 
f -5 -2 -4 
f -4 -2 -1 
f -4 -1 -6 
f -6 -1 -3 

g carrot_Petiole
s off

usemtl carrot_Petiole

# 18 vertices
v 219.5468 121.8255 0.2758
v 219.5458 121.8267 0.2746
v 219.5455 121.8267 0.2765
v 219.554 121.8333 0.2767
v 219.5529 121.8344 0.2756
v 219.5526 121.8344 0.2775
v 219.554 121.8333 0.2767
v 219.5529 121.8344 0.2756
v 219.5526 121.8344 0.2775
v 219.5604 121.8408 0.2804
v 219.5595 121.8421 0.2793
v 219.5589 121.8418 0.2811
v 219.5604 121.8408 0.2804
v 219.5595 121.8421 0.2793
v 219.5589 121.8418 0.2811
v 219.5657 121.8476 0.2866
v 219.5649 121.8491 0.2856
v 219.564 121.8484 0.2872

# 18 faces
f -18 -15 -17 
f -17 -15 -14 
f -17 -14 -16 
f -16 -14 -13 
f -16 -13 -18 
f -18 -13 -15 
f -12 -9 -11 
f -11 -9 -8 
f -11 -8 -10 
f -10 -8 -7 
f -10 -7 -12 
f -12 -7 -9 
f -6 -3 -5 
f -5 -3 -2 
f -5 -2 -4 
f -4 -2 -1 
f -4 -1 -6 
f -6 -1 -3 

g carrot_Leaf
s off

usemtl carrot_Leaf

# 8 vertices
v 219.5649 121.8483 0.2865
v 219.9962 122.6464 0.8857
v 220.0397 122.5759 0.975
v 220.32 123.033 1.2174
v 220.3641 122.9527 1.3171
v 220.8173 123.4851 1.8207
v 220.3299 122.8549 1.4042
v 220.0174 122.4832 1.04652

# 16 faces
f -8 -7 -6 
f -8 -6 -7 
f -7 -5 -6 
f -7 -6 -5 
f -5 -4 -6 
f -5 -6 -4 
f -5 -3 -4 
f -5 -4 -3 
f -4 -3 -2 
f -4 -2 -3 
f -6 -4 -2 
f -6 -2 -4 
f -6 -2 -1 
f -6 -1 -2 
f -6 -1 -8 
f -6 -8 -1 

g carrot_Petiole
s off

usemtl carrot_Petiole

# 18 vertices
v 219.5468 121.8255 0.2758
v 219.5456 121.8265 0.2746
v 219.5457 121.8269 0.2765
v 219.5542 121.8329 0.2739
v 219.5529 121.8338 0.2727
v 219.553 121.8343 0.2746
v 219.5542 121.8329 0.2739
v 219.5529 121.8338 0.2727
v 219.553 121.8343 0.2746
v 219.5615 121.8403 0.2721
v 219.5603 121.8412 0.2709
v 219.5603 121.8417 0.2728
v 219.5615 121.8403 0.2721
v 219.5603 121.8412 0.2709
v 219.5603 121.8417 0.2728
v 219.5689 121.8477 0.2702
v 219.5676 121.8486 0.269
v 219.5677 121.849 0.2709

# 18 faces
f -18 -15 -17 
f -17 -15 -14 
f -17 -14 -16 
f -16 -14 -13 
f -16 -13 -18 
f -18 -13 -15 
f -12 -9 -11 
f -11 -9 -8 
f -11 -8 -10 
f -10 -8 -7 
f -10 -7 -12 
f -12 -7 -9 
f -6 -3 -5 
f -5 -3 -2 
f -5 -2 -4 
f -4 -2 -1 
f -4 -1 -6 
f -6 -1 -3 

g carrot_Leaf
s off

usemtl carrot_Leaf

# 8 vertices
v 219.5681 121.8484 0.2701
v 220.206 122.7004 0.04833
v 220.2935 122.6747 0.1289
v 220.6344 123.1047 -0.08347
v 220.7283 123.0757 0.009581
v 221.349 123.6538 -0.1428
v 220.7501 123.0457 0.1397
v 220.317 122.6381 0.24

# 16 faces
f -8 -7 -6 
f -8 -6 -7 
f -7 -5 -6 
f -7 -6 -5 
f -5 -4 -6 
f -5 -6 -4 
f -5 -3 -4 
f -5 -4 -3 
f -4 -3 -2 
f -4 -2 -3 
f -6 -4 -2 
f -6 -2 -4 
f -6 -2 -1 
f -6 -1 -2 
f -6 -1 -8 
f -6 -8 -1 

g carrot_Mrstm
s off

usemtl carrot_Mrstm

# 8 vertices
v 215.8742 117.6544 1.3138
v 215.8884 117.6745 1.2953
v 215.8804 117.679 1.3087
v 215.8978 117.6984 1.2876
v 215.889 117.7046 1.3041
v 215.9015 117.727 1.3001
v 215.8797 117.6834 1.3236
v 215.8891 117.7085 1.3209

# 16 faces
f -8 -7 -6 
f -8 -6 -7 
f -6 -7 -5 
f -6 -5 -7 
f -6 -5 -4 
f -6 -4 -5 
f -5 -3 -4 
f -5 -4 -3 
f -6 -2 -8 
f -6 -8 -2 
f -2 -6 -4 
f -2 -4 -6 
f -1 -2 -4 
f -1 -4 -2 
f -1 -4 -3 
f -1 -3 -4 

g carrot_Mrstm
s off

usemtl carrot_Mrstm

# 8 vertices
v 215.8742 117.6544 1.3138
v 215.8709 117.6793 1.296
v 215.8812 117.6787 1.3085
v 215.8764 117.7039 1.2868
v 215.8898 117.7037 1.3013
v 215.8991 117.7253 1.2904
v 215.8953 117.6772 1.3148
v 215.9057 117.7009 1.3075

# 16 faces
f -8 -7 -6 
f -8 -6 -7 
f -6 -7 -5 
f -6 -5 -7 
f -6 -5 -4 
f -6 -4 -5 
f -5 -3 -4 
f -5 -4 -3 
f -6 -2 -8 
f -6 -8 -2 
f -2 -6 -4 
f -2 -4 -6 
f -1 -2 -4 
f -1 -4 -2 
f -1 -4 -3 
f -1 -3 -4 

g carrot_Mrstm
s off

usemtl carrot_Mrstm

# 8 vertices
v 215.8742 117.6544 1.3138
v 215.867 117.6843 1.3131
v 215.8812 117.6786 1.3077
v 215.8702 117.7102 1.307
v 215.8873 117.7039 1.2996
v 215.8893 117.7276 1.2891
v 215.891 117.6741 1.2965
v 215.8972 117.6983 1.2866

# 16 faces
f -8 -7 -6 
f -8 -6 -7 
f -6 -7 -5 
f -6 -5 -7 
f -6 -5 -4 
f -6 -4 -5 
f -5 -3 -4 
f -5 -4 -3 
f -6 -2 -8 
f -6 -8 -2 
f -2 -6 -4 
f -2 -4 -6 
f -1 -2 -4 
f -1 -4 -2 
f -1 -4 -3 
f -1 -3 -4 

g carrot_Mrstm
s off

usemtl carrot_Mrstm

# 8 vertices
v 215.8742 117.6544 1.3138
v 215.8821 117.6826 1.323
v 215.8804 117.6787 1.3074
v 215.8876 117.7087 1.3204
v 215.885 117.7049 1.3013
v 215.8856 117.7307 1.2981
v 215.8727 117.6784 1.294
v 215.8754 117.7042 1.287

# 16 faces
f -8 -7 -6 
f -8 -6 -7 
f -6 -7 -5 
f -6 -5 -7 
f -6 -5 -4 
f -6 -4 -5 
f -5 -3 -4 
f -5 -4 -3 
f -6 -2 -8 
f -6 -8 -2 
f -2 -6 -4 
f -2 -4 -6 
f -1 -2 -4 
f -1 -4 -2 
f -1 -4 -3 
f -1 -3 -4 

g carrot_Mrstm
s off

usemtl carrot_Mrstm

# 8 vertices
v 215.8742 117.6544 1.3138
v 215.8954 117.6766 1.3123
v 215.8799 117.679 1.308
v 215.9048 117.7014 1.3087
v 215.8861 117.7053 1.3041
v 215.893 117.7303 1.3049
v 215.8655 117.6841 1.3105
v 215.8701 117.7105 1.3081

# 16 faces
f -8 -7 -6 
f -8 -6 -7 
f -6 -7 -5 
f -6 -5 -7 
f -6 -5 -4 
f -6 -4 -5 
f -5 -3 -4 
f -5 -4 -3 
f -6 -2 -8 
f -6 -8 -2 
f -2 -6 -4 
f -2 -4 -6 
f -1 -2 -4 
f -1 -4 -2 
f -1 -4 -3 
f -1 -3 -4 

# plant "tomato"
o tomato

g tomato_Intrnd
s off

usemtl tomato_Intrnd

# 18 vertices
v 383.6296 62.83 -0.2244
v 385.4982 62.9347 1.3057
v 385.8528 63.2327 -1.08442
v 382.7041 69.3923 0.4564
v 384.5728 69.4971 1.9866
v 384.9273 69.7951 -0.4034
v 382.7041 69.3923 0.4564
v 384.5728 69.4971 1.9866
v 384.9273 69.7951 -0.4034
v 381.0209 75.6389 0.9856
v 382.8386 75.9935 2.5394
v 383.1931 76.2916 0.1493
v 381.0209 75.6389 0.9856
v 382.8386 75.9935 2.5394
v 383.1931 76.2916 0.1493
v 378.5917 81.6456 1.3742
v 380.3285 82.2426 2.9463
v 380.6831 82.5406 0.5561

# 18 faces
f -18 -15 -17 
f -17 -15 -14 
f -17 -14 -16 
f -16 -14 -13 
f -16 -13 -18 
f -18 -13 -15 
f -12 -9 -11 
f -11 -9 -8 
f -11 -8 -10 
f -10 -8 -7 
f -10 -7 -12 
f -12 -7 -9 
f -6 -3 -5 
f -5 -3 -2 
f -5 -2 -4 
f -4 -2 -1 
f -4 -1 -6 
f -6 -1 -3 

g tomato_Intrnd
s off

usemtl tomato_Intrnd

# 18 vertices
v 378.8194 81.2639 1.3604
v 380.2162 82.4306 2.9538
v 380.571 82.7288 0.5622
v 374.5437 86.378 1.3639
v 375.9405 87.5448 2.9572
v 376.2953 87.8429 0.5657
v 374.5437 86.378 1.3639
v 375.9405 87.5448 2.9572
v 376.2953 87.8429 0.5657
v 369.2437 89.6251 0.9826
v 370.1406 91.2284 2.5562
v 370.4953 91.5266 0.1646
v 369.2437 89.6251 0.9826
v 370.1406 91.2284 2.5562
v 370.4953 91.5266 0.1646
v 363.2259 91.05878 0.2686
v 363.5144 92.9216 1.7844
v 363.8691 93.2198 -0.607

# 18 faces
f -18 -15 -17 
f -17 -15 -14 
f -17 -14 -16 
f -16 -14 -13 
f -16 -13 -18 
f -18 -13 -15 
f -12 -9 -11 
f -11 -9 -8 
f -11 -8 -10 
f -10 -8 -7 
f -10 -7 -12 
f -12 -7 -9 
f -6 -3 -5 
f -5 -3 -2 
f -5 -2 -4 
f -4 -2 -1 
f -4 -1 -6 
f -6 -1 -3 

g tomato_Petiole
s off

usemtl tomato_Petiole

# 18 vertices
v 363.6181 91.7165 0.4089
v 363.4099 92.6721 1.1162
v 363.5869 92.8209 -0.07709
v 354.1395 90.7782 -1.1141
v 353.9312 91.7337 -0.4068
v 354.1083 91.8825 -1.6001
v 354.1395 90.7782 -1.1141
v 353.9312 91.7337 -0.4068
v 354.1083 91.8825 -1.6001
v 345.8146 86.7482 -2.8514
v 345.2682 87.6094 -2.2061
v 345.4452 87.7582 -3.3994
v 345.8146 86.7482 -2.8514
v 345.2682 87.6094 -2.2061
v 345.4452 87.7582 -3.3994
v 339.3809 80.1152 -4.6328
v 338.5498 80.7727 -4.05513
v 338.7268 80.9215 -5.2484

# 18 faces
f -18 -15 -17 
f -17 -15 -14 
f -17 -14 -16 
f -16 -14 -13 
f -16 -13 -18 
f -18 -13 -15 
f -12 -9 -11 
f -11 -9 -8 
f -11 -8 -10 
f -10 -8 -7 
f -10 -7 -12 
f -12 -7 -9 
f -6 -3 -5 
f -5 -3 -2 
f -5 -2 -4 
f -4 -2 -1 
f -4 -1 -6 
f -6 -1 -3 

g tomato_Petiole
s off

usemtl tomato_Petiole

# 18 vertices
v 339.4152 80.1529 -4.6256
v 338.5535 80.7751 -4.05376
v 338.6893 80.8819 -5.2569
v 338.799 79.423 -4.76
v 337.9373 80.0453 -4.188
v 338.0732 80.152 -5.3912
v 338.799 79.423 -4.76
v 337.9373 80.0453 -4.188
v 338.0732 80.152 -5.3912
v 338.2656 78.6862 -4.8404
v 337.3758 79.2709 -4.2719
v 337.4734 79.3324 -5.482
v 338.2656 78.6862 -4.8404
v 337.3758 79.2709 -4.2719
v 337.4734 79.3324 -5.482
v 337.7849 77.9104 -4.8737
v 336.8698 78.4556 -4.3063
v 336.9323 78.469 -5.5201

# 18 faces
f -18 -15 -17 
f -17 -15 -14 
f -17 -14 -16 
f -16 -14 -13 
f -16 -13 -18 
f -18 -13 -15 
f -12 -9 -11 
f -11 -9 -8 
f -11 -8 -10 
f -10 -8 -7 
f -10 -7 -12 
f -12 -7 -9 
f -6 -3 -5 
f -5 -3 -2 
f -5 -2 -4 
f -4 -2 -1 
f -4 -1 -6 
f -6 -1 -3 

g tomato_Petiole
s off

usemtl tomato_Petiole

# 18 vertices
v 337.311 78.2063 -4.8949
v 337.1472 78.345 -4.7855
v 337.122 78.2878 -5.01998
v 336.3095 76.6372 -4.4042
v 336.1457 76.776 -4.2948
v 336.1205 76.7188 -4.5292
v 336.3095 76.6372 -4.4042
v 336.1457 76.776 -4.2948
v 336.1205 76.7188 -4.5292
v 335.4092 75.2675 -3.3946
v 335.2632 75.4337 -3.2993
v 335.2024 75.3216 -3.5057
v 335.4092 75.2675 -3.3946
v 335.2632 75.4337 -3.2993
v 335.2024 75.3216 -3.5057
v 334.6877 74.215 -1.9532
v 334.5569 74.4038 -1.8808
v 334.4658 74.2464 -2.0414

# 18 faces
f -18 -15 -17 
f -17 -15 -14 
f -17 -14 -16 
f -16 -14 -13 
f -16 -13 -18 
f -18 -13 -15 
f -12 -9 -11 
f -11 -9 -8 
f -11 -8 -10 
f -10 -8 -7 
f -10 -7 -12 
f -12 -7 -9 
f -6 -3 -5 
f -5 -3 -2 
f -5 -2 -4 
f -4 -2 -1 
f -4 -1 -6 
f -6 -1 -3 

g tomato_Leaf
s off

usemtl tomato_Leaf

# 12 vertices
v 334.5696 74.2888 -1.9585
v 325.1707 70.5246 18.9958
v 324.6144 63.7626 14.268
v 322.1519 65.2887 25.7867
v 320.5958 59.5135 20.8182
v 321.0831 62.5545 22.8223
v 324.4927 55.8927 30.4919
v 325.1168 67.5733 17.04828
v 323.1255 55.8156 19.9713
v 325.4816 53.5858 20.238
v 327.0877 58.5781 12.6898
v 329.6767 55.921 12.5545

# 16 faces
f -10 -11 -12 
f -10 -12 -11 
f -8 -9 -10 
f -8 -10 -9 
f -8 -6 -7 
f -8 -7 -6 
f -10 -9 -5 
f -10 -5 -9 
f -8 -4 -6 
f -8 -6 -4 
f -10 -3 -8 
f -10 -8 -3 
f -2 -3 -10 
f -2 -10 -3 
f -12 -1 -10 
f -12 -10 -1 

g tomato_Petiole
s off

usemtl tomato_Petiole

# 18 vertices
v 337.8024 77.9399 -4.8733
v 336.8691 78.4537 -4.3061
v 336.9158 78.4418 -5.5206
v 337.3326 77.09752 -4.8831
v 336.3994 77.6113 -4.3159
v 336.4461 77.5993 -5.5304
v 337.3326 77.09752 -4.8831
v 336.3994 77.6113 -4.3159
v 336.4461 77.5993 -5.5304
v 336.92 76.2638 -4.868
v 335.9701 76.7453 -4.3
v 336.0023 76.7073 -5.5145
v 336.92 76.2638 -4.868
v 335.9701 76.7453 -4.3
v 336.0023 76.7073 -5.5145
v 336.5483 75.4119 -4.8284
v 335.5834 75.8604 -4.2587
v 335.6023 75.7957 -5.4723

# 18 faces
f -18 -15 -17 
f -17 -15 -14 
f -17 -14 -16 
f -16 -14 -13 
f -16 -13 -18 
f -18 -13 -15 
f -12 -9 -11 
f -11 -9 -8 
f -11 -8 -10 
f -10 -8 -7 
f -10 -7 -12 
f -12 -7 -9 
f -6 -3 -5 
f -5 -3 -2 
f -5 -2 -4 
f -4 -2 -1 
f -4 -1 -6 
f -6 -1 -3 

g tomato_Petiole
s off

usemtl tomato_Petiole

# 18 vertices
v 336.036 75.635 -4.8483
v 335.8317 75.6974 -4.737
v 335.859 75.7388 -4.9744
v 335.2956 73.9008 -5.2359
v 335.0913 73.9632 -5.1245
v 335.1186 74.00465 -5.362
v 335.2956 73.9008 -5.2359
v 335.0913 73.9632 -5.1245
v 335.1186 74.00465 -5.362
v 334.63 72.2985 -6.06976
v 334.4148 72.3349 -5.9679
v 334.4639 72.4282 -6.1864
v 334.63 72.2985 -6.06976
v 334.4148 72.3349 -5.9679
v 334.4639 72.4282 -6.1864
v 334.079 70.924 -7.2998
v 333.8544 70.9373 -7.214
v 333.9224 71.07691 -7.4004

# 18 faces
f -18 -15 -17 
f -17 -15 -14 
f -17 -14 -16 
f -16 -14 -13 
f -16 -13 -18 
f -18 -13 -15 
f -12 -9 -11 
f -11 -9 -8 
f -11 -8 -10 
f -10 -8 -7 
f -10 -7 -12 
f -12 -7 -9 
f -6 -3 -5 
f -5 -3 -2 
f -5 -2 -4 
f -4 -2 -1 
f -4 -1 -6 
f -6 -1 -3 

g tomato_Leaf
s off

usemtl tomato_Leaf

# 12 vertices
v 333.9513 70.9797 -7.3048
v 320.902 53.32 -15.01488
v 325.6467 56.3344 -21.08012
v 318.7437 46.6722 -20.828
v 322.2944 50.4226 -26.6407
v 320.3898 49.1125 -23.7845
v 323.6432 39.478 -27.1638
v 323.0776 54.4736 -17.553
v 326.4604 49.6407 -28.3211
v 329.3354 48.2079 -28.8461
v 330.7947 55.9098 -24.04741
v 334.2159 54.6866 -24.8093

# 16 faces
f -10 -11 -12 
f -10 -12 -11 
f -8 -9 -10 
f -8 -10 -9 
f -8 -6 -7 
f -8 -7 -6 
f -10 -9 -5 
f -10 -5 -9 
f -8 -4 -6 
f -8 -6 -4 
f -10 -3 -8 
f -10 -8 -3 
f -2 -3 -10 
f -2 -10 -3 
f -12 -1 -10 
f -12 -10 -1 

g tomato_Petiole
s off

usemtl tomato_Petiole

# 18 vertices
v 336.5549 75.4277 -4.8291
v 335.5801 75.8527 -4.2583
v 335.599 75.788 -5.472
v 336.1905 74.5355 -4.7873
v 335.2157 74.9605 -4.2164
v 335.2346 74.8958 -5.4301
v 336.1905 74.5355 -4.7873
v 335.2157 74.9605 -4.2164
v 335.2346 74.8958 -5.4301
v 335.8544 73.6507 -4.7453
v 334.8702 74.05195 -4.1734
v 334.8892 73.9872 -5.387
v 335.8544 73.6507 -4.7453
v 334.8702 74.05195 -4.1734
v 334.8892 73.9872 -5.387
v 335.5402 72.7579 -4.7027
v 334.5471 73.1351 -4.1296
v 334.5661 73.07045 -5.3432

# 18 faces
f -18 -15 -17 
f -17 -15 -14 
f -17 -14 -16 
f -16 -14 -13 
f -16 -13 -18 
f -18 -13 -15 
f -12 -9 -11 
f -11 -9 -8 
f -11 -8 -10 
f -10 -8 -7 
f -10 -7 -12 
f -12 -7 -9 
f -6 -3 -5 
f -5 -3 -2 
f -5 -2 -4 
f -4 -2 -1 
f -4 -1 -6 
f -6 -1 -3 

g tomato_Petiole
s off

usemtl tomato_Petiole

# 18 vertices
v 335.0128 72.9428 -4.7207
v 334.8255 73.04837 -4.6122
v 334.8076 72.9749 -4.8427
v 334.389 71.222 -4.1245
v 334.2017 71.3275 -4.01603
v 334.1838 71.2541 -4.2465
v 334.389 71.222 -4.1245
v 334.2017 71.3275 -4.01603
v 334.1838 71.2541 -4.2465
v 333.8255 69.7188 -3.06202
v 333.6483 69.852 -2.9676
v 333.6102 69.7234 -3.1698
v 333.8255 69.7188 -3.06202
v 333.6483 69.852 -2.9676
v 333.6102 69.7234 -3.1698
v 333.3632 68.5423 -1.6101
v 333.1948 68.6984 -1.5373
v 333.1391 68.5239 -1.6964

# 18 faces
f -18 -15 -17 
f -17 -15 -14 
f -17 -14 -16 
f -16 -14 -13 
f -16 -13 -18 
f -18 -13 -15 
f -12 -9 -11 
f -11 -9 -8 
f -11 -8 -10 
f -10 -8 -7 
f -10 -7 -12 
f -12 -7 -9 
f -6 -3 -5 
f -5 -3 -2 
f -5 -2 -4 
f -4 -2 -1 
f -4 -1 -6 
f -6 -1 -3 

g tomato_Leaf
s off

usemtl tomato_Leaf

# 12 vertices
v 333.2318 68.5884 -1.6146
v 325.049 62.9796 19.4371
v 325.9491 56.2326 14.7409
v 323.3026 57.2492 26.275
v 323.0093 51.245 21.3432
v 322.835 54.3304 23.331
v 327.6799 48.6205 30.9958
v 325.6271 60.07689 17.5016
v 326.2803 48.1854 20.4883
v 329.0694 46.5269 20.7427
v 329.4848 51.706 13.161
v 332.5913 49.6791 13.01311

# 16 faces
f -10 -11 -12 
f -10 -12 -11 
f -8 -9 -10 
f -8 -10 -9 
f -8 -6 -7 
f -8 -7 -6 
f -10 -9 -5 
f -10 -5 -9 
f -8 -4 -6 
f -8 -6 -4 
f -10 -3 -8 
f -10 -8 -3 
f -2 -3 -10 
f -2 -10 -3 
f -12 -1 -10 
f -12 -10 -1 

g tomato_Petiole
s off

usemtl tomato_Petiole

# 18 vertices
v 335.5555 72.8069 -4.7063
v 334.5446 73.125 -4.1286
v 334.5536 73.03228 -5.3406
v 335.3028 71.8785 -4.6371
v 334.2919 72.1967 -4.05949
v 334.301 72.1039 -5.2714
v 335.3028 71.8785 -4.6371
v 334.2919 72.1967 -4.05949
v 334.301 72.1039 -5.2714
v 335.1309 70.9861 -4.5476
v 334.1065 71.2442 -3.9638
v 334.1078 71.1227 -5.1732
v 335.1309 70.9861 -4.5476
v 334.1065 71.2442 -3.9638
v 334.1078 71.1227 -5.1732
v 335.0255 70.08607 -4.4349
v 333.9921 70.2834 -3.8432
v 333.9877 70.1328 -5.04943

# 18 faces
f -18 -15 -17 
f -17 -15 -14 
f -17 -14 -16 
f -16 -14 -13 
f -16 -13 -18 
f -18 -13 -15 
f -12 -9 -11 
f -11 -9 -8 
f -11 -8 -10 
f -10 -8 -7 
f -10 -7 -12 
f -12 -7 -9 
f -6 -3 -5 
f -5 -3 -2 
f -5 -2 -4 
f -4 -2 -1 
f -4 -1 -6 
f -6 -1 -3 

g tomato_Petiole
s off

usemtl tomato_Petiole

# 18 vertices
v 334.4702 70.1515 -4.441
v 334.2609 70.1643 -4.3226
v 334.2662 70.1874 -4.564
v 334.2479 68.2484 -4.6277
v 334.0385 68.2613 -4.5093
v 334.0439 68.2843 -4.7507
v 334.2479 68.2484 -4.6277
v 334.0385 68.2613 -4.5093
v 334.0439 68.2843 -4.7507
v 334.0403 66.4317 -5.2296
v 333.828 66.4186 -5.1167
v 333.8394 66.4936 -5.3471
v 334.0403 66.4317 -5.2296
v 333.828 66.4186 -5.1167
v 333.8394 66.4936 -5.3471
v 333.8576 64.7896 -6.2175
v 333.6425 64.7523 -6.1157
v 333.6594 64.8756 -6.3239

# 18 faces
f -18 -15 -17 
f -17 -15 -14 
f -17 -14 -16 
f -16 -14 -13 
f -16 -13 -18 
f -18 -13 -15 
f -12 -9 -11 
f -11 -9 -8 
f -11 -8 -10 
f -10 -8 -7 
f -10 -7 -12 
f -12 -7 -9 
f -6 -3 -5 
f -5 -3 -2 
f -5 -2 -4 
f -4 -2 -1 
f -4 -1 -6 
f -6 -1 -3 

g tomato_Leaf
s off

usemtl tomato_Leaf

# 12 vertices
v 333.7192 64.8059 -6.219
v 326.0062 43.2539 -10.4159
v 329.4158 46.5281 -17.2013
v 325.6129 35.4735 -15.1017
v 327.6786 39.1499 -21.6344
v 326.3569 37.8039 -18.4811
v 332.1056 29.06923 -20.8228
v 327.646 44.5749 -13.2571
v 331.8174 39.3205 -23.5402
v 334.9586 38.6864 -24.111
v 334.3359 47.1187 -20.5075
v 337.9287 46.8004 -21.3856

# 16 faces
f -10 -11 -12 
f -10 -12 -11 
f -8 -9 -10 
f -8 -10 -9 
f -8 -6 -7 
f -8 -7 -6 
f -10 -9 -5 
f -10 -5 -9 
f -8 -4 -6 
f -8 -6 -4 
f -10 -3 -8 
f -10 -8 -3 
f -2 -3 -10 
f -2 -10 -3 
f -12 -1 -10 
f -12 -10 -1 

g tomato_Petiole
s off

usemtl tomato_Petiole

# 18 vertices
v 334.4702 70.1515 -4.441
v 334.264 70.1909 -4.3229
v 334.2631 70.1608 -4.5637
v 334.244 68.2546 -4.2034
v 334.0378 68.294 -4.08535
v 334.0369 68.2639 -4.326
v 334.244 68.2546 -4.2034
v 334.0378 68.294 -4.08535
v 334.0369 68.2639 -4.326
v 334.0177 66.3577 -3.9658
v 333.8115 66.3971 -3.8477
v 333.8106 66.367 -4.08843
v 334.0177 66.3577 -3.9658
v 333.8115 66.3971 -3.8477
v 333.8106 66.367 -4.08843
v 333.7914 64.4608 -3.7281
v 333.5852 64.5002 -3.61
v 333.5844 64.4701 -3.8508

# 18 faces
f -18 -15 -17 
f -17 -15 -14 
f -17 -14 -16 
f -16 -14 -13 
f -16 -13 -18 
f -18 -13 -15 
f -12 -9 -11 
f -11 -9 -8 
f -11 -8 -10 
f -10 -8 -7 
f -10 -7 -12 
f -12 -7 -9 
f -6 -3 -5 
f -5 -3 -2 
f -5 -2 -4 
f -4 -2 -1 
f -4 -1 -6 
f -6 -1 -3 

g tomato_Leaf
s off

usemtl tomato_Leaf

# 12 vertices
v 333.653 64.4771 -3.7296
v 326.0359 45.1029 6.6728
v 328.8725 43.443 -0.9156
v 325.4344 36.09752 7.7617
v 326.9428 34.9521 0.2203
v 325.8833 35.8543 3.6211
v 331.5973 27.3327 6.7131
v 327.436 44.3617 3.511
v 330.9247 33.7935 -1.675
v 334.0256 32.8448 -1.9564
v 333.5219 41.737 -4.2263
v 337.0446 40.8363 -4.9745

# 16 faces
f -10 -11 -12 
f -10 -12 -11 
f -8 -9 -10 
f -8 -10 -9 
f -8 -6 -7 
f -8 -7 -6 
f -10 -9 -5 
f -10 -5 -9 
f -8 -4 -6 
f -8 -6 -4 
f -10 -3 -8 
f -10 -8 -3 
f -2 -3 -10 
f -2 -10 -3 
f -12 -1 -10 
f -12 -10 -1 

g tomato_Intrnd
s off

usemtl tomato_Intrnd

# 18 vertices
v 363.5292 91.0404 0.3114
v 363.3678 92.9331 1.7437
v 363.7167 93.2264 -0.6084
v 357.0429 91.2 -0.6308
v 356.8814 93.09285 0.8014
v 357.2303 93.3861 -1.5507
v 357.0429 91.2 -0.6308
v 356.8814 93.09285 0.8014
v 357.2303 93.3861 -1.5507
v 351.0037 89.9564 -1.6817
v 350.3964 91.8106 -0.3203
v 350.7453 92.1039 -2.6725
v 351.0037 89.9564 -1.6817
v 350.3964 91.8106 -0.3203
v 350.7453 92.1039 -2.6725
v 345.407 87.4105 -2.8293
v 344.3748 89.1288 -1.5479
v 344.7237 89.4221 -3.9001

# 18 faces
f -18 -15 -17 
f -17 -15 -14 
f -17 -14 -16 
f -16 -14 -13 
f -16 -13 -18 
f -18 -13 -15 
f -12 -9 -11 
f -11 -9 -8 
f -11 -8 -10 
f -10 -8 -7 
f -10 -7 -12 
f -12 -7 -9 
f -6 -3 -5 
f -5 -3 -2 
f -5 -2 -4 
f -4 -2 -1 
f -4 -1 -6 
f -6 -1 -3 

g tomato_Petiole
s off

usemtl tomato_Petiole

# 18 vertices
v 345.2756 88.223 -2.7475
v 344.5351 88.8087 -2.2327
v 344.6928 88.9413 -3.296
v 339.3734 82.1915 -4.3751
v 338.6329 82.7773 -3.8603
v 338.7906 82.9098 -4.9235
v 339.3734 82.1915 -4.3751
v 338.6329 82.7773 -3.8603
v 338.7906 82.9098 -4.9235
v 336.1936 74.58 -5.7958
v 335.2678 74.8874 -5.3432
v 335.4255 75.02002 -6.4065
v 336.1936 74.58 -5.7958
v 335.2678 74.8874 -5.3432
v 335.4255 75.02002 -6.4065
v 335.9787 66.2806 -6.8625
v 334.9811 66.2595 -6.4616
v 335.1388 66.3921 -7.5248

# 18 faces
f -18 -15 -17 
f -17 -15 -14 
f -17 -14 -16 
f -16 -14 -13 
f -16 -13 -18 
f -18 -13 -15 
f -12 -9 -11 
f -11 -9 -8 
f -11 -8 -10 
f -10 -8 -7 
f -10 -7 -12 
f -12 -7 -9 
f -6 -3 -5 
f -5 -3 -2 
f -5 -2 -4 
f -4 -2 -1 
f -4 -1 -6 
f -6 -1 -3 

g tomato_Petiole
s off

usemtl tomato_Petiole

# 18 vertices
v 335.9786 66.3261 -6.858
v 334.9816 66.2502 -6.4622
v 335.1384 66.3564 -7.5285
v 336.0118 65.4711 -6.9382
v 335.0148 65.3952 -6.5425
v 335.1717 65.5014 -7.6088
v 336.0118 65.4711 -6.9382
v 335.0148 65.3952 -6.5425
v 335.1717 65.5014 -7.6088
v 336.1011 64.6637 -6.9853
v 335.1085 64.533 -6.5928
v 335.2664 64.6127 -7.6613
v 336.1011 64.6637 -6.9853
v 335.1085 64.533 -6.5928
v 335.2664 64.6127 -7.6613
v 336.2462 63.8633 -7.003445
v 335.2617 63.6781 -6.6122
v 335.4224 63.7314 -7.6819

# 18 faces
f -18 -15 -17 
f -17 -15 -14 
f -17 -14 -16 
f -16 -14 -13 
f -16 -13 -18 
f -18 -13 -15 
f -12 -9 -11 
f -11 -9 -8 
f -11 -8 -10 
f -10 -8 -7 
f -10 -7 -12 
f -12 -7 -9 
f -6 -3 -5 
f -5 -3 -2 
f -5 -2 -4 
f -4 -2 -1 
f -4 -1 -6 
f -6 -1 -3 

g tomato_Petiole
s off

usemtl tomato_Petiole

# 18 vertices
v 335.7482 63.776 -7.08257
v 335.5688 63.7707 -7.01649
v 335.606 63.7248 -7.1997
v 335.9401 62.315 -6.6774
v 335.7607 62.3098 -6.6113
v 335.7979 62.2638 -6.7946
v 335.9401 62.315 -6.6774
v 335.7607 62.3098 -6.6113
v 335.7979 62.2638 -6.7946
v 336.0381 61.02281 -5.8675
v 335.856 61.04331 -5.8128
v 335.8986 60.9459 -5.9733
v 336.0381 61.02281 -5.8675
v 335.856 61.04331 -5.8128
v 335.8986 60.9459 -5.9733
v 336.0337 60.0106 -4.7226
v 335.8507 60.05264 -4.6861
v 335.8951 59.9121 -4.8101

# 18 faces
f -18 -15 -17 
f -17 -15 -14 
f -17 -14 -16 
f -16 -14 -13 
f -16 -13 -18 
f -18 -13 -15 
f -12 -9 -11 
f -11 -9 -8 
f -11 -8 -10 
f -10 -8 -7 
f -10 -7 -12 
f -12 -7 -9 
f -6 -3 -5 
f -5 -3 -2 
f -5 -2 -4 
f -4 -2 -1 
f -4 -1 -6 
f -6 -1 -3 

g tomato_Leaf
s off

usemtl tomato_Leaf

# 12 vertices
v 335.926 59.9917 -4.7397
v 328.9885 51.7149 12.9607
v 333.2342 46.9212 9.3162
v 329.1021 46.367 19.04301
v 332.1476 41.6451 14.9902
v 330.4115 43.9421 16.5485
v 335.4657 41.4243 24.2472
v 330.9496 49.7329 11.4932
v 336.0904 40.6768 14.8449
v 338.9055 40.5748 15.5343
v 338.1105 44.9347 8.648
v 341.3848 44.6889 9.04655

# 16 faces
f -10 -11 -12 
f -10 -12 -11 
f -8 -9 -10 
f -8 -10 -9 
f -8 -6 -7 
f -8 -7 -6 
f -10 -9 -5 
f -10 -5 -9 
f -8 -4 -6 
f -8 -6 -4 
f -10 -3 -8 
f -10 -8 -3 
f -2 -3 -10 
f -2 -10 -3 
f -12 -1 -10 
f -12 -10 -1 

g tomato_Petiole
s off

usemtl tomato_Petiole

# 18 vertices
v 336.2433 63.8783 -7.003129
v 335.2631 63.6707 -6.6124
v 335.4238 63.724 -7.6821
v 336.4152 63.03645 -7.01926
v 335.435 62.8288 -6.6285
v 335.5957 62.8821 -7.6982
v 336.4152 63.03645 -7.01926
v 335.435 62.8288 -6.6285
v 335.5957 62.8821 -7.6982
v 336.6042 62.2138 -7.03187
v 335.6289 61.9839 -6.6415
v 335.7896 62.03721 -7.7112
v 336.6042 62.2138 -7.03187
v 335.6289 61.9839 -6.6415
v 335.7896 62.03721 -7.7112
v 336.8132 61.3959 -7.04124
v 335.8432 61.1439 -6.6512
v 336.0039 61.1972 -7.7209

# 18 faces
f -18 -15 -17 
f -17 -15 -14 
f -17 -14 -16 
f -16 -14 -13 
f -16 -13 -18 
f -18 -13 -15 
f -12 -9 -11 
f -11 -9 -8 
f -11 -8 -10 
f -10 -8 -7 
f -10 -7 -12 
f -12 -7 -9 
f -6 -3 -5 
f -5 -3 -2 
f -5 -2 -4 
f -4 -2 -1 
f -4 -1 -6 
f -6 -1 -3 

g tomato_Petiole
s off

usemtl tomato_Petiole

# 18 vertices
v 336.3232 61.2718 -7.121
v 336.1577 61.2023 -7.05539
v 336.1725 61.2612 -7.2381
v 336.748 59.8649 -7.54
v 336.5824 59.7953 -7.4743
v 336.5972 59.8542 -7.6571
v 336.748 59.8649 -7.54
v 336.5824 59.7953 -7.4743
v 336.5972 59.8542 -7.6571
v 337.1887 58.6335 -8.3306
v 337.0305 58.5414 -8.2753
v 337.0305 58.6455 -8.4373
v 337.1887 58.6335 -8.3306
v 337.0305 58.5414 -8.2753
v 337.0305 58.6455 -8.4373
v 337.6134 57.6671 -9.4355
v 337.4626 57.5562 -9.3964
v 337.4478 57.6978 -9.526

# 18 faces
f -18 -15 -17 
f -17 -15 -14 
f -17 -14 -16 
f -16 -14 -13 
f -16 -13 -18 
f -18 -13 -15 
f -12 -9 -11 
f -11 -9 -8 
f -11 -8 -10 
f -10 -8 -7 
f -10 -7 -12 
f -12 -7 -9 
f -6 -3 -5 
f -5 -3 -2 
f -5 -2 -4 
f -4 -2 -1 
f -4 -1 -6 
f -6 -1 -3 

g tomato_Leaf
s off

usemtl tomato_Leaf

# 12 vertices
v 337.5075 57.6402 -9.4527
v 338.062 39.3373 -19.1809
v 340.2909 44.7495 -23.6561
v 340.4449 34.2566 -25.02175
v 341.4145 39.5459 -29.3896
v 340.5425 37.2452 -27.2297
v 348.1937 32.4899 -30.3923
v 339.1874 41.623 -21.03485
v 344.9221 41.3582 -30.347
v 347.7692 41.8853 -30.51
v 344.4029 47.4956 -25.5853
v 347.5462 48.4855 -25.8677

# 16 faces
f -10 -11 -12 
f -10 -12 -11 
f -8 -9 -10 
f -8 -10 -9 
f -8 -6 -7 
f -8 -7 -6 
f -10 -9 -5 
f -10 -5 -9 
f -8 -4 -6 
f -8 -6 -4 
f -10 -3 -8 
f -10 -8 -3 
f -2 -3 -10 
f -2 -10 -3 
f -12 -1 -10 
f -12 -10 -1 

g tomato_Petiole
s off

usemtl tomato_Petiole

# 18 vertices
v 336.805 61.4254 -7.04176
v 335.844 61.1422 -6.651
v 336.0112 61.1698 -7.7206
v 337.0545 60.6031 -7.02394
v 336.0935 60.32 -6.6331
v 336.2607 60.3475 -7.7028
v 337.0545 60.6031 -7.02394
v 336.0935 60.32 -6.6331
v 336.2607 60.3475 -7.7028
v 337.3307 59.8228 -6.9802
v 336.38 59.5091 -6.5877
v 336.5548 59.5112 -7.6565
v 337.3307 59.8228 -6.9802
v 336.38 59.5091 -6.5877
v 336.5548 59.5112 -7.6565
v 337.6411 59.05744 -6.9104
v 336.7019 58.7136 -6.515
v 336.8855 58.6907 -7.5821

# 18 faces
f -18 -15 -17 
f -17 -15 -14 
f -17 -14 -16 
f -16 -14 -13 
f -16 -13 -18 
f -18 -13 -15 
f -12 -9 -11 
f -11 -9 -8 
f -11 -8 -10 
f -10 -8 -7 
f -10 -7 -12 
f -12 -7 -9 
f -6 -3 -5 
f -5 -3 -2 
f -5 -2 -4 
f -4 -2 -1 
f -4 -1 -6 
f -6 -1 -3 

g tomato_Petiole
s off

usemtl tomato_Petiole

# 18 vertices
v 337.1744 58.8618 -6.9865
v 336.9977 58.8264 -6.9226
v 337.0498 58.7708 -7.09955
v 337.6455 57.5202 -6.4264
v 337.4688 57.4848 -6.3625
v 337.5209 57.4293 -6.5394
v 337.6455 57.5202 -6.4264
v 337.4688 57.4848 -6.3625
v 337.5209 57.4293 -6.5394
v 337.9762 56.3644 -5.483
v 337.7919 56.3523 -5.4331
v 337.8591 56.2501 -5.5819
v 337.9762 56.3644 -5.483
v 337.7919 56.3523 -5.4331
v 337.8591 56.2501 -5.5819
v 338.138 55.4938 -4.2375
v 337.9492 55.5007 -4.2081
v 338.0255 55.3606 -4.3159

# 18 faces
f -18 -15 -17 
f -17 -15 -14 
f -17 -14 -16 
f -16 -14 -13 
f -16 -13 -18 
f -18 -13 -15 
f -12 -9 -11 
f -11 -9 -8 
f -11 -8 -10 
f -10 -8 -7 
f -10 -7 -12 
f -12 -7 -9 
f -6 -3 -5 
f -5 -3 -2 
f -5 -2 -4 
f -4 -2 -1 
f -4 -1 -6 
f -6 -1 -3 

g tomato_Leaf
s off

usemtl tomato_Leaf

# 12 vertices
v 338.0371 55.4515 -4.2539
v 332.3173 47.7515 14.129
v 337.5744 43.5931 11.06983
v 333.3052 43.1833 20.7444
v 337.3876 38.8063 17.2555
v 335.167 40.8413 18.5384
v 340.3564 40.2093 26.5275
v 334.6908 46.07854 12.906
v 341.4476 38.6619 17.2664
v 344.1987 39.2124 18.00045
v 342.7733 42.5973 10.6811
v 346.0131 43.07324 11.1472

# 16 faces
f -10 -11 -12 
f -10 -12 -11 
f -8 -9 -10 
f -8 -10 -9 
f -8 -6 -7 
f -8 -7 -6 
f -10 -9 -5 
f -10 -5 -9 
f -8 -4 -6 
f -8 -6 -4 
f -10 -3 -8 
f -10 -8 -3 
f -2 -3 -10 
f -2 -10 -3 
f -12 -1 -10 
f -12 -10 -1 

g tomato_Petiole
s off

usemtl tomato_Petiole

# 18 vertices
v 337.6467 59.04326 -6.9099
v 336.7092 58.6961 -6.5137
v 336.8727 58.7223 -7.584
v 337.9552 58.2415 -6.8824
v 337.0176 57.8944 -6.4862
v 337.1812 57.9206 -7.5564
v 337.9552 58.2415 -6.8824
v 337.0176 57.8944 -6.4862
v 337.1812 57.9206 -7.5564
v 338.2556 57.4202 -6.9
v 337.3195 57.06963 -6.5032
v 337.4638 57.1453 -7.5739
v 338.2556 57.4202 -6.9
v 337.3195 57.06963 -6.5032
v 337.4638 57.1453 -7.5739
v 338.5412 56.5958 -6.9632
v 337.6068 56.2418 -6.566
v 337.7326 56.3673 -7.6343

# 18 faces
f -18 -15 -17 
f -17 -15 -14 
f -17 -14 -16 
f -16 -14 -13 
f -16 -13 -18 
f -18 -13 -15 
f -12 -9 -11 
f -11 -9 -8 
f -11 -8 -10 
f -10 -8 -7 
f -10 -7 -12 
f -12 -7 -9 
f -6 -3 -5 
f -5 -3 -2 
f -5 -2 -4 
f -4 -2 -1 
f -4 -1 -6 
f -6 -1 -3 

g tomato_Petiole
s off

usemtl tomato_Petiole

# 18 vertices
v 338.0612 56.4354 -7.03866
v 337.9047 56.3466 -6.9741
v 337.9078 56.4206 -7.1518
v 338.5901 55.1086 -7.5819
v 338.4335 55.01979 -7.5174
v 338.4367 55.09383 -7.6952
v 338.5901 55.1086 -7.5819
v 338.4335 55.01979 -7.5174
v 338.4367 55.09383 -7.6952
v 339.1035 54.00948 -8.5113
v 338.9567 53.8979 -8.4606
v 338.9404 54.01738 -8.6108
v 339.1035 54.00948 -8.5113
v 338.9567 53.8979 -8.4606
v 338.9404 54.01738 -8.6108
v 339.5572 53.2327 -9.7467
v 339.4194 53.1036 -9.7162
v 339.385 53.2581 -9.8259

# 18 faces
f -18 -15 -17 
f -17 -15 -14 
f -17 -14 -16 
f -16 -14 -13 
f -16 -13 -18 
f -18 -13 -15 
f -12 -9 -11 
f -11 -9 -8 
f -11 -8 -10 
f -10 -8 -7 
f -10 -7 -12 
f -12 -7 -9 
f -6 -3 -5 
f -5 -3 -2 
f -5 -2 -4 
f -4 -2 -1 
f -4 -1 -6 
f -6 -1 -3 

g tomato_Leaf
s off

usemtl tomato_Leaf

# 12 vertices
v 339.4534 53.198 -9.763
v 341.1767 36.377 -21.7641
v 342.6663 42.4912 -25.5964
v 343.7092 32.3121 -28.2964
v 343.9632 38.1692 -31.9878
v 343.4185 35.5457 -30.1066
v 351.2988 31.9843 -34.1529
v 341.9907 38.9726 -23.3542
v 347.236 40.4185 -32.8447
v 350.0107 41.2361 -33.05234
v 346.4043 45.8414 -27.321
v 349.425 47.1598 -27.5996

# 16 faces
f -10 -11 -12 
f -10 -12 -11 
f -8 -9 -10 
f -8 -10 -9 
f -8 -6 -7 
f -8 -7 -6 
f -10 -9 -5 
f -10 -5 -9 
f -8 -4 -6 
f -8 -6 -4 
f -10 -3 -8 
f -10 -8 -3 
f -2 -3 -10 
f -2 -10 -3 
f -12 -1 -10 
f -12 -10 -1 

g tomato_Petiole
s off

usemtl tomato_Petiole

# 18 vertices
v 338.0612 56.4354 -7.03866
v 337.8958 56.3702 -6.9682
v 337.9167 56.397 -7.1577
v 338.5642 54.9999 -7.1861
v 338.3988 54.9347 -7.1156
v 338.4197 54.9615 -7.3052
v 338.5642 54.9999 -7.1861
v 338.3988 54.9347 -7.1156
v 338.4197 54.9615 -7.3052
v 339.0711 53.5701 -7.3704
v 338.9065 53.5026 -7.3002
v 338.9258 53.5338 -7.4893
v 339.0711 53.5701 -7.3704
v 338.9065 53.5026 -7.3002
v 338.9258 53.5338 -7.4893
v 339.5816 52.1467 -7.5915
v 339.4178 52.07714 -7.5216
v 339.4355 52.1127 -7.71

# 18 faces
f -18 -15 -17 
f -17 -15 -14 
f -17 -14 -16 
f -16 -14 -13 
f -16 -13 -18 
f -18 -13 -15 
f -12 -9 -11 
f -11 -9 -8 
f -11 -8 -10 
f -10 -8 -7 
f -10 -7 -12 
f -12 -7 -9 
f -6 -3 -5 
f -5 -3 -2 
f -5 -2 -4 
f -4 -2 -1 
f -4 -1 -6 
f -6 -1 -3 

g tomato_Leaf
s off

usemtl tomato_Leaf

# 12 vertices
v 339.4778 52.112 -7.6078
v 340.0157 31.6477 -4.312
v 343.3665 33.3687 -10.6443
v 342.8518 24.15 -5.4732
v 344.9362 25.8026 -11.8701
v 343.5458 25.227 -8.9625
v 351.1723 19.734 -7.2837
v 341.6063 32.4011 -6.9255
v 348.6903 26.7773 -13.07892
v 351.5618 27.1793 -13.01807
v 347.9464 34.527 -13.06395
v 351.1668 35.2365 -13.319

# 16 faces
f -10 -11 -12 
f -10 -12 -11 
f -8 -9 -10 
f -8 -10 -9 
f -8 -6 -7 
f -8 -7 -6 
f -10 -9 -5 
f -10 -5 -9 
f -8 -4 -6 
f -8 -6 -4 
f -10 -3 -8 
f -10 -8 -3 
f -2 -3 -10 
f -2 -10 -3 
f -12 -1 -10 
f -12 -10 -1 

g tomato_Intrnd
s off

usemtl tomato_Intrnd

# 18 vertices
v 345.4724 87.9979 -2.7464
v 344.4003 88.8879 -1.9784
v 344.6336 89.08405 -3.5514
v 342.3856 84.9972 -3.5784
v 341.3134 85.8872 -2.8104
v 341.5468 86.0834 -4.3835
v 342.3856 84.9972 -3.5784
v 341.3134 85.8872 -2.8104
v 341.5468 86.0834 -4.3835
v 340.6868 81.3612 -4.2838
v 339.3445 81.8765 -3.6026
v 339.5779 82.07269 -5.1756
v 340.6868 81.3612 -4.2838
v 339.3445 81.8765 -3.6026
v 339.5779 82.07269 -5.1756
v 340.3191 77.3412 -4.8396
v 338.8499 77.4102 -4.2328
v 339.0832 77.6063 -5.8059

# 18 faces
f -18 -15 -17 
f -17 -15 -14 
f -17 -14 -16 
f -16 -14 -13 
f -16 -13 -18 
f -18 -13 -15 
f -12 -9 -11 
f -11 -9 -8 
f -11 -8 -10 
f -10 -8 -7 
f -10 -7 -12 
f -12 -7 -9 
f -6 -3 -5 
f -5 -3 -2 
f -5 -2 -4 
f -4 -2 -1 
f -4 -1 -6 
f -6 -1 -3 

g tomato_Petiole
s off

usemtl tomato_Petiole

# 18 vertices
v 339.7727 77.5159 -4.8988
v 339.1889 77.3827 -4.674
v 339.2827 77.4616 -5.3063
v 340.7275 72.5177 -5.3804
v 340.1438 72.3845 -5.1556
v 340.2376 72.4633 -5.7879
v 340.7275 72.5177 -5.3804
v 340.1438 72.3845 -5.1556
v 340.2376 72.4633 -5.7879
v 343.0472 68.08882 -5.5885
v 342.5165 67.8028 -5.3749
v 342.6104 67.8816 -6.007258
v 343.0472 68.08882 -5.5885
v 342.5165 67.8028 -5.3749
v 342.6104 67.8816 -6.007258
v 346.5366 64.5029 -5.5181
v 346.1006 64.08533 -5.3067
v 346.1945 64.1641 -5.9391

# 18 faces
f -18 -15 -17 
f -17 -15 -14 
f -17 -14 -16 
f -16 -14 -13 
f -16 -13 -18 
f -18 -13 -15 
f -12 -9 -11 
f -11 -9 -8 
f -11 -8 -10 
f -10 -8 -7 
f -10 -7 -12 
f -12 -7 -9 
f -6 -3 -5 
f -5 -3 -2 
f -5 -2 -4 
f -4 -2 -1 
f -4 -1 -6 
f -6 -1 -3 

g tomato_Petiole
s off

usemtl tomato_Petiole

# 18 vertices
v 346.5302 64.5093 -5.5182
v 346.1038 64.08215 -5.3067
v 346.1976 64.161 -5.939
v 346.8942 64.1506 -5.5089
v 346.4678 63.7234 -5.2974
v 346.5616 63.8022 -5.9297
v 346.8942 64.1506 -5.5089
v 346.4678 63.7234 -5.2974
v 346.5616 63.8022 -5.9297
v 347.2602 63.8071 -5.4975
v 346.8435 63.3705 -5.2857
v 346.9373 63.4493 -5.918
v 347.2602 63.8071 -5.4975
v 346.8435 63.3705 -5.2857
v 346.9373 63.4493 -5.918
v 347.6342 63.4726 -5.4837
v 347.2277 63.02684 -5.2716
v 347.3214 63.1056 -5.9039

# 18 faces
f -18 -15 -17 
f -17 -15 -14 
f -17 -14 -16 
f -16 -14 -13 
f -16 -13 -18 
f -18 -13 -15 
f -12 -9 -11 
f -11 -9 -8 
f -11 -8 -10 
f -10 -8 -7 
f -10 -7 -12 
f -12 -7 -9 
f -6 -3 -5 
f -5 -3 -2 
f -5 -2 -4 
f -4 -2 -1 
f -4 -1 -6 
f -6 -1 -3 

g tomato_Petiole
s off

usemtl tomato_Petiole

# 18 vertices
v 347.4188 63.2292 -5.546
v 347.3692 63.1882 -5.525
v 347.3923 63.1842 -5.589
v 347.7859 62.8643 -5.3902
v 347.7363 62.8234 -5.3692
v 347.7594 62.8193 -5.4332
v 347.7859 62.8643 -5.3902
v 347.7363 62.8234 -5.3692
v 347.7594 62.8193 -5.4332
v 348.0909 62.5213 -5.1047
v 348.0355 62.4864 -5.08752
v 348.0701 62.4702 -5.1439
v 348.0909 62.5213 -5.1047
v 348.0355 62.4864 -5.08752
v 348.0701 62.4702 -5.1439
v 348.3115 62.2249 -4.7101
v 348.2517 62.1955 -4.6987
v 348.2953 62.1684 -4.7435

# 18 faces
f -18 -15 -17 
f -17 -15 -14 
f -17 -14 -16 
f -16 -14 -13 
f -16 -13 -18 
f -18 -13 -15 
f -12 -9 -11 
f -11 -9 -8 
f -11 -8 -10 
f -10 -8 -7 
f -10 -7 -12 
f -12 -7 -9 
f -6 -3 -5 
f -5 -3 -2 
f -5 -2 -4 
f -4 -2 -1 
f -4 -1 -6 
f -6 -1 -3 

g tomato_Leaf
s off

usemtl tomato_Leaf

# 12 vertices
v 348.286 62.1961 -4.7175
v 351.028 57.8916 6.5085
v 354.2028 56.9179 3.6493
v 354.013 56.2238 9.9018
v 356.5912 54.7872 7.02678
v 355.1709 55.3441 8.2367
v 359.3813 56.9758 11.6793
v 352.4338 57.5704 5.3118
v 358.6298 55.8112 6.231
v 359.9656 56.8962 6.1166
v 356.9643 57.7753 2.3831
v 358.5115 58.9347 2.02037

# 16 faces
f -10 -11 -12 
f -10 -12 -11 
f -8 -9 -10 
f -8 -10 -9 
f -8 -6 -7 
f -8 -7 -6 
f -10 -9 -5 
f -10 -5 -9 
f -8 -4 -6 
f -8 -6 -4 
f -10 -3 -8 
f -10 -8 -3 
f -2 -3 -10 
f -2 -10 -3 
f -12 -1 -10 
f -12 -10 -1 

g tomato_Petiole
s off

usemtl tomato_Petiole

# 18 vertices
v 347.6342 63.4726 -5.4837
v 347.2336 63.02158 -5.2714
v 347.3156 63.1109 -5.904
v 348.0168 63.1335 -5.482
v 347.6161 62.6825 -5.2697
v 347.6981 62.7719 -5.9023
v 348.0168 63.1335 -5.482
v 347.6161 62.6825 -5.2697
v 347.6981 62.7719 -5.9023
v 348.4007 62.7963 -5.4926
v 348.006 62.3401 -5.2804
v 348.0761 62.4399 -5.9129
v 348.4007 62.7963 -5.4926
v 348.006 62.3401 -5.2804
v 348.0761 62.4399 -5.9129
v 348.7859 62.4612 -5.5156
v 348.3971 61.9997 -5.3037
v 348.4554 62.1099 -5.9356

# 18 faces
f -18 -15 -17 
f -17 -15 -14 
f -17 -14 -16 
f -16 -14 -13 
f -16 -13 -18 
f -18 -13 -15 
f -12 -9 -11 
f -11 -9 -8 
f -11 -8 -10 
f -10 -8 -7 
f -10 -7 -12 
f -12 -7 -9 
f -6 -3 -5 
f -5 -3 -2 
f -5 -2 -4 
f -4 -2 -1 
f -4 -1 -6 
f -6 -1 -3 

g tomato_Petiole
s off

usemtl tomato_Petiole

# 18 vertices
v 348.5705 62.2178 -5.5779
v 348.5363 62.1632 -5.5571
v 348.5286 62.1864 -5.6207
v 348.9762 61.9009 -5.7427
v 348.942 61.8463 -5.7219
v 348.9342 61.8695 -5.7855
v 348.9762 61.9009 -5.7427
v 348.942 61.8463 -5.7219
v 348.9342 61.8695 -5.7855
v 349.3507 61.6444 -6.03622
v 349.3232 61.585 -6.01935
v 349.3022 61.6179 -6.0751
v 349.3507 61.6444 -6.03622
v 349.3232 61.585 -6.01935
v 349.3022 61.6179 -6.0751
v 349.6671 61.467 -6.437
v 349.6455 61.4038 -6.4261
v 349.6125 61.4442 -6.4699

# 18 faces
f -18 -15 -17 
f -17 -15 -14 
f -17 -14 -16 
f -16 -14 -13 
f -16 -13 -18 
f -18 -13 -15 
f -12 -9 -11 
f -11 -9 -8 
f -11 -8 -10 
f -10 -8 -7 
f -10 -7 -12 
f -12 -7 -9 
f -6 -3 -5 
f -5 -3 -2 
f -5 -2 -4 
f -4 -2 -1 
f -4 -1 -6 
f -6 -1 -3 

g tomato_Leaf
s off

usemtl tomato_Leaf

# 12 vertices
v 349.6416 61.4382 -6.4444
v 358.8391 55.8294 -12.4461
v 357.1391 59.05961 -14.8705
v 362.2523 55.5177 -15.8311
v 360.1657 58.09942 -18.2719
v 360.9087 56.747 -17.08442
v 365.954 58.8974 -18.5549
v 358.185 57.279 -13.4373
v 360.5545 60.4623 -18.593
v 361.3074 62.01166 -18.5051
v 357.3168 62.09621 -15.7143
v 357.955 63.9564 -15.6716

# 16 faces
f -10 -11 -12 
f -10 -12 -11 
f -8 -9 -10 
f -8 -10 -9 
f -8 -6 -7 
f -8 -7 -6 
f -10 -9 -5 
f -10 -5 -9 
f -8 -4 -6 
f -8 -6 -4 
f -10 -3 -8 
f -10 -8 -3 
f -2 -3 -10 
f -2 -10 -3 
f -12 -1 -10 
f -12 -10 -1 

g tomato_Petiole
s off

usemtl tomato_Petiole

# 18 vertices
v 348.7859 62.4612 -5.5156
v 348.4031 61.9946 -5.3041
v 348.4494 62.1151 -5.9351
v 349.1722 62.1283 -5.5508
v 348.7894 61.6617 -5.3393
v 348.8357 61.7822 -5.9704
v 349.1722 62.1283 -5.5508
v 348.7894 61.6617 -5.3393
v 348.8357 61.7822 -5.9704
v 349.5593 61.7978 -5.5984
v 349.1824 61.3261 -5.3875
v 349.2167 61.4569 -6.0173
v 349.5593 61.7978 -5.5984
v 349.1824 61.3261 -5.3875
v 349.2167 61.4569 -6.0173
v 349.9469 61.47 -5.6581
v 349.576 60.9932 -5.4481
v 349.5984 61.1342 -6.07624

# 18 faces
f -18 -15 -17 
f -17 -15 -14 
f -17 -14 -16 
f -16 -14 -13 
f -16 -13 -18 
f -18 -13 -15 
f -12 -9 -11 
f -11 -9 -8 
f -11 -8 -10 
f -10 -8 -7 
f -10 -7 -12 
f -12 -7 -9 
f -6 -3 -5 
f -5 -3 -2 
f -5 -2 -4 
f -4 -2 -1 
f -4 -1 -6 
f -6 -1 -3 

g tomato_Petiole
s off

usemtl tomato_Petiole

# 18 vertices
v 349.7314 61.2266 -5.7204
v 349.6859 61.1817 -5.6983
v 349.7008 61.1856 -5.7646
v 350.1245 60.8616 -5.6537
v 350.079 60.8167 -5.6315
v 350.0938 60.8205 -5.6979
v 350.1245 60.8616 -5.6537
v 350.079 60.8167 -5.6315
v 350.0938 60.8205 -5.6979
v 350.4771 60.5001 -5.461
v 350.4258 60.4608 -5.4408
v 350.4523 60.4534 -5.5031
v 350.4771 60.5001 -5.461
v 350.4258 60.4608 -5.4408
v 350.4523 60.4534 -5.5031
v 350.7682 60.1638 -5.1538
v 350.7119 60.1299 -5.1375
v 350.7484 60.1116 -5.1921

# 18 faces
f -18 -15 -17 
f -17 -15 -14 
f -17 -14 -16 
f -16 -14 -13 
f -16 -13 -18 
f -18 -13 -15 
f -12 -9 -11 
f -11 -9 -8 
f -11 -8 -10 
f -10 -8 -7 
f -10 -7 -12 
f -12 -7 -9 
f -6 -3 -5 
f -5 -3 -2 
f -5 -2 -4 
f -4 -2 -1 
f -4 -1 -6 
f -6 -1 -3 

g tomato_Leaf
s off

usemtl tomato_Leaf

# 12 vertices
v 350.7427 60.135 -5.1612
v 355.416 54.46 4.7397
v 358.1059 54.06332 1.3032
v 358.9654 52.4961 7.3379
v 361.0782 51.6123 3.9127
v 359.8599 51.9194 5.4002
v 364.528 53.2761 8.3345
v 356.6153 54.3834 3.3018
v 362.9274 52.8435 2.9628
v 364.1936 54.00302 2.7981
v 360.5956 55.2335 -0.2448
v 362.0273 56.5123 -0.6744

# 16 faces
f -10 -11 -12 
f -10 -12 -11 
f -8 -9 -10 
f -8 -10 -9 
f -8 -6 -7 
f -8 -7 -6 
f -10 -9 -5 
f -10 -5 -9 
f -8 -4 -6 
f -8 -6 -4 
f -10 -3 -8 
f -10 -8 -3 
f -2 -3 -10 
f -2 -10 -3 
f -12 -1 -10 
f -12 -10 -1 

g tomato_Petiole
s off

usemtl tomato_Petiole

# 18 vertices
v 349.9469 61.47 -5.6581
v 349.582 60.9881 -5.4491
v 349.5923 61.1392 -6.07522
v 350.3348 61.145 -5.7301
v 349.9699 60.6632 -5.5211
v 349.9803 60.8142 -6.1472
v 350.3348 61.145 -5.7301
v 349.9699 60.6632 -5.5211
v 349.9803 60.8142 -6.1472
v 350.7228 60.8231 -5.8143
v 350.3639 60.3362 -5.6065
v 350.3623 60.4973 -6.2301
v 350.7228 60.8231 -5.8143
v 350.3639 60.3362 -5.6065
v 350.3623 60.4973 -6.2301
v 351.1106 60.5044 -5.9106
v 350.7577 60.01264 -5.7042
v 350.7441 60.1836 -6.325

# 18 faces
f -18 -15 -17 
f -17 -15 -14 
f -17 -14 -16 
f -16 -14 -13 
f -16 -13 -18 
f -18 -13 -15 
f -12 -9 -11 
f -11 -9 -8 
f -11 -8 -10 
f -10 -8 -7 
f -10 -7 -12 
f -12 -7 -9 
f -6 -3 -5 
f -5 -3 -2 
f -5 -2 -4 
f -4 -2 -1 
f -4 -1 -6 
f -6 -1 -3 

g tomato_Petiole
s off

usemtl tomato_Petiole

# 18 vertices
v 350.8952 60.261 -5.9729
v 350.8647 60.2037 -5.9539
v 350.8495 60.2324 -6.01384
v 351.2874 59.9745 -6.21
v 351.257 59.9171 -6.191
v 351.2418 59.9459 -6.2509
v 351.2874 59.9745 -6.21
v 351.257 59.9171 -6.191
v 351.2418 59.9459 -6.2509
v 351.6333 59.7592 -6.5651
v 351.6092 59.6975 -6.5513
v 351.5814 59.7349 -6.601
v 351.6333 59.7592 -6.5651
v 351.6092 59.6975 -6.5513
v 351.5814 59.7349 -6.601
v 351.9079 59.6307 -7.01274
v 351.889 59.5661 -7.005761
v 351.8506 59.6094 -7.04174

# 18 faces
f -18 -15 -17 
f -17 -15 -14 
f -17 -14 -16 
f -16 -14 -13 
f -16 -13 -18 
f -18 -13 -15 
f -12 -9 -11 
f -11 -9 -8 
f -11 -8 -10 
f -10 -8 -7 
f -10 -7 -12 
f -12 -7 -9 
f -6 -3 -5 
f -5 -3 -2 
f -5 -2 -4 
f -4 -2 -1 
f -4 -1 -6 
f -6 -1 -3 

g tomato_Leaf
s off

usemtl tomato_Leaf

# 12 vertices
v 351.8824 59.6019 -7.02011
v 360.4929 54.887 -14.4835
v 358.4662 58.2733 -16.3881
v 363.522 55.00713 -18.2272
v 361.1239 57.737 -20.1697
v 362.0223 56.304 -19.2049
v 366.8273 58.7476 -20.9892
v 359.7021 56.4011 -15.254
v 361.4222 60.1311 -20.2996
v 362.1452 61.6891 -20.1426
v 358.4824 61.38 -16.9474
v 359.0796 63.2478 -16.7926

# 16 faces
f -10 -11 -12 
f -10 -12 -11 
f -8 -9 -10 
f -8 -10 -9 
f -8 -6 -7 
f -8 -7 -6 
f -10 -9 -5 
f -10 -5 -9 
f -8 -4 -6 
f -8 -6 -4 
f -10 -3 -8 
f -10 -8 -3 
f -2 -3 -10 
f -2 -10 -3 
f -12 -1 -10 
f -12 -10 -1 

g tomato_Petiole
s off

usemtl tomato_Petiole

# 18 vertices
v 350.8952 60.261 -5.9729
v 350.8585 60.2085 -5.9512
v 350.8558 60.2276 -6.01657
v 351.3049 59.9276 -6.08749
v 351.2682 59.8751 -6.06583
v 351.2655 59.8942 -6.1311
v 351.3049 59.9276 -6.08749
v 351.2682 59.8751 -6.06583
v 351.2655 59.8942 -6.1311
v 351.7141 59.5981 -6.2147
v 351.678 59.545 -6.1932
v 351.674 59.5652 -6.2582
v 351.7141 59.5981 -6.2147
v 351.678 59.545 -6.1932
v 351.674 59.5652 -6.2582
v 352.1223 59.2725 -6.3546
v 352.0868 59.219 -6.3333
v 352.0816 59.2401 -6.3978

# 18 faces
f -18 -15 -17 
f -17 -15 -14 
f -17 -14 -16 
f -16 -14 -13 
f -16 -13 -18 
f -18 -13 -15 
f -12 -9 -11 
f -11 -9 -8 
f -11 -8 -10 
f -10 -8 -7 
f -10 -7 -12 
f -12 -7 -9 
f -6 -3 -5 
f -5 -3 -2 
f -5 -2 -4 
f -4 -2 -1 
f -4 -1 -6 
f -6 -1 -3 

g tomato_Leaf
s off

usemtl tomato_Leaf

# 12 vertices
v 352.0968 59.2437 -6.3619
v 361.69 51.5384 -5.5427
v 361.6941 53.6258 -9.3956
v 366.0271 49.866 -6.8071
v 365.5682 51.3581 -10.6202
v 365.5279 50.5498 -8.8492
v 371.052 51.847 -8.6427
v 361.7525 52.5098 -7.1439
v 366.4816 53.4052 -11.5216
v 367.4143 54.8504 -11.6491
v 362.7444 56.09836 -11.05339
v 363.6487 57.8158 -11.3729

# 16 faces
f -10 -11 -12 
f -10 -12 -11 
f -8 -9 -10 
f -8 -10 -9 
f -8 -6 -7 
f -8 -7 -6 
f -10 -9 -5 
f -10 -5 -9 
f -8 -4 -6 
f -8 -6 -4 
f -10 -3 -8 
f -10 -8 -3 
f -2 -3 -10 
f -2 -10 -3 
f -12 -1 -10 
f -12 -10 -1 

g tomato_Intrnd
s off

usemtl tomato_Intrnd

# 18 vertices
v 339.8598 77.5198 -4.8854
v 339.1349 77.3715 -4.6057
v 339.2509 77.469 -5.3878
v 340.2149 75.3797 -5.09963
v 339.49 75.2314 -4.8199
v 339.606 75.3289 -5.602
v 340.2149 75.3797 -5.09963
v 339.49 75.2314 -4.8199
v 339.606 75.3289 -5.602
v 341.0885 73.5192 -5.202
v 340.4174 73.1956 -4.9362
v 340.5334 73.2931 -5.7182
v 341.0885 73.5192 -5.202
v 340.4174 73.1956 -4.9362
v 340.5334 73.2931 -5.7182
v 342.4209 71.9509 -5.1999
v 341.8481 71.4718 -4.9389
v 341.9641 71.5693 -5.7209

# 18 faces
f -18 -15 -17 
f -17 -15 -14 
f -17 -14 -16 
f -16 -14 -13 
f -16 -13 -18 
f -18 -13 -15 
f -12 -9 -11 
f -11 -9 -8 
f -11 -8 -10 
f -10 -8 -7 
f -10 -7 -12 
f -12 -7 -9 
f -6 -3 -5 
f -5 -3 -2 
f -5 -2 -4 
f -4 -2 -1 
f -4 -1 -6 
f -6 -1 -3 

g tomato_Petiole
s off

usemtl tomato_Petiole

# 18 vertices
v 342.1844 71.8394 -5.2489
v 341.996 71.5531 -5.1257
v 342.0494 71.598 -5.4858
v 344.6448 70.2939 -5.07665
v 344.4563 70.0077 -4.9535
v 344.5097 70.0526 -5.3135
v 344.6448 70.2939 -5.07665
v 344.4563 70.0077 -4.9535
v 344.5097 70.0526 -5.3135
v 347.3889 69.6182 -4.7538
v 347.2921 69.2929 -4.622
v 347.3455 69.3378 -4.982
v 347.3889 69.6182 -4.7538
v 347.2921 69.2929 -4.622
v 347.3455 69.3378 -4.982
v 350.1902 69.8364 -4.3111
v 350.192 69.5025 -4.1656
v 350.2455 69.5474 -4.5257

# 18 faces
f -18 -15 -17 
f -17 -15 -14 
f -17 -14 -16 
f -16 -14 -13 
f -16 -13 -18 
f -18 -13 -15 
f -12 -9 -11 
f -11 -9 -8 
f -11 -8 -10 
f -10 -8 -7 
f -10 -7 -12 
f -12 -7 -9 
f -6 -3 -5 
f -5 -3 -2 
f -5 -2 -4 
f -4 -2 -1 
f -4 -1 -6 
f -6 -1 -3 

g tomato_Petiole
s off

usemtl tomato_Petiole

# 18 vertices
v 350.1902 69.8364 -4.3111
v 350.192 69.5025 -4.1656
v 350.2455 69.5474 -4.5257
v 350.477 69.8577 -4.2659
v 350.4788 69.5238 -4.1204
v 350.5322 69.5687 -4.4805
v 350.477 69.8577 -4.2659
v 350.4788 69.5238 -4.1204
v 350.5322 69.5687 -4.4805
v 350.7637 69.8789 -4.2207
v 350.7655 69.545 -4.07531
v 350.8189 69.5899 -4.4353
v 350.7637 69.8789 -4.2207
v 350.7655 69.545 -4.07531
v 350.8189 69.5899 -4.4353
v 351.0504 69.9002 -4.1755
v 351.0523 69.5663 -4.03013
v 351.1057 69.6112 -4.3901

# 18 faces
f -18 -15 -17 
f -17 -15 -14 
f -17 -14 -16 
f -16 -14 -13 
f -16 -13 -18 
f -18 -13 -15 
f -12 -9 -11 
f -11 -9 -8 
f -11 -8 -10 
f -10 -8 -7 
f -10 -7 -12 
f -12 -7 -9 
f -6 -3 -5 
f -5 -3 -2 
f -5 -2 -4 
f -4 -2 -1 
f -4 -1 -6 
f -6 -1 -3 

g tomato_Petiole
s off

usemtl tomato_Petiole

# 18 vertices
v 351.0684 69.7041 -4.1973
v 351.0659 69.6839 -4.1893
v 351.0743 69.6869 -4.2095
v 351.2297 69.7113 -4.1291
v 351.2272 69.6911 -4.1211
v 351.2356 69.6941 -4.1413
v 351.2297 69.7113 -4.1291
v 351.2272 69.6911 -4.1211
v 351.2356 69.6941 -4.1413
v 351.3699 69.7125 -4.02403
v 351.3651 69.6922 -4.01736
v 351.3782 69.6953 -4.03487
v 351.3699 69.7125 -4.02403
v 351.3651 69.6922 -4.01736
v 351.3782 69.6953 -4.03487
v 351.4807 69.7076 -3.8883
v 351.474 69.6873 -3.8835
v 351.491 69.6904 -3.8972

# 18 faces
f -18 -15 -17 
f -17 -15 -14 
f -17 -14 -16 
f -16 -14 -13 
f -16 -13 -18 
f -18 -13 -15 
f -12 -9 -11 
f -11 -9 -8 
f -11 -8 -10 
f -10 -8 -7 
f -10 -7 -12 
f -12 -7 -9 
f -6 -3 -5 
f -5 -3 -2 
f -5 -2 -4 
f -4 -2 -1 
f -4 -1 -6 
f -6 -1 -3 

g tomato_Leaf
s off

usemtl tomato_Leaf

# 12 vertices
v 351.4819 69.695 -3.8897
v 353.8707 68.7461 2.645
v 355.6385 69.7382 1.1901
v 355.5954 69.1895 4.7314
v 357.3164 69.7556 3.2406
v 356.4789 69.3622 3.8515
v 357.3422 71.6143 6.004939
v 354.6059 69.227 2.03937
v 357.7379 71.01616 2.885
v 357.829 71.994 2.88
v 356.4328 71.2409 0.6052
v 356.5872 72.342 0.4694

# 16 faces
f -10 -11 -12 
f -10 -12 -11 
f -8 -9 -10 
f -8 -10 -9 
f -8 -6 -7 
f -8 -7 -6 
f -10 -9 -5 
f -10 -5 -9 
f -8 -4 -6 
f -8 -6 -4 
f -10 -3 -8 
f -10 -8 -3 
f -2 -3 -10 
f -2 -10 -3 
f -12 -1 -10 
f -12 -10 -1 

g tomato_Petiole
s off

usemtl tomato_Petiole

# 18 vertices
v 351.0504 69.9002 -4.1755
v 351.0567 69.5666 -4.02948
v 351.1012 69.6109 -4.3908
v 351.3381 69.9223 -4.1374
v 351.3444 69.5887 -3.9913
v 351.3889 69.633 -4.3526
v 351.3381 69.9223 -4.1374
v 351.3444 69.5887 -3.9913
v 351.3889 69.633 -4.3526
v 351.6266 69.9453 -4.1062
v 351.6373 69.6121 -3.9596
v 351.6729 69.6556 -4.3221
v 351.6266 69.9453 -4.1062
v 351.6373 69.6121 -3.9596
v 351.6729 69.6556 -4.3221
v 351.9157 69.9691 -4.08225
v 351.9309 69.6362 -3.9352
v 351.9576 69.679 -4.2984

# 18 faces
f -18 -15 -17 
f -17 -15 -14 
f -17 -14 -16 
f -16 -14 -13 
f -16 -13 -18 
f -18 -13 -15 
f -12 -9 -11 
f -11 -9 -8 
f -11 -8 -10 
f -10 -8 -7 
f -10 -7 -12 
f -12 -7 -9 
f -6 -3 -5 
f -5 -3 -2 
f -5 -2 -4 
f -4 -2 -1 
f -4 -1 -6 
f -6 -1 -3 

g tomato_Petiole
s off

usemtl tomato_Petiole

# 18 vertices
v 351.9337 69.773 -4.104
v 351.9375 69.7533 -4.09533
v 351.9332 69.7553 -4.1169
v 352.1048 69.7923 -4.1363
v 352.1087 69.7726 -4.1276
v 352.1044 69.7746 -4.1492
v 352.1048 69.7923 -4.1363
v 352.1087 69.7726 -4.1276
v 352.1044 69.7746 -4.1492
v 352.2607 69.8151 -4.2132
v 352.2674 69.7957 -4.2054
v 352.2575 69.797 -4.2251
v 352.2607 69.8151 -4.2132
v 352.2674 69.7957 -4.2054
v 352.2575 69.797 -4.2251
v 352.39 69.8398 -4.3289
v 352.3991 69.8208 -4.3228
v 352.3843 69.8213 -4.3392

# 18 faces
f -18 -15 -17 
f -17 -15 -14 
f -17 -14 -16 
f -16 -14 -13 
f -16 -13 -18 
f -18 -13 -15 
f -12 -9 -11 
f -11 -9 -8 
f -11 -8 -10 
f -10 -8 -7 
f -10 -7 -12 
f -12 -7 -9 
f -6 -3 -5 
f -5 -3 -2 
f -5 -2 -4 
f -4 -2 -1 
f -4 -1 -6 
f -6 -1 -3 

g tomato_Leaf
s off

usemtl tomato_Leaf

# 12 vertices
v 352.3911 69.8273 -4.3303
v 358.88 70.274 -6.977
v 357.183 70.9748 -8.6668
v 360.7606 71.1622 -8.7656
v 359.1173 71.438 -10.4173
v 359.8289 71.1649 -9.6121
v 361.4409 73.8234 -10.4998
v 358.1598 70.6322 -7.6781
v 358.4953 72.6054 -10.7957
v 358.2872 73.5629 -10.8635
v 356.2722 72.3381 -9.4036
v 355.9086 73.3904 -9.5269

# 16 faces
f -10 -11 -12 
f -10 -12 -11 
f -8 -9 -10 
f -8 -10 -9 
f -8 -6 -7 
f -8 -7 -6 
f -10 -9 -5 
f -10 -5 -9 
f -8 -4 -6 
f -8 -6 -4 
f -10 -3 -8 
f -10 -8 -3 
f -2 -3 -10 
f -2 -10 -3 
f -12 -1 -10 
f -12 -10 -1 

g tomato_Petiole
s off

usemtl tomato_Petiole

# 18 vertices
v 351.9106 69.9686 -4.08281
v 351.929 69.6361 -3.9353
v 351.9646 69.6796 -4.2977
v 352.1983 69.9987 -4.05093
v 352.2167 69.6661 -3.9034
v 352.2523 69.7097 -4.2659
v 352.1983 69.9987 -4.05093
v 352.2167 69.6661 -3.9034
v 352.2523 69.7097 -4.2659
v 352.4793 70.03433 -4.01194
v 352.5008 69.7022 -3.8639
v 352.5453 69.7466 -4.2253
v 352.4793 70.03433 -4.01194
v 352.5008 69.7022 -3.8639
v 352.5453 69.7466 -4.2253
v 352.7582 70.07602 -3.9653
v 352.7829 69.7444 -3.8168
v 352.8362 69.7899 -4.1768

# 18 faces
f -18 -15 -17 
f -17 -15 -14 
f -17 -14 -16 
f -16 -14 -13 
f -16 -13 -18 
f -18 -13 -15 
f -12 -9 -11 
f -11 -9 -8 
f -11 -8 -10 
f -10 -8 -7 
f -10 -7 -12 
f -12 -7 -9 
f -6 -3 -5 
f -5 -3 -2 
f -5 -2 -4 
f -4 -2 -1 
f -4 -1 -6 
f -6 -1 -3 

g tomato_Petiole
s off

usemtl tomato_Petiole

# 18 vertices
v 352.7906 69.8816 -3.9851
v 352.7892 69.8612 -3.977
v 352.7981 69.8647 -3.997
v 352.9486 69.9003 -3.9117
v 352.9473 69.88 -3.9036
v 352.9561 69.8835 -3.9235
v 352.9486 69.9003 -3.9117
v 352.9473 69.88 -3.9036
v 352.9561 69.8835 -3.9235
v 353.0822 69.911 -3.7987
v 353.0784 69.8904 -3.7923
v 353.0922 69.8944 -3.809
v 353.0822 69.911 -3.7987
v 353.0784 69.8904 -3.7923
v 353.0922 69.8944 -3.809
v 353.1817 69.9129 -3.6544
v 353.1759 69.8922 -3.6502
v 353.1937 69.8964 -3.6625

# 18 faces
f -18 -15 -17 
f -17 -15 -14 
f -17 -14 -16 
f -16 -14 -13 
f -16 -13 -18 
f -18 -13 -15 
f -12 -9 -11 
f -11 -9 -8 
f -11 -8 -10 
f -10 -8 -7 
f -10 -7 -12 
f -12 -7 -9 
f -6 -3 -5 
f -5 -3 -2 
f -5 -2 -4 
f -4 -2 -1 
f -4 -1 -6 
f -6 -1 -3 

g tomato_Leaf
s off

usemtl tomato_Leaf

# 12 vertices
v 353.1838 69.9004 -3.6557
v 355.0891 69.08791 3.05388
v 356.9016 70.1966 1.7454
v 356.6061 69.6354 5.2728
v 358.4024 70.3161 3.9258
v 357.5452 69.8675 4.4672
v 358.083 72.1641 6.6788
v 355.8386 69.6171 2.5089
v 358.7691 71.6023 3.6029
v 358.7969 72.584 3.603
v 357.6421 71.7492 1.2238
v 357.7355 72.8584 1.09871

# 16 faces
f -10 -11 -12 
f -10 -12 -11 
f -8 -9 -10 
f -8 -10 -9 
f -8 -6 -7 
f -8 -7 -6 
f -10 -9 -5 
f -10 -5 -9 
f -8 -4 -6 
f -8 -6 -4 
f -10 -3 -8 
f -10 -8 -3 
f -2 -3 -10 
f -2 -10 -3 
f -12 -1 -10 
f -12 -10 -1 

g tomato_Petiole
s off

usemtl tomato_Petiole

# 18 vertices
v 352.7482 70.0743 -3.9672
v 352.7834 69.7446 -3.8166
v 352.8456 69.7914 -4.175
v 353.0284 70.1297 -3.9114
v 353.0637 69.8 -3.7608
v 353.1258 69.8469 -4.1192
v 353.0284 70.1297 -3.9114
v 353.0637 69.8 -3.7608
v 353.1258 69.8469 -4.1192
v 353.2942 70.1959 -3.8497
v 353.3398 69.8686 -3.6966
v 353.4105 69.9171 -4.05324
v 353.2942 70.1959 -3.8497
v 353.3398 69.8686 -3.6966
v 353.4105 69.9171 -4.05324
v 353.5546 70.2743 -3.7803
v 353.6104 69.9499 -3.6244
v 353.6897 70.00057 -3.9789

# 18 faces
f -18 -15 -17 
f -17 -15 -14 
f -17 -14 -16 
f -16 -14 -13 
f -16 -13 -18 
f -18 -13 -15 
f -12 -9 -11 
f -11 -9 -8 
f -11 -8 -10 
f -10 -8 -7 
f -10 -7 -12 
f -12 -7 -9 
f -6 -3 -5 
f -5 -3 -2 
f -5 -2 -4 
f -4 -2 -1 
f -4 -1 -6 
f -6 -1 -3 

g tomato_Petiole
s off

usemtl tomato_Petiole

# 18 vertices
v 353.6147 70.08605 -3.7938
v 353.6206 70.06731 -3.784
v 353.6202 70.06878 -3.8061
v 353.7817 70.1392 -3.7929
v 353.7876 70.1205 -3.7831
v 353.7872 70.122 -3.8052
v 353.7817 70.1392 -3.7929
v 353.7876 70.1205 -3.7831
v 353.7872 70.122 -3.8052
v 353.943 70.1937 -3.8345
v 353.9515 70.1758 -3.8251
v 353.946 70.1756 -3.8465
v 353.943 70.1937 -3.8345
v 353.9515 70.1758 -3.8251
v 353.946 70.1756 -3.8465
v 354.089 70.2461 -3.9162
v 354.0998 70.229 -3.9077
v 354.0896 70.2272 -3.9272

# 18 faces
f -18 -15 -17 
f -17 -15 -14 
f -17 -14 -16 
f -16 -14 -13 
f -16 -13 -18 
f -18 -13 -15 
f -12 -9 -11 
f -11 -9 -8 
f -11 -8 -10 
f -10 -8 -7 
f -10 -7 -12 
f -12 -7 -9 
f -6 -3 -5 
f -5 -3 -2 
f -5 -2 -4 
f -4 -2 -1 
f -4 -1 -6 
f -6 -1 -3 

g tomato_Leaf
s off

usemtl tomato_Leaf

# 12 vertices
v 354.0928 70.234 -3.917
v 360.8152 71.9918 -4.9322
v 359.4695 72.4059 -6.9923
v 362.8617 73.2763 -6.2307
v 361.64 73.2826 -8.2337
v 362.1771 73.1264 -7.2765
v 363.4114 76.0695 -7.7956
v 360.2285 72.2266 -5.792
v 360.9137 74.3205 -8.7706
v 360.5474 75.2221 -8.9028
v 358.5165 73.5916 -7.9498
v 357.9972 74.5583 -8.175

# 16 faces
f -10 -11 -12 
f -10 -12 -11 
f -8 -9 -10 
f -8 -10 -9 
f -8 -6 -7 
f -8 -7 -6 
f -10 -9 -5 
f -10 -5 -9 
f -8 -4 -6 
f -8 -6 -4 
f -10 -3 -8 
f -10 -8 -3 
f -2 -3 -10 
f -2 -10 -3 
f -12 -1 -10 
f -12 -10 -1 

g tomato_Petiole
s off

usemtl tomato_Petiole

# 18 vertices
v 353.6147 70.08605 -3.7938
v 353.618 70.06652 -3.7844
v 353.6228 70.06957 -3.8057
v 353.7773 70.1348 -3.7504
v 353.7807 70.1153 -3.741
v 353.7855 70.1183 -3.7624
v 353.7773 70.1348 -3.7504
v 353.7807 70.1153 -3.741
v 353.7855 70.1183 -3.7624
v 353.94 70.1836 -3.7071
v 353.9434 70.1641 -3.6977
v 353.9481 70.1671 -3.719
v 353.94 70.1836 -3.7071
v 353.9434 70.1641 -3.6977
v 353.9481 70.1671 -3.719
v 354.1027 70.2324 -3.6637
v 354.106 70.2129 -3.6544
v 354.1108 70.2159 -3.6757

# 18 faces
f -18 -15 -17 
f -17 -15 -14 
f -17 -14 -16 
f -16 -14 -13 
f -16 -13 -18 
f -18 -13 -15 
f -12 -9 -11 
f -11 -9 -8 
f -11 -8 -10 
f -10 -8 -7 
f -10 -7 -12 
f -12 -7 -9 
f -6 -3 -5 
f -5 -3 -2 
f -5 -2 -4 
f -4 -2 -1 
f -4 -1 -6 
f -6 -1 -3 

g tomato_Leaf
s off

usemtl tomato_Leaf

# 12 vertices
v 354.1065 70.2204 -3.6646
v 359.85 71.315 0.2243
v 360.1349 72.2658 -2.06503
v 362.2137 72.5639 0.8391
v 362.5683 73.0915 -1.4193
v 362.3675 72.6956 -0.4033
v 363.5602 75.5135 0.6413
v 359.9479 71.7753 -0.7333
v 362.3283 74.2911 -2.04862
v 362.1071 75.239 -2.1798
v 359.9878 73.7155 -3.1174
v 359.7076 74.7625 -3.4001

# 16 faces
f -10 -11 -12 
f -10 -12 -11 
f -8 -9 -10 
f -8 -10 -9 
f -8 -6 -7 
f -8 -7 -6 
f -10 -9 -5 
f -10 -5 -9 
f -8 -4 -6 
f -8 -6 -4 
f -10 -3 -8 
f -10 -8 -3 
f -2 -3 -10 
f -2 -10 -3 
f -12 -1 -10 
f -12 -10 -1 

g tomato_Intrnd
s off

usemtl tomato_Intrnd

# 18 vertices
v 342.2017 71.8794 -5.2413
v 341.9819 71.5287 -5.09198
v 342.0464 71.5829 -5.527
v 343.2418 71.2607 -5.1642
v 343.0221 70.9099 -5.01484
v 343.0866 70.9641 -5.4499
v 343.2418 71.2607 -5.1642
v 343.0221 70.9099 -5.01484
v 343.0866 70.9641 -5.4499
v 344.3417 71.05698 -5.02647
v 344.2428 70.6597 -4.8649
v 344.3073 70.714 -5.3
v 344.3417 71.05698 -5.02647
v 344.2428 70.6597 -4.8649
v 344.3073 70.714 -5.3
v 345.4391 71.2357 -4.8414
v 345.4688 70.8353 -4.6612
v 345.5333 70.8895 -5.09631

# 18 faces
f -18 -15 -17 
f -17 -15 -14 
f -17 -14 -16 
f -16 -14 -13 
f -16 -13 -18 
f -18 -13 -15 
f -12 -9 -11 
f -11 -9 -8 
f -11 -8 -10 
f -10 -8 -7 
f -10 -7 -12 
f -12 -7 -9 
f -6 -3 -5 
f -5 -3 -2 
f -5 -2 -4 
f -4 -2 -1 
f -4 -1 -6 
f -6 -1 -3 

g tomato_Petiole
s off

usemtl tomato_Petiole

# 18 vertices
v 345.4363 71.06169 -4.8635
v 345.4912 70.9388 -4.7926
v 345.5135 70.9576 -4.943
v 346.4716 71.6562 -4.6358
v 346.5266 71.5334 -4.5649
v 346.5489 71.5521 -4.7153
v 346.4716 71.6562 -4.6358
v 346.5266 71.5334 -4.5649
v 346.5489 71.5521 -4.7153
v 347.1934 72.5681 -4.415
v 347.2842 72.476 -4.335
v 347.3065 72.4947 -4.4854
v 347.1934 72.5681 -4.415
v 347.2842 72.476 -4.335
v 347.3065 72.4947 -4.4854
v 347.5349 73.6855 -4.225
v 347.6479 73.6352 -4.1365
v 347.6702 73.6539 -4.2869

# 18 faces
f -18 -15 -17 
f -17 -15 -14 
f -17 -14 -16 
f -16 -14 -13 
f -16 -13 -18 
f -18 -13 -15 
f -12 -9 -11 
f -11 -9 -8 
f -11 -8 -10 
f -10 -8 -7 
f -10 -7 -12 
f -12 -7 -9 
f -6 -3 -5 
f -5 -3 -2 
f -5 -2 -4 
f -4 -2 -1 
f -4 -1 -6 
f -6 -1 -3 

g tomato_Petiole
s off

usemtl tomato_Petiole

# 18 vertices
v 347.5349 73.6855 -4.225
v 347.6479 73.6352 -4.1365
v 347.6702 73.6539 -4.2869
v 347.5706 73.8 -4.2054
v 347.6836 73.7497 -4.1169
v 347.7059 73.7685 -4.2673
v 347.5706 73.8 -4.2054
v 347.6836 73.7497 -4.1169
v 347.7059 73.7685 -4.2673
v 347.6062 73.9145 -4.1859
v 347.7192 73.8643 -4.09743
v 347.7415 73.883 -4.2477
v 347.6062 73.9145 -4.1859
v 347.7192 73.8643 -4.09743
v 347.7415 73.883 -4.2477
v 347.6418 74.02913 -4.1663
v 347.7549 73.9788 -4.07786
v 347.7772 73.9976 -4.2282

# 18 faces
f -18 -15 -17 
f -17 -15 -14 
f -17 -14 -16 
f -16 -14 -13 
f -16 -13 -18 
f -18 -13 -15 
f -12 -9 -11 
f -11 -9 -8 
f -11 -8 -10 
f -10 -8 -7 
f -10 -7 -12 
f -12 -7 -9 
f -6 -3 -5 
f -5 -3 -2 
f -5 -2 -4 
f -4 -2 -1 
f -4 -1 -6 
f -6 -1 -3 

g tomato_Petiole
s off

usemtl tomato_Petiole

# 18 vertices
v 347.7229 74.00242 -4.1576
v 347.7256 74.00072 -4.1555
v 347.7264 74.00206 -4.159
v 347.7305 74.02945 -4.1455
v 347.7332 74.02776 -4.1435
v 347.734 74.02909 -4.147
v 347.7305 74.02945 -4.1455
v 347.7332 74.02776 -4.1435
v 347.734 74.02909 -4.147
v 347.7363 74.05309 -4.1271
v 347.7389 74.05099 -4.1252
v 347.74 74.05312 -4.1283
v 347.7363 74.05309 -4.1271
v 347.7389 74.05099 -4.1252
v 347.74 74.05312 -4.1283
v 347.74 74.07191 -4.1033
v 347.7425 74.0695 -4.1017
v 347.7437 74.07228 -4.1041

# 18 faces
f -18 -15 -17 
f -17 -15 -14 
f -17 -14 -16 
f -16 -14 -13 
f -16 -13 -18 
f -18 -13 -15 
f -12 -9 -11 
f -11 -9 -8 
f -11 -8 -10 
f -10 -8 -7 
f -10 -7 -12 
f -12 -7 -9 
f -6 -3 -5 
f -5 -3 -2 
f -5 -2 -4 
f -4 -2 -1 
f -4 -1 -6 
f -6 -1 -3 

g tomato_Leaf
s off

usemtl tomato_Leaf

# 12 vertices
v 347.7421 74.07123 -4.103
v 348.4841 74.7548 -1.3497
v 348.4181 75.6116 -1.939
v 348.6029 75.4675 -0.4609
v 348.691 76.2334 -1.06551
v 348.6935 75.8414 -0.8191
v 347.9756 76.5377 0.08801
v 348.4307 75.1229 -1.5951
v 348.2858 76.6142 -1.21
v 347.9296 76.8175 -1.2115
v 347.9861 76.1781 -2.1754
v 347.5945 76.4278 -2.2309

# 16 faces
f -10 -11 -12 
f -10 -12 -11 
f -8 -9 -10 
f -8 -10 -9 
f -8 -6 -7 
f -8 -7 -6 
f -10 -9 -5 
f -10 -5 -9 
f -8 -4 -6 
f -8 -6 -4 
f -10 -3 -8 
f -10 -8 -3 
f -2 -3 -10 
f -2 -10 -3 
f -12 -1 -10 
f -12 -10 -1 

g tomato_Petiole
s off

usemtl tomato_Petiole

# 18 vertices
v 347.6418 74.02913 -4.1663
v 347.7549 73.9788 -4.07786
v 347.7772 73.9976 -4.2282
v 347.6775 74.1436 -4.1467
v 347.7905 74.09339 -4.05829
v 347.8128 74.1121 -4.2086
v 347.6775 74.1436 -4.1467
v 347.7905 74.09339 -4.05829
v 347.8128 74.1121 -4.2086
v 347.7131 74.2582 -4.1272
v 347.8261 74.2079 -4.03872
v 347.8484 74.2266 -4.189
v 347.7131 74.2582 -4.1272
v 347.8261 74.2079 -4.03872
v 347.8484 74.2266 -4.189
v 347.7488 74.3727 -4.1076
v 347.8618 74.3224 -4.01915
v 347.8841 74.3412 -4.1695

# 18 faces
f -18 -15 -17 
f -17 -15 -14 
f -17 -14 -16 
f -16 -14 -13 
f -16 -13 -18 
f -18 -13 -15 
f -12 -9 -11 
f -11 -9 -8 
f -11 -8 -10 
f -10 -8 -7 
f -10 -7 -12 
f -12 -7 -9 
f -6 -3 -5 
f -5 -3 -2 
f -5 -2 -4 
f -4 -2 -1 
f -4 -1 -6 
f -6 -1 -3 

g tomato_Petiole
s off

usemtl tomato_Petiole

# 18 vertices
v 347.8298 74.346 -4.09895
v 347.8329 74.3452 -4.09671
v 347.8331 74.3447 -4.1005
v 347.8397 74.3747 -4.1022
v 347.8427 74.374 -4.09997
v 347.8429 74.3735 -4.1037
v 347.8397 74.3747 -4.1022
v 347.8427 74.374 -4.09997
v 347.8429 74.3735 -4.1037
v 347.8496 74.4014 -4.1134
v 347.8528 74.4011 -4.1113
v 347.8527 74.3996 -4.1148
v 347.8496 74.4014 -4.1134
v 347.8528 74.4011 -4.1113
v 347.8527 74.3996 -4.1148
v 347.859 74.4239 -4.1317
v 347.8624 74.4241 -4.1298
v 347.862 74.4218 -4.1329

# 18 faces
f -18 -15 -17 
f -17 -15 -14 
f -17 -14 -16 
f -16 -14 -13 
f -16 -13 -18 
f -18 -13 -15 
f -12 -9 -11 
f -11 -9 -8 
f -11 -8 -10 
f -10 -8 -7 
f -10 -7 -12 
f -12 -7 -9 
f -6 -3 -5 
f -5 -3 -2 
f -5 -2 -4 
f -4 -2 -1 
f -4 -1 -6 
f -6 -1 -3 

g tomato_Leaf
s off

usemtl tomato_Leaf

# 12 vertices
v 347.8611 74.4233 -4.1315
v 349.5128 76.7326 -4.8647
v 349.0562 76.3218 -5.7064
v 349.8465 77.5836 -5.555
v 349.5386 77.08817 -6.3422
v 349.7133 77.2656 -5.9519
v 349.3083 78.4562 -6.4433
v 349.2974 76.573 -5.2206
v 349.0466 77.1587 -6.6304
v 348.6893 77.3198 -6.7511
v 348.4685 76.3409 -6.173
v 348.0491 76.472 -6.3333

# 16 faces
f -10 -11 -12 
f -10 -12 -11 
f -8 -9 -10 
f -8 -10 -9 
f -8 -6 -7 
f -8 -7 -6 
f -10 -9 -5 
f -10 -5 -9 
f -8 -4 -6 
f -8 -6 -4 
f -10 -3 -8 
f -10 -8 -3 
f -2 -3 -10 
f -2 -10 -3 
f -12 -1 -10 
f -12 -10 -1 

g tomato_Petiole
s off

usemtl tomato_Petiole

# 18 vertices
v 347.7488 74.3727 -4.1076
v 347.8623 74.3242 -4.01887
v 347.8835 74.3394 -4.1697
v 347.7849 74.4876 -4.09101
v 347.8984 74.4391 -4.002243
v 347.9196 74.4543 -4.1531
v 347.7849 74.4876 -4.09101
v 347.8984 74.4391 -4.002243
v 347.9196 74.4543 -4.1531
v 347.8213 74.6027 -4.07732
v 347.9354 74.556 -3.9883
v 347.9555 74.5676 -4.1397
v 347.8213 74.6027 -4.07732
v 347.9354 74.556 -3.9883
v 347.9555 74.5676 -4.1397
v 347.8582 74.718 -4.06659
v 347.9728 74.6731 -3.9773
v 347.9918 74.6812 -4.1291

# 18 faces
f -18 -15 -17 
f -17 -15 -14 
f -17 -14 -16 
f -16 -14 -13 
f -16 -13 -18 
f -18 -13 -15 
f -12 -9 -11 
f -11 -9 -8 
f -11 -8 -10 
f -10 -8 -7 
f -10 -7 -12 
f -12 -7 -9 
f -6 -3 -5 
f -5 -3 -2 
f -5 -2 -4 
f -4 -2 -1 
f -4 -1 -6 
f -6 -1 -3 

g tomato_Petiole
s off

usemtl tomato_Petiole

# 18 vertices
v 347.9392 74.6913 -4.05789
v 347.942 74.6897 -4.05575
v 347.9427 74.6908 -4.05937
v 347.9473 74.7191 -4.04791
v 347.95 74.7175 -4.04577
v 347.9508 74.7186 -4.04939
v 347.9473 74.7191 -4.04791
v 347.95 74.7175 -4.04577
v 347.9508 74.7186 -4.04939
v 347.9536 74.7439 -4.03126
v 347.9563 74.7419 -4.02932
v 347.9573 74.7438 -4.03252
v 347.9536 74.7439 -4.03126
v 347.9563 74.7419 -4.02932
v 347.9573 74.7438 -4.03252
v 347.958 74.7643 -4.008921
v 347.9605 74.7619 -4.007287
v 347.9617 74.7646 -4.009886

# 18 faces
f -18 -15 -17 
f -17 -15 -14 
f -17 -14 -16 
f -16 -14 -13 
f -16 -13 -18 
f -18 -13 -15 
f -12 -9 -11 
f -11 -9 -8 
f -11 -8 -10 
f -10 -8 -7 
f -10 -7 -12 
f -12 -7 -9 
f -6 -3 -5 
f -5 -3 -2 
f -5 -2 -4 
f -4 -2 -1 
f -4 -1 -6 
f -6 -1 -3 

g tomato_Leaf
s off

usemtl tomato_Leaf

# 12 vertices
v 347.9601 74.7636 -4.008697
v 348.7703 75.6305 -1.3271
v 348.6963 76.4449 -1.9729
v 348.9143 76.4022 -0.4929
v 348.9935 77.1236 -1.1512
v 348.9991 76.7496 -0.8782
v 348.3071 77.5131 -0.005766
v 348.7136 75.9811 -1.5962
v 348.5876 77.4968 -1.3126
v 348.2328 77.7024 -1.3202
v 348.2627 76.9971 -2.2384
v 347.8716 77.2457 -2.3022

# 16 faces
f -10 -11 -12 
f -10 -12 -11 
f -8 -9 -10 
f -8 -10 -9 
f -8 -6 -7 
f -8 -7 -6 
f -10 -9 -5 
f -10 -5 -9 
f -8 -4 -6 
f -8 -6 -4 
f -10 -3 -8 
f -10 -8 -3 
f -2 -3 -10 
f -2 -10 -3 
f -12 -1 -10 
f -12 -10 -1 

g tomato_Petiole
s off

usemtl tomato_Petiole

# 18 vertices
v 347.8588 74.7201 -4.06645
v 347.9731 74.6739 -3.9773
v 347.9909 74.6784 -4.1293
v 347.8988 74.8345 -4.05837
v 348.0131 74.7883 -3.9692
v 348.0309 74.7928 -4.1212
v 347.8988 74.8345 -4.05837
v 348.0131 74.7883 -3.9692
v 348.0309 74.7928 -4.1212
v 347.9427 74.9501 -4.05286
v 348.0565 74.9026 -3.9637
v 348.073 74.9036 -4.116
v 347.9427 74.9501 -4.05286
v 348.0565 74.9026 -3.9637
v 348.073 74.9036 -4.116
v 347.9897 75.06452 -4.05008
v 348.1029 75.01582 -3.9609
v 348.1181 75.01328 -4.1133

# 18 faces
f -18 -15 -17 
f -17 -15 -14 
f -17 -14 -16 
f -16 -14 -13 
f -16 -13 -18 
f -18 -13 -15 
f -12 -9 -11 
f -11 -9 -8 
f -11 -8 -10 
f -10 -8 -7 
f -10 -7 -12 
f -12 -7 -9 
f -6 -3 -5 
f -5 -3 -2 
f -5 -2 -4 
f -4 -2 -1 
f -4 -1 -6 
f -6 -1 -3 

g tomato_Petiole
s off

usemtl tomato_Petiole

# 18 vertices
v 348.0686 75.03188 -4.04166
v 348.0717 75.03117 -4.03949
v 348.0716 75.03008 -4.04318
v 348.0806 75.05878 -4.04983
v 348.0837 75.05807 -4.04766
v 348.0836 75.05698 -4.05135
v 348.0806 75.05878 -4.04983
v 348.0837 75.05807 -4.04766
v 348.0836 75.05698 -4.05135
v 348.0919 75.08199 -4.06615
v 348.0952 75.08176 -4.06421
v 348.0948 75.07972 -4.06744
v 348.0919 75.08199 -4.06615
v 348.0952 75.08176 -4.06421
v 348.0948 75.07972 -4.06744
v 348.1017 75.09953 -4.08922
v 348.1051 75.09968 -4.08764
v 348.1042 75.09689 -4.09014

# 18 faces
f -18 -15 -17 
f -17 -15 -14 
f -17 -14 -16 
f -16 -14 -13 
f -16 -13 -18 
f -18 -13 -15 
f -12 -9 -11 
f -11 -9 -8 
f -11 -8 -10 
f -10 -8 -7 
f -10 -7 -12 
f -12 -7 -9 
f -6 -3 -5 
f -5 -3 -2 
f -5 -2 -4 
f -4 -2 -1 
f -4 -1 -6 
f -6 -1 -3 

g tomato_Leaf
s off

usemtl tomato_Leaf

# 12 vertices
v 348.1037 75.09869 -4.089
v 349.8801 77.04325 -5.3781
v 349.3193 76.5264 -6.08818
v 350.2258 77.7068 -6.2454
v 349.81 77.1028 -6.8951
v 350.0321 77.3335 -6.5608
v 349.6911 78.442 -7.2522
v 349.6219 76.8407 -5.6796
v 349.3031 77.1662 -7.1581
v 348.952 77.3365 -7.2844
v 348.6977 76.5149 -6.5088
v 348.279 76.6546 -6.6636

# 16 faces
f -10 -11 -12 
f -10 -12 -11 
f -8 -9 -10 
f -8 -10 -9 
f -8 -6 -7 
f -8 -7 -6 
f -10 -9 -5 
f -10 -5 -9 
f -8 -4 -6 
f -8 -6 -4 
f -10 -3 -8 
f -10 -8 -3 
f -2 -3 -10 
f -2 -10 -3 
f -12 -1 -10 
f -12 -10 -1 

g tomato_Petiole
s off

usemtl tomato_Petiole

# 18 vertices
v 348.0686 75.03188 -4.04166
v 348.0715 75.03075 -4.03942
v 348.0718 75.03051 -4.04325
v 348.0804 75.06009 -4.04246
v 348.0833 75.05895 -4.04022
v 348.0836 75.05872 -4.04405
v 348.0804 75.06009 -4.04246
v 348.0833 75.05895 -4.04022
v 348.0836 75.05872 -4.04405
v 348.0922 75.08817 -4.04476
v 348.0952 75.08712 -4.04252
v 348.0954 75.08671 -4.04634
v 348.0922 75.08817 -4.04476
v 348.0952 75.08712 -4.04252
v 348.0954 75.08671 -4.04634
v 348.1042 75.116 -4.04854
v 348.1071 75.115 -4.04631
v 348.1073 75.1144 -4.05012

# 18 faces
f -18 -15 -17 
f -17 -15 -14 
f -17 -14 -16 
f -16 -14 -13 
f -16 -13 -18 
f -18 -13 -15 
f -12 -9 -11 
f -11 -9 -8 
f -11 -8 -10 
f -10 -8 -7 
f -10 -7 -12 
f -12 -7 -9 
f -6 -3 -5 
f -5 -3 -2 
f -5 -2 -4 
f -4 -2 -1 
f -4 -1 -6 
f -6 -1 -3 

g tomato_Leaf
s off

usemtl tomato_Leaf

# 12 vertices
v 348.1062 75.1152 -4.04832
v 349.8063 77.3936 -3.3293
v 349.5136 77.4505 -4.3277
v 350.2357 78.4456 -3.4743
v 350.0818 78.3933 -4.4405
v 350.1813 78.3577 -3.9897
v 349.8408 79.6626 -3.925
v 349.6602 77.4315 -3.7485
v 349.6462 78.62 -4.7387
v 349.3118 78.8405 -4.827
v 349.0163 77.7208 -4.8207
v 348.6284 77.937 -4.9676

# 16 faces
f -10 -11 -12 
f -10 -12 -11 
f -8 -9 -10 
f -8 -10 -9 
f -8 -6 -7 
f -8 -7 -6 
f -10 -9 -5 
f -10 -5 -9 
f -8 -4 -6 
f -8 -6 -4 
f -10 -3 -8 
f -10 -8 -3 
f -2 -3 -10 
f -2 -10 -3 
f -12 -1 -10 
f -12 -10 -1 

g tomato_Intrnd
s off

usemtl tomato_Intrnd

# 18 vertices
v 341.8773 71.5691 -5.1581
v 342.0859 71.6352 -5.54
v 342.2622 71.7823 -5.161
v 342.462 70.5155 -5.02107
v 342.6706 70.5815 -5.4029
v 342.8469 70.7287 -5.0239
v 342.462 70.5155 -5.02107
v 342.6706 70.5815 -5.4029
v 342.8469 70.7287 -5.0239
v 342.803 69.4406 -4.7623
v 343.0445 69.4309 -5.13
v 343.2209 69.5781 -4.751
v 342.803 69.4406 -4.7623
v 343.0445 69.4309 -5.13
v 343.2209 69.5781 -4.751
v 342.9155 68.3505 -4.3912
v 343.174 68.2619 -4.7362
v 343.3503 68.4091 -4.3572

# 18 faces
f -18 -15 -17 
f -17 -15 -14 
f -17 -14 -16 
f -16 -14 -13 
f -16 -13 -18 
f -18 -13 -15 
f -12 -9 -11 
f -11 -9 -8 
f -11 -8 -10 
f -10 -8 -7 
f -10 -7 -12 
f -12 -7 -9 
f -6 -3 -5 
f -5 -3 -2 
f -5 -2 -4 
f -4 -2 -1 
f -4 -1 -6 
f -6 -1 -3 

g tomato_Petiole
s off

usemtl tomato_Petiole

# 18 vertices
v 343.0691 68.3717 -4.471
v 343.156 68.2996 -4.5729
v 343.2169 68.3505 -4.442
v 342.8127 67.3093 -3.939
v 342.8995 67.2373 -4.04106
v 342.9605 67.2882 -3.91
v 342.8127 67.3093 -3.939
v 342.8995 67.2373 -4.04106
v 342.9605 67.2882 -3.91
v 342.2165 66.4784 -3.3389
v 342.2871 66.3704 -3.4194
v 342.3481 66.4213 -3.2884
v 342.2165 66.4784 -3.3389
v 342.2871 66.3704 -3.4194
v 342.3481 66.4213 -3.2884
v 341.3486 65.9483 -2.7291
v 341.3912 65.814 -2.7864
v 341.4522 65.8648 -2.6554

# 18 faces
f -18 -15 -17 
f -17 -15 -14 
f -17 -14 -16 
f -16 -14 -13 
f -16 -13 -18 
f -18 -13 -15 
f -12 -9 -11 
f -11 -9 -8 
f -11 -8 -10 
f -10 -8 -7 
f -10 -7 -12 
f -12 -7 -9 
f -6 -3 -5 
f -5 -3 -2 
f -5 -2 -4 
f -4 -2 -1 
f -4 -1 -6 
f -6 -1 -3 

g tomato_Petiole
s off

usemtl tomato_Petiole

# 18 vertices
v 341.3519 65.9502 -2.7313
v 341.391 65.8139 -2.7863
v 341.4492 65.863 -2.6534
v 341.2588 65.8994 -2.6717
v 341.298 65.7631 -2.7267
v 341.3562 65.8123 -2.5939
v 341.2588 65.8994 -2.6717
v 341.298 65.7631 -2.7267
v 341.3562 65.8123 -2.5939
v 341.1651 65.8546 -2.6174
v 341.2006 65.7165 -2.6703
v 341.2559 65.7641 -2.5357
v 341.1651 65.8546 -2.6174
v 341.2006 65.7165 -2.6703
v 341.2559 65.7641 -2.5357
v 341.0677 65.814 -2.5664
v 341.0995 65.6742 -2.6173
v 341.1517 65.7203 -2.4809

# 18 faces
f -18 -15 -17 
f -17 -15 -14 
f -17 -14 -16 
f -16 -14 -13 
f -16 -13 -18 
f -18 -13 -15 
f -12 -9 -11 
f -11 -9 -8 
f -11 -8 -10 
f -10 -8 -7 
f -10 -7 -12 
f -12 -7 -9 
f -6 -3 -5 
f -5 -3 -2 
f -5 -2 -4 
f -4 -2 -1 
f -4 -1 -6 
f -6 -1 -3 

g tomato_Petiole
s off

usemtl tomato_Petiole

# 18 vertices
v 341.1055 65.7378 -2.5551
v 341.1068 65.7345 -2.5565
v 341.1071 65.7352 -2.5528
v 341.0782 65.7249 -2.5502
v 341.0795 65.7216 -2.5517
v 341.0798 65.7224 -2.5479
v 341.0782 65.7249 -2.5502
v 341.0795 65.7216 -2.5517
v 341.0798 65.7224 -2.5479
v 341.0513 65.711 -2.5543
v 341.0531 65.708 -2.5557
v 341.0524 65.7082 -2.552
v 341.0513 65.711 -2.5543
v 341.0531 65.708 -2.5557
v 341.0524 65.7082 -2.552
v 341.0271 65.6972 -2.5669
v 341.0294 65.6944 -2.5682
v 341.0278 65.6941 -2.5647

# 18 faces
f -18 -15 -17 
f -17 -15 -14 
f -17 -14 -16 
f -16 -14 -13 
f -16 -13 -18 
f -18 -13 -15 
f -12 -9 -11 
f -11 -9 -8 
f -11 -8 -10 
f -10 -8 -7 
f -10 -7 -12 
f -12 -7 -9 
f -6 -3 -5 
f -5 -3 -2 
f -5 -2 -4 
f -4 -2 -1 
f -4 -1 -6 
f -6 -1 -3 

g tomato_Leaf
s off

usemtl tomato_Leaf

# 12 vertices
v 341.0281 65.6952 -2.5666
v 339.4854 64.1658 -4.5363
v 338.909 64.3709 -3.6929
v 338.5187 63.7712 -5.007391
v 338.0535 63.8364 -4.1475
v 338.3219 63.7757 -4.5199
v 337.2428 64.1768 -5.2254
v 339.2313 64.2756 -4.1872
v 337.6995 64.2531 -3.9713
v 337.4622 64.5876 -3.9794
v 338.4149 64.8338 -3.3687
v 338.1499 65.2161 -3.3197

# 16 faces
f -10 -11 -12 
f -10 -12 -11 
f -8 -9 -10 
f -8 -10 -9 
f -8 -6 -7 
f -8 -7 -6 
f -10 -9 -5 
f -10 -5 -9 
f -8 -4 -6 
f -8 -6 -4 
f -10 -3 -8 
f -10 -8 -3 
f -2 -3 -10 
f -2 -10 -3 
f -12 -1 -10 
f -12 -10 -1 

g tomato_Petiole
s off

usemtl tomato_Petiole

# 18 vertices
v 341.0695 65.8147 -2.5673
v 341.1001 65.6745 -2.6176
v 341.1493 65.7193 -2.4797
v 340.9663 65.7743 -2.5174
v 340.9969 65.6341 -2.5678
v 341.0461 65.6789 -2.4298
v 340.9663 65.7743 -2.5174
v 340.9969 65.6341 -2.5678
v 341.0461 65.6789 -2.4298
v 340.8629 65.7364 -2.4715
v 340.8923 65.5957 -2.5214
v 340.9382 65.6393 -2.3819
v 340.8629 65.7364 -2.4715
v 340.8923 65.5957 -2.5214
v 340.9382 65.6393 -2.3819
v 340.7574 65.7003 -2.4287
v 340.7856 65.5593 -2.4781
v 340.8283 65.6016 -2.3372

# 18 faces
f -18 -15 -17 
f -17 -15 -14 
f -17 -14 -16 
f -16 -14 -13 
f -16 -13 -18 
f -18 -13 -15 
f -12 -9 -11 
f -11 -9 -8 
f -11 -8 -10 
f -10 -8 -7 
f -10 -7 -12 
f -12 -7 -9 
f -6 -3 -5 
f -5 -3 -2 
f -5 -2 -4 
f -4 -2 -1 
f -4 -1 -6 
f -6 -1 -3 

g tomato_Petiole
s off

usemtl tomato_Petiole

# 18 vertices
v 340.7898 65.622 -2.415
v 340.7901 65.6183 -2.416
v 340.7919 65.6197 -2.4129
v 340.7657 65.6151 -2.3975
v 340.766 65.6114 -2.3985
v 340.7678 65.6128 -2.3954
v 340.7657 65.6151 -2.3975
v 340.766 65.6114 -2.3985
v 340.7678 65.6128 -2.3954
v 340.7458 65.6109 -2.3746
v 340.7458 65.6072 -2.3753
v 340.7484 65.6087 -2.3728
v 340.7458 65.6109 -2.3746
v 340.7458 65.6072 -2.3753
v 340.7484 65.6087 -2.3728
v 340.7316 65.6098 -2.3476
v 340.7313 65.606 -2.3479
v 340.7343 65.6075 -2.3462

# 18 faces
f -18 -15 -17 
f -17 -15 -14 
f -17 -14 -16 
f -16 -14 -13 
f -16 -13 -18 
f -18 -13 -15 
f -12 -9 -11 
f -11 -9 -8 
f -11 -8 -10 
f -10 -8 -7 
f -10 -7 -12 
f -12 -7 -9 
f -6 -3 -5 
f -5 -3 -2 
f -5 -2 -4 
f -4 -2 -1 
f -4 -1 -6 
f -6 -1 -3 

g tomato_Leaf
s off

usemtl tomato_Leaf

# 12 vertices
v 340.7324 65.6078 -2.3473
v 338.8167 64.7119 -0.316
v 339.4782 65.4117 0.08199
v 338.2469 64.8005 0.6737
v 338.972 65.3326 1.06263
v 338.677 65.03993 0.8583
v 337.7124 65.7613 1.4683
v 339.0829 65.02996 -0.1529
v 338.9953 65.9037 1.1207
v 338.8792 66.297 1.1209
v 339.6082 66.1348 0.2358
v 339.5329 66.5964 0.2341

# 16 faces
f -10 -11 -12 
f -10 -12 -11 
f -8 -9 -10 
f -8 -10 -9 
f -8 -6 -7 
f -8 -7 -6 
f -10 -9 -5 
f -10 -5 -9 
f -8 -4 -6 
f -8 -6 -4 
f -10 -3 -8 
f -10 -8 -3 
f -2 -3 -10 
f -2 -10 -3 
f -12 -1 -10 
f -12 -10 -1 

g tomato_Petiole
s off

usemtl tomato_Petiole

# 18 vertices
v 340.7555 65.6996 -2.4278
v 340.7832 65.5585 -2.4771
v 340.8325 65.603 -2.3391
v 340.6511 65.6619 -2.3784
v 340.6788 65.5207 -2.4277
v 340.7281 65.5653 -2.2897
v 340.6511 65.6619 -2.3784
v 340.6788 65.5207 -2.4277
v 340.7281 65.5653 -2.2897
v 340.5482 65.6226 -2.3222
v 340.5754 65.4812 -2.3714
v 340.631 65.5281 -2.2366
v 340.5482 65.6226 -2.3222
v 340.5754 65.4812 -2.3714
v 340.631 65.5281 -2.2366
v 340.4489 65.5824 -2.2604
v 340.4756 65.4409 -2.3093
v 340.5374 65.4901 -2.1781

# 18 faces
f -18 -15 -17 
f -17 -15 -14 
f -17 -14 -16 
f -16 -14 -13 
f -16 -13 -18 
f -18 -13 -15 
f -12 -9 -11 
f -11 -9 -8 
f -11 -8 -10 
f -10 -8 -7 
f -10 -7 -12 
f -12 -7 -9 
f -6 -3 -5 
f -5 -3 -2 
f -5 -2 -4 
f -4 -2 -1 
f -4 -1 -6 
f -6 -1 -3 

g tomato_Petiole
s off

usemtl tomato_Petiole

# 18 vertices
v 340.4865 65.5061 -2.2495
v 340.4875 65.5027 -2.2509
v 340.4883 65.5036 -2.2473
v 340.4598 65.4942 -2.2403
v 340.4609 65.4908 -2.2417
v 340.4617 65.4918 -2.2381
v 340.4598 65.4942 -2.2403
v 340.4609 65.4908 -2.2417
v 340.4617 65.4918 -2.2381
v 340.4324 65.4811 -2.2377
v 340.4338 65.4779 -2.2392
v 340.4339 65.4784 -2.2354
v 340.4324 65.4811 -2.2377
v 340.4338 65.4779 -2.2392
v 340.4339 65.4784 -2.2354
v 340.4054 65.4672 -2.2418
v 340.4072 65.4642 -2.2432
v 340.4066 65.4644 -2.2395

# 18 faces
f -18 -15 -17 
f -17 -15 -14 
f -17 -14 -16 
f -16 -14 -13 
f -16 -13 -18 
f -18 -13 -15 
f -12 -9 -11 
f -11 -9 -8 
f -11 -8 -10 
f -10 -8 -7 
f -10 -7 -12 
f -12 -7 -9 
f -6 -3 -5 
f -5 -3 -2 
f -5 -2 -4 
f -4 -2 -1 
f -4 -1 -6 
f -6 -1 -3 

g tomato_Leaf
s off

usemtl tomato_Leaf

# 12 vertices
v 340.4064 65.4652 -2.2415
v 338.3659 63.8033 -3.5348
v 338.0357 64.1384 -2.6051
v 337.3005 63.4108 -3.6867
v 337.0787 63.6028 -2.7519
v 337.2386 63.4837 -3.1698
v 336.0219 63.8588 -3.6194
v 338.2148 63.9676 -3.1492
v 336.7931 64.05667 -2.5456
v 336.5699 64.4006 -2.5352
v 337.6549 64.6632 -2.2269
v 337.4211 65.06295 -2.1609

# 16 faces
f -10 -11 -12 
f -10 -12 -11 
f -8 -9 -10 
f -8 -10 -9 
f -8 -6 -7 
f -8 -7 -6 
f -10 -9 -5 
f -10 -5 -9 
f -8 -4 -6 
f -8 -6 -4 
f -10 -3 -8 
f -10 -8 -3 
f -2 -3 -10 
f -2 -10 -3 
f -12 -1 -10 
f -12 -10 -1 

g tomato_Petiole
s off

usemtl tomato_Petiole

# 18 vertices
v 340.4489 65.5824 -2.2604
v 340.4741 65.4403 -2.3084
v 340.5389 65.4907 -2.1791
v 340.3525 65.5439 -2.1971
v 340.3777 65.4018 -2.2451
v 340.4426 65.4522 -2.1158
v 340.3525 65.5439 -2.1971
v 340.3777 65.4018 -2.2451
v 340.4426 65.4522 -2.1158
v 340.2574 65.5064 -2.1313
v 340.2812 65.3637 -2.1783
v 340.349 65.4153 -2.05101
v 340.2574 65.5064 -2.1313
v 340.2812 65.3637 -2.1783
v 340.349 65.4153 -2.05101
v 340.1637 65.4699 -2.06303
v 340.186 65.3267 -2.109
v 340.2567 65.3794 -1.9837

# 18 faces
f -18 -15 -17 
f -17 -15 -14 
f -17 -14 -16 
f -16 -14 -13 
f -16 -13 -18 
f -18 -13 -15 
f -12 -9 -11 
f -11 -9 -8 
f -11 -8 -10 
f -10 -8 -7 
f -10 -7 -12 
f -12 -7 -9 
f -6 -3 -5 
f -5 -3 -2 
f -5 -2 -4 
f -4 -2 -1 
f -4 -1 -6 
f -6 -1 -3 

g tomato_Petiole
s off

usemtl tomato_Petiole

# 18 vertices
v 340.2014 65.3936 -2.05216
v 340.2016 65.3899 -2.05297
v 340.2041 65.3914 -2.05052
v 340.1824 65.3876 -2.02896
v 340.1826 65.3838 -2.02977
v 340.1851 65.3854 -2.02731
v 340.1824 65.3876 -2.02896
v 340.1826 65.3838 -2.02977
v 340.1851 65.3854 -2.02731
v 340.1694 65.3851 -2.001389
v 340.1694 65.3813 -2.001765
v 340.1724 65.383 -2.000176
v 340.1694 65.3851 -2.001389
v 340.1694 65.3813 -2.001765
v 340.1724 65.383 -2.000176
v 340.1634 65.3864 -1.9714
v 340.1631 65.3826 -1.9713
v 340.1665 65.3843 -1.9707

# 18 faces
f -18 -15 -17 
f -17 -15 -14 
f -17 -14 -16 
f -16 -14 -13 
f -16 -13 -18 
f -18 -13 -15 
f -12 -9 -11 
f -11 -9 -8 
f -11 -8 -10 
f -10 -8 -7 
f -10 -7 -12 
f -12 -7 -9 
f -6 -3 -5 
f -5 -3 -2 
f -5 -2 -4 
f -4 -2 -1 
f -4 -1 -6 
f -6 -1 -3 

g tomato_Leaf
s off

usemtl tomato_Leaf

# 12 vertices
v 340.1644 65.3844 -1.9711
v 338.9331 64.6706 0.5926
v 339.6552 65.4106 0.7219
v 338.6635 64.8485 1.6916
v 339.4496 65.4212 1.809
v 339.1195 65.1079 1.7241
v 338.3417 65.8761 2.5165
v 339.2232 65.00492 0.6442
v 339.4684 65.9954 1.807
v 339.3434 66.386 1.8052
v 339.7979 66.1461 0.7673
v 339.709 66.6049 0.746

# 16 faces
f -10 -11 -12 
f -10 -12 -11 
f -8 -9 -10 
f -8 -10 -9 
f -8 -6 -7 
f -8 -7 -6 
f -10 -9 -5 
f -10 -5 -9 
f -8 -4 -6 
f -8 -6 -4 
f -10 -3 -8 
f -10 -8 -3 
f -2 -3 -10 
f -2 -10 -3 
f -12 -1 -10 
f -12 -10 -1 

g tomato_Petiole
s off

usemtl tomato_Petiole

# 18 vertices
v 340.2014 65.3936 -2.05216
v 340.202 65.39 -2.05337
v 340.2036 65.3913 -2.05012
v 340.1771 65.3839 -2.03625
v 340.1778 65.3803 -2.03745
v 340.1794 65.3816 -2.0342
v 340.1771 65.3839 -2.03625
v 340.1778 65.3803 -2.03745
v 340.1794 65.3816 -2.0342
v 340.1523 65.3737 -2.02161
v 340.153 65.3702 -2.02287
v 340.1545 65.3714 -2.01952
v 340.1523 65.3737 -2.02161
v 340.153 65.3702 -2.02287
v 340.1545 65.3714 -2.01952
v 340.1269 65.3631 -2.008302
v 340.1277 65.3596 -2.0096
v 340.129 65.3608 -2.006167

# 18 faces
f -18 -15 -17 
f -17 -15 -14 
f -17 -14 -16 
f -16 -14 -13 
f -16 -13 -18 
f -18 -13 -15 
f -12 -9 -11 
f -11 -9 -8 
f -11 -8 -10 
f -10 -8 -7 
f -10 -7 -12 
f -12 -7 -9 
f -6 -3 -5 
f -5 -3 -2 
f -5 -2 -4 
f -4 -2 -1 
f -4 -1 -6 
f -6 -1 -3 

g tomato_Leaf
s off

usemtl tomato_Leaf

# 12 vertices
v 340.1279 65.3612 -2.008022
v 337.7061 63.7447 -1.6608
v 337.8906 64.322 -0.8131
v 336.7074 63.4769 -1.1677
v 336.9875 63.9025 -0.3308
v 336.9145 63.6719 -0.7256
v 335.6387 64.0984 -0.6092
v 337.7705 64.01054 -1.3089
v 336.8467 64.4256 -0.1394
v 336.6607 64.7902 -0.113
v 337.7545 64.9651 -0.4509
v 337.5876 65.3975 -0.3874

# 16 faces
f -10 -11 -12 
f -10 -12 -11 
f -8 -9 -10 
f -8 -10 -9 
f -8 -6 -7 
f -8 -7 -6 
f -10 -9 -5 
f -10 -5 -9 
f -8 -4 -6 
f -8 -6 -4 
f -10 -3 -8 
f -10 -8 -3 
f -2 -3 -10 
f -2 -10 -3 
f -12 -1 -10 
f -12 -10 -1 

g tomato_Intrnd
s off

usemtl tomato_Intrnd

# 18 vertices
v 339.0456 77.5228 -4.6961
v 339.374 77.4874 -5.4148
v 339.8144 77.3501 -4.7654
v 338.5584 75.4013 -4.814
v 338.8868 75.3659 -5.5328
v 339.3273 75.2286 -4.8833
v 338.5584 75.4013 -4.814
v 338.8868 75.3659 -5.5328
v 339.3273 75.2286 -4.8833
v 337.8388 73.416 -4.7456
v 338.1389 73.2841 -5.4655
v 338.5793 73.1469 -4.816
v 337.8388 73.416 -4.7456
v 338.1389 73.2841 -5.4655
v 338.5793 73.1469 -4.816
v 336.8912 71.5439 -4.4986
v 337.1516 71.3199 -5.2111
v 337.5921 71.1827 -4.5616

# 18 faces
f -18 -15 -17 
f -17 -15 -14 
f -17 -14 -16 
f -16 -14 -13 
f -16 -13 -18 
f -18 -13 -15 
f -12 -9 -11 
f -11 -9 -8 
f -11 -8 -10 
f -10 -8 -7 
f -10 -7 -12 
f -12 -7 -9 
f -6 -3 -5 
f -5 -3 -2 
f -5 -2 -4 
f -4 -2 -1 
f -4 -1 -6 
f -6 -1 -3 

g tomato_Petiole
s off

usemtl tomato_Petiole

# 18 vertices
v 337.102 71.4923 -4.6524
v 337.1666 71.3084 -4.96
v 337.3694 71.2452 -4.661
v 335.2249 69.4316 -3.8149
v 335.2895 69.2477 -4.1226
v 335.4922 69.1845 -3.8236
v 335.2249 69.4316 -3.8149
v 335.2895 69.2477 -4.1226
v 335.4922 69.1845 -3.8236
v 333.009 68.1397 -2.5853
v 333.0016 67.8968 -2.8565
v 333.2044 67.8336 -2.5575
v 333.009 68.1397 -2.5853
v 333.0016 67.8968 -2.8565
v 333.2044 67.8336 -2.5575
v 330.6411 67.6929 -1.07394
v 330.5522 67.4187 -1.2965
v 330.7549 67.3555 -0.9975

# 18 faces
f -18 -15 -17 
f -17 -15 -14 
f -17 -14 -16 
f -16 -14 -13 
f -16 -13 -18 
f -18 -13 -15 
f -12 -9 -11 
f -11 -9 -8 
f -11 -8 -10 
f -10 -8 -7 
f -10 -7 -12 
f -12 -7 -9 
f -6 -3 -5 
f -5 -3 -2 
f -5 -2 -4 
f -4 -2 -1 
f -4 -1 -6 
f -6 -1 -3 

g tomato_Petiole
s off

usemtl tomato_Petiole

# 18 vertices
v 330.6498 67.6943 -1.07928
v 330.5516 67.4187 -1.2962
v 330.7468 67.3541 -0.9925
v 330.4034 67.6627 -0.9276
v 330.3052 67.3871 -1.1445
v 330.5004 67.3225 -0.8408
v 330.4034 67.6627 -0.9276
v 330.3052 67.3871 -1.1445
v 330.5004 67.3225 -0.8408
v 330.1625 67.6472 -0.7843
v 330.0549 67.3709 -0.9958
v 330.2424 67.3053 -0.6875
v 330.1625 67.6472 -0.7843
v 330.0549 67.3709 -0.9958
v 330.2424 67.3053 -0.6875
v 329.9191 67.6465 -0.6445
v 329.8019 67.37 -0.8506
v 329.9817 67.3039 -0.5378

# 18 faces
f -18 -15 -17 
f -17 -15 -14 
f -17 -14 -16 
f -16 -14 -13 
f -16 -13 -18 
f -18 -13 -15 
f -12 -9 -11 
f -11 -9 -8 
f -11 -8 -10 
f -10 -8 -7 
f -10 -7 -12 
f -12 -7 -9 
f -6 -3 -5 
f -5 -3 -2 
f -5 -2 -4 
f -4 -2 -1 
f -4 -1 -6 
f -6 -1 -3 

g tomato_Petiole
s off

usemtl tomato_Petiole

# 18 vertices
v 329.9019 67.4516 -0.6758
v 329.8979 67.4349 -0.6894
v 329.9026 67.4311 -0.6682
v 329.7315 67.4602 -0.6357
v 329.7274 67.4435 -0.6493
v 329.7322 67.4397 -0.6281
v 329.7315 67.4602 -0.6357
v 329.7274 67.4435 -0.6493
v 329.7322 67.4397 -0.6281
v 329.5573 67.4773 -0.6462
v 329.5565 67.4603 -0.6601
v 329.5549 67.457 -0.6383
v 329.5573 67.4773 -0.6462
v 329.5565 67.4603 -0.6601
v 329.5549 67.457 -0.6383
v 329.3945 67.5013 -0.7064
v 329.3968 67.4839 -0.7197
v 329.3889 67.4814 -0.6992

# 18 faces
f -18 -15 -17 
f -17 -15 -14 
f -17 -14 -16 
f -16 -14 -13 
f -16 -13 -18 
f -18 -13 -15 
f -12 -9 -11 
f -11 -9 -8 
f -11 -8 -10 
f -10 -8 -7 
f -10 -7 -12 
f -12 -7 -9 
f -6 -3 -5 
f -5 -3 -2 
f -5 -2 -4 
f -4 -2 -1 
f -4 -1 -6 
f -6 -1 -3 

g tomato_Leaf
s off

usemtl tomato_Leaf

# 12 vertices
v 329.3934 67.4888 -0.7084
v 324.0911 67.9577 -5.2884
v 323.295 68.3885 -2.9631
v 321.5875 68.7361 -6.09491
v 320.8333 68.7517 -3.8733
v 321.2516 68.6021 -4.8891
v 319.537 71.2232 -5.692
v 323.7629 68.2026 -4.303
v 320.6873 69.8399 -3.04418
v 320.648 70.7732 -2.7408
v 322.9446 69.6185 -1.7
v 322.9185 70.6324 -1.2247

# 16 faces
f -10 -11 -12 
f -10 -12 -11 
f -8 -9 -10 
f -8 -10 -9 
f -8 -6 -7 
f -8 -7 -6 
f -10 -9 -5 
f -10 -5 -9 
f -8 -4 -6 
f -8 -6 -4 
f -10 -3 -8 
f -10 -8 -3 
f -2 -3 -10 
f -2 -10 -3 
f -12 -1 -10 
f -12 -10 -1 

g tomato_Petiole
s off

usemtl tomato_Petiole

# 18 vertices
v 329.9191 67.6465 -0.6445
v 329.8019 67.37 -0.8506
v 329.9817 67.3039 -0.5378
v 329.6666 67.6455 -0.4997
v 329.5494 67.369 -0.7058
v 329.7292 67.3029 -0.393
v 329.6666 67.6455 -0.4997
v 329.5494 67.369 -0.7058
v 329.7292 67.3029 -0.393
v 329.4142 67.6445 -0.3548
v 329.297 67.368 -0.5609
v 329.4768 67.3019 -0.2481
v 329.4142 67.6445 -0.3548
v 329.297 67.368 -0.5609
v 329.4768 67.3019 -0.2481
v 329.1617 67.6435 -0.2099
v 329.0446 67.367 -0.416
v 329.2243 67.301 -0.1032

# 18 faces
f -18 -15 -17 
f -17 -15 -14 
f -17 -14 -16 
f -16 -14 -13 
f -16 -13 -18 
f -18 -13 -15 
f -12 -9 -11 
f -11 -9 -8 
f -11 -8 -10 
f -10 -8 -7 
f -10 -7 -12 
f -12 -7 -9 
f -6 -3 -5 
f -5 -3 -2 
f -5 -2 -4 
f -4 -2 -1 
f -4 -1 -6 
f -6 -1 -3 

g tomato_Petiole
s off

usemtl tomato_Petiole

# 18 vertices
v 329.1446 67.4487 -0.2412
v 329.1352 67.4319 -0.2518
v 329.1507 67.4281 -0.2366
v 329.021 67.4397 -0.1173
v 329.0116 67.4229 -0.1279
v 329.0271 67.4191 -0.1127
v 329.021 67.4397 -0.1173
v 329.0116 67.4229 -0.1279
v 329.0271 67.4191 -0.1127
v 328.9348 67.4229 0.03434
v 328.9236 67.406 0.0261
v 328.9427 67.4026 0.03661
v 328.9348 67.4229 0.03434
v 328.9236 67.406 0.0261
v 328.9427 67.4026 0.03661
v 328.8922 67.3996 0.2027
v 328.8799 67.3824 0.1972
v 328.9012 67.3797 0.2022

# 18 faces
f -18 -15 -17 
f -17 -15 -14 
f -17 -14 -16 
f -16 -14 -13 
f -16 -13 -18 
f -18 -13 -15 
f -12 -9 -11 
f -11 -9 -8 
f -11 -8 -10 
f -10 -8 -7 
f -10 -7 -12 
f -12 -7 -9 
f -6 -3 -5 
f -5 -3 -2 
f -5 -2 -4 
f -4 -2 -1 
f -4 -1 -6 
f -6 -1 -3 

g tomato_Leaf
s off

usemtl tomato_Leaf

# 12 vertices
v 328.8911 67.3872 0.2007
v 324.9252 66.09631 5.8501
v 327.2955 66.5156 6.5077
v 324.3634 66.1431 8.5346
v 326.6514 66.1637 9.05369
v 325.6055 66.03561 8.7087
v 324.8451 68.05752 11.1145
v 325.9248 66.3363 6.1362
v 327.4239 67.2485 9.399
v 327.6723 68.1647 9.6511
v 328.513 67.7237 7.04539
v 328.9256 68.736 7.2896

# 16 faces
f -10 -11 -12 
f -10 -12 -11 
f -8 -9 -10 
f -8 -10 -9 
f -8 -6 -7 
f -8 -7 -6 
f -10 -9 -5 
f -10 -5 -9 
f -8 -4 -6 
f -8 -6 -4 
f -10 -3 -8 
f -10 -8 -3 
f -2 -3 -10 
f -2 -10 -3 
f -12 -1 -10 
f -12 -10 -1 

g tomato_Petiole
s off

usemtl tomato_Petiole

# 18 vertices
v 329.1662 67.6434 -0.2125
v 329.0424 67.367 -0.4147
v 329.2221 67.301 -0.102
v 328.9145 67.6495 -0.06662
v 328.7906 67.3731 -0.2688
v 328.9704 67.307 0.04395
v 328.9145 67.6495 -0.06662
v 328.7906 67.3731 -0.2688
v 328.9704 67.307 0.04395
v 328.6681 67.6624 0.07771
v 328.5375 67.3862 -0.1206
v 328.7173 67.3202 0.1921
v 328.6681 67.6624 0.07771
v 328.5375 67.3862 -0.1206
v 328.7173 67.3202 0.1921
v 328.4226 67.6822 0.2229
v 328.2854 67.4064 0.02853
v 328.4652 67.3404 0.3413

# 18 faces
f -18 -15 -17 
f -17 -15 -14 
f -17 -14 -16 
f -16 -14 -13 
f -16 -13 -18 
f -18 -13 -15 
f -12 -9 -11 
f -11 -9 -8 
f -11 -8 -10 
f -10 -8 -7 
f -10 -7 -12 
f -12 -7 -9 
f -6 -3 -5 
f -5 -3 -2 
f -5 -2 -4 
f -4 -2 -1 
f -4 -1 -6 
f -6 -1 -3 

g tomato_Petiole
s off

usemtl tomato_Petiole

# 18 vertices
v 328.3929 67.4878 0.199
v 328.3873 67.4709 0.1861
v 328.3927 67.4675 0.2073
v 328.2249 67.5079 0.2449
v 328.2194 67.491 0.232
v 328.2247 67.4876 0.2532
v 328.2249 67.5079 0.2449
v 328.2194 67.491 0.232
v 328.2247 67.4876 0.2532
v 328.0517 67.5345 0.2444
v 328.049 67.5172 0.2312
v 328.0486 67.5146 0.2531
v 328.0517 67.5345 0.2444
v 328.049 67.5172 0.2312
v 328.0486 67.5146 0.2531
v 327.8857 67.5657 0.1976
v 327.886 67.5479 0.1847
v 327.8797 67.5463 0.2058

# 18 faces
f -18 -15 -17 
f -17 -15 -14 
f -17 -14 -16 
f -16 -14 -13 
f -16 -13 -18 
f -18 -13 -15 
f -12 -9 -11 
f -11 -9 -8 
f -11 -8 -10 
f -10 -8 -7 
f -10 -7 -12 
f -12 -7 -9 
f -6 -3 -5 
f -5 -3 -2 
f -5 -2 -4 
f -4 -2 -1 
f -4 -1 -6 
f -6 -1 -3 

g tomato_Leaf
s off

usemtl tomato_Leaf

# 12 vertices
v 327.8838 67.5532 0.196
v 322.2373 68.1906 -3.9296
v 321.6678 68.7216 -1.5589
v 319.7167 69.08169 -4.5435
v 319.1586 69.1932 -2.2674
v 319.4795 68.9961 -3.3102
v 317.8387 71.6843 -4.04193
v 322.0083 68.4773 -2.9276
v 319.1406 70.3081 -1.4614
v 319.1755 71.2495 -1.1835
v 321.4911 69.9998 -0.3075
v 321.558 71.02532 0.138

# 16 faces
f -10 -11 -12 
f -10 -12 -11 
f -8 -9 -10 
f -8 -10 -9 
f -8 -6 -7 
f -8 -7 -6 
f -10 -9 -5 
f -10 -5 -9 
f -8 -4 -6 
f -8 -6 -4 
f -10 -3 -8 
f -10 -8 -3 
f -2 -3 -10 
f -2 -10 -3 
f -12 -1 -10 
f -12 -10 -1 

g tomato_Petiole
s off

usemtl tomato_Petiole

# 18 vertices
v 328.4316 67.6811 0.2178
v 328.2849 67.4066 0.02879
v 328.4569 67.3412 0.346
v 328.1807 67.7165 0.3611
v 328.034 67.442 0.172
v 328.206 67.3765 0.4893
v 328.1807 67.7165 0.3611
v 328.034 67.442 0.172
v 328.206 67.3765 0.4893
v 327.9386 67.7654 0.4945
v 327.7824 67.4927 0.3105
v 327.9466 67.4284 0.6321
v 327.9386 67.7654 0.4945
v 327.7824 67.4927 0.3105
v 327.9466 67.4284 0.6321
v 327.697 67.8289 0.6226
v 327.5313 67.5584 0.4436
v 327.6877 67.4957 0.7694

# 18 faces
f -18 -15 -17 
f -17 -15 -14 
f -17 -14 -16 
f -16 -14 -13 
f -16 -13 -18 
f -18 -13 -15 
f -12 -9 -11 
f -11 -9 -8 
f -11 -8 -10 
f -10 -8 -7 
f -10 -7 -12 
f -12 -7 -9 
f -6 -3 -5 
f -5 -3 -2 
f -5 -2 -4 
f -4 -2 -1 
f -4 -1 -6 
f -6 -1 -3 

g tomato_Petiole
s off

usemtl tomato_Petiole

# 18 vertices
v 327.6419 67.6389 0.6125
v 327.63 67.6231 0.603
v 327.6433 67.6183 0.62
v 327.5111 67.6708 0.7247
v 327.4991 67.655 0.7152
v 327.5125 67.6503 0.7322
v 327.5111 67.6708 0.7247
v 327.4991 67.655 0.7152
v 327.5125 67.6503 0.7322
v 327.4067 67.6937 0.8635
v 327.3931 67.6783 0.8559
v 327.4097 67.6727 0.8693
v 327.4067 67.6937 0.8635
v 327.3931 67.6783 0.8559
v 327.4097 67.6727 0.8693
v 327.3337 67.7063 1.02244
v 327.3189 67.6912 1.01684
v 327.338 67.6851 1.0261

# 18 faces
f -18 -15 -17 
f -17 -15 -14 
f -17 -14 -16 
f -16 -14 -13 
f -16 -13 -18 
f -18 -13 -15 
f -12 -9 -11 
f -11 -9 -8 
f -11 -8 -10 
f -10 -8 -7 
f -10 -7 -12 
f -12 -7 -9 
f -6 -3 -5 
f -5 -3 -2 
f -5 -2 -4 
f -4 -2 -1 
f -4 -1 -6 
f -6 -1 -3 

g tomato_Leaf
s off

usemtl tomato_Leaf

# 12 vertices
v 327.3302 67.6942 1.02179
v 322.3291 68.1288 5.932
v 324.5975 68.1684 6.9708
v 321.3721 68.7116 8.4358
v 323.4944 68.3599 9.3722
v 322.5149 68.3887 8.8536
v 321.8524 70.8769 10.8092
v 323.2985 68.2081 6.3709
v 324.4247 69.3106 9.7238
v 324.828 70.1874 9.9056
v 325.9526 69.1806 7.579
v 326.5366 70.1167 7.7727

# 16 faces
f -10 -11 -12 
f -10 -12 -11 
f -8 -9 -10 
f -8 -10 -9 
f -8 -6 -7 
f -8 -7 -6 
f -10 -9 -5 
f -10 -5 -9 
f -8 -4 -6 
f -8 -6 -4 
f -10 -3 -8 
f -10 -8 -3 
f -2 -3 -10 
f -2 -10 -3 
f -12 -1 -10 
f -12 -10 -1 

g tomato_Petiole
s off

usemtl tomato_Petiole

# 18 vertices
v 327.6419 67.6389 0.6125
v 327.6317 67.6227 0.6018
v 327.6416 67.6188 0.6212
v 327.493 67.6776 0.6963
v 327.4827 67.6614 0.6856
v 327.4926 67.6575 0.705
v 327.493 67.6776 0.6963
v 327.4827 67.6614 0.6856
v 327.4926 67.6575 0.705
v 327.3459 67.7155 0.7838
v 327.3355 67.6994 0.7733
v 327.3458 67.6954 0.7924
v 327.3459 67.7155 0.7838
v 327.3355 67.6994 0.7733
v 327.3458 67.6954 0.7924
v 327.201 67.7527 0.8751
v 327.1903 67.7366 0.8647
v 327.2011 67.7324 0.8835

# 18 faces
f -18 -15 -17 
f -17 -15 -14 
f -17 -14 -16 
f -16 -14 -13 
f -16 -13 -18 
f -18 -13 -15 
f -12 -9 -11 
f -11 -9 -8 
f -11 -8 -10 
f -10 -8 -7 
f -10 -7 -12 
f -12 -7 -9 
f -6 -3 -5 
f -5 -3 -2 
f -5 -2 -4 
f -4 -2 -1 
f -4 -1 -6 
f -6 -1 -3 

g tomato_Leaf
s off

usemtl tomato_Leaf

# 12 vertices
v 327.1974 67.7405 0.8744
v 320.401 68.8861 2.2186
v 321.7685 69.1316 4.2914
v 318.3074 69.8527 3.7041
v 319.577 69.6931 5.6707
v 319.0271 69.621 4.7106
v 317.6128 72.383 5.6192
v 320.9926 69.05169 3.0912
v 320.2459 70.7036 6.3221
v 320.5545 71.6048 6.5611
v 322.6646 70.2515 5.3748
v 323.1237 71.216 5.7117

# 16 faces
f -10 -11 -12 
f -10 -12 -11 
f -8 -9 -10 
f -8 -10 -9 
f -8 -6 -7 
f -8 -7 -6 
f -10 -9 -5 
f -10 -5 -9 
f -8 -4 -6 
f -8 -6 -4 
f -10 -3 -8 
f -10 -8 -3 
f -2 -3 -10 
f -2 -10 -3 
f -12 -1 -10 
f -12 -10 -1 

g tomato_Intrnd
s off

usemtl tomato_Intrnd

# 18 vertices
v 337.0709 71.5133 -4.6269
v 337.1608 71.3046 -5.003823
v 337.4058 71.2282 -4.6425
v 336.3211 70.6149 -4.3083
v 336.4109 70.4062 -4.6851
v 336.656 70.3299 -4.3238
v 336.3211 70.6149 -4.3083
v 336.4109 70.4062 -4.6851
v 336.656 70.3299 -4.3238
v 335.4649 70.00347 -3.8569
v 335.4844 69.7286 -4.2
v 335.7294 69.6522 -3.8387
v 335.4649 70.00347 -3.8569
v 335.4844 69.7286 -4.2
v 335.7294 69.6522 -3.8387
v 334.5275 69.6668 -3.2923
v 334.4663 69.3485 -3.5899
v 334.7113 69.2721 -3.2286

# 18 faces
f -18 -15 -17 
f -17 -15 -14 
f -17 -14 -16 
f -16 -14 -13 
f -16 -13 -18 
f -18 -13 -15 
f -12 -9 -11 
f -11 -9 -8 
f -11 -8 -10 
f -10 -8 -7 
f -10 -7 -12 
f -12 -7 -9 
f -6 -3 -5 
f -5 -3 -2 
f -5 -2 -4 
f -4 -2 -1 
f -4 -1 -6 
f -6 -1 -3 

g tomato_Petiole
s off

usemtl tomato_Petiole

# 18 vertices
v 334.5776 69.5147 -3.3585
v 334.5217 69.3985 -3.4391
v 334.6064 69.3721 -3.3142
v 333.5727 69.5242 -2.675
v 333.5168 69.408 -2.7555
v 333.6014 69.3816 -2.6307
v 333.5727 69.5242 -2.675
v 333.5168 69.408 -2.7555
v 333.6014 69.3816 -2.6307
v 332.6802 69.9042 -1.9894
v 332.5909 69.7948 -2.04594
v 332.6755 69.7684 -1.921
v 332.6802 69.9042 -1.9894
v 332.5909 69.7948 -2.04594
v 332.6755 69.7684 -1.921
v 331.9669 70.6121 -1.3561
v 331.849 70.5219 -1.3891
v 331.9337 70.4955 -1.2643

# 18 faces
f -18 -15 -17 
f -17 -15 -14 
f -17 -14 -16 
f -16 -14 -13 
f -16 -13 -18 
f -18 -13 -15 
f -12 -9 -11 
f -11 -9 -8 
f -11 -8 -10 
f -10 -8 -7 
f -10 -7 -12 
f -12 -7 -9 
f -6 -3 -5 
f -5 -3 -2 
f -5 -2 -4 
f -4 -2 -1 
f -4 -1 -6 
f -6 -1 -3 

g tomato_Petiole
s off

usemtl tomato_Petiole

# 18 vertices
v 331.9657 70.6133 -1.3549
v 331.8474 70.5235 -1.3877
v 331.9365 70.4927 -1.267
v 331.8941 70.6819 -1.2845
v 331.7758 70.5921 -1.3173
v 331.8649 70.5613 -1.1966
v 331.8941 70.6819 -1.2845
v 331.7758 70.5921 -1.3173
v 331.8649 70.5613 -1.1966
v 331.8232 70.748 -1.2077
v 331.7046 70.6586 -1.2402
v 331.7981 70.6236 -1.124
v 331.8232 70.748 -1.2077
v 331.7046 70.6586 -1.2402
v 331.7981 70.6236 -1.124
v 331.7545 70.8101 -1.1257
v 331.6356 70.721 -1.1579
v 331.7332 70.682 -1.04658

# 18 faces
f -18 -15 -17 
f -17 -15 -14 
f -17 -14 -16 
f -16 -14 -13 
f -16 -13 -18 
f -18 -13 -15 
f -12 -9 -11 
f -11 -9 -8 
f -11 -8 -10 
f -10 -8 -7 
f -10 -7 -12 
f -12 -7 -9 
f -6 -3 -5 
f -5 -3 -2 
f -5 -2 -4 
f -4 -2 -1 
f -4 -1 -6 
f -6 -1 -3 

g tomato_Petiole
s off

usemtl tomato_Petiole

# 18 vertices
v 331.7087 70.7392 -1.1104
v 331.706 70.7368 -1.1114
v 331.7079 70.7362 -1.1081
v 331.6879 70.7559 -1.09553
v 331.6852 70.7534 -1.09659
v 331.6871 70.7529 -1.09329
v 331.6879 70.7559 -1.09553
v 331.6852 70.7534 -1.09659
v 331.6871 70.7529 -1.09329
v 331.6642 70.7731 -1.08672
v 331.6618 70.7704 -1.08795
v 331.6631 70.7703 -1.08432
v 331.6642 70.7731 -1.08672
v 331.6618 70.7704 -1.08795
v 331.6631 70.7703 -1.08432
v 331.6389 70.79 -1.08443
v 331.6368 70.787 -1.08573
v 331.6374 70.7875 -1.08195

# 18 faces
f -18 -15 -17 
f -17 -15 -14 
f -17 -14 -16 
f -16 -14 -13 
f -16 -13 -18 
f -18 -13 -15 
f -12 -9 -11 
f -11 -9 -8 
f -11 -8 -10 
f -10 -8 -7 
f -10 -7 -12 
f -12 -7 -9 
f -6 -3 -5 
f -5 -3 -2 
f -5 -2 -4 
f -4 -2 -1 
f -4 -1 -6 
f -6 -1 -3 

g tomato_Leaf
s off

usemtl tomato_Leaf

# 12 vertices
v 331.6377 70.7881 -1.08404
v 329.041 71.9452 -1.8033
v 329.3621 72.3022 -0.8786
v 328.1997 72.7185 -1.7243
v 328.4435 72.9134 -0.7956
v 328.332 72.7574 -1.217
v 328.0438 74.04665 -1.4965
v 329.1902 72.1174 -1.4204
v 328.7549 73.355 -0.6004
v 328.9611 73.7095 -0.5941
v 329.7258 72.8441 -0.5077
v 329.9865 73.2284 -0.4519

# 16 faces
f -10 -11 -12 
f -10 -12 -11 
f -8 -9 -10 
f -8 -10 -9 
f -8 -6 -7 
f -8 -7 -6 
f -10 -9 -5 
f -10 -5 -9 
f -8 -4 -6 
f -8 -6 -4 
f -10 -3 -8 
f -10 -8 -3 
f -2 -3 -10 
f -2 -10 -3 
f -12 -1 -10 
f -12 -10 -1 

g tomato_Petiole
s off

usemtl tomato_Petiole

# 18 vertices
v 331.757 70.8079 -1.1285
v 331.6355 70.7212 -1.1578
v 331.731 70.6841 -1.04399
v 331.6908 70.8745 -1.05131
v 331.5693 70.7878 -1.08065
v 331.6648 70.7507 -0.9668
v 331.6908 70.8745 -1.05131
v 331.5693 70.7878 -1.08065
v 331.6648 70.7507 -0.9668
v 331.6286 70.944 -0.9803
v 331.5046 70.86 -1.006926
v 331.598 70.825 -0.8907
v 331.6286 70.944 -0.9803
v 331.5046 70.86 -1.006926
v 331.598 70.825 -0.8907
v 331.5681 71.01857 -0.913
v 331.4417 70.9374 -0.937
v 331.5331 70.9046 -0.8185

# 18 faces
f -18 -15 -17 
f -17 -15 -14 
f -17 -14 -16 
f -16 -14 -13 
f -16 -13 -18 
f -18 -13 -15 
f -12 -9 -11 
f -11 -9 -8 
f -11 -8 -10 
f -10 -8 -7 
f -10 -7 -12 
f -12 -7 -9 
f -6 -3 -5 
f -5 -3 -2 
f -5 -2 -4 
f -4 -2 -1 
f -4 -1 -6 
f -6 -1 -3 

g tomato_Petiole
s off

usemtl tomato_Petiole

# 18 vertices
v 331.5154 70.9548 -0.89
v 331.512 70.9531 -0.8903
v 331.5147 70.9517 -0.8879
v 331.5045 70.9721 -0.8672
v 331.5011 70.9703 -0.8675
v 331.5038 70.9689 -0.8651
v 331.5045 70.9721 -0.8672
v 331.5011 70.9703 -0.8675
v 331.5038 70.9689 -0.8651
v 331.4992 70.9861 -0.8406
v 331.4957 70.9846 -0.8405
v 331.4987 70.9827 -0.8389
v 331.4992 70.9861 -0.8406
v 331.4957 70.9846 -0.8405
v 331.4987 70.9827 -0.8389
v 331.4998 70.9961 -0.8117
v 331.4962 70.9948 -0.8112
v 331.4992 70.9925 -0.8105

# 18 faces
f -18 -15 -17 
f -17 -15 -14 
f -17 -14 -16 
f -16 -14 -13 
f -16 -13 -18 
f -18 -13 -15 
f -12 -9 -11 
f -11 -9 -8 
f -11 -8 -10 
f -10 -8 -7 
f -10 -7 -12 
f -12 -7 -9 
f -6 -3 -5 
f -5 -3 -2 
f -5 -2 -4 
f -4 -2 -1 
f -4 -1 -6 
f -6 -1 -3 

g tomato_Leaf
s off

usemtl tomato_Leaf

# 12 vertices
v 331.4984 70.9945 -0.8111
v 330.5757 72.2502 1.6728
v 331.5478 71.8903 1.7788
v 330.7247 72.7353 2.6998
v 331.5677 72.2519 2.8243
v 331.1441 72.4219 2.7469
v 331.6086 73.5455 3.3341
v 331.0001 72.1195 1.7099
v 332.1008 72.4511 2.7452
v 332.4093 72.7122 2.6756
v 332.2813 72.04458 1.738
v 332.6647 72.2953 1.644

# 16 faces
f -10 -11 -12 
f -10 -12 -11 
f -8 -9 -10 
f -8 -10 -9 
f -8 -6 -7 
f -8 -7 -6 
f -10 -9 -5 
f -10 -5 -9 
f -8 -4 -6 
f -8 -6 -4 
f -10 -3 -8 
f -10 -8 -3 
f -2 -3 -10 
f -2 -10 -3 
f -12 -1 -10 
f -12 -10 -1 

g tomato_Petiole
s off

usemtl tomato_Petiole

# 18 vertices
v 331.567 71.01991 -0.9117
v 331.4413 70.9379 -0.9365
v 331.5346 70.9028 -0.8202
v 331.5042 71.09421 -0.8388
v 331.3785 71.01226 -0.8636
v 331.4718 70.9771 -0.7474
v 331.5042 71.09421 -0.8388
v 331.3785 71.01226 -0.8636
v 331.4718 70.9771 -0.7474
v 331.4403 71.1667 -0.7617
v 331.3153 71.08408 -0.7873
v 331.4106 71.04663 -0.6733
v 331.4403 71.1667 -0.7617
v 331.3153 71.08408 -0.7873
v 331.4106 71.04663 -0.6733
v 331.3766 71.2362 -0.6815
v 331.2523 71.1527 -0.7081
v 331.3495 71.1131 -0.5965

# 18 faces
f -18 -15 -17 
f -17 -15 -14 
f -17 -14 -16 
f -16 -14 -13 
f -16 -13 -18 
f -18 -13 -15 
f -12 -9 -11 
f -11 -9 -8 
f -11 -8 -10 
f -10 -8 -7 
f -10 -7 -12 
f -12 -7 -9 
f -6 -3 -5 
f -5 -3 -2 
f -5 -2 -4 
f -4 -2 -1 
f -4 -1 -6 
f -6 -1 -3 

g tomato_Petiole
s off

usemtl tomato_Petiole

# 18 vertices
v 331.3272 71.1688 -0.6624
v 331.3243 71.1664 -0.6633
v 331.3262 71.1659 -0.66
v 331.3076 71.1872 -0.648
v 331.3047 71.1849 -0.6489
v 331.3066 71.1844 -0.6456
v 331.3076 71.1872 -0.648
v 331.3047 71.1849 -0.6489
v 331.3066 71.1844 -0.6456
v 331.2851 71.2061 -0.6396
v 331.2825 71.2035 -0.6407
v 331.2838 71.2035 -0.6371
v 331.2851 71.2061 -0.6396
v 331.2825 71.2035 -0.6407
v 331.2838 71.2035 -0.6371
v 331.2607 71.2245 -0.6377
v 331.2585 71.2217 -0.6388
v 331.2592 71.2222 -0.6351

# 18 faces
f -18 -15 -17 
f -17 -15 -14 
f -17 -14 -16 
f -16 -14 -13 
f -16 -13 -18 
f -18 -13 -15 
f -12 -9 -11 
f -11 -9 -8 
f -11 -8 -10 
f -10 -8 -7 
f -10 -7 -12 
f -12 -7 -9 
f -6 -3 -5 
f -5 -3 -2 
f -5 -2 -4 
f -4 -2 -1 
f -4 -1 -6 
f -6 -1 -3 

g tomato_Leaf
s off

usemtl tomato_Leaf

# 12 vertices
v 331.2595 71.2228 -0.6372
v 328.7206 72.4943 -1.3693
v 329.077 72.8722 -0.4661
v 327.9258 73.3172 -1.3124
v 328.196 73.538 -0.397
v 328.0687 73.3705 -0.8094
v 327.8492 74.6607 -1.1415
v 328.8858 72.6742 -0.9966
v 328.5352 73.9691 -0.226
v 328.7612 74.3112 -0.2385
v 329.4771 73.4079 -0.1249
v 329.7601 73.7787 -0.09003

# 16 faces
f -10 -11 -12 
f -10 -12 -11 
f -8 -9 -10 
f -8 -10 -9 
f -8 -6 -7 
f -8 -7 -6 
f -10 -9 -5 
f -10 -5 -9 
f -8 -4 -6 
f -8 -6 -4 
f -10 -3 -8 
f -10 -8 -3 
f -2 -3 -10 
f -2 -10 -3 
f -12 -1 -10 
f -12 -10 -1 

g tomato_Petiole
s off

usemtl tomato_Petiole

# 18 vertices
v 331.3755 71.2374 -0.6801
v 331.2519 71.1532 -0.7075
v 331.351 71.1115 -0.5984
v 331.3132 71.3025 -0.5986
v 331.1895 71.2183 -0.626
v 331.2886 71.1766 -0.5169
v 331.3132 71.3025 -0.5986
v 331.1895 71.2183 -0.626
v 331.2886 71.1766 -0.5169
v 331.25 71.3654 -0.5129
v 331.127 71.2806 -0.5413
v 331.2279 71.2368 -0.4347
v 331.25 71.3654 -0.5129
v 331.127 71.2806 -0.5413
v 331.2279 71.2368 -0.4347
v 331.1872 71.425 -0.4245
v 331.0648 71.3395 -0.4539
v 331.1677 71.2939 -0.35

# 18 faces
f -18 -15 -17 
f -17 -15 -14 
f -17 -14 -16 
f -16 -14 -13 
f -16 -13 -18 
f -18 -13 -15 
f -12 -9 -11 
f -11 -9 -8 
f -11 -8 -10 
f -10 -8 -7 
f -10 -7 -12 
f -12 -7 -9 
f -6 -3 -5 
f -5 -3 -2 
f -5 -2 -4 
f -4 -2 -1 
f -4 -1 -6 
f -6 -1 -3 

g tomato_Petiole
s off

usemtl tomato_Petiole

# 18 vertices
v 331.1409 71.3543 -0.4098
v 331.1376 71.3524 -0.4101
v 331.1406 71.3507 -0.4084
v 331.132 71.3657 -0.3829
v 331.1287 71.3638 -0.3832
v 331.1317 71.3622 -0.3815
v 331.132 71.3657 -0.3829
v 331.1287 71.3638 -0.3832
v 331.1317 71.3622 -0.3815
v 331.1305 71.3729 -0.3532
v 331.1271 71.3712 -0.353
v 331.1303 71.3692 -0.3523
v 331.1305 71.3729 -0.3532
v 331.1271 71.3712 -0.353
v 331.1303 71.3692 -0.3523
v 331.1365 71.3752 -0.3233
v 331.1331 71.3736 -0.3225
v 331.1363 71.3714 -0.323

# 18 faces
f -18 -15 -17 
f -17 -15 -14 
f -17 -14 -16 
f -16 -14 -13 
f -16 -13 -18 
f -18 -13 -15 
f -12 -9 -11 
f -11 -9 -8 
f -11 -8 -10 
f -10 -8 -7 
f -10 -7 -12 
f -12 -7 -9 
f -6 -3 -5 
f -5 -3 -2 
f -5 -2 -4 
f -4 -2 -1 
f -4 -1 -6 
f -6 -1 -3 

g tomato_Leaf
s off

usemtl tomato_Leaf

# 12 vertices
v 331.1353 71.3734 -0.3229
v 330.6952 71.8907 2.5296
v 331.6744 71.5793 2.3565
v 331.0341 72.106 3.6024
v 331.8921 71.6625 3.4381
v 331.459 71.8188 3.4875
v 332.0127 72.7828 4.2538
v 331.1205 71.7826 2.4523
v 332.3967 71.9092 3.3176
v 332.682 72.1988 3.2637
v 332.3837 71.7859 2.2236
v 332.7379 72.07674 2.13

# 16 faces
f -10 -11 -12 
f -10 -12 -11 
f -8 -9 -10 
f -8 -10 -9 
f -8 -6 -7 
f -8 -7 -6 
f -10 -9 -5 
f -10 -5 -9 
f -8 -4 -6 
f -8 -6 -4 
f -10 -3 -8 
f -10 -8 -3 
f -2 -3 -10 
f -2 -10 -3 
f -12 -1 -10 
f -12 -10 -1 

g tomato_Petiole
s off

usemtl tomato_Petiole

# 18 vertices
v 331.1409 71.3543 -0.4098
v 331.1378 71.3522 -0.4105
v 331.1404 71.351 -0.4079
v 331.1259 71.3688 -0.3875
v 331.1228 71.3666 -0.3882
v 331.1254 71.3655 -0.3856
v 331.1259 71.3688 -0.3875
v 331.1228 71.3666 -0.3882
v 331.1254 71.3655 -0.3856
v 331.1114 71.383 -0.3646
v 331.1082 71.3809 -0.3653
v 331.1109 71.3797 -0.3628
v 331.1114 71.383 -0.3646
v 331.1082 71.3809 -0.3653
v 331.1109 71.3797 -0.3628
v 331.0974 71.397 -0.3413
v 331.0942 71.395 -0.342
v 331.097 71.3937 -0.3396

# 18 faces
f -18 -15 -17 
f -17 -15 -14 
f -17 -14 -16 
f -16 -14 -13 
f -16 -13 -18 
f -18 -13 -15 
f -12 -9 -11 
f -11 -9 -8 
f -11 -8 -10 
f -10 -8 -7 
f -10 -7 -12 
f -12 -7 -9 
f -6 -3 -5 
f -5 -3 -2 
f -5 -2 -4 
f -4 -2 -1 
f -4 -1 -6 
f -6 -1 -3 

g tomato_Leaf
s off

usemtl tomato_Leaf

# 12 vertices
v 331.0962 71.3952 -0.341
v 328.975 72.7346 1.1772
v 329.8428 72.6513 1.7479
v 328.5708 73.3895 2.02572
v 329.3368 73.1584 2.5912
v 328.9703 73.2026 2.3118
v 328.9357 74.4817 2.7426
v 329.3536 72.7222 1.4118
v 329.8091 73.4713 2.6865
v 330.0693 73.7883 2.685
v 330.4819 72.9775 1.9683
v 330.8207 73.2999 1.9777

# 16 faces
f -10 -11 -12 
f -10 -12 -11 
f -8 -9 -10 
f -8 -10 -9 
f -8 -6 -7 
f -8 -7 -6 
f -10 -9 -5 
f -10 -5 -9 
f -8 -4 -6 
f -8 -6 -4 
f -10 -3 -8 
f -10 -8 -3 
f -2 -3 -10 
f -2 -10 -3 
f -12 -1 -10 
f -12 -10 -1 

g tomato_1Pdncle
s off

usemtl tomato_1Pdncle

# 18 vertices
v 334.6141 69.8628 -3.3097
v 334.3337 69.2799 -3.7138
v 334.7584 69.1475 -3.0876
v 332.9108 69.8789 -2.1512
v 332.6304 69.2959 -2.5553
v 333.0551 69.1636 -1.9291
v 332.9108 69.8789 -2.1512
v 332.6304 69.2959 -2.5553
v 333.0551 69.1636 -1.9291
v 331.4724 70.5077 -1.04286
v 331.0245 69.9591 -1.3261
v 331.4492 69.8267 -0.6999
v 331.4724 70.5077 -1.04286
v 331.0245 69.9591 -1.3261
v 331.4492 69.8267 -0.6999
v 330.3272 71.6647 -0.02177
v 329.7357 71.2126 -0.1872
v 330.1603 71.0803 0.439

# 18 faces
f -18 -15 -17 
f -17 -15 -14 
f -17 -14 -16 
f -16 -14 -13 
f -16 -13 -18 
f -18 -13 -15 
f -12 -9 -11 
f -11 -9 -8 
f -11 -8 -10 
f -10 -8 -7 
f -10 -7 -12 
f -12 -7 -9 
f -6 -3 -5 
f -5 -3 -2 
f -5 -2 -4 
f -4 -2 -1 
f -4 -1 -6 
f -6 -1 -3 

g tomato_1InfInt
s off

usemtl tomato_1InfInt

# 18 vertices
v 329.7277 71.1052 -0.0972
v 330.2581 71.1648 0.4477
v 330.2289 71.6797 -0.1216
v 329.1792 71.6041 0.382
v 329.7096 71.6638 0.9269
v 329.6805 72.1786 0.3576
v 329.1792 71.6041 0.382
v 329.7096 71.6638 0.9269
v 329.6805 72.1786 0.3576
v 328.6217 72.07199 0.8624
v 329.1478 72.1351 1.4111
v 329.1069 72.6604 0.8522
v 328.6217 72.07199 0.8624
v 329.1478 72.1351 1.4111
v 329.1069 72.6604 0.8522
v 328.0493 72.5143 1.3494
v 328.5709 72.5808 1.9019
v 328.518 73.116 1.3535

# 18 faces
f -18 -15 -17 
f -17 -15 -14 
f -17 -14 -16 
f -16 -14 -13 
f -16 -13 -18 
f -18 -13 -15 
f -12 -9 -11 
f -11 -9 -8 
f -11 -8 -10 
f -10 -8 -7 
f -10 -7 -12 
f -12 -7 -9 
f -6 -3 -5 
f -5 -3 -2 
f -5 -2 -4 
f -4 -2 -1 
f -4 -1 -6 
f -6 -1 -3 

g tomato_1Pdcel
s off

usemtl tomato_1Pdcel

# 18 vertices
v 328.1854 72.4456 1.2692
v 328.5038 72.6146 1.9414
v 328.4509 73.1499 1.393
v 327.1332 72.7689 1.6863
v 327.4516 72.9379 2.3585
v 327.3987 73.4732 1.8101
v 327.1332 72.7689 1.6863
v 327.4516 72.9379 2.3585
v 327.3987 73.4732 1.8101
v 326.1274 72.7451 1.76
v 326.1982 72.9501 2.4913
v 326.1453 73.4854 1.9429
v 326.1274 72.7451 1.76
v 326.1982 72.9501 2.4913
v 326.1453 73.4854 1.9429
v 325.1851 72.4463 1.5592
v 325.0014 72.6154 2.28
v 324.9485 73.1507 1.7316

# 18 faces
f -18 -15 -17 
f -17 -15 -14 
f -17 -14 -16 
f -16 -14 -13 
f -16 -13 -18 
f -18 -13 -15 
f -12 -9 -11 
f -11 -9 -8 
f -11 -8 -10 
f -10 -8 -7 
f -10 -7 -12 
f -12 -7 -9 
f -6 -3 -5 
f -5 -3 -2 
f -5 -2 -4 
f -4 -2 -1 
f -4 -1 -6 
f -6 -1 -3 

g tomato_FruitR
s off

usemtl tomato_FruitR

# 6 vertices
v 325.0443 72.7388 1.8584
v 323.5939 68.6437 0.4678
v 322.675 71.2498 -1.6654
v 320.1986 66.8392 -0.2847
v 319.0565 69.9494 -2.5602
v 316.1393 68.1382 0.2362

# 8 faces
f -6 -5 -4 
f -6 -4 -5 
f -5 -3 -4 
f -5 -4 -3 
f -4 -3 -2 
f -4 -2 -3 
f -2 -3 -1 
f -2 -1 -3 

g tomato_FruitR
s off

usemtl tomato_FruitR

# 6 vertices
v 325.0443 72.7388 1.8584
v 322.5861 69.5084 3.9389
v 323.5491 68.6578 0.693
v 319.1922 67.6207 3.4198
v 320.2155 66.84 -0.3879
v 316.0838 68.1585 0.5068

# 8 faces
f -6 -5 -4 
f -6 -4 -5 
f -5 -3 -4 
f -5 -4 -3 
f -4 -3 -2 
f -4 -2 -3 
f -2 -3 -1 
f -2 -1 -3 

g tomato_FruitR
s off

usemtl tomato_FruitR

# 6 vertices
v 325.0443 72.7388 1.8584
v 320.9579 72.8488 3.8822
v 322.4809 69.7091 3.9791
v 317.4563 71.1315 3.507
v 319.2404 67.5315 3.3937
v 315.9574 68.4009 0.5517

# 8 faces
f -6 -5 -4 
f -6 -4 -5 
f -5 -3 -4 
f -5 -4 -3 
f -4 -3 -2 
f -4 -2 -3 
f -2 -3 -1 
f -2 -1 -3 

g tomato_FruitR
s off

usemtl tomato_FruitR

# 6 vertices
v 325.0443 72.7388 1.8584
v 320.9443 74.07977 0.3756
v 320.9367 72.9606 3.6823
v 317.3735 72.5525 -0.1426
v 317.4695 71.07475 3.594
v 315.9336 68.5327 0.3092

# 8 faces
f -6 -5 -4 
f -6 -4 -5 
f -5 -3 -4 
f -5 -4 -3 
f -4 -3 -2 
f -4 -2 -3 
f -2 -3 -1 
f -2 -1 -3 

g tomato_FruitR
s off

usemtl tomato_FruitR

# 6 vertices
v 325.0443 72.7388 1.8584
v 322.598 71.4416 -1.7665
v 321.0585 73.9272 0.141
v 319.094 69.8597 -2.5215
v 317.3541 72.5916 -0.1412
v 316.0477 68.3679 0.1112

# 8 faces
f -6 -5 -4 
f -6 -4 -5 
f -5 -3 -4 
f -5 -4 -3 
f -4 -3 -2 
f -4 -2 -3 
f -2 -3 -1 
f -2 -1 -3 

g tomato_1InfInt
s off

usemtl tomato_1InfInt

# 18 vertices
v 328.6541 72.6916 1.8795
v 328.4267 73.08522 1.2669
v 328.066 72.4368 1.4659
v 328.0979 73.1558 2.3841
v 327.8705 73.5493 1.7716
v 327.5099 72.9009 1.9705
v 328.0979 73.1558 2.3841
v 327.8705 73.5493 1.7716
v 327.5099 72.9009 1.9705
v 327.5722 73.6298 2.8935
v 327.3409 74.02715 2.2848
v 326.9684 73.3888 2.4945
v 327.5722 73.6298 2.8935
v 327.3409 74.02715 2.2848
v 326.9684 73.3888 2.4945
v 327.0708 74.1187 3.4131
v 326.8357 74.5199 2.8084
v 326.452 73.8921 3.02904

# 18 faces
f -18 -15 -17 
f -17 -15 -14 
f -17 -14 -16 
f -16 -14 -13 
f -16 -13 -18 
f -18 -13 -15 
f -12 -9 -11 
f -11 -9 -8 
f -11 -8 -10 
f -10 -8 -7 
f -10 -7 -12 
f -12 -7 -9 
f -6 -3 -5 
f -5 -3 -2 
f -5 -2 -4 
f -4 -2 -1 
f -4 -1 -6 
f -6 -1 -3 

g tomato_1Pdcel
s off

usemtl tomato_1Pdcel

# 18 vertices
v 327.1462 74.02851 3.2872
v 326.7985 74.5644 2.8704
v 326.4148 73.9366 3.09107
v 326.8126 74.5786 4.273
v 326.4649 75.1146 3.8562
v 326.0812 74.4867 4.07683
v 326.8126 74.5786 4.273
v 326.4649 75.1146 3.8562
v 326.0812 74.4867 4.07683
v 326.8936 74.8675 5.2361
v 326.5155 75.5044 5.05391
v 326.1318 74.8766 5.2744
v 326.8936 74.8675 5.2361
v 326.5155 75.5044 5.05391
v 326.1318 74.8766 5.2744
v 327.3014 74.9414 6.1558
v 326.9797 75.6301 6.2191
v 326.596 75.0023 6.4396

# 18 faces
f -18 -15 -17 
f -17 -15 -14 
f -17 -14 -16 
f -16 -14 -13 
f -16 -13 -18 
f -18 -13 -15 
f -12 -9 -11 
f -11 -9 -8 
f -11 -8 -10 
f -10 -8 -7 
f -10 -7 -12 
f -12 -7 -9 
f -6 -3 -5 
f -5 -3 -2 
f -5 -2 -4 
f -4 -2 -1 
f -4 -1 -6 
f -6 -1 -3 

g tomato_FruitR
s off

usemtl tomato_FruitR

# 6 vertices
v 326.9574 75.1924 6.2721
v 329.5887 74.5575 8.06794
v 327.6061 73.193 8.6907
v 330.3581 74.6548 10.7482
v 327.9899 73.221 11.4758
v 328.8885 75.6881 13.2226

# 8 faces
f -6 -5 -4 
f -6 -4 -5 
f -5 -3 -4 
f -5 -4 -3 
f -4 -3 -2 
f -4 -2 -3 
f -2 -3 -1 
f -2 -1 -3 

g tomato_FruitR
s off

usemtl tomato_FruitR

# 6 vertices
v 326.9574 75.1924 6.2721
v 328.8995 77.1125 8.031
v 329.5762 74.7205 8.05751
v 329.7309 77.3724 10.6817
v 330.3582 74.5805 10.7544
v 328.8709 75.8842 13.2108

# 8 faces
f -6 -5 -4 
f -6 -4 -5 
f -5 -3 -4 
f -5 -4 -3 
f -4 -3 -2 
f -4 -2 -3 
f -2 -3 -1 
f -2 -1 -3 

g tomato_FruitR
s off

usemtl tomato_FruitR

# 6 vertices
v 326.9574 75.1924 6.2721
v 326.3381 77.2909 8.6732
v 328.7453 77.1547 8.06703
v 327.0377 77.6655 11.3482
v 329.7995 77.3478 10.6662
v 328.6847 75.9324 13.2545

# 8 faces
f -6 -5 -4 
f -6 -4 -5 
f -5 -3 -4 
f -5 -4 -3 
f -4 -3 -2 
f -4 -2 -3 
f -2 -3 -1 
f -2 -1 -3 

g tomato_FruitR
s off

usemtl tomato_FruitR

# 6 vertices
v 326.9574 75.1924 6.2721
v 325.4205 74.8477 9.1131
v 326.2539 77.1543 8.7062
v 325.9753 75.1318 11.8328
v 327.0806 77.7243 11.3323
v 328.5854 75.7664 13.2938

# 8 faces
f -6 -5 -4 
f -6 -4 -5 
f -5 -3 -4 
f -5 -4 -3 
f -4 -3 -2 
f -4 -2 -3 
f -2 -3 -1 
f -2 -1 -3 

g tomato_FruitR
s off

usemtl tomato_FruitR

# 6 vertices
v 326.9574 75.1924 6.2721
v 327.4598 73.1328 8.7333
v 325.5392 74.6688 9.09761
v 328.0584 73.243 11.4563
v 325.9453 75.1353 11.8402
v 328.7133 75.6132 13.2739

# 8 faces
f -6 -5 -4 
f -6 -4 -5 
f -5 -3 -4 
f -5 -4 -3 
f -4 -3 -2 
f -4 -2 -3 
f -2 -3 -1 
f -2 -1 -3 

g tomato_1InfInt
s off

usemtl tomato_1InfInt

# 18 vertices
v 326.7274 74.4568 2.7452
v 326.5093 73.8357 3.1306
v 327.1168 74.2431 3.3653
v 326.1994 74.9543 3.2483
v 325.9813 74.3333 3.6336
v 326.5888 74.7406 3.8683
v 326.1994 74.9543 3.2483
v 325.9813 74.3333 3.6336
v 326.5888 74.7406 3.8683
v 325.6585 75.4478 3.7219
v 325.4361 74.8305 4.1109
v 326.0322 75.2484 4.3562
v 325.6585 75.4478 3.7219
v 325.4361 74.8305 4.1109
v 326.0322 75.2484 4.3562
v 325.0988 75.9426 4.1718
v 324.872 75.3291 4.5642
v 325.4562 75.7575 4.8197

# 18 faces
f -18 -15 -17 
f -17 -15 -14 
f -17 -14 -16 
f -16 -14 -13 
f -16 -13 -18 
f -18 -13 -15 
f -12 -9 -11 
f -11 -9 -8 
f -11 -8 -10 
f -10 -8 -7 
f -10 -7 -12 
f -12 -7 -9 
f -6 -3 -5 
f -5 -3 -2 
f -5 -2 -4 
f -4 -2 -1 
f -4 -1 -6 
f -6 -1 -3 

g tomato_1Pdcel
s off

usemtl tomato_1Pdcel

# 18 vertices
v 325.2106 75.8264 4.1111
v 324.817 75.3863 4.5941
v 325.4012 75.8147 4.8496
v 324.468 76.7163 4.3168
v 324.0744 76.2763 4.7997
v 324.6586 76.7047 5.05533
v 324.468 76.7163 4.3168
v 324.0744 76.2763 4.7997
v 324.6586 76.7047 5.05533
v 323.9527 77.5536 4.091
v 323.4077 77.3215 4.5715
v 323.9919 77.7498 4.827
v 323.9527 77.5536 4.091
v 323.4077 77.3215 4.5715
v 323.9919 77.7498 4.827
v 323.6315 78.3271 3.5287
v 322.9736 78.3055 3.9141
v 323.5578 78.7339 4.1697

# 18 faces
f -18 -15 -17 
f -17 -15 -14 
f -17 -14 -16 
f -16 -14 -13 
f -16 -13 -18 
f -18 -13 -15 
f -12 -9 -11 
f -11 -9 -8 
f -11 -8 -10 
f -10 -8 -7 
f -10 -7 -12 
f -12 -7 -9 
f -6 -3 -5 
f -5 -3 -2 
f -5 -2 -4 
f -4 -2 -1 
f -4 -1 -6 
f -6 -1 -3 

g tomato_FruitR
s off

usemtl tomato_FruitR

# 6 vertices
v 323.3865 78.4561 3.8725
v 323.1788 78.9471 0.9185
v 324.523 80.4573 2.009229
v 322.3832 80.8119 -0.6742
v 323.819 82.5743 0.6781
v 321.1169 83.2832 -0.1515

# 8 faces
f -6 -5 -4 
f -6 -4 -5 
f -5 -3 -4 
f -5 -4 -3 
f -4 -3 -2 
f -4 -2 -3 
f -2 -3 -1 
f -2 -1 -3 

g tomato_FruitR
s off

usemtl tomato_FruitR

# 6 vertices
v 323.3865 78.4561 3.8725
v 321.0207 78.8297 2.0631
v 323.0385 78.9202 0.9687
v 320.0793 80.6219 0.4664
v 322.4476 80.8276 -0.6931
v 320.9484 83.2524 -0.08928

# 8 faces
f -6 -5 -4 
f -6 -4 -5 
f -5 -3 -4 
f -5 -4 -3 
f -4 -3 -2 
f -4 -2 -3 
f -2 -3 -1 
f -2 -1 -3 

g tomato_FruitR
s off

usemtl tomato_FruitR

# 6 vertices
v 323.3865 78.4561 3.8725
v 321.0751 80.3692 3.9626
v 320.9968 78.9157 2.1853
v 320.0449 82.2182 2.4904
v 320.095 80.5849 0.4105
v 320.9218 83.3569 0.05772

# 8 faces
f -6 -5 -4 
f -6 -4 -5 
f -5 -3 -4 
f -5 -4 -3 
f -4 -3 -2 
f -4 -2 -3 
f -2 -3 -1 
f -2 -1 -3 

g tomato_FruitR
s off

usemtl tomato_FruitR

# 6 vertices
v 323.3865 78.4561 3.8725
v 323.2673 81.4523 4.00977
v 321.2004 80.45 3.9891
v 322.3274 83.4097 2.6194
v 319.9904 82.1793 2.4742
v 321.0737 83.4532 0.08764

# 8 faces
f -6 -5 -4 
f -6 -4 -5 
f -5 -3 -4 
f -5 -4 -3 
f -4 -3 -2 
f -4 -2 -3 
f -2 -3 -1 
f -2 -1 -3 

g tomato_FruitR
s off

usemtl tomato_FruitR

# 6 vertices
v 323.3865 78.4561 3.8725
v 324.5871 80.5601 2.09998
v 323.4126 81.4171 3.8786
v 323.7943 82.5274 0.634
v 322.3267 83.4274 2.6421
v 321.1961 83.4069 -0.04367

# 8 faces
f -6 -5 -4 
f -6 -4 -5 
f -5 -3 -4 
f -5 -4 -3 
f -4 -3 -2 
f -4 -2 -3 
f -2 -3 -1 
f -2 -1 -3 

g tomato_1InfInt
s off

usemtl tomato_1InfInt

# 18 vertices
v 324.9564 75.3056 4.6739
v 325.4823 75.8543 4.7378
v 324.9864 75.8602 4.1512
v 324.3943 75.7884 5.1539
v 324.9202 76.3372 5.2178
v 324.4243 76.343 4.6311
v 324.3943 75.7884 5.1539
v 324.9202 76.3372 5.2178
v 324.4243 76.343 4.6311
v 323.8442 76.2468 5.6516
v 324.3659 76.7991 5.7193
v 323.8582 76.8153 5.1431
v 323.8442 76.2468 5.6516
v 324.3659 76.7991 5.7193
v 323.8582 76.8153 5.1431
v 323.2999 76.6863 6.1721
v 323.8174 77.242 6.244
v 323.2979 77.2681 5.6787

# 18 faces
f -18 -15 -17 
f -17 -15 -14 
f -17 -14 -16 
f -16 -14 -13 
f -16 -13 -18 
f -18 -13 -15 
f -12 -9 -11 
f -11 -9 -8 
f -11 -8 -10 
f -10 -8 -7 
f -10 -7 -12 
f -12 -7 -9 
f -6 -3 -5 
f -5 -3 -2 
f -5 -2 -4 
f -4 -2 -1 
f -4 -1 -6 
f -6 -1 -3 

g tomato_1Pdcel
s off

usemtl tomato_1Pdcel

# 18 vertices
v 323.4185 76.6302 6.06056
v 323.759 77.2697 6.299
v 323.2395 77.2958 5.7337
v 322.5634 76.7897 6.8537
v 322.9039 77.4292 7.09221
v 322.3845 77.4553 6.5269
v 322.5634 76.7897 6.8537
v 322.9039 77.4292 7.09221
v 322.3845 77.4553 6.5269
v 321.845 76.5014 7.5006
v 321.9962 77.1255 7.9124
v 321.4767 77.1515 7.3471
v 321.845 76.5014 7.5006
v 321.9962 77.1255 7.9124
v 321.4767 77.1515 7.3471
v 321.2541 75.8654 8.01435
v 321.2325 76.3769 8.5797
v 320.713 76.403 8.01449

# 18 faces
f -18 -15 -17 
f -17 -15 -14 
f -17 -14 -16 
f -16 -14 -13 
f -16 -13 -18 
f -18 -13 -15 
f -12 -9 -11 
f -11 -9 -8 
f -11 -8 -10 
f -10 -8 -7 
f -10 -7 -12 
f -12 -7 -9 
f -6 -3 -5 
f -5 -3 -2 
f -5 -2 -4 
f -4 -2 -1 
f -4 -1 -6 
f -6 -1 -3 

g tomato_FruitR
s off

usemtl tomato_FruitR

# 6 vertices
v 321.0657 76.2168 8.2037
v 321.376 73.7814 8.925
v 319.8021 74.07 7.796
v 320.2784 72.2506 10.05762
v 318.4312 72.6765 8.8368
v 318.2144 72.3738 11.2929

# 8 faces
f -6 -5 -4 
f -6 -4 -5 
f -5 -3 -4 
f -5 -4 -3 
f -4 -3 -2 
f -4 -2 -3 
f -2 -3 -1 
f -2 -1 -3 

g tomato_FruitR
s off

usemtl tomato_FruitR

# 6 vertices
v 321.0657 76.2168 8.2037
v 321.3337 75.1373 10.5081
v 321.3947 73.8544 9.02988
v 320.3054 73.6471 11.7541
v 320.2661 72.2198 10.0092
v 318.2351 72.4626 11.4187

# 8 faces
f -6 -5 -4 
f -6 -4 -5 
f -5 -3 -4 
f -5 -4 -3 
f -4 -3 -2 
f -4 -2 -3 
f -2 -3 -1 
f -2 -1 -3 

g tomato_FruitR
s off

usemtl tomato_FruitR

# 6 vertices
v 321.0657 76.2168 8.2037
v 319.6239 76.3145 10.3154
v 321.236 75.2211 10.517
v 318.5252 74.9287 11.6204
v 320.3478 73.6074 11.7464
v 318.1166 72.5628 11.4276

# 8 faces
f -6 -5 -4 
f -6 -4 -5 
f -5 -3 -4 
f -5 -4 -3 
f -4 -3 -2 
f -4 -2 -3 
f -2 -3 -1 
f -2 -1 -3 

g tomato_FruitR
s off

usemtl tomato_FruitR

# 6 vertices
v 321.0657 76.2168 8.2037
v 318.5936 75.6972 8.6114
v 319.544 76.2942 10.2162
v 317.3815 74.3363 9.8399
v 318.5641 74.9346 11.6639
v 318.0216 72.5368 11.3075

# 8 faces
f -6 -5 -4 
f -6 -4 -5 
f -5 -3 -4 
f -5 -4 -3 
f -4 -3 -2 
f -4 -2 -3 
f -2 -3 -1 
f -2 -1 -3 

g tomato_FruitR
s off

usemtl tomato_FruitR

# 6 vertices
v 321.0657 76.2168 8.2037
v 319.6927 74.1081 7.7391
v 318.6444 75.572 8.5091
v 318.4814 72.6561 8.8594
v 317.3617 74.3507 9.8386
v 318.0829 72.4182 11.223

# 8 faces
f -6 -5 -4 
f -6 -4 -5 
f -5 -3 -4 
f -5 -4 -3 
f -4 -3 -2 
f -4 -2 -3 
f -2 -3 -1 
f -2 -1 -3 

g tomato_1InfInt
s off

usemtl tomato_1InfInt

# 18 vertices
v 323.8077 77.3338 6.1382
v 323.2217 77.1633 5.6806
v 323.393 76.7085 6.2755
v 323.268 77.805 6.654
v 322.6819 77.6346 6.1964
v 322.8532 77.1798 6.7913
v 323.268 77.805 6.654
v 322.6819 77.6346 6.1964
v 322.8532 77.1798 6.7913
v 322.7467 78.2959 7.1517
v 322.1567 78.1294 6.6979
v 322.3164 77.6847 7.3036
v 322.7467 78.2959 7.1517
v 322.1567 78.1294 6.6979
v 322.3164 77.6847 7.3036
v 322.2379 78.8115 7.6372
v 321.644 78.649 7.1871
v 321.7924 78.2151 7.8034

# 18 faces
f -18 -15 -17 
f -17 -15 -14 
f -17 -14 -16 
f -16 -14 -13 
f -16 -13 -18 
f -18 -13 -15 
f -12 -9 -11 
f -11 -9 -8 
f -11 -8 -10 
f -10 -8 -7 
f -10 -7 -12 
f -12 -7 -9 
f -6 -3 -5 
f -5 -3 -2 
f -5 -2 -4 
f -4 -2 -1 
f -4 -1 -6 
f -6 -1 -3 

g tomato_1Pdcel
s off

usemtl tomato_1Pdcel

# 18 vertices
v 322.31 78.6923 7.536
v 321.6084 78.7078 7.237
v 321.7568 78.2739 7.8533
v 322.0307 79.5946 8.2385
v 321.3291 79.6101 7.9396
v 321.4774 79.1762 8.5558
v 322.0307 79.5946 8.2385
v 321.3291 79.6101 7.9396
v 321.4774 79.1762 8.5558
v 322.2095 80.4261 8.7809
v 321.4958 80.6503 8.6318
v 321.6443 80.2164 9.248
v 322.2095 80.4261 8.7809
v 321.4958 80.6503 8.6318
v 321.6443 80.2164 9.248
v 322.7473 81.1795 9.1818
v 322.1189 81.6112 9.1583
v 322.2673 81.1773 9.7746

# 18 faces
f -18 -15 -17 
f -17 -15 -14 
f -17 -14 -16 
f -16 -14 -13 
f -16 -13 -18 
f -18 -13 -15 
f -12 -9 -11 
f -11 -9 -8 
f -11 -8 -10 
f -10 -8 -7 
f -10 -7 -12 
f -12 -7 -9 
f -6 -3 -5 
f -5 -3 -2 
f -5 -2 -4 
f -4 -2 -1 
f -4 -1 -6 
f -6 -1 -3 

g tomato_FruitR
s off

usemtl tomato_FruitR

# 6 vertices
v 322.3761 81.3234 9.3725
v 325.4532 82.9113 9.2318
v 325.0193 81.6382 11.5177
v 326.9295 85.03746 10.7018
v 326.279 83.655 13.3459
v 325.9981 87.00109 13.1346

# 8 faces
f -6 -5 -4 
f -6 -4 -5 
f -5 -3 -4 
f -5 -4 -3 
f -4 -3 -2 
f -4 -2 -3 
f -2 -3 -1 
f -2 -1 -3 

g tomato_FruitR
s off

usemtl tomato_FruitR

# 6 vertices
v 322.3761 81.3234 9.3725
v 323.2593 84.6045 8.6914
v 325.3347 83.0243 9.1706
v 324.6684 86.855 10.03708
v 326.9797 84.9851 10.7344
v 325.8539 87.1366 13.06319

# 8 faces
f -6 -5 -4 
f -6 -4 -5 
f -5 -3 -4 
f -5 -4 -3 
f -4 -3 -2 
f -4 -2 -3 
f -2 -3 -1 
f -2 -1 -3 

g tomato_FruitR
s off

usemtl tomato_FruitR

# 6 vertices
v 322.3761 81.3234 9.3725
v 321.3896 84.3284 10.7891
v 323.1256 84.6101 8.8038
v 322.6312 86.6391 12.1961
v 324.7318 86.8484 9.9896
v 325.6942 87.1413 13.2002

# 8 faces
f -6 -5 -4 
f -6 -4 -5 
f -5 -3 -4 
f -5 -4 -3 
f -4 -3 -2 
f -4 -2 -3 
f -2 -3 -1 
f -2 -1 -3 

g tomato_FruitR
s off

usemtl tomato_FruitR

# 6 vertices
v 322.3761 81.3234 9.3725
v 322.4105 82.4619 12.6455
v 321.4242 84.2189 10.9208
v 323.6143 84.6861 14.2154
v 322.6208 86.6873 12.1338
v 325.7383 87.00881 13.3576

# 8 faces
f -6 -5 -4 
f -6 -4 -5 
f -5 -3 -4 
f -5 -4 -3 
f -4 -3 -2 
f -4 -2 -3 
f -2 -3 -1 
f -2 -1 -3 

g tomato_FruitR
s off

usemtl tomato_FruitR

# 6 vertices
v 322.3761 81.3234 9.3725
v 324.9599 81.5728 11.6686
v 322.6122 82.3545 12.6234
v 326.3109 83.6812 13.278
v 323.5914 84.6839 14.2394
v 325.929 86.9208 13.3165

# 8 faces
f -6 -5 -4 
f -6 -4 -5 
f -5 -3 -4 
f -5 -4 -3 
f -4 -3 -2 
f -4 -2 -3 
f -2 -3 -1 
f -2 -1 -3 

g tomato_Intrnd
s off

usemtl tomato_Intrnd

# 18 vertices
v 344.5616 89.2443 -2.1009
v 344.8279 88.9324 -3.6382
v 345.104 87.8107 -2.5278
v 340.4396 87.8108 -2.524
v 340.7058 87.4989 -4.06132
v 340.9819 86.3772 -2.9509
v 340.4396 87.8108 -2.524
v 340.7058 87.4989 -4.06132
v 340.9819 86.3772 -2.9509
v 336.2987 86.7613 -2.5545
v 336.4037 86.4009 -4.1006
v 336.6798 85.2793 -2.9902
v 336.2987 86.7613 -2.5545
v 336.4037 86.4009 -4.1006
v 336.6798 85.2793 -2.9902
v 332.0973 86.07035 -2.2077
v 332.0374 85.6754 -3.7478
v 332.3135 84.5537 -2.6374

# 18 faces
f -18 -15 -17 
f -17 -15 -14 
f -17 -14 -16 
f -16 -14 -13 
f -16 -13 -18 
f -18 -13 -15 
f -12 -9 -11 
f -11 -9 -8 
f -11 -8 -10 
f -10 -8 -7 
f -10 -7 -12 
f -12 -7 -9 
f -6 -3 -5 
f -5 -3 -2 
f -5 -2 -4 
f -4 -2 -1 
f -4 -1 -6 
f -6 -1 -3 

g tomato_Petiole
s off

usemtl tomato_Petiole

# 18 vertices
v 332.261 85.6919 -2.6307
v 332.0392 85.5265 -3.2073
v 332.1502 85.07566 -2.7609
v 327.4667 86.1942 -0.9311
v 327.2449 86.02884 -1.5078
v 327.3559 85.5779 -1.06146
v 327.4667 86.1942 -0.9311
v 327.2449 86.02884 -1.5078
v 327.3559 85.5779 -1.06146
v 323.6646 87.9334 1.771
v 323.2674 87.8137 1.2841
v 323.3784 87.3628 1.7305
v 323.6646 87.9334 1.771
v 323.2674 87.8137 1.2841
v 323.3784 87.3628 1.7305
v 321.2318 90.6719 5.1421
v 320.705 90.6442 4.7804
v 320.816 90.1933 5.2268

# 18 faces
f -18 -15 -17 
f -17 -15 -14 
f -17 -14 -16 
f -16 -14 -13 
f -16 -13 -18 
f -18 -13 -15 
f -12 -9 -11 
f -11 -9 -8 
f -11 -8 -10 
f -10 -8 -7 
f -10 -7 -12 
f -12 -7 -9 
f -6 -3 -5 
f -5 -3 -2 
f -5 -2 -4 
f -4 -2 -1 
f -4 -1 -6 
f -6 -1 -3 

g tomato_Petiole
s off

usemtl tomato_Petiole

# 18 vertices
v 321.2361 90.6668 5.136
v 320.7029 90.6466 4.7835
v 320.8138 90.1958 5.2298
v 320.995 90.9525 5.4845
v 320.4617 90.9323 5.132
v 320.5727 90.4814 5.5784
v 320.995 90.9525 5.4845
v 320.4617 90.9323 5.132
v 320.5727 90.4814 5.5784
v 320.7689 91.2385 5.8297
v 320.2294 91.226 5.4864
v 320.3404 90.7751 5.9328
v 320.7689 91.2385 5.8297
v 320.2294 91.226 5.4864
v 320.3404 90.7751 5.9328
v 320.5537 91.5298 6.1774
v 320.0082 91.5251 5.8435
v 320.1192 91.07422 6.2899

# 18 faces
f -18 -15 -17 
f -17 -15 -14 
f -17 -14 -16 
f -16 -14 -13 
f -16 -13 -18 
f -18 -13 -15 
f -12 -9 -11 
f -11 -9 -8 
f -11 -8 -10 
f -10 -8 -7 
f -10 -7 -12 
f -12 -7 -9 
f -6 -3 -5 
f -5 -3 -2 
f -5 -2 -4 
f -4 -2 -1 
f -4 -1 -6 
f -6 -1 -3 

g tomato_Petiole
s off

usemtl tomato_Petiole

# 18 vertices
v 320.2602 91.3919 6.1111
v 320.2066 91.3853 6.07039
v 320.2101 91.3499 6.1284
v 320.0119 91.795 6.372
v 319.9583 91.7884 6.3312
v 319.9619 91.753 6.3893
v 320.0119 91.795 6.372
v 319.9583 91.7884 6.3312
v 319.9619 91.753 6.3893
v 319.7652 92.2585 6.5005
v 319.7158 92.2444 6.4564
v 319.7109 92.2238 6.5211
v 319.7652 92.2585 6.5005
v 319.7158 92.2444 6.4564
v 319.7109 92.2238 6.5211
v 319.5378 92.7487 6.4873
v 319.4926 92.7265 6.4422
v 319.4795 92.7222 6.509

# 18 faces
f -18 -15 -17 
f -17 -15 -14 
f -17 -14 -16 
f -16 -14 -13 
f -16 -13 -18 
f -18 -13 -15 
f -12 -9 -11 
f -11 -9 -8 
f -11 -8 -10 
f -10 -8 -7 
f -10 -7 -12 
f -12 -7 -9 
f -6 -3 -5 
f -5 -3 -2 
f -5 -2 -4 
f -4 -2 -1 
f -4 -1 -6 
f -6 -1 -3 

g tomato_Leaf
s off

usemtl tomato_Leaf

# 12 vertices
v 319.5031 92.7324 6.4795
v 312.3629 101.4538 1.4766
v 312.9769 102.206 5.7497
v 310.2627 105.7871 1.3428
v 310.3425 106.0302 5.4551
v 310.2028 105.6584 3.5489
v 311.3725 111.1724 2.863
v 312.7142 101.8346 3.2775
v 311.9275 107.228 6.8302
v 313.2175 108.2801 7.2815
v 314.6941 103.6868 7.9459
v 316.1729 104.7615 8.6722

# 16 faces
f -10 -11 -12 
f -10 -12 -11 
f -8 -9 -10 
f -8 -10 -9 
f -8 -6 -7 
f -8 -7 -6 
f -10 -9 -5 
f -10 -5 -9 
f -8 -4 -6 
f -8 -6 -4 
f -10 -3 -8 
f -10 -8 -3 
f -2 -3 -10 
f -2 -10 -3 
f -12 -1 -10 
f -12 -10 -1 

g tomato_Petiole
s off

usemtl tomato_Petiole

# 18 vertices
v 320.5612 91.5188 6.165
v 320.0079 91.5258 5.8442
v 320.1121 91.0843 6.3014
v 320.3624 91.834 6.5148
v 319.8091 91.8411 6.194
v 319.9133 91.3995 6.6512
v 320.3624 91.834 6.5148
v 319.8091 91.8411 6.194
v 319.9133 91.3995 6.6512
v 320.1913 92.1554 6.8472
v 319.6311 92.175 6.5392
v 319.7291 91.7433 7.007142
v 320.1913 92.1554 6.8472
v 319.6311 92.175 6.5392
v 319.7291 91.7433 7.007142
v 320.0411 92.493 7.1735
v 319.4747 92.5257 6.8782
v 319.5672 92.1044 7.3566

# 18 faces
f -18 -15 -17 
f -17 -15 -14 
f -17 -14 -16 
f -16 -14 -13 
f -16 -13 -18 
f -18 -13 -15 
f -12 -9 -11 
f -11 -9 -8 
f -11 -8 -10 
f -10 -8 -7 
f -10 -7 -12 
f -12 -7 -9 
f -6 -3 -5 
f -5 -3 -2 
f -5 -2 -4 
f -4 -2 -1 
f -4 -1 -6 
f -6 -1 -3 

g tomato_Petiole
s off

usemtl tomato_Petiole

# 18 vertices
v 319.7295 92.3864 7.1399
v 319.6675 92.3944 7.1142
v 319.6816 92.3407 7.1537
v 319.5853 92.6699 7.5769
v 319.5233 92.678 7.5512
v 319.5374 92.6243 7.5907
v 319.5853 92.6699 7.5769
v 319.5233 92.678 7.5512
v 319.5374 92.6243 7.5907
v 319.4692 92.8532 8.07202
v 319.4053 92.8645 8.05285
v 319.4231 92.8043 8.07931
v 319.4692 92.8532 8.07202
v 319.4053 92.8645 8.05285
v 319.4231 92.8043 8.07931
v 319.3867 92.9274 8.601
v 319.3214 92.9405 8.589
v 319.3419 92.8767 8.6011

# 18 faces
f -18 -15 -17 
f -17 -15 -14 
f -17 -14 -16 
f -16 -14 -13 
f -16 -13 -18 
f -18 -13 -15 
f -12 -9 -11 
f -11 -9 -8 
f -11 -8 -10 
f -10 -8 -7 
f -10 -7 -12 
f -12 -7 -9 
f -6 -3 -5 
f -5 -3 -2 
f -5 -2 -4 
f -4 -2 -1 
f -4 -1 -6 
f -6 -1 -3 

g tomato_Leaf
s off

usemtl tomato_Leaf

# 12 vertices
v 319.3499 92.9148 8.597
v 312.9546 97.05618 18.2936
v 315.7296 93.8858 19.4976
v 312.1404 97.6896 22.9991
v 314.2683 94.2777 23.8979
v 313.1347 95.7351 23.2798
v 315.0792 98.5484 27.8127
v 314.2169 95.7779 18.8267
v 316.5527 94.126 24.6701
v 318.1047 94.599 25.2552
v 318.5917 93.1746 20.6233
v 320.4419 93.4961 21.2092

# 16 faces
f -10 -11 -12 
f -10 -12 -11 
f -8 -9 -10 
f -8 -10 -9 
f -8 -6 -7 
f -8 -7 -6 
f -10 -9 -5 
f -10 -5 -9 
f -8 -4 -6 
f -8 -6 -4 
f -10 -3 -8 
f -10 -8 -3 
f -2 -3 -10 
f -2 -10 -3 
f -12 -1 -10 
f -12 -10 -1 

g tomato_Petiole
s off

usemtl tomato_Petiole

# 18 vertices
v 320.0438 92.4867 7.1675
v 319.4734 92.5288 6.8812
v 319.5659 92.1075 7.3595
v 319.8994 92.8405 7.507
v 319.3291 92.8826 7.2206
v 319.4215 92.4613 7.699
v 319.8994 92.8405 7.507
v 319.3291 92.8826 7.2206
v 319.4215 92.4613 7.699
v 319.7694 93.1917 7.8414
v 319.1954 93.2432 7.564
v 319.2879 92.8219 8.04247
v 319.7694 93.1917 7.8414
v 319.1954 93.2432 7.564
v 319.2879 92.8219 8.04247
v 319.6513 93.5464 8.1765
v 319.0739 93.6074 7.9082
v 319.1664 93.1861 8.3866

# 18 faces
f -18 -15 -17 
f -17 -15 -14 
f -17 -14 -16 
f -16 -14 -13 
f -16 -13 -18 
f -18 -13 -15 
f -12 -9 -11 
f -11 -9 -8 
f -11 -8 -10 
f -10 -8 -7 
f -10 -7 -12 
f -12 -7 -9 
f -6 -3 -5 
f -5 -3 -2 
f -5 -2 -4 
f -4 -2 -1 
f -4 -1 -6 
f -6 -1 -3 

g tomato_Petiole
s off

usemtl tomato_Petiole

# 18 vertices
v 319.3332 93.4567 8.1591
v 319.2744 93.456 8.1256
v 319.2796 93.4259 8.1865
v 319.1898 93.919 8.3998
v 319.131 93.9182 8.3663
v 319.1362 93.8881 8.4271
v 319.1898 93.919 8.3998
v 319.131 93.9182 8.3663
v 319.1362 93.8881 8.4271
v 319.0406 94.4282 8.5029
v 318.9844 94.4192 8.4664
v 318.9846 94.4057 8.5332
v 319.0406 94.4282 8.5029
v 318.9844 94.4192 8.4664
v 318.9846 94.4057 8.5332
v 318.8966 94.9475 8.4609
v 318.8429 94.9297 8.424
v 318.838 94.9338 8.4918

# 18 faces
f -18 -15 -17 
f -17 -15 -14 
f -17 -14 -16 
f -16 -14 -13 
f -16 -13 -18 
f -18 -13 -15 
f -12 -9 -11 
f -11 -9 -8 
f -11 -8 -10 
f -10 -8 -7 
f -10 -7 -12 
f -12 -7 -9 
f -6 -3 -5 
f -5 -3 -2 
f -5 -2 -4 
f -4 -2 -1 
f -4 -1 -6 
f -6 -1 -3 

g tomato_Leaf
s off

usemtl tomato_Leaf

# 12 vertices
v 318.859 94.9369 8.4589
v 312.6541 104.2891 3.349
v 313.9281 105.3039 7.4171
v 311.29 108.8937 2.9712
v 311.9377 109.4887 6.9966
v 311.4947 108.977 5.1709
v 313.4507 114.1154 3.7522
v 313.2919 104.763 5.04619
v 313.8607 110.5087 8.04506
v 315.3525 111.3545 8.2301
v 316.1325 106.6522 9.2303
v 317.848 107.5117 9.6635

# 16 faces
f -10 -11 -12 
f -10 -12 -11 
f -8 -9 -10 
f -8 -10 -9 
f -8 -6 -7 
f -8 -7 -6 
f -10 -9 -5 
f -10 -5 -9 
f -8 -4 -6 
f -8 -6 -4 
f -10 -3 -8 
f -10 -8 -3 
f -2 -3 -10 
f -2 -10 -3 
f -12 -1 -10 
f -12 -10 -1 

g tomato_Petiole
s off

usemtl tomato_Petiole

# 18 vertices
v 319.6513 93.5464 8.1765
v 319.0721 93.6129 7.9136
v 319.1682 93.1806 8.3813
v 319.5327 93.8991 8.5269
v 318.9535 93.9656 8.264
v 319.0497 93.5333 8.7317
v 319.5327 93.8991 8.5269
v 318.9535 93.9656 8.264
v 319.0497 93.5333 8.7317
v 319.4161 94.2433 8.8864
v 318.8351 94.3152 8.6289
v 318.9348 93.8721 9.08567
v 319.4161 94.2433 8.8864
v 318.8351 94.3152 8.6289
v 318.9348 93.8721 9.08567
v 319.3014 94.5787 9.2546
v 318.7186 94.6559 9.00281
v 318.822 94.2023 9.4482

# 18 faces
f -18 -15 -17 
f -17 -15 -14 
f -17 -14 -16 
f -16 -14 -13 
f -16 -13 -18 
f -18 -13 -15 
f -12 -9 -11 
f -11 -9 -8 
f -11 -8 -10 
f -10 -8 -7 
f -10 -7 -12 
f -12 -7 -9 
f -6 -3 -5 
f -5 -3 -2 
f -5 -2 -4 
f -4 -2 -1 
f -4 -1 -6 
f -6 -1 -3 

g tomato_Petiole
s off

usemtl tomato_Petiole

# 18 vertices
v 318.9832 94.4891 9.2372
v 318.9198 94.5024 9.2179
v 318.9344 94.4442 9.2502
v 318.8895 94.7295 9.7121
v 318.826 94.7427 9.6929
v 318.8406 94.6846 9.7252
v 318.8895 94.7295 9.7121
v 318.826 94.7427 9.6929
v 318.8406 94.6846 9.7252
v 318.8301 94.8381 10.2383
v 318.7653 94.8543 10.2277
v 318.7825 94.7902 10.2428
v 318.8301 94.8381 10.2383
v 318.7653 94.8543 10.2277
v 318.7825 94.7902 10.2428
v 318.8093 94.807 10.7776
v 318.7438 94.8239 10.776
v 318.7624 94.7584 10.773

# 18 faces
f -18 -15 -17 
f -17 -15 -14 
f -17 -14 -16 
f -16 -14 -13 
f -16 -13 -18 
f -18 -13 -15 
f -12 -9 -11 
f -11 -9 -8 
f -11 -8 -10 
f -10 -8 -7 
f -10 -7 -12 
f -12 -7 -9 
f -6 -3 -5 
f -5 -3 -2 
f -5 -2 -4 
f -4 -2 -1 
f -4 -1 -6 
f -6 -1 -3 

g tomato_Leaf
s off

usemtl tomato_Leaf

# 12 vertices
v 318.7717 94.7964 10.7755
v 313.6766 97.07725 21.7715
v 316.4096 93.6595 22.00052
v 313.4106 96.777 26.572
v 315.4561 93.2006 26.5317
v 314.3339 94.781 26.347
v 316.8935 96.5792 31.08588
v 314.9261 95.686 21.8936
v 317.8009 92.8386 26.9884
v 319.4284 93.1448 27.4705
v 319.3394 92.6639 22.6248
v 321.2556 92.814 23.04323

# 16 faces
f -10 -11 -12 
f -10 -12 -11 
f -8 -9 -10 
f -8 -10 -9 
f -8 -6 -7 
f -8 -7 -6 
f -10 -9 -5 
f -10 -5 -9 
f -8 -4 -6 
f -8 -6 -4 
f -10 -3 -8 
f -10 -8 -3 
f -2 -3 -10 
f -2 -10 -3 
f -12 -1 -10 
f -12 -10 -1 

g tomato_Petiole
s off

usemtl tomato_Petiole

# 18 vertices
v 318.9832 94.4891 9.2372
v 318.9214 94.4978 9.2111
v 318.9327 94.4488 9.257
v 318.8641 94.8344 9.6356
v 318.8023 94.8431 9.6096
v 318.8136 94.7941 9.6555
v 318.8641 94.8344 9.6356
v 318.8023 94.8431 9.6096
v 318.8136 94.7941 9.6555
v 318.7473 95.1701 10.04291
v 318.6852 95.1793 10.01751
v 318.6969 95.1292 10.06215
v 318.7473 95.1701 10.04291
v 318.6852 95.1793 10.01751
v 318.6969 95.1292 10.06215
v 318.6327 95.4959 10.4587
v 318.5705 95.5056 10.4339
v 318.5825 95.4545 10.4773

# 18 faces
f -18 -15 -17 
f -17 -15 -14 
f -17 -14 -16 
f -16 -14 -13 
f -16 -13 -18 
f -18 -13 -15 
f -12 -9 -11 
f -11 -9 -8 
f -11 -8 -10 
f -10 -8 -7 
f -10 -7 -12 
f -12 -7 -9 
f -6 -3 -5 
f -5 -3 -2 
f -5 -2 -4 
f -4 -2 -1 
f -4 -1 -6 
f -6 -1 -3 

g tomato_Leaf
s off

usemtl tomato_Leaf

# 12 vertices
v 318.5951 95.4853 10.4566
v 311.9794 104.1938 16.1549
v 314.2686 101.8328 19.05104
v 310.8778 107.0736 19.856
v 312.5222 104.3951 22.5203
v 311.6157 105.4402 21.1502
v 313.51 109.9653 24.00982
v 313.0407 103.2558 17.3819
v 314.7065 104.4917 23.5485
v 316.252 105.0896 24.02687
v 316.933 101.5754 20.7242
v 318.7563 102.0225 21.3118

# 16 faces
f -10 -11 -12 
f -10 -12 -11 
f -8 -9 -10 
f -8 -10 -9 
f -8 -6 -7 
f -8 -7 -6 
f -10 -9 -5 
f -10 -5 -9 
f -8 -4 -6 
f -8 -6 -4 
f -10 -3 -8 
f -10 -8 -3 
f -2 -3 -10 
f -2 -10 -3 
f -12 -1 -10 
f -12 -10 -1 

g tomato_Intrnd
s off

usemtl tomato_Intrnd

# 18 vertices
v 332.2446 85.7568 -2.5611
v 332.0342 85.5479 -3.2945
v 332.1714 84.9903 -2.7424
v 330.1454 85.8188 -1.9764
v 329.935 85.61 -2.7098
v 330.0723 85.05237 -2.1577
v 330.1454 85.8188 -1.9764
v 329.935 85.61 -2.7098
v 330.0723 85.05237 -2.1577
v 328.3571 86.2782 -1.06777
v 327.9763 86.09225 -1.7356
v 328.1136 85.5345 -1.1836
v 328.3571 86.2782 -1.06777
v 327.9763 86.09225 -1.7356
v 328.1136 85.5345 -1.1836
v 326.8882 87.09326 0.1207
v 326.3596 86.9638 -0.4532
v 326.4968 86.4061 0.09879

# 18 faces
f -18 -15 -17 
f -17 -15 -14 
f -17 -14 -16 
f -16 -14 -13 
f -16 -13 -18 
f -18 -13 -15 
f -12 -9 -11 
f -11 -9 -8 
f -11 -8 -10 
f -10 -8 -7 
f -10 -7 -12 
f -12 -7 -9 
f -6 -3 -5 
f -5 -3 -2 
f -5 -2 -4 
f -4 -2 -1 
f -4 -1 -6 
f -6 -1 -3 

g tomato_Petiole
s off

usemtl tomato_Petiole

# 18 vertices
v 326.7598 86.9163 -0.026
v 326.4598 86.9005 -0.2319
v 326.523 86.6438 0.0222
v 325.325 88.5108 1.9413
v 325.0251 88.495 1.7354
v 325.0883 88.2382 1.9895
v 325.325 88.5108 1.9413
v 325.0251 88.495 1.7354
v 325.0883 88.2382 1.9895
v 324.6951 90.3859 3.9921
v 324.3616 90.4264 3.8513
v 324.4248 90.1697 4.1055
v 324.6951 90.3859 3.9921
v 324.3616 90.4264 3.8513
v 324.4248 90.1697 4.1055
v 324.8862 92.4097 5.9889
v 324.5453 92.514 5.9144
v 324.6085 92.2572 6.1685

# 18 faces
f -18 -15 -17 
f -17 -15 -14 
f -17 -14 -16 
f -16 -14 -13 
f -16 -13 -18 
f -18 -13 -15 
f -12 -9 -11 
f -11 -9 -8 
f -11 -8 -10 
f -10 -8 -7 
f -10 -7 -12 
f -12 -7 -9 
f -6 -3 -5 
f -5 -3 -2 
f -5 -2 -4 
f -4 -2 -1 
f -4 -1 -6 
f -6 -1 -3 

g tomato_Petiole
s off

usemtl tomato_Petiole

# 18 vertices
v 324.8858 92.406 5.9853
v 324.5455 92.5158 5.9161
v 324.6087 92.259 6.1703
v 324.9114 92.6132 6.1881
v 324.5711 92.7229 6.119
v 324.6343 92.4662 6.3732
v 324.9114 92.6132 6.1881
v 324.5711 92.7229 6.119
v 324.6343 92.4662 6.3732
v 324.9435 92.817 6.386
v 324.604 92.9323 6.3223
v 324.6672 92.6755 6.5764
v 324.9435 92.817 6.386
v 324.604 92.9323 6.3223
v 324.6672 92.6755 6.5764
v 324.9825 93.02105 6.5824
v 324.6439 93.1418 6.524
v 324.7071 92.885 6.7782

# 18 faces
f -18 -15 -17 
f -17 -15 -14 
f -17 -14 -16 
f -16 -14 -13 
f -16 -13 -18 
f -18 -13 -15 
f -12 -9 -11 
f -11 -9 -8 
f -11 -8 -10 
f -10 -8 -7 
f -10 -7 -12 
f -12 -7 -9 
f -6 -3 -5 
f -5 -3 -2 
f -5 -2 -4 
f -4 -2 -1 
f -4 -1 -6 
f -6 -1 -3 

g tomato_Petiole
s off

usemtl tomato_Petiole

# 18 vertices
v 324.7892 93.01627 6.6257
v 324.7685 93.02116 6.6204
v 324.773 93.01047 6.6392
v 324.8042 93.1695 6.7093
v 324.7834 93.1744 6.7041
v 324.7879 93.1637 6.7229
v 324.8042 93.1695 6.7093
v 324.7834 93.1744 6.7041
v 324.7879 93.1637 6.7229
v 324.8091 93.3399 6.7502
v 324.7882 93.342 6.7438
v 324.793 93.3368 6.7648
v 324.8091 93.3399 6.7502
v 324.7882 93.342 6.7438
v 324.793 93.3368 6.7648
v 324.8037 93.515 6.7452
v 324.7828 93.5142 6.7386
v 324.7876 93.5149 6.7601

# 18 faces
f -18 -15 -17 
f -17 -15 -14 
f -17 -14 -16 
f -16 -14 -13 
f -16 -13 -18 
f -18 -13 -15 
f -12 -9 -11 
f -11 -9 -8 
f -11 -8 -10 
f -10 -8 -7 
f -10 -7 -12 
f -12 -7 -9 
f -6 -3 -5 
f -5 -3 -2 
f -5 -2 -4 
f -4 -2 -1 
f -4 -1 -6 
f -6 -1 -3 

g tomato_Leaf
s off

usemtl tomato_Leaf

# 12 vertices
v 324.7913 93.5147 6.748
v 324.2189 100.0726 4.3031
v 325.2707 100.0585 6.5658
v 324.8415 102.7431 4.2307
v 325.4642 102.7 6.4923
v 325.0396 102.6422 5.4697
v 327.414 104.6806 4.6559
v 324.7244 100.0617 5.2428
v 326.736 102.6213 7.0113
v 327.7169 102.6111 7.05848
v 326.7998 100.0332 7.5104
v 327.9032 99.9572 7.6878

# 16 faces
f -10 -11 -12 
f -10 -12 -11 
f -8 -9 -10 
f -8 -10 -9 
f -8 -6 -7 
f -8 -7 -6 
f -10 -9 -5 
f -10 -5 -9 
f -8 -4 -6 
f -8 -6 -4 
f -10 -3 -8 
f -10 -8 -3 
f -2 -3 -10 
f -2 -10 -3 
f -12 -1 -10 
f -12 -10 -1 

g tomato_Petiole
s off

usemtl tomato_Petiole

# 18 vertices
v 324.9817 93.01727 6.579
v 324.6437 93.1404 6.5227
v 324.7081 92.8902 6.7829
v 325.027 93.23 6.7723
v 324.689 93.3532 6.716
v 324.7534 93.1029 6.9763
v 325.027 93.23 6.7723
v 324.689 93.3532 6.716
v 324.7534 93.1029 6.9763
v 325.0772 93.4437 6.9555
v 324.7397 93.5693 6.9012
v 324.8055 93.3257 7.1674
v 325.0772 93.4437 6.9555
v 324.7397 93.5693 6.9012
v 324.8055 93.3257 7.1674
v 325.1328 93.6618 7.1317
v 324.796 93.7899 7.07939
v 324.8633 93.5532 7.3512

# 18 faces
f -18 -15 -17 
f -17 -15 -14 
f -17 -14 -16 
f -16 -14 -13 
f -16 -13 -18 
f -18 -13 -15 
f -12 -9 -11 
f -11 -9 -8 
f -11 -8 -10 
f -10 -8 -7 
f -10 -7 -12 
f -12 -7 -9 
f -6 -3 -5 
f -5 -3 -2 
f -5 -2 -4 
f -4 -2 -1 
f -4 -1 -6 
f -6 -1 -3 

g tomato_Petiole
s off

usemtl tomato_Petiole

# 18 vertices
v 324.942 93.668 7.1843
v 324.9223 93.6775 7.1831
v 324.9252 93.6596 7.1956
v 324.9828 93.7702 7.3207
v 324.9631 93.7797 7.3194
v 324.966 93.7618 7.332
v 324.9828 93.7702 7.3207
v 324.9631 93.7797 7.3194
v 324.966 93.7618 7.332
v 325.0281 93.8348 7.4772
v 325.009 93.8456 7.4782
v 325.0106 93.8251 7.4863
v 325.0281 93.8348 7.4772
v 325.009 93.8456 7.4782
v 325.0106 93.8251 7.4863
v 325.075 93.8579 7.6445
v 325.0566 93.8694 7.6481
v 325.0567 93.8475 7.651

# 18 faces
f -18 -15 -17 
f -17 -15 -14 
f -17 -14 -16 
f -16 -14 -13 
f -16 -13 -18 
f -18 -13 -15 
f -12 -9 -11 
f -11 -9 -8 
f -11 -8 -10 
f -10 -8 -7 
f -10 -7 -12 
f -12 -7 -9 
f -6 -3 -5 
f -5 -3 -2 
f -5 -2 -4 
f -4 -2 -1 
f -4 -1 -6 
f -6 -1 -3 

g tomato_Leaf
s off

usemtl tomato_Leaf

# 12 vertices
v 325.0627 93.8583 7.6479
v 326.9534 96.9932 13.6402
v 327.4499 94.5493 13.723
v 328.3256 97.1668 16.00909
v 328.4136 94.8282 16.1754
v 328.2179 95.9138 16.0638
v 331.1982 96.303 17.2557
v 327.2223 95.9606 13.652
v 329.467 94.00314 15.8553
v 330.3692 93.7118 15.599
v 328.6685 93.2551 13.4565
v 329.6382 92.8014 13.127

# 16 faces
f -10 -11 -12 
f -10 -12 -11 
f -8 -9 -10 
f -8 -10 -9 
f -8 -6 -7 
f -8 -7 -6 
f -10 -9 -5 
f -10 -5 -9 
f -8 -4 -6 
f -8 -6 -4 
f -10 -3 -8 
f -10 -8 -3 
f -2 -3 -10 
f -2 -10 -3 
f -12 -1 -10 
f -12 -10 -1 

g tomato_Petiole
s off

usemtl tomato_Petiole

# 18 vertices
v 325.1338 93.6656 7.1351
v 324.7973 93.7948 7.08343
v 324.8611 93.5446 7.3438
v 325.1861 93.8784 7.3267
v 324.8495 94.00761 7.275
v 324.9133 93.7573 7.5355
v 325.1861 93.8784 7.3267
v 324.8495 94.00761 7.275
v 324.9133 93.7573 7.5355
v 325.2347 94.0848 7.5336
v 324.8985 94.215 7.4826
v 324.9589 93.9519 7.7309
v 325.2347 94.0848 7.5336
v 324.8985 94.215 7.4826
v 324.9589 93.9519 7.7309
v 325.2786 94.2804 7.7516
v 324.9426 94.4116 7.7014
v 325.0001 94.1363 7.9368

# 18 faces
f -18 -15 -17 
f -17 -15 -14 
f -17 -14 -16 
f -16 -14 -13 
f -16 -13 -18 
f -18 -13 -15 
f -12 -9 -11 
f -11 -9 -8 
f -11 -8 -10 
f -10 -8 -7 
f -10 -7 -12 
f -12 -7 -9 
f -6 -3 -5 
f -5 -3 -2 
f -5 -2 -4 
f -4 -2 -1 
f -4 -1 -6 
f -6 -1 -3 

g tomato_Petiole
s off

usemtl tomato_Petiole

# 18 vertices
v 325.0852 94.2764 7.7941
v 325.0646 94.2825 7.7895
v 325.0687 94.2695 7.8069
v 325.1045 94.4181 7.8954
v 325.0839 94.4242 7.8907
v 325.088 94.4112 7.9081
v 325.1045 94.4181 7.8954
v 325.0839 94.4242 7.8907
v 325.088 94.4112 7.9081
v 325.1162 94.579 7.9639
v 325.0954 94.583 7.9581
v 325.0999 94.5743 7.9779
v 325.1162 94.579 7.9639
v 325.0954 94.583 7.9581
v 325.0999 94.5743 7.9779
v 325.1198 94.7512 7.9964
v 325.0989 94.7529 7.9899
v 325.1036 94.7488 8.01112

# 18 faces
f -18 -15 -17 
f -17 -15 -14 
f -17 -14 -16 
f -16 -14 -13 
f -16 -13 -18 
f -18 -13 -15 
f -12 -9 -11 
f -11 -9 -8 
f -11 -8 -10 
f -10 -8 -7 
f -10 -7 -12 
f -12 -7 -9 
f -6 -3 -5 
f -5 -3 -2 
f -5 -2 -4 
f -4 -2 -1 
f -4 -1 -6 
f -6 -1 -3 

g tomato_Leaf
s off

usemtl tomato_Leaf

# 12 vertices
v 325.1074 94.7509 7.9991
v 324.882 101.6995 7.01063
v 325.9216 101.1503 9.2115
v 325.6407 104.2889 7.5044
v 326.2503 103.7335 9.7009
v 325.8279 103.9166 8.6922
v 328.3069 105.9578 8.3157
v 325.3821 101.463 7.9231
v 327.514 103.4814 10.1828
v 328.493 103.4115 10.2204
v 327.4432 100.8465 10.119
v 328.5404 100.6785 10.2689

# 16 faces
f -10 -11 -12 
f -10 -12 -11 
f -8 -9 -10 
f -8 -10 -9 
f -8 -6 -7 
f -8 -7 -6 
f -10 -9 -5 
f -10 -5 -9 
f -8 -4 -6 
f -8 -6 -4 
f -10 -3 -8 
f -10 -8 -3 
f -2 -3 -10 
f -2 -10 -3 
f -12 -1 -10 
f -12 -10 -1 

g tomato_Petiole
s off

usemtl tomato_Petiole

# 18 vertices
v 325.2769 94.2734 7.7442
v 324.9428 94.4121 7.7018
v 325.0016 94.1428 7.9438
v 325.3327 94.4709 7.9506
v 324.9986 94.6097 7.9081
v 325.0574 94.3404 8.1501
v 325.3327 94.4709 7.9506
v 324.9986 94.6097 7.9081
v 325.0574 94.3404 8.1501
v 325.3989 94.6661 8.1412
v 325.0673 94.8124 8.1062
v 325.1277 94.5493 8.3544
v 325.3989 94.6661 8.1412
v 325.0673 94.8124 8.1062
v 325.1277 94.5493 8.3544
v 325.4771 94.8652 8.323
v 325.1484 95.0194 8.295
v 325.2109 94.7626 8.5494

# 18 faces
f -18 -15 -17 
f -17 -15 -14 
f -17 -14 -16 
f -16 -14 -13 
f -16 -13 -18 
f -18 -13 -15 
f -12 -9 -11 
f -11 -9 -8 
f -11 -8 -10 
f -10 -8 -7 
f -10 -7 -12 
f -12 -7 -9 
f -6 -3 -5 
f -5 -3 -2 
f -5 -2 -4 
f -4 -2 -1 
f -4 -1 -6 
f -6 -1 -3 

g tomato_Petiole
s off

usemtl tomato_Petiole

# 18 vertices
v 325.2899 94.8814 8.3854
v 325.2708 94.8922 8.3855
v 325.2731 94.8737 8.3973
v 325.3439 94.9758 8.5229
v 325.3248 94.9866 8.5229
v 325.3271 94.9681 8.5347
v 325.3439 94.9758 8.5229
v 325.3248 94.9866 8.5229
v 325.3271 94.9681 8.5347
v 325.4007 95.0358 8.6775
v 325.3824 95.0477 8.6796
v 325.3832 95.02702 8.6873
v 325.4007 95.0358 8.6775
v 325.3824 95.0477 8.6796
v 325.3832 95.02702 8.6873
v 325.4575 95.05833 8.8417
v 325.4399 95.07081 8.8461
v 325.4391 95.04898 8.8494

# 18 faces
f -18 -15 -17 
f -17 -15 -14 
f -17 -14 -16 
f -16 -14 -13 
f -16 -13 -18 
f -18 -13 -15 
f -12 -9 -11 
f -11 -9 -8 
f -11 -8 -10 
f -10 -8 -7 
f -10 -7 -12 
f -12 -7 -9 
f -6 -3 -5 
f -5 -3 -2 
f -5 -2 -4 
f -4 -2 -1 
f -4 -1 -6 
f -6 -1 -3 

g tomato_Leaf
s off

usemtl tomato_Leaf

# 12 vertices
v 325.4455 95.05938 8.8458
v 327.8045 98.16 14.6879
v 328.1831 95.6952 14.7774
v 329.3074 98.2901 16.979
v 329.2882 95.9519 17.1718
v 329.1409 97.04475 17.05611
v 332.1959 97.2968 18.08463
v 328.0222 97.1154 14.6995
v 330.281 95.07166 16.808
v 331.1528 94.7327 16.5086
v 329.3203 94.3387 14.4646
v 330.2475 93.8335 14.09091

# 16 faces
f -10 -11 -12 
f -10 -12 -11 
f -8 -9 -10 
f -8 -10 -9 
f -8 -6 -7 
f -8 -7 -6 
f -10 -9 -5 
f -10 -5 -9 
f -8 -4 -6 
f -8 -6 -4 
f -10 -3 -8 
f -10 -8 -3 
f -2 -3 -10 
f -2 -10 -3 
f -12 -1 -10 
f -12 -10 -1 

g tomato_Petiole
s off

usemtl tomato_Petiole

# 18 vertices
v 325.2899 94.8814 8.3854
v 325.2701 94.8907 8.3838
v 325.2738 94.8752 8.3991
v 325.3385 95.00578 8.499
v 325.3187 95.01508 8.4973
v 325.3225 94.9996 8.5126
v 325.3385 95.00578 8.499
v 325.3187 95.01508 8.4973
v 325.3225 94.9996 8.5126
v 325.3872 95.1301 8.6125
v 325.3674 95.1394 8.6108
v 325.3712 95.1239 8.6262
v 325.3872 95.1301 8.6125
v 325.3674 95.1394 8.6108
v 325.3712 95.1239 8.6262
v 325.4359 95.2544 8.7261
v 325.4161 95.2637 8.7244
v 325.4199 95.2482 8.7397

# 18 faces
f -18 -15 -17 
f -17 -15 -14 
f -17 -14 -16 
f -16 -14 -13 
f -16 -13 -18 
f -18 -13 -15 
f -12 -9 -11 
f -11 -9 -8 
f -11 -8 -10 
f -10 -8 -7 
f -10 -7 -12 
f -12 -7 -9 
f -6 -3 -5 
f -5 -3 -2 
f -5 -2 -4 
f -4 -2 -1 
f -4 -1 -6 
f -6 -1 -3 

g tomato_Leaf
s off

usemtl tomato_Leaf

# 12 vertices
v 325.4239 95.2554 8.7301
v 327.0036 101.5534 11.4043
v 327.8913 99.7265 12.8538
v 328.4164 103.2682 13.01299
v 328.8873 101.5314 14.5184
v 328.5148 102.3003 13.8118
v 331.4351 103.6459 14.152
v 327.436 100.7738 11.9908
v 330.0477 100.7989 14.6183
v 330.975 100.5103 14.4722
v 329.2924 98.6735 13.253
v 330.3098 98.2197 13.1363

# 16 faces
f -10 -11 -12 
f -10 -12 -11 
f -8 -9 -10 
f -8 -10 -9 
f -8 -6 -7 
f -8 -7 -6 
f -10 -9 -5 
f -10 -5 -9 
f -8 -4 -6 
f -8 -6 -4 
f -10 -3 -8 
f -10 -8 -3 
f -2 -3 -10 
f -2 -10 -3 
f -12 -1 -10 
f -12 -10 -1 

g tomato_Intrnd
s off

usemtl tomato_Intrnd

# 18 vertices
v 326.7874 86.9464 -0.002506
v 326.4396 86.9125 -0.27
v 326.516 86.6022 0.0371
v 326.1151 87.5681 0.7926
v 325.7673 87.5342 0.5251
v 325.8437 87.2239 0.8322
v 326.1151 87.5681 0.7926
v 325.7673 87.5342 0.5251
v 325.8437 87.2239 0.8322
v 325.7014 88.2751 1.6097
v 325.315 88.2885 1.3995
v 325.3914 87.9782 1.7067
v 325.7014 88.2751 1.6097
v 325.315 88.2885 1.3995
v 325.3914 87.9782 1.7067
v 325.5304 89.05865 2.4436
v 325.1223 89.1262 2.2936
v 325.1986 88.8159 2.6008

# 18 faces
f -18 -15 -17 
f -17 -15 -14 
f -17 -14 -16 
f -16 -14 -13 
f -16 -13 -18 
f -18 -13 -15 
f -12 -9 -11 
f -11 -9 -8 
f -11 -8 -10 
f -10 -8 -7 
f -10 -7 -12 
f -12 -7 -9 
f -6 -3 -5 
f -5 -3 -2 
f -5 -2 -4 
f -4 -2 -1 
f -4 -1 -6 
f -6 -1 -3 

g tomato_Petiole
s off

usemtl tomato_Petiole

# 18 vertices
v 325.3681 89.0006 2.4253
v 325.2272 89.05334 2.4032
v 325.2536 88.9461 2.5093
v 325.5626 89.8685 3.2537
v 325.4217 89.9212 3.2315
v 325.4481 89.814 3.3376
v 325.5626 89.8685 3.2537
v 325.4217 89.9212 3.2315
v 325.4481 89.814 3.3376
v 326.109 90.6753 3.9329
v 325.9811 90.7575 3.9372
v 326.0075 90.6503 4.04338
v 326.109 90.6753 3.9329
v 325.9811 90.7575 3.9372
v 326.0075 90.6503 4.04338
v 326.9524 91.3594 4.4141
v 326.8492 91.4682 4.4392
v 326.8755 91.361 4.5453

# 18 faces
f -18 -15 -17 
f -17 -15 -14 
f -17 -14 -16 
f -16 -14 -13 
f -16 -13 -18 
f -18 -13 -15 
f -12 -9 -11 
f -11 -9 -8 
f -11 -8 -10 
f -10 -8 -7 
f -10 -7 -12 
f -12 -7 -9 
f -6 -3 -5 
f -5 -3 -2 
f -5 -2 -4 
f -4 -2 -1 
f -4 -1 -6 
f -6 -1 -3 

g tomato_Petiole
s off

usemtl tomato_Petiole

# 18 vertices
v 326.9509 91.3581 4.4133
v 326.8486 91.4677 4.4389
v 326.8776 91.3627 4.5465
v 327.0383 91.4291 4.4589
v 326.9361 91.5387 4.4845
v 326.9651 91.4337 4.5921
v 327.0383 91.4291 4.4589
v 326.9361 91.5387 4.4845
v 326.9651 91.4337 4.5921
v 327.1256 91.4995 4.4999
v 327.0243 91.6099 4.5259
v 327.0561 91.5071 4.6349
v 327.1256 91.4995 4.4999
v 327.0243 91.6099 4.5259
v 327.0561 91.5071 4.6349
v 327.2141 91.5705 4.537
v 327.1138 91.6817 4.5634
v 327.1483 91.5812 4.6736

# 18 faces
f -18 -15 -17 
f -17 -15 -14 
f -17 -14 -16 
f -16 -14 -13 
f -16 -13 -18 
f -18 -13 -15 
f -12 -9 -11 
f -11 -9 -8 
f -11 -8 -10 
f -10 -8 -7 
f -10 -7 -12 
f -12 -7 -9 
f -6 -3 -5 
f -5 -3 -2 
f -5 -2 -4 
f -4 -2 -1 
f -4 -1 -6 
f -6 -1 -3 

g tomato_Petiole
s off

usemtl tomato_Petiole

# 18 vertices
v 327.1599 91.6103 4.5902
v 327.157 91.6127 4.5908
v 327.1586 91.6109 4.5938
v 327.1799 91.6332 4.5935
v 327.177 91.6356 4.594
v 327.1786 91.6338 4.597
v 327.1799 91.6332 4.5935
v 327.177 91.6356 4.594
v 327.1786 91.6338 4.597
v 327.1958 91.6591 4.5903
v 327.1926 91.6611 4.5909
v 327.1948 91.6601 4.5939
v 327.1958 91.6591 4.5903
v 327.1926 91.6611 4.5909
v 327.1948 91.6601 4.5939
v 327.2065 91.6862 4.5809
v 327.203 91.6877 4.5816
v 327.2057 91.6876 4.5844

# 18 faces
f -18 -15 -17 
f -17 -15 -14 
f -17 -14 -16 
f -16 -14 -13 
f -16 -13 -18 
f -18 -13 -15 
f -12 -9 -11 
f -11 -9 -8 
f -11 -8 -10 
f -10 -8 -7 
f -10 -7 -12 
f -12 -7 -9 
f -6 -3 -5 
f -5 -3 -2 
f -5 -2 -4 
f -4 -2 -1 
f -4 -1 -6 
f -6 -1 -3 

g tomato_Leaf
s off

usemtl tomato_Leaf

# 12 vertices
v 327.205 91.6872 4.5823
v 327.4536 94.1867 3.06932
v 328.3007 94.02154 3.6531
v 328.0357 95.05809 2.6066
v 328.743 94.9638 3.278
v 328.3665 95.00503 3.01176
v 329.2357 95.2947 2.01997
v 327.8263 94.1031 3.2988
v 329.2506 94.7016 3.2178
v 329.569 94.5118 3.04229
v 328.9949 93.7377 3.6844
v 329.3717 93.5024 3.5379

# 16 faces
f -10 -11 -12 
f -10 -12 -11 
f -8 -9 -10 
f -8 -10 -9 
f -8 -6 -7 
f -8 -7 -6 
f -10 -9 -5 
f -10 -5 -9 
f -8 -4 -6 
f -8 -6 -4 
f -10 -3 -8 
f -10 -8 -3 
f -2 -3 -10 
f -2 -10 -3 
f -12 -1 -10 
f -12 -10 -1 

g tomato_Petiole
s off

usemtl tomato_Petiole

# 18 vertices
v 327.2141 91.5705 4.537
v 327.1138 91.6817 4.5634
v 327.1483 91.5812 4.6736
v 327.3043 91.6428 4.5747
v 327.2039 91.754 4.6011
v 327.2384 91.6535 4.7114
v 327.3043 91.6428 4.5747
v 327.2039 91.754 4.6011
v 327.2384 91.6535 4.7114
v 327.3944 91.7151 4.6125
v 327.2941 91.8263 4.6389
v 327.3286 91.7258 4.7491
v 327.3944 91.7151 4.6125
v 327.2941 91.8263 4.6389
v 327.3286 91.7258 4.7491
v 327.4845 91.7874 4.6502
v 327.3842 91.8986 4.6766
v 327.4187 91.7981 4.7869

# 18 faces
f -18 -15 -17 
f -17 -15 -14 
f -17 -14 -16 
f -16 -14 -13 
f -16 -13 -18 
f -18 -13 -15 
f -12 -9 -11 
f -11 -9 -8 
f -11 -8 -10 
f -10 -8 -7 
f -10 -7 -12 
f -12 -7 -9 
f -6 -3 -5 
f -5 -3 -2 
f -5 -2 -4 
f -4 -2 -1 
f -4 -1 -6 
f -6 -1 -3 

g tomato_Petiole
s off

usemtl tomato_Petiole

# 18 vertices
v 327.4303 91.8272 4.7034
v 327.4281 91.8303 4.7043
v 327.4282 91.8272 4.7067
v 327.4539 91.8394 4.7185
v 327.4518 91.8424 4.7193
v 327.4519 91.8394 4.7217
v 327.4539 91.8394 4.7185
v 327.4518 91.8424 4.7193
v 327.4519 91.8394 4.7217
v 327.4769 91.8447 4.7379
v 327.4752 91.8479 4.7391
v 327.4745 91.8445 4.7408
v 327.4769 91.8447 4.7379
v 327.4752 91.8479 4.7391
v 327.4745 91.8445 4.7408
v 327.4975 91.8427 4.7604
v 327.4962 91.8459 4.7619
v 327.4947 91.8425 4.763

# 18 faces
f -18 -15 -17 
f -17 -15 -14 
f -17 -14 -16 
f -16 -14 -13 
f -16 -13 -18 
f -18 -13 -15 
f -12 -9 -11 
f -11 -9 -8 
f -11 -8 -10 
f -10 -8 -7 
f -10 -7 -12 
f -12 -7 -9 
f -6 -3 -5 
f -5 -3 -2 
f -5 -2 -4 
f -4 -2 -1 
f -4 -1 -6 
f -6 -1 -3 

g tomato_Leaf
s off

usemtl tomato_Leaf

# 12 vertices
v 327.4961 91.8437 4.7618
v 329.6922 92.5532 6.5707
v 329.4435 91.546 6.6676
v 330.5845 92.3197 7.25
v 330.2295 91.4259 7.4369
v 330.336 91.8701 7.3614
v 331.6159 91.4418 7.3248
v 329.6033 92.1172 6.5935
v 330.3882 90.9285 7.1971
v 330.6005 90.6575 6.9741
v 329.5844 90.8417 6.4497
v 329.7787 90.4989 6.1977

# 16 faces
f -10 -11 -12 
f -10 -12 -11 
f -8 -9 -10 
f -8 -10 -9 
f -8 -6 -7 
f -8 -7 -6 
f -10 -9 -5 
f -10 -5 -9 
f -8 -4 -6 
f -8 -6 -4 
f -10 -3 -8 
f -10 -8 -3 
f -2 -3 -10 
f -2 -10 -3 
f -12 -1 -10 
f -12 -10 -1 

g tomato_Petiole
s off

usemtl tomato_Petiole

# 18 vertices
v 327.4861 91.7887 4.6509
v 327.3848 91.8991 4.6768
v 327.4165 91.7964 4.7859
v 327.575 91.8604 4.6926
v 327.4737 91.9708 4.7186
v 327.5053 91.8681 4.8276
v 327.575 91.8604 4.6926
v 327.4737 91.9708 4.7186
v 327.5053 91.8681 4.8276
v 327.664 91.9326 4.7391
v 327.5617 92.0423 4.7645
v 327.5906 91.9373 4.8722
v 327.664 91.9326 4.7391
v 327.5617 92.0423 4.7645
v 327.5906 91.9373 4.8722
v 327.7515 92.00407 4.7895
v 327.6483 92.1129 4.8143
v 327.6745 92.00588 4.9206

# 18 faces
f -18 -15 -17 
f -17 -15 -14 
f -17 -14 -16 
f -16 -14 -13 
f -16 -13 -18 
f -18 -13 -15 
f -12 -9 -11 
f -11 -9 -8 
f -11 -8 -10 
f -10 -8 -7 
f -10 -7 -12 
f -12 -7 -9 
f -6 -3 -5 
f -5 -3 -2 
f -5 -2 -4 
f -4 -2 -1 
f -4 -1 -6 
f -6 -1 -3 

g tomato_Petiole
s off

usemtl tomato_Petiole

# 18 vertices
v 327.6927 92.04022 4.8404
v 327.6897 92.04265 4.8409
v 327.691 92.04057 4.8438
v 327.7124 92.06254 4.8473
v 327.7094 92.06496 4.8478
v 327.7108 92.06289 4.8508
v 327.7124 92.06254 4.8473
v 327.7094 92.06496 4.8478
v 327.7108 92.06289 4.8508
v 327.729 92.08818 4.8483
v 327.7258 92.09023 4.8487
v 327.7276 92.08891 4.8518
v 327.729 92.08818 4.8483
v 327.7258 92.09023 4.8487
v 327.7276 92.08891 4.8518
v 327.7415 92.1156 4.8433
v 327.7381 92.1172 4.8437
v 327.7404 92.1167 4.8467

# 18 faces
f -18 -15 -17 
f -17 -15 -14 
f -17 -14 -16 
f -16 -14 -13 
f -16 -13 -18 
f -18 -13 -15 
f -12 -9 -11 
f -11 -9 -8 
f -11 -8 -10 
f -10 -8 -7 
f -10 -7 -12 
f -12 -7 -9 
f -6 -3 -5 
f -5 -3 -2 
f -5 -2 -4 
f -4 -2 -1 
f -4 -1 -6 
f -6 -1 -3 

g tomato_Leaf
s off

usemtl tomato_Leaf

# 12 vertices
v 327.74 92.1165 4.8446
v 328.2419 94.7518 3.6606
v 329.0092 94.4872 4.3141
v 328.9011 95.6417 3.3679
v 329.5216 95.4442 4.09995
v 329.1803 95.5306 3.7991
v 330.1683 95.8875 2.9509
v 328.5823 94.6276 3.9199
v 330.0244 95.168 4.06833
v 330.355 94.9845 3.9095
v 329.6858 94.1714 4.3914
v 330.0696 93.9371 4.2628

# 16 faces
f -10 -11 -12 
f -10 -12 -11 
f -8 -9 -10 
f -8 -10 -9 
f -8 -6 -7 
f -8 -7 -6 
f -10 -9 -5 
f -10 -5 -9 
f -8 -4 -6 
f -8 -6 -4 
f -10 -3 -8 
f -10 -8 -3 
f -2 -3 -10 
f -2 -10 -3 
f -12 -1 -10 
f -12 -10 -1 

g tomato_Petiole
s off

usemtl tomato_Petiole

# 18 vertices
v 327.753 92.00529 4.7904
v 327.6489 92.1134 4.8146
v 327.6724 92.00421 4.9194
v 327.8374 92.07462 4.8437
v 327.7332 92.1827 4.8679
v 327.7568 92.07354 4.9727
v 327.8374 92.07462 4.8437
v 327.7332 92.1827 4.8679
v 327.7568 92.07354 4.9727
v 327.9216 92.1442 4.9018
v 327.8165 92.2516 4.9254
v 327.8374 92.1402 5.02847
v 327.9216 92.1442 4.9018
v 327.8165 92.2516 4.9254
v 327.8374 92.1402 5.02847
v 328.0039 92.2127 4.9636
v 327.898 92.3194 4.9865
v 327.9164 92.2059 5.08779

# 18 faces
f -18 -15 -17 
f -17 -15 -14 
f -17 -14 -16 
f -16 -14 -13 
f -16 -13 -18 
f -18 -13 -15 
f -12 -9 -11 
f -11 -9 -8 
f -11 -8 -10 
f -10 -8 -7 
f -10 -7 -12 
f -12 -7 -9 
f -6 -3 -5 
f -5 -3 -2 
f -5 -2 -4 
f -4 -2 -1 
f -4 -1 -6 
f -6 -1 -3 

g tomato_Petiole
s off

usemtl tomato_Petiole

# 18 vertices
v 327.9407 92.2453 5.01165
v 327.9385 92.2482 5.01256
v 327.9382 92.2449 5.01444
v 327.9613 92.2549 5.03213
v 327.959 92.2579 5.03304
v 327.9587 92.2545 5.03492
v 327.9613 92.2549 5.03213
v 327.959 92.2579 5.03304
v 327.9587 92.2545 5.03492
v 327.9802 92.2564 5.05606
v 327.9783 92.2595 5.05739
v 327.9773 92.2559 5.05844
v 327.9802 92.2564 5.05606
v 327.9783 92.2595 5.05739
v 327.9773 92.2559 5.05844
v 327.996 92.2497 5.08138
v 327.9944 92.2527 5.08316
v 327.9927 92.2492 5.08329

# 18 faces
f -18 -15 -17 
f -17 -15 -14 
f -17 -14 -16 
f -16 -14 -13 
f -16 -13 -18 
f -18 -13 -15 
f -12 -9 -11 
f -11 -9 -8 
f -11 -8 -10 
f -10 -8 -7 
f -10 -7 -12 
f -12 -7 -9 
f -6 -3 -5 
f -5 -3 -2 
f -5 -2 -4 
f -4 -2 -1 
f -4 -1 -6 
f -6 -1 -3 

g tomato_Leaf
s off

usemtl tomato_Leaf

# 12 vertices
v 327.9944 92.2505 5.08261
v 329.7989 92.5383 7.3759
v 329.5236 91.542 7.2441
v 330.5367 92.1511 8.1619
v 330.1409 91.256 8.1167
v 330.2656 91.7011 8.1425
v 331.5223 91.2262 8.2775
v 329.7019 92.1093 7.304
v 330.3377 90.7999 7.8279
v 330.5865 90.5613 7.6056
v 329.6962 90.8793 6.9367
v 329.9322 90.5758 6.6702

# 16 faces
f -10 -11 -12 
f -10 -12 -11 
f -8 -9 -10 
f -8 -10 -9 
f -8 -6 -7 
f -8 -7 -6 
f -10 -9 -5 
f -10 -5 -9 
f -8 -4 -6 
f -8 -6 -4 
f -10 -3 -8 
f -10 -8 -3 
f -2 -3 -10 
f -2 -10 -3 
f -12 -1 -10 
f -12 -10 -1 

g tomato_Petiole
s off

usemtl tomato_Petiole

# 18 vertices
v 327.9407 92.2453 5.01165
v 327.938 92.248 5.0122
v 327.9386 92.2452 5.01479
v 327.961 92.2628 5.02643
v 327.9583 92.2655 5.02698
v 327.9588 92.2627 5.02957
v 327.961 92.2628 5.02643
v 327.9583 92.2655 5.02698
v 327.9588 92.2627 5.02957
v 327.9811 92.2808 5.04069
v 327.9784 92.2834 5.04122
v 327.979 92.2807 5.04386
v 327.9811 92.2808 5.04069
v 327.9784 92.2834 5.04122
v 327.979 92.2807 5.04386
v 328.0012 92.2994 5.05444
v 327.9984 92.302 5.05495
v 327.9991 92.2993 5.05763

# 18 faces
f -18 -15 -17 
f -17 -15 -14 
f -17 -14 -16 
f -16 -14 -13 
f -16 -13 -18 
f -18 -13 -15 
f -12 -9 -11 
f -11 -9 -8 
f -11 -8 -10 
f -10 -8 -7 
f -10 -7 -12 
f -12 -7 -9 
f -6 -3 -5 
f -5 -3 -2 
f -5 -2 -4 
f -4 -2 -1 
f -4 -1 -6 
f -6 -1 -3 

g tomato_Leaf
s off

usemtl tomato_Leaf

# 12 vertices
v 327.9995 92.3002 5.05568
v 329.6002 94.6824 5.6569
v 329.9345 93.8632 6.2072
v 330.5249 95.2298 6.05379
v 330.7155 94.4941 6.6721
v 330.563 94.8378 6.4019
v 331.8678 95.05429 6.1304
v 329.7594 94.3265 5.8726
v 331.0976 94.07029 6.6053
v 331.4053 93.8485 6.4491
v 330.4135 93.2865 6.2448
v 330.7423 92.9886 6.09676

# 16 faces
f -10 -11 -12 
f -10 -12 -11 
f -8 -9 -10 
f -8 -10 -9 
f -8 -6 -7 
f -8 -7 -6 
f -10 -9 -5 
f -10 -5 -9 
f -8 -4 -6 
f -8 -6 -4 
f -10 -3 -8 
f -10 -8 -3 
f -2 -3 -10 
f -2 -10 -3 
f -12 -1 -10 
f -12 -10 -1 

g tomato_Intrnd
s off

usemtl tomato_Intrnd

# 18 vertices
v 326.4375 86.8194 -0.2898
v 326.5785 86.6161 0.07406
v 326.7222 87.0238 -0.02371
v 325.5127 87.2951 0.3341
v 325.6537 87.09179 0.698
v 325.7974 87.4994 0.6002
v 325.5127 87.2951 0.3341
v 325.6537 87.09179 0.698
v 325.7974 87.4994 0.6002
v 324.5552 87.762 0.8734
v 324.6743 87.5696 1.2508
v 324.818 87.9773 1.1531
v 324.5552 87.762 0.8734
v 324.6743 87.5696 1.2508
v 324.818 87.9773 1.1531
v 323.5562 88.2249 1.3353
v 323.6523 88.04353 1.7245
v 323.796 88.4512 1.6267

# 18 faces
f -18 -15 -17 
f -17 -15 -14 
f -17 -14 -16 
f -16 -14 -13 
f -16 -13 -18 
f -18 -13 -15 
f -12 -9 -11 
f -11 -9 -8 
f -11 -8 -10 
f -10 -8 -7 
f -10 -7 -12 
f -12 -7 -9 
f -6 -3 -5 
f -5 -3 -2 
f -5 -2 -4 
f -4 -2 -1 
f -4 -1 -6 
f -6 -1 -3 

g tomato_Petiole
s off

usemtl tomato_Petiole

# 18 vertices
v 323.6569 88.2235 1.4776
v 323.6497 88.1776 1.6223
v 323.6994 88.3184 1.5886
v 322.5188 88.6432 1.5543
v 322.5116 88.5972 1.6991
v 322.5613 88.7381 1.6653
v 322.5188 88.6432 1.5543
v 322.5116 88.5972 1.6991
v 322.5613 88.7381 1.6653
v 321.4207 88.9528 1.2312
v 321.3711 88.9206 1.3713
v 321.4207 89.06158 1.3375
v 321.4207 88.9528 1.2312
v 321.3711 88.9206 1.3713
v 321.4207 89.06158 1.3375
v 320.464 89.1274 0.5528
v 320.3747 89.1046 0.6738
v 320.4244 89.2455 0.64

# 18 faces
f -18 -15 -17 
f -17 -15 -14 
f -17 -14 -16 
f -16 -14 -13 
f -16 -13 -18 
f -18 -13 -15 
f -12 -9 -11 
f -11 -9 -8 
f -11 -8 -10 
f -10 -8 -7 
f -10 -7 -12 
f -12 -7 -9 
f -6 -3 -5 
f -5 -3 -2 
f -5 -2 -4 
f -4 -2 -1 
f -4 -1 -6 
f -6 -1 -3 

g tomato_Petiole
s off

usemtl tomato_Petiole

# 18 vertices
v 320.464 89.1274 0.5528
v 320.3747 89.1046 0.6738
v 320.4244 89.2455 0.64
v 320.3656 89.1455 0.4837
v 320.2764 89.1227 0.6047
v 320.326 89.2636 0.5709
v 320.3656 89.1455 0.4837
v 320.2764 89.1227 0.6047
v 320.326 89.2636 0.5709
v 320.2673 89.1636 0.4146
v 320.178 89.1408 0.5356
v 320.2277 89.2817 0.5018
v 320.2673 89.1636 0.4146
v 320.178 89.1408 0.5356
v 320.2277 89.2817 0.5018
v 320.169 89.1816 0.3455
v 320.0797 89.1589 0.4665
v 320.1294 89.2998 0.4327

# 18 faces
f -18 -15 -17 
f -17 -15 -14 
f -17 -14 -16 
f -16 -14 -13 
f -16 -13 -18 
f -18 -13 -15 
f -12 -9 -11 
f -11 -9 -8 
f -11 -8 -10 
f -10 -8 -7 
f -10 -7 -12 
f -12 -7 -9 
f -6 -3 -5 
f -5 -3 -2 
f -5 -2 -4 
f -4 -2 -1 
f -4 -1 -6 
f -6 -1 -3 

g tomato_Petiole
s off

usemtl tomato_Petiole

# 18 vertices
v 320.1269 89.2128 0.4135
v 320.1251 89.2122 0.4168
v 320.1255 89.2158 0.4154
v 320.1005 89.2104 0.3982
v 320.0987 89.2098 0.4015
v 320.0991 89.2133 0.4002
v 320.1005 89.2104 0.3982
v 320.0987 89.2098 0.4015
v 320.0991 89.2133 0.4002
v 320.074 89.2011 0.3861
v 320.0726 89.2006 0.3896
v 320.0722 89.204 0.3878
v 320.074 89.2011 0.3861
v 320.0726 89.2006 0.3896
v 320.0722 89.204 0.3878
v 320.0491 89.1856 0.3778
v 320.048 89.1853 0.3814
v 320.0468 89.1883 0.3793

# 18 faces
f -18 -15 -17 
f -17 -15 -14 
f -17 -14 -16 
f -16 -14 -13 
f -16 -13 -18 
f -18 -13 -15 
f -12 -9 -11 
f -11 -9 -8 
f -11 -8 -10 
f -10 -8 -7 
f -10 -7 -12 
f -12 -7 -9 
f -6 -3 -5 
f -5 -3 -2 
f -5 -2 -4 
f -4 -2 -1 
f -4 -1 -6 
f -6 -1 -3 

g tomato_Leaf
s off

usemtl tomato_Leaf

# 12 vertices
v 320.048 89.1864 0.3795
v 317.8391 87.2859 0.7073
v 317.6874 87.8893 -0.1285
v 316.9318 86.6875 0.3454
v 316.7345 87.3657 -0.3335
v 316.8337 87.0961 0.02945
v 316.4908 86.07084 -0.7794
v 317.787 87.5262 0.3356
v 316.8639 87.3494 -0.8931
v 316.9909 87.2074 -1.2562
v 317.7751 87.9669 -0.8699
v 317.9259 87.861 -1.2998

# 16 faces
f -10 -11 -12 
f -10 -12 -11 
f -8 -9 -10 
f -8 -10 -9 
f -8 -6 -7 
f -8 -7 -6 
f -10 -9 -5 
f -10 -5 -9 
f -8 -4 -6 
f -8 -6 -4 
f -10 -3 -8 
f -10 -8 -3 
f -2 -3 -10 
f -2 -10 -3 
f -12 -1 -10 
f -12 -10 -1 

g tomato_Petiole
s off

usemtl tomato_Petiole

# 18 vertices
v 320.1725 89.1811 0.348
v 320.0795 89.1589 0.4663
v 320.1262 89.3003 0.4304
v 320.0762 89.1943 0.2749
v 319.9833 89.172 0.3932
v 320.0299 89.3134 0.3573
v 320.0762 89.1943 0.2749
v 319.9833 89.172 0.3932
v 320.0299 89.3134 0.3573
v 319.9858 89.2021 0.2007
v 319.8893 89.1802 0.3162
v 319.933 89.322 0.2781
v 319.9858 89.2021 0.2007
v 319.8893 89.1802 0.3162
v 319.933 89.322 0.2781
v 319.8979 89.2052 0.1232
v 319.798 89.1834 0.2357
v 319.8387 89.3253 0.1952

# 18 faces
f -18 -15 -17 
f -17 -15 -14 
f -17 -14 -16 
f -16 -14 -13 
f -16 -13 -18 
f -18 -13 -15 
f -12 -9 -11 
f -11 -9 -8 
f -11 -8 -10 
f -10 -8 -7 
f -10 -7 -12 
f -12 -7 -9 
f -6 -3 -5 
f -5 -3 -2 
f -5 -2 -4 
f -4 -2 -1 
f -4 -1 -6 
f -6 -1 -3 

g tomato_Petiole
s off

usemtl tomato_Petiole

# 18 vertices
v 319.846 89.2373 0.1834
v 319.8432 89.2368 0.186
v 319.8448 89.2403 0.1855
v 319.8254 89.2443 0.1619
v 319.8226 89.2438 0.1645
v 319.8242 89.2472 0.164
v 319.8254 89.2443 0.1619
v 319.8226 89.2438 0.1645
v 319.8242 89.2472 0.164
v 319.8082 89.2571 0.1402
v 319.8051 89.2568 0.1425
v 319.8073 89.2599 0.1426
v 319.8082 89.2571 0.1402
v 319.8051 89.2568 0.1425
v 319.8073 89.2599 0.1426
v 319.7951 89.2752 0.1193
v 319.7918 89.275 0.1212
v 319.7944 89.2778 0.122

# 18 faces
f -18 -15 -17 
f -17 -15 -14 
f -17 -14 -16 
f -16 -14 -13 
f -16 -13 -18 
f -18 -13 -15 
f -12 -9 -11 
f -11 -9 -8 
f -11 -8 -10 
f -10 -8 -7 
f -10 -7 -12 
f -12 -7 -9 
f -6 -3 -5 
f -5 -3 -2 
f -5 -2 -4 
f -4 -2 -1 
f -4 -1 -6 
f -6 -1 -3 

g tomato_Leaf
s off

usemtl tomato_Leaf

# 12 vertices
v 319.7938 89.276 0.1209
v 317.5847 90.3935 -1.4506
v 318.4416 90.9783 -1.5484
v 317.1344 91.0509 -2.2736
v 317.8957 91.6654 -2.2222
v 317.5344 91.379 -2.1803
v 317.4375 91.4835 -3.523
v 317.9579 90.6289 -1.5129
v 318.3525 91.6873 -2.57
v 318.5995 91.6116 -2.8885
v 319.0615 91.1203 -1.947
v 319.3865 91.05494 -2.277

# 16 faces
f -10 -11 -12 
f -10 -12 -11 
f -8 -9 -10 
f -8 -10 -9 
f -8 -6 -7 
f -8 -7 -6 
f -10 -9 -5 
f -10 -5 -9 
f -8 -4 -6 
f -8 -6 -4 
f -10 -3 -8 
f -10 -8 -3 
f -2 -3 -10 
f -2 -10 -3 
f -12 -1 -10 
f -12 -10 -1 

g tomato_Petiole
s off

usemtl tomato_Petiole

# 18 vertices
v 319.8996 89.2051 0.1246
v 319.7972 89.1834 0.235
v 319.8379 89.3254 0.1945
v 319.8103 89.2072 0.04226
v 319.7079 89.1855 0.1526
v 319.7486 89.3274 0.112
v 319.8103 89.2072 0.04226
v 319.7079 89.1855 0.1526
v 319.7486 89.3274 0.112
v 319.7244 89.2081 -0.04069
v 319.6197 89.1864 0.06745
v 319.6604 89.3284 0.02692
v 319.7244 89.2081 -0.04069
v 319.6197 89.1864 0.06745
v 319.6604 89.3284 0.02692
v 319.6405 89.208 -0.1255
v 319.5335 89.1863 -0.01969
v 319.5742 89.3282 -0.06022

# 18 faces
f -18 -15 -17 
f -17 -15 -14 
f -17 -14 -16 
f -16 -14 -13 
f -16 -13 -18 
f -18 -13 -15 
f -12 -9 -11 
f -11 -9 -8 
f -11 -8 -10 
f -10 -8 -7 
f -10 -7 -12 
f -12 -7 -9 
f -6 -3 -5 
f -5 -3 -2 
f -5 -2 -4 
f -4 -2 -1 
f -4 -1 -6 
f -6 -1 -3 

g tomato_Petiole
s off

usemtl tomato_Petiole

# 18 vertices
v 319.5839 89.2402 -0.06966
v 319.5816 89.2397 -0.06665
v 319.5818 89.2431 -0.06837
v 319.561 89.2326 -0.08845
v 319.5587 89.2321 -0.08544
v 319.559 89.2355 -0.08715
v 319.561 89.2326 -0.08845
v 319.5587 89.2321 -0.08544
v 319.559 89.2355 -0.08715
v 319.5384 89.218 -0.1029
v 319.5365 89.2177 -0.09963
v 319.5359 89.2207 -0.1019
v 319.5384 89.218 -0.1029
v 319.5365 89.2177 -0.09963
v 319.5359 89.2207 -0.1019
v 319.5177 89.1974 -0.112
v 319.5161 89.1974 -0.1085
v 319.5149 89.1999 -0.1112

# 18 faces
f -18 -15 -17 
f -17 -15 -14 
f -17 -14 -16 
f -16 -14 -13 
f -16 -13 -18 
f -18 -13 -15 
f -12 -9 -11 
f -11 -9 -8 
f -11 -8 -10 
f -10 -8 -7 
f -10 -7 -12 
f -12 -7 -9 
f -6 -3 -5 
f -5 -3 -2 
f -5 -2 -4 
f -4 -2 -1 
f -4 -1 -6 
f -6 -1 -3 

g tomato_Leaf
s off

usemtl tomato_Leaf

# 12 vertices
v 319.5162 89.1983 -0.1106
v 317.5945 87.00654 0.2084
v 317.4892 87.4584 -0.7245
v 316.857 86.2183 -0.1748
v 316.6709 86.7561 -0.9723
v 316.7503 86.5582 -0.5614
v 316.699 85.391 -1.2382
v 317.5669 87.1827 -0.1999
v 316.8889 86.6882 -1.4995
v 317.0921 86.5232 -1.8152
v 317.6814 87.4508 -1.45
v 317.913 87.3163 -1.8335

# 16 faces
f -10 -11 -12 
f -10 -12 -11 
f -8 -9 -10 
f -8 -10 -9 
f -8 -6 -7 
f -8 -7 -6 
f -10 -9 -5 
f -10 -5 -9 
f -8 -4 -6 
f -8 -6 -4 
f -10 -3 -8 
f -10 -8 -3 
f -2 -3 -10 
f -2 -10 -3 
f -12 -1 -10 
f -12 -10 -1 

g tomato_Petiole
s off

usemtl tomato_Petiole

# 18 vertices
v 319.6405 89.208 -0.1255
v 319.5335 89.1863 -0.01969
v 319.5742 89.3282 -0.06022
v 319.555 89.2078 -0.2119
v 319.448 89.1861 -0.106
v 319.4887 89.3281 -0.1466
v 319.555 89.2078 -0.2119
v 319.448 89.1861 -0.106
v 319.4887 89.3281 -0.1466
v 319.4695 89.2077 -0.2983
v 319.3625 89.186 -0.1925
v 319.4032 89.3279 -0.233
v 319.4695 89.2077 -0.2983
v 319.3625 89.186 -0.1925
v 319.4032 89.3279 -0.233
v 319.384 89.2075 -0.3847
v 319.277 89.1858 -0.2789
v 319.3177 89.3278 -0.3194

# 18 faces
f -18 -15 -17 
f -17 -15 -14 
f -17 -14 -16 
f -16 -14 -13 
f -16 -13 -18 
f -18 -13 -15 
f -12 -9 -11 
f -11 -9 -8 
f -11 -8 -10 
f -10 -8 -7 
f -10 -7 -12 
f -12 -7 -9 
f -6 -3 -5 
f -5 -3 -2 
f -5 -2 -4 
f -4 -2 -1 
f -4 -1 -6 
f -6 -1 -3 

g tomato_Petiole
s off

usemtl tomato_Petiole

# 18 vertices
v 319.3275 89.2397 -0.3288
v 319.3244 89.2392 -0.3266
v 319.3261 89.2426 -0.3268
v 319.3089 89.2472 -0.3519
v 319.3058 89.2467 -0.3496
v 319.3076 89.2502 -0.3499
v 319.3089 89.2472 -0.3519
v 319.3058 89.2467 -0.3496
v 319.3076 89.2502 -0.3499
v 319.2946 89.2617 -0.3747
v 319.2913 89.2614 -0.3728
v 319.2936 89.2645 -0.3723
v 319.2946 89.2617 -0.3747
v 319.2913 89.2614 -0.3728
v 319.2936 89.2645 -0.3723
v 319.2857 89.2822 -0.3956
v 319.2822 89.2822 -0.394
v 319.2849 89.2847 -0.3928

# 18 faces
f -18 -15 -17 
f -17 -15 -14 
f -17 -14 -16 
f -16 -14 -13 
f -16 -13 -18 
f -18 -13 -15 
f -12 -9 -11 
f -11 -9 -8 
f -11 -8 -10 
f -10 -8 -7 
f -10 -7 -12 
f -12 -7 -9 
f -6 -3 -5 
f -5 -3 -2 
f -5 -2 -4 
f -4 -2 -1 
f -4 -1 -6 
f -6 -1 -3 

g tomato_Leaf
s off

usemtl tomato_Leaf

# 12 vertices
v 319.2842 89.2831 -0.3941
v 317.381 90.6881 -2.1267
v 318.2849 91.2037 -2.07505
v 317.0886 91.4359 -2.9437
v 317.8816 91.979 -2.7535
v 317.4973 91.722 -2.7778
v 317.5782 91.9259 -4.11
v 317.7757 90.8948 -2.1252
v 318.3788 91.986 -3.04127
v 318.6575 91.9117 -3.3328
v 318.959 91.3198 -2.3841
v 319.3171 91.2499 -2.6769

# 16 faces
f -10 -11 -12 
f -10 -12 -11 
f -8 -9 -10 
f -8 -10 -9 
f -8 -6 -7 
f -8 -7 -6 
f -10 -9 -5 
f -10 -5 -9 
f -8 -4 -6 
f -8 -6 -4 
f -10 -3 -8 
f -10 -8 -3 
f -2 -3 -10 
f -2 -10 -3 
f -12 -1 -10 
f -12 -10 -1 

g tomato_Petiole
s off

usemtl tomato_Petiole

# 18 vertices
v 319.3275 89.2397 -0.3288
v 319.3248 89.2391 -0.3261
v 319.3257 89.2427 -0.3272
v 319.3058 89.2389 -0.3504
v 319.3031 89.2384 -0.3477
v 319.304 89.242 -0.3487
v 319.3058 89.2389 -0.3504
v 319.3031 89.2384 -0.3477
v 319.304 89.242 -0.3487
v 319.2839 89.2375 -0.3717
v 319.2813 89.237 -0.3689
v 319.2821 89.2405 -0.3701
v 319.2839 89.2375 -0.3717
v 319.2813 89.237 -0.3689
v 319.2821 89.2405 -0.3701
v 319.2618 89.2354 -0.3927
v 319.2592 89.2349 -0.39
v 319.2601 89.2384 -0.3912

# 18 faces
f -18 -15 -17 
f -17 -15 -14 
f -17 -14 -16 
f -16 -14 -13 
f -16 -13 -18 
f -18 -13 -15 
f -12 -9 -11 
f -11 -9 -8 
f -11 -8 -10 
f -10 -8 -7 
f -10 -7 -12 
f -12 -7 -9 
f -6 -3 -5 
f -5 -3 -2 
f -5 -2 -4 
f -4 -2 -1 
f -4 -1 -6 
f -6 -1 -3 

g tomato_Leaf
s off

usemtl tomato_Leaf

# 12 vertices
v 319.2604 89.2362 -0.3913
v 316.6855 88.3754 -1.4992
v 317.1032 89.1336 -2.07923
v 315.9008 88.278 -2.328
v 316.2324 89.09216 -2.7605
v 316.077 88.7425 -2.4998
v 315.8431 88.1177 -3.6737
v 316.8761 88.6812 -1.7614
v 316.5846 89.13 -3.2129
v 316.8111 89.01966 -3.5365
v 317.528 89.3065 -2.6734
v 317.8147 89.2313 -3.03527

# 16 faces
f -10 -11 -12 
f -10 -12 -11 
f -8 -9 -10 
f -8 -10 -9 
f -8 -6 -7 
f -8 -7 -6 
f -10 -9 -5 
f -10 -5 -9 
f -8 -4 -6 
f -8 -6 -4 
f -10 -3 -8 
f -10 -8 -3 
f -2 -3 -10 
f -2 -10 -3 
f -12 -1 -10 
f -12 -10 -1 

g tomato_Intrnd
s off

usemtl tomato_Intrnd

# 18 vertices
v 363.8878 93.1939 1.5568
v 363.6741 92.9015 -0.7945
v 363.0569 91.1351 0.7019
v 357.7758 95.5519 1.8191
v 357.562 95.2594 -0.5321
v 356.9448 93.4931 0.9643
v 357.7758 95.5519 1.8191
v 357.562 95.2594 -0.5321
v 356.9448 93.4931 0.9643
v 352.3499 98.4844 3.04269
v 351.7723 98.3588 0.7381
v 351.1551 96.5924 2.2346
v 352.3499 98.4844 3.04269
v 351.7723 98.3588 0.7381
v 351.1551 96.5924 2.2346
v 347.5616 101.9603 5.1704
v 346.6543 102.0403 2.9725
v 346.0371 100.2739 4.469

# 18 faces
f -18 -15 -17 
f -17 -15 -14 
f -17 -14 -16 
f -16 -14 -13 
f -16 -13 -18 
f -18 -13 -15 
f -12 -9 -11 
f -11 -9 -8 
f -11 -8 -10 
f -10 -8 -7 
f -10 -7 -12 
f -12 -7 -9 
f -6 -3 -5 
f -5 -3 -2 
f -5 -2 -4 
f -4 -2 -1 
f -4 -1 -6 
f -6 -1 -3 

g tomato_Petiole
s off

usemtl tomato_Petiole

# 18 vertices
v 347.2539 101.5357 4.5423
v 346.6368 101.7656 3.6922
v 346.3578 100.9671 4.3686
v 342.7842 107.1271 9.2985
v 342.1671 107.3569 8.4484
v 341.8881 106.5585 9.1248
v 342.7842 107.1271 9.2985
v 342.1671 107.3569 8.4484
v 341.8881 106.5585 9.1248
v 341.0131 112.7763 15.236
v 340.2774 113.2197 14.589
v 339.9984 112.4213 15.2654
v 341.0131 112.7763 15.236
v 340.2774 113.2197 14.589
v 339.9984 112.4213 15.2654
v 342.0089 117.9527 21.7566
v 341.2569 118.6045 21.3488
v 340.9779 117.8061 22.02531

# 18 faces
f -18 -15 -17 
f -17 -15 -14 
f -17 -14 -16 
f -16 -14 -13 
f -16 -13 -18 
f -18 -13 -15 
f -12 -9 -11 
f -11 -9 -8 
f -11 -8 -10 
f -10 -8 -7 
f -10 -7 -12 
f -12 -7 -9 
f -6 -3 -5 
f -5 -3 -2 
f -5 -2 -4 
f -4 -2 -1 
f -4 -1 -6 
f -6 -1 -3 

g tomato_Petiole
s off

usemtl tomato_Petiole

# 18 vertices
v 342.0046 117.934 21.7328
v 341.259 118.6137 21.3606
v 340.98 117.8153 22.03704
v 342.1435 118.4535 22.4032
v 341.3978 119.1332 22.03103
v 341.1188 118.3348 22.7074
v 342.1435 118.4535 22.4032
v 341.3978 119.1332 22.03103
v 341.1188 118.3348 22.7074
v 342.3167 118.9414 23.05061
v 341.5794 119.6483 22.7139
v 341.3004 118.8499 23.3904
v 342.3167 118.9414 23.05061
v 341.5794 119.6483 22.7139
v 341.3004 118.8499 23.3904
v 342.528 119.4153 23.697
v 341.8013 120.1486 23.396
v 341.5223 119.3502 24.07245

# 18 faces
f -18 -15 -17 
f -17 -15 -14 
f -17 -14 -16 
f -16 -14 -13 
f -16 -13 -18 
f -18 -13 -15 
f -12 -9 -11 
f -11 -9 -8 
f -11 -8 -10 
f -10 -8 -7 
f -10 -7 -12 
f -12 -7 -9 
f -6 -3 -5 
f -5 -3 -2 
f -5 -2 -4 
f -4 -2 -1 
f -4 -1 -6 
f -6 -1 -3 

g tomato_Petiole
s off

usemtl tomato_Petiole

# 18 vertices
v 342.051 119.5993 23.7175
v 341.9143 119.7124 23.6461
v 341.8796 119.605 23.8021
v 342.5303 120.7422 24.6116
v 342.3936 120.8553 24.5402
v 342.3589 120.7479 24.6962
v 342.5303 120.7422 24.6116
v 342.3936 120.8553 24.5402
v 342.3589 120.7479 24.6962
v 343.0658 122.0711 25.1432
v 342.9205 122.1631 25.05966
v 342.9031 122.098 25.24
v 343.0658 122.0711 25.1432
v 342.9205 122.1631 25.05966
v 342.9031 122.098 25.24
v 343.6187 123.4898 25.2737
v 343.4641 123.5583 25.1845
v 343.4653 123.5401 25.3762

# 18 faces
f -18 -15 -17 
f -17 -15 -14 
f -17 -14 -16 
f -16 -14 -13 
f -16 -13 -18 
f -18 -13 -15 
f -12 -9 -11 
f -11 -9 -8 
f -11 -8 -10 
f -10 -8 -7 
f -10 -7 -12 
f -12 -7 -9 
f -6 -3 -5 
f -5 -3 -2 
f -5 -2 -4 
f -4 -2 -1 
f -4 -1 -6 
f -6 -1 -3 

g tomato_Leaf
s off

usemtl tomato_Leaf

# 12 vertices
v 343.5155 123.5296 25.2782
v 346.8475 143.3081 20.02008
v 349.2634 141.9725 26.8514
v 350.4164 150.5425 20.7509
v 351.5836 149.4173 27.4865
v 350.5948 149.8028 24.3894
v 358.9594 154.2203 23.09576
v 348.0444 142.6921 22.8689
v 355.0413 148.1909 29.2314
v 357.8338 147.4796 29.5581
v 353.3831 140.6145 29.9101
v 356.4491 139.5982 30.622

# 16 faces
f -10 -11 -12 
f -10 -12 -11 
f -8 -9 -10 
f -8 -10 -9 
f -8 -6 -7 
f -8 -7 -6 
f -10 -9 -5 
f -10 -5 -9 
f -8 -4 -6 
f -8 -6 -4 
f -10 -3 -8 
f -10 -8 -3 
f -2 -3 -10 
f -2 -10 -3 
f -12 -1 -10 
f -12 -10 -1 

g tomato_Petiole
s off

usemtl tomato_Petiole

# 18 vertices
v 342.524 119.4069 23.6849
v 341.8066 120.1602 23.4124
v 341.521 119.3468 24.06796
v 342.7565 119.875 24.3671
v 342.0392 120.6284 24.09467
v 341.7535 119.815 24.7501
v 342.7565 119.875 24.3671
v 342.0392 120.6284 24.09467
v 341.7535 119.815 24.7501
v 342.9987 120.3112 25.04811
v 342.2911 121.0836 24.8047
v 341.9984 120.256 25.4389
v 342.9987 120.3112 25.04811
v 342.2911 121.0836 24.8047
v 341.9984 120.256 25.4389
v 343.2541 120.7233 25.7391
v 342.5569 121.5137 25.5252
v 342.2567 120.6726 26.1378

# 18 faces
f -18 -15 -17 
f -17 -15 -14 
f -17 -14 -16 
f -16 -14 -13 
f -16 -13 -18 
f -18 -13 -15 
f -12 -9 -11 
f -11 -9 -8 
f -11 -8 -10 
f -10 -8 -7 
f -10 -7 -12 
f -12 -7 -9 
f -6 -3 -5 
f -5 -3 -2 
f -5 -2 -4 
f -4 -2 -1 
f -4 -1 -6 
f -6 -1 -3 

g tomato_Petiole
s off

usemtl tomato_Petiole

# 18 vertices
v 342.7875 120.927 25.79
v 342.6703 121.0773 25.775
v 342.6033 120.9081 25.8379
v 343.1198 121.3295 27.2263
v 343.0027 121.4799 27.2112
v 342.9356 121.3107 27.2742
v 343.1198 121.3295 27.2263
v 343.0027 121.4799 27.2112
v 342.9356 121.3107 27.2742
v 343.2983 121.3594 28.7437
v 343.1855 121.5134 28.754
v 343.1098 121.3368 28.7663
v 343.2983 121.3594 28.7437
v 343.1855 121.5134 28.754
v 343.1098 121.3368 28.7663
v 343.3101 121.0143 30.2324
v 343.1989 121.1657 30.2684
v 343.1199 120.9944 30.2293

# 18 faces
f -18 -15 -17 
f -17 -15 -14 
f -17 -14 -16 
f -16 -14 -13 
f -16 -13 -18 
f -18 -13 -15 
f -12 -9 -11 
f -11 -9 -8 
f -11 -8 -10 
f -10 -8 -7 
f -10 -7 -12 
f -12 -7 -9 
f -6 -3 -5 
f -5 -3 -2 
f -5 -2 -4 
f -4 -2 -1 
f -4 -1 -6 
f -6 -1 -3 

g tomato_Leaf
s off

usemtl tomato_Leaf

# 12 vertices
v 343.2091 121.0583 30.2434
v 342.7955 124.5432 50.6793
v 342.1922 117.3426 49.2385
v 343.4635 122.382 58.4569
v 341.7816 115.8427 56.9062
v 342.2079 119.0546 57.3759
v 348.6481 116.4452 63.9233
v 342.7216 121.4525 50.07081
v 344.2929 112.686 56.4231
v 346.723 111.1032 56.4251
v 344.7198 112.7127 48.6496
v 347.2975 110.6571 48.3854

# 16 faces
f -10 -11 -12 
f -10 -12 -11 
f -8 -9 -10 
f -8 -10 -9 
f -8 -6 -7 
f -8 -7 -6 
f -10 -9 -5 
f -10 -5 -9 
f -8 -4 -6 
f -8 -6 -4 
f -10 -3 -8 
f -10 -8 -3 
f -2 -3 -10 
f -2 -10 -3 
f -12 -1 -10 
f -12 -10 -1 

g tomato_Petiole
s off

usemtl tomato_Petiole

# 18 vertices
v 343.2384 120.7007 25.7024
v 342.5606 121.5182 25.5325
v 342.2685 120.6903 26.1667
v 343.561 121.1103 26.3857
v 342.8832 121.9277 26.2158
v 342.591 121.0998 26.8499
v 343.561 121.1103 26.3857
v 342.8832 121.9277 26.2158
v 342.591 121.0998 26.8499
v 343.9254 121.4853 27.00917
v 343.2709 122.329 26.8817
v 342.9888 121.514 27.5367
v 343.9254 121.4853 27.00917
v 343.2709 122.329 26.8817
v 342.9888 121.514 27.5367
v 344.345 121.846 27.6056
v 343.7176 122.715 27.5189
v 343.4474 121.9126 28.1942

# 18 faces
f -18 -15 -17 
f -17 -15 -14 
f -17 -14 -16 
f -16 -14 -13 
f -16 -13 -18 
f -18 -13 -15 
f -12 -9 -11 
f -11 -9 -8 
f -11 -8 -10 
f -10 -8 -7 
f -10 -7 -12 
f -12 -7 -9 
f -6 -3 -5 
f -5 -3 -2 
f -5 -2 -4 
f -4 -2 -1 
f -4 -1 -6 
f -6 -1 -3 

g tomato_Petiole
s off

usemtl tomato_Petiole

# 18 vertices
v 343.9251 122.1036 27.7438
v 343.7982 122.2427 27.7105
v 343.7809 122.131 27.8664
v 344.7876 123.0821 28.5402
v 344.6606 123.2212 28.5068
v 344.6434 123.1095 28.6627
v 344.7876 123.0821 28.5402
v 344.6606 123.2212 28.5068
v 344.6434 123.1095 28.6627
v 345.6526 124.2758 28.943
v 345.5095 124.3945 28.8985
v 345.5245 124.3234 29.07686
v 345.6526 124.2758 28.943
v 345.5095 124.3945 28.8985
v 345.5245 124.3234 29.07686
v 346.4457 125.5818 28.9178
v 346.2871 125.6772 28.8697
v 346.3331 125.6529 29.05511

# 18 faces
f -18 -15 -17 
f -17 -15 -14 
f -17 -14 -16 
f -16 -14 -13 
f -16 -13 -18 
f -18 -13 -15 
f -12 -9 -11 
f -11 -9 -8 
f -11 -8 -10 
f -10 -8 -7 
f -10 -7 -12 
f -12 -7 -9 
f -6 -3 -5 
f -5 -3 -2 
f -5 -2 -4 
f -4 -2 -1 
f -4 -1 -6 
f -6 -1 -3 

g tomato_Leaf
s off

usemtl tomato_Leaf

# 12 vertices
v 346.3549 125.6376 28.9476
v 351.4684 144.7834 22.8459
v 355.2596 142.8524 28.8614
v 356.244 151.3207 22.5916
v 358.8542 149.8016 28.8266
v 357.2009 150.4428 26.07458
v 365.5858 153.4958 22.6794
v 353.2205 143.8894 25.3074
v 362.3882 147.9776 29.6564
v 365.018 146.8156 29.2764
v 359.7317 140.749 30.7973
v 362.6686 139.2295 30.724

# 16 faces
f -10 -11 -12 
f -10 -12 -11 
f -8 -9 -10 
f -8 -10 -9 
f -8 -6 -7 
f -8 -7 -6 
f -10 -9 -5 
f -10 -5 -9 
f -8 -4 -6 
f -8 -6 -4 
f -10 -3 -8 
f -10 -8 -3 
f -2 -3 -10 
f -2 -10 -3 
f -12 -1 -10 
f -12 -10 -1 

g tomato_Petiole
s off

usemtl tomato_Petiole

# 18 vertices
v 344.337 121.8393 27.5945
v 343.7216 122.7183 27.5244
v 343.4514 121.9159 28.1997
v 344.796 122.2104 28.2192
v 344.1806 123.0895 28.1491
v 343.9104 122.287 28.8243
v 344.796 122.2104 28.2192
v 344.1806 123.0895 28.1491
v 343.9104 122.287 28.8243
v 345.2636 122.5641 28.8265
v 344.6606 123.4529 28.7729
v 344.3904 122.6504 29.4482
v 345.2636 122.5641 28.8265
v 344.6606 123.4529 28.7729
v 344.3904 122.6504 29.4482
v 345.7475 122.9068 29.4274
v 345.1573 123.805 29.3901
v 344.8871 123.0025 30.06541

# 18 faces
f -18 -15 -17 
f -17 -15 -14 
f -17 -14 -16 
f -16 -14 -13 
f -16 -13 -18 
f -18 -13 -15 
f -12 -9 -11 
f -11 -9 -8 
f -11 -8 -10 
f -10 -8 -7 
f -10 -7 -12 
f -12 -7 -9 
f -6 -3 -5 
f -5 -3 -2 
f -5 -2 -4 
f -4 -2 -1 
f -4 -1 -6 
f -6 -1 -3 

g tomato_Petiole
s off

usemtl tomato_Petiole

# 18 vertices
v 345.3481 123.1805 29.5928
v 345.2558 123.3476 29.6046
v 345.1824 123.1902 29.6878
v 346.1049 123.5074 30.8795
v 346.0127 123.6744 30.8914
v 345.9392 123.517 30.9745
v 346.1049 123.5074 30.8795
v 346.0127 123.6744 30.8914
v 345.9392 123.517 30.9745
v 346.6975 123.5209 32.2881
v 346.6158 123.6906 32.3209
v 346.5214 123.5279 32.3621
v 346.6975 123.5209 32.2881
v 346.6158 123.6906 32.3209
v 346.5214 123.5279 32.3621
v 347.0904 123.2203 33.734
v 347.0163 123.3878 33.789
v 346.9066 123.2296 33.7859

# 18 faces
f -18 -15 -17 
f -17 -15 -14 
f -17 -14 -16 
f -16 -14 -13 
f -16 -13 -18 
f -18 -13 -15 
f -12 -9 -11 
f -11 -9 -8 
f -11 -8 -10 
f -10 -8 -7 
f -10 -7 -12 
f -12 -7 -9 
f -6 -3 -5 
f -5 -3 -2 
f -5 -2 -4 
f -4 -2 -1 
f -4 -1 -6 
f -6 -1 -3 

g tomato_Leaf
s off

usemtl tomato_Leaf

# 12 vertices
v 347.004 123.2795 33.7698
v 352.985 127.3634 53.1989
v 351.0059 120.3008 52.4985
v 355.5631 125.3466 60.6079
v 352.6214 119.0983 60.05876
v 353.6032 122.2199 60.1614
v 361.2342 118.8467 64.8028
v 352.3138 124.304 52.8557
v 354.4268 115.5837 59.114
v 356.5119 113.6501 58.5449
v 352.5934 115.3252 51.552
v 354.6765 112.8945 50.7202

# 16 faces
f -10 -11 -12 
f -10 -12 -11 
f -8 -9 -10 
f -8 -10 -9 
f -8 -6 -7 
f -8 -7 -6 
f -10 -9 -5 
f -10 -5 -9 
f -8 -4 -6 
f -8 -6 -4 
f -10 -3 -8 
f -10 -8 -3 
f -2 -3 -10 
f -2 -10 -3 
f -12 -1 -10 
f -12 -10 -1 

g tomato_Petiole
s off

usemtl tomato_Petiole

# 18 vertices
v 345.3481 123.1805 29.5928
v 345.2417 123.3392 29.5845
v 345.1964 123.1985 29.7079
v 346.2329 123.8287 30.6569
v 346.1266 123.9874 30.6486
v 346.0812 123.8467 30.772
v 346.2329 123.8287 30.6569
v 346.1266 123.9874 30.6486
v 346.0812 123.8467 30.772
v 347.1263 124.5041 31.6967
v 347.0186 124.6618 31.6867
v 346.976 124.5231 31.8134
v 347.1263 124.5041 31.6967
v 347.0186 124.6618 31.6867
v 346.976 124.5231 31.8134
v 348.0277 125.2063 32.7114
v 347.9186 125.3629 32.6999
v 347.8788 125.2264 32.8298

# 18 faces
f -18 -15 -17 
f -17 -15 -14 
f -17 -14 -16 
f -16 -14 -13 
f -16 -13 -18 
f -18 -13 -15 
f -12 -9 -11 
f -11 -9 -8 
f -11 -8 -10 
f -10 -8 -7 
f -10 -7 -12 
f -12 -7 -9 
f -6 -3 -5 
f -5 -3 -2 
f -5 -2 -4 
f -4 -2 -1 
f -4 -1 -6 
f -6 -1 -3 

g tomato_Leaf
s off

usemtl tomato_Leaf

# 12 vertices
v 347.9413 125.2655 32.7472
v 357.7157 141.097 41.8996
v 358.3293 134.9593 45.9295
v 363.0044 144.3832 47.08011
v 362.5227 138.8724 51.2507
v 362.2816 141.4682 49.2704
v 371.6487 142.5135 50.7934
v 358.1327 138.4331 43.5299
v 365.0957 135.7405 51.5262
v 367.4555 134.1011 51.1336
v 361.2417 130.6665 47.05267
v 363.6995 128.4773 46.7257

# 16 faces
f -10 -11 -12 
f -10 -12 -11 
f -8 -9 -10 
f -8 -10 -9 
f -8 -6 -7 
f -8 -7 -6 
f -10 -9 -5 
f -10 -5 -9 
f -8 -4 -6 
f -8 -6 -4 
f -10 -3 -8 
f -10 -8 -3 
f -2 -3 -10 
f -2 -10 -3 
f -12 -1 -10 
f -12 -10 -1 

g tomato_Intrnd
s off

usemtl tomato_Intrnd

# 18 vertices
v 347.4597 101.6337 4.7429
v 346.6023 101.9087 3.4311
v 346.1895 100.7274 4.4319
v 344.9229 104.4198 6.9851
v 344.0655 104.6948 5.6733
v 343.6527 103.5135 6.6741
v 344.9229 104.4198 6.9851
v 344.0655 104.6948 5.6733
v 343.6527 103.5135 6.6741
v 343.4993 107.2098 9.691
v 342.4683 107.7291 8.5961
v 342.0555 106.5479 9.5969
v 343.4993 107.2098 9.691
v 342.4683 107.7291 8.5961
v 342.0555 106.5479 9.5969
v 343.124 109.9499 12.7706
v 342.0091 110.7189 11.9356
v 341.5963 109.5376 12.9364

# 18 faces
f -18 -15 -17 
f -17 -15 -14 
f -17 -14 -16 
f -16 -14 -13 
f -16 -13 -18 
f -18 -13 -15 
f -12 -9 -11 
f -11 -9 -8 
f -11 -8 -10 
f -10 -8 -7 
f -10 -7 -12 
f -12 -7 -9 
f -6 -3 -5 
f -5 -3 -2 
f -5 -2 -4 
f -4 -2 -1 
f -4 -1 -6 
f -6 -1 -3 

g tomato_Petiole
s off

usemtl tomato_Petiole

# 18 vertices
v 342.59 109.9522 12.553
v 342.1489 110.3645 12.3422
v 341.983 109.8897 12.7445
v 343.5349 113.003 16.5437
v 343.0938 113.4153 16.3329
v 342.9279 112.9405 16.7352
v 343.5349 113.003 16.5437
v 343.0938 113.4153 16.3329
v 342.9279 112.9405 16.7352
v 345.8113 115.3936 20.3043
v 345.4225 115.8942 20.2191
v 345.2565 115.4193 20.6214
v 345.8113 115.3936 20.3043
v 345.4225 115.8942 20.2191
v 345.2565 115.4193 20.6214
v 349.228 116.9873 23.5946
v 348.9319 117.5534 23.6251
v 348.766 117.0786 24.02742

# 18 faces
f -18 -15 -17 
f -17 -15 -14 
f -17 -14 -16 
f -16 -14 -13 
f -16 -13 -18 
f -18 -13 -15 
f -12 -9 -11 
f -11 -9 -8 
f -11 -8 -10 
f -10 -8 -7 
f -10 -7 -12 
f -12 -7 -9 
f -6 -3 -5 
f -5 -3 -2 
f -5 -2 -4 
f -4 -2 -1 
f -4 -1 -6 
f -6 -1 -3 

g tomato_Petiole
s off

usemtl tomato_Petiole

# 18 vertices
v 349.2152 116.9814 23.5831
v 348.9329 117.5537 23.6256
v 348.7777 117.0841 24.03824
v 349.583 117.1392 23.901
v 349.3007 117.7115 23.9435
v 349.1455 117.2419 24.3561
v 349.583 117.1392 23.901
v 349.3007 117.7115 23.9435
v 349.1455 117.2419 24.3561
v 349.9561 117.285 24.1883
v 349.6882 117.8632 24.2421
v 349.5445 117.3986 24.6644
v 349.9561 117.285 24.1883
v 349.6882 117.8632 24.2421
v 349.5445 117.3986 24.6644
v 350.3463 117.4241 24.4557
v 350.0934 118.008 24.52
v 349.9617 117.5482 24.9514

# 18 faces
f -18 -15 -17 
f -17 -15 -14 
f -17 -14 -16 
f -16 -14 -13 
f -16 -13 -18 
f -18 -13 -15 
f -12 -9 -11 
f -11 -9 -8 
f -11 -8 -10 
f -10 -8 -7 
f -10 -7 -12 
f -12 -7 -9 
f -6 -3 -5 
f -5 -3 -2 
f -5 -2 -4 
f -4 -2 -1 
f -4 -1 -6 
f -6 -1 -3 

g tomato_Petiole
s off

usemtl tomato_Petiole

# 18 vertices
v 350.1553 117.6362 24.6234
v 350.1205 117.6941 24.6258
v 350.1228 117.6531 24.6802
v 350.5965 117.8944 24.7991
v 350.5616 117.9523 24.8015
v 350.5639 117.9114 24.8559
v 350.5965 117.8944 24.7991
v 350.5616 117.9523 24.8015
v 350.5639 117.9114 24.8559
v 351.0133 118.2359 24.8419
v 350.9705 118.2882 24.8423
v 350.9888 118.2585 24.9008
v 351.0133 118.2359 24.8419
v 350.9705 118.2882 24.8423
v 350.9888 118.2585 24.9008
v 351.37 118.6311 24.7482
v 351.3199 118.6765 24.749
v 351.3527 118.6606 24.8066

# 18 faces
f -18 -15 -17 
f -17 -15 -14 
f -17 -14 -16 
f -16 -14 -13 
f -16 -13 -18 
f -18 -13 -15 
f -12 -9 -11 
f -11 -9 -8 
f -11 -8 -10 
f -10 -8 -7 
f -10 -7 -12 
f -12 -7 -9 
f -6 -3 -5 
f -5 -3 -2 
f -5 -2 -4 
f -4 -2 -1 
f -4 -1 -6 
f -6 -1 -3 

g tomato_Leaf
s off

usemtl tomato_Leaf

# 12 vertices
v 351.3474 118.6562 24.768
v 357.2413 127.9711 19.2392
v 359.7123 126.2289 22.4111
v 361.1413 130.5374 18.05146
v 363.089 129.2857 21.4597
v 361.9523 129.9312 20.01668
v 366.6536 129.7055 16.8403
v 358.3395 127.157 20.521
v 364.7352 127.528 21.6552
v 365.8645 126.3029 21.2096
v 361.9588 124.1401 23.1559
v 363.222 122.6581 22.8775

# 16 faces
f -10 -11 -12 
f -10 -12 -11 
f -8 -9 -10 
f -8 -10 -9 
f -8 -6 -7 
f -8 -7 -6 
f -10 -9 -5 
f -10 -5 -9 
f -8 -4 -6 
f -8 -6 -4 
f -10 -3 -8 
f -10 -8 -3 
f -2 -3 -10 
f -2 -10 -3 
f -12 -1 -10 
f -12 -10 -1 

g tomato_Petiole
s off

usemtl tomato_Petiole

# 18 vertices
v 350.3316 117.4189 24.4464
v 350.0943 118.0083 24.5204
v 349.9752 117.5531 24.9602
v 350.7522 117.5561 24.7023
v 350.515 118.1454 24.7763
v 350.3958 117.6902 25.2161
v 350.7522 117.5561 24.7023
v 350.515 118.1454 24.7763
v 350.3958 117.6902 25.2161
v 351.1727 117.6806 24.9274
v 350.9518 118.2751 25.01031
v 350.8457 117.8243 25.4579
v 351.1727 117.6806 24.9274
v 350.9518 118.2751 25.01031
v 350.8457 117.8243 25.4579
v 351.6066 117.7972 25.1303
v 351.4025 118.3965 25.2212
v 351.3098 117.9498 25.6759

# 18 faces
f -18 -15 -17 
f -17 -15 -14 
f -17 -14 -16 
f -16 -14 -13 
f -16 -13 -18 
f -18 -13 -15 
f -12 -9 -11 
f -11 -9 -8 
f -11 -8 -10 
f -10 -8 -7 
f -10 -7 -12 
f -12 -7 -9 
f -6 -3 -5 
f -5 -3 -2 
f -5 -2 -4 
f -4 -2 -1 
f -4 -1 -6 
f -6 -1 -3 

g tomato_Petiole
s off

usemtl tomato_Petiole

# 18 vertices
v 351.4566 118.0224 25.3209
v 351.4421 118.0871 25.3347
v 351.4181 118.0373 25.3745
v 351.899 118.0557 25.6298
v 351.8845 118.1203 25.6435
v 351.8604 118.0706 25.6833
v 351.899 118.0557 25.6298
v 351.8845 118.1203 25.6435
v 351.8604 118.0706 25.6833
v 352.2817 117.9921 26.00616
v 352.2737 118.0565 26.02523
v 352.2368 118.0072 26.05441
v 352.2817 117.9921 26.00616
v 352.2737 118.0565 26.02523
v 352.2368 118.0072 26.05441
v 352.5818 117.8353 26.4275
v 352.5791 117.898 26.4527
v 352.5316 117.8521 26.4695

# 18 faces
f -18 -15 -17 
f -17 -15 -14 
f -17 -14 -16 
f -16 -14 -13 
f -16 -13 -18 
f -18 -13 -15 
f -12 -9 -11 
f -11 -9 -8 
f -11 -8 -10 
f -10 -8 -7 
f -10 -7 -12 
f -12 -7 -9 
f -6 -3 -5 
f -5 -3 -2 
f -5 -2 -4 
f -4 -2 -1 
f -4 -1 -6 
f -6 -1 -3 

g tomato_Leaf
s off

usemtl tomato_Leaf

# 12 vertices
v 352.5641 117.8619 26.45
v 361.9418 117.0234 34.4143
v 359.2754 113.5651 34.7787
v 364.8831 114.6676 37.4151
v 361.9845 111.8306 38.1408
v 363.1529 113.3592 37.8415
v 367.3684 109.5554 37.8977
v 360.8626 115.4935 34.4945
v 361.796 109.6314 37.1581
v 362.1915 108.2159 36.2555
v 358.6672 110.5993 33.8851
v 358.8773 108.9352 32.8573

# 16 faces
f -10 -11 -12 
f -10 -12 -11 
f -8 -9 -10 
f -8 -10 -9 
f -8 -6 -7 
f -8 -7 -6 
f -10 -9 -5 
f -10 -5 -9 
f -8 -4 -6 
f -8 -6 -4 
f -10 -3 -8 
f -10 -8 -3 
f -2 -3 -10 
f -2 -10 -3 
f -12 -1 -10 
f -12 -10 -1 

g tomato_Petiole
s off

usemtl tomato_Petiole

# 18 vertices
v 351.5904 117.7929 25.1234
v 351.4035 118.3967 25.2214
v 351.3248 117.9539 25.6825
v 352.0525 117.9056 25.3104
v 351.8656 118.5094 25.4085
v 351.787 118.0666 25.8696
v 352.0525 117.9056 25.3104
v 351.8656 118.5094 25.4085
v 351.787 118.0666 25.8696
v 352.5091 118.0054 25.4673
v 352.3399 118.6133 25.5715
v 352.2755 118.1741 26.0383
v 352.5091 118.0054 25.4673
v 352.3399 118.6133 25.5715
v 352.2755 118.1741 26.0383
v 352.975 118.0962 25.6003
v 352.8239 118.708 25.7099
v 352.7742 118.2721 26.1815

# 18 faces
f -18 -15 -17 
f -17 -15 -14 
f -17 -14 -16 
f -16 -14 -13 
f -16 -13 -18 
f -18 -13 -15 
f -12 -9 -11 
f -11 -9 -8 
f -11 -8 -10 
f -10 -8 -7 
f -10 -7 -12 
f -12 -7 -9 
f -6 -3 -5 
f -5 -3 -2 
f -5 -2 -4 
f -4 -2 -1 
f -4 -1 -6 
f -6 -1 -3 

g tomato_Petiole
s off

usemtl tomato_Petiole

# 18 vertices
v 352.8696 118.3321 25.8072
v 352.8441 118.394 25.8172
v 352.8578 118.3535 25.8703
v 353.3704 118.534 25.8322
v 353.345 118.5958 25.8422
v 353.3586 118.5554 25.8953
v 353.3704 118.534 25.8322
v 353.345 118.5958 25.8422
v 353.3586 118.5554 25.8953
v 353.8182 118.8203 25.7338
v 353.7839 118.8776 25.7445
v 353.8153 118.8463 25.7962
v 353.8182 118.8203 25.7338
v 353.7839 118.8776 25.7445
v 353.8153 118.8463 25.7962
v 354.1744 119.1664 25.5206
v 354.1326 119.2178 25.5342
v 354.179 119.1983 25.5801

# 18 faces
f -18 -15 -17 
f -17 -15 -14 
f -17 -14 -16 
f -16 -14 -13 
f -16 -13 -18 
f -18 -13 -15 
f -12 -9 -11 
f -11 -9 -8 
f -11 -8 -10 
f -10 -8 -7 
f -10 -7 -12 
f -12 -7 -9 
f -6 -3 -5 
f -5 -3 -2 
f -5 -2 -4 
f -4 -2 -1 
f -4 -1 -6 
f -6 -1 -3 

g tomato_Leaf
s off

usemtl tomato_Leaf

# 12 vertices
v 354.162 119.1943 25.5451
v 359.1852 127.6423 18.09714
v 362.2693 125.628 20.4705
v 362.8244 129.6846 15.6905
v 365.542 128.225 18.422
v 364.1096 128.9971 17.3527
v 367.5812 128.152 12.9395
v 360.5128 126.7066 19.03177
v 366.9512 126.2749 18.2011
v 367.7419 124.9131 17.4975
v 364.3723 123.278 20.6109
v 365.3094 121.6459 20.03879

# 16 faces
f -10 -11 -12 
f -10 -12 -11 
f -8 -9 -10 
f -8 -10 -9 
f -8 -6 -7 
f -8 -7 -6 
f -10 -9 -5 
f -10 -5 -9 
f -8 -4 -6 
f -8 -6 -4 
f -10 -3 -8 
f -10 -8 -3 
f -2 -3 -10 
f -2 -10 -3 
f -12 -1 -10 
f -12 -10 -1 

g tomato_Petiole
s off

usemtl tomato_Petiole

# 18 vertices
v 352.975 118.0962 25.6003
v 352.8313 118.7094 25.7121
v 352.7667 118.2707 26.1793
v 353.4568 118.1822 25.7477
v 353.3131 118.7954 25.8595
v 353.2485 118.3568 26.3267
v 353.4568 118.1822 25.7477
v 353.3131 118.7954 25.8595
v 353.2485 118.3568 26.3267
v 353.9372 118.2597 25.9041
v 353.801 118.8741 26.0183
v 353.7215 118.4329 26.4808
v 353.9372 118.2597 25.9041
v 353.801 118.8741 26.0183
v 353.7215 118.4329 26.4808
v 354.4159 118.3285 26.06958
v 354.2871 118.944 26.1861
v 354.1928 118.5006 26.6437

# 18 faces
f -18 -15 -17 
f -17 -15 -14 
f -17 -14 -16 
f -16 -14 -13 
f -16 -13 -18 
f -18 -13 -15 
f -12 -9 -11 
f -11 -9 -8 
f -11 -8 -10 
f -10 -8 -7 
f -10 -7 -12 
f -12 -7 -9 
f -6 -3 -5 
f -5 -3 -2 
f -5 -2 -4 
f -4 -2 -1 
f -4 -1 -6 
f -6 -1 -3 

g tomato_Petiole
s off

usemtl tomato_Petiole

# 18 vertices
v 354.3105 118.5644 26.2764
v 354.3059 118.6298 26.293
v 354.2779 118.5823 26.3329
v 354.7719 118.526 26.5553
v 354.7674 118.5915 26.5718
v 354.7393 118.5439 26.6117
v 354.7719 118.526 26.5553
v 354.7674 118.5915 26.5718
v 354.7393 118.5439 26.6117
v 355.1489 118.3798 26.914
v 355.1522 118.4435 26.9366
v 355.1084 118.3994 26.9645
v 355.1489 118.3798 26.914
v 355.1522 118.4435 26.9366
v 355.1084 118.3994 26.9645
v 355.4089 118.1384 27.3218
v 355.4181 118.1984 27.3515
v 355.3625 118.1616 27.3652

# 18 faces
f -18 -15 -17 
f -17 -15 -14 
f -17 -14 -16 
f -16 -14 -13 
f -16 -13 -18 
f -18 -13 -15 
f -12 -9 -11 
f -11 -9 -8 
f -11 -8 -10 
f -10 -8 -7 
f -10 -7 -12 
f -12 -7 -9 
f -6 -3 -5 
f -5 -3 -2 
f -5 -2 -4 
f -4 -2 -1 
f -4 -1 -6 
f -6 -1 -3 

g tomato_Leaf
s off

usemtl tomato_Leaf

# 12 vertices
v 355.3964 118.1662 27.3463
v 364.3559 114.9617 35.1905
v 361.0665 112.0693 35.3181
v 366.7556 111.8732 38.00287
v 363.3553 109.6082 38.536
v 364.8006 110.8984 38.3419
v 368.1984 106.355 38.1082
v 363.0 113.6684 35.1658
v 362.7538 107.5626 37.3995
v 362.8763 106.165 36.3963
v 359.9039 109.3488 34.2173
v 359.7975 107.7528 33.07234

# 16 faces
f -10 -11 -12 
f -10 -12 -11 
f -8 -9 -10 
f -8 -10 -9 
f -8 -6 -7 
f -8 -7 -6 
f -10 -9 -5 
f -10 -5 -9 
f -8 -4 -6 
f -8 -6 -4 
f -10 -3 -8 
f -10 -8 -3 
f -2 -3 -10 
f -2 -10 -3 
f -12 -1 -10 
f -12 -10 -1 

g tomato_Petiole
s off

usemtl tomato_Petiole

# 18 vertices
v 354.3105 118.5644 26.2764
v 354.2961 118.6294 26.2885
v 354.2877 118.5827 26.3374
v 354.8185 118.6463 26.4419
v 354.8041 118.7113 26.4539
v 354.7957 118.6646 26.5028
v 354.8185 118.6463 26.4419
v 354.8041 118.7113 26.4539
v 354.7957 118.6646 26.5028
v 355.328 118.7373 26.5977
v 355.3129 118.8021 26.6095
v 355.306 118.7557 26.6589
v 355.328 118.7373 26.5977
v 355.3129 118.8021 26.6095
v 355.306 118.7557 26.6589
v 355.8387 118.8372 26.7439
v 355.8228 118.9019 26.7555
v 355.8175 118.8558 26.8054

# 18 faces
f -18 -15 -17 
f -17 -15 -14 
f -17 -14 -16 
f -16 -14 -13 
f -16 -13 -18 
f -18 -13 -15 
f -12 -9 -11 
f -11 -9 -8 
f -11 -8 -10 
f -10 -8 -7 
f -10 -7 -12 
f -12 -7 -9 
f -6 -3 -5 
f -5 -3 -2 
f -5 -2 -4 
f -4 -2 -1 
f -4 -1 -6 
f -6 -1 -3 

g tomato_Leaf
s off

usemtl tomato_Leaf

# 12 vertices
v 355.8263 118.8651 26.7684
v 367.2252 123.5698 26.8368
v 367.0097 119.9742 29.3323
v 371.987 123.3849 27.5418
v 371.5241 120.4219 30.3672
v 371.5382 121.955 29.167
v 376.2835 119.6642 27.05133
v 367.1592 121.973 27.8153
v 371.8277 118.0432 30.0718
v 372.2525 116.5373 29.3459
v 367.3938 116.8448 29.4858
v 367.7267 115.0233 28.8217

# 16 faces
f -10 -11 -12 
f -10 -12 -11 
f -8 -9 -10 
f -8 -10 -9 
f -8 -6 -7 
f -8 -7 -6 
f -10 -9 -5 
f -10 -5 -9 
f -8 -4 -6 
f -8 -6 -4 
f -10 -3 -8 
f -10 -8 -3 
f -2 -3 -10 
f -2 -10 -3 
f -12 -1 -10 
f -12 -10 -1 

g tomato_Intrnd
s off

usemtl tomato_Intrnd

# 18 vertices
v 342.6793 109.9519 12.5895
v 342.1245 110.4209 12.2765
v 341.9193 109.8336 12.7741
v 342.8777 111.3144 14.2795
v 342.3229 111.7834 13.9666
v 342.1177 111.1961 14.4641
v 342.8777 111.3144 14.2795
v 342.3229 111.7834 13.9666
v 342.1177 111.1961 14.4641
v 343.4648 112.4881 15.907
v 342.9348 113.037 15.6986
v 342.7296 112.4497 16.1962
v 343.4648 112.4881 15.907
v 342.9348 113.037 15.6986
v 342.7296 112.4497 16.1962
v 344.4177 113.4858 17.4777
v 343.9368 114.1049 17.3724
v 343.7315 113.5176 17.87

# 18 faces
f -18 -15 -17 
f -17 -15 -14 
f -17 -14 -16 
f -16 -14 -13 
f -16 -13 -18 
f -18 -13 -15 
f -12 -9 -11 
f -11 -9 -8 
f -11 -8 -10 
f -10 -8 -7 
f -10 -7 -12 
f -12 -7 -9 
f -6 -3 -5 
f -5 -3 -2 
f -5 -2 -4 
f -4 -2 -1 
f -4 -1 -6 
f -6 -1 -3 

g tomato_Petiole
s off

usemtl tomato_Petiole

# 18 vertices
v 344.1714 113.5785 17.4854
v 344.0028 113.9008 17.5028
v 343.9083 113.6304 17.7319
v 346.1523 114.511 19.4031
v 345.9838 114.8333 19.4205
v 345.8893 114.5629 19.6496
v 346.1523 114.511 19.4031
v 345.9838 114.8333 19.4205
v 345.8893 114.5629 19.6496
v 348.5796 114.8865 20.8476
v 348.4825 115.2301 20.9194
v 348.388 114.9597 21.1485
v 348.5796 114.8865 20.8476
v 348.4825 115.2301 20.9194
v 348.388 114.9597 21.1485
v 351.2796 114.6978 21.7384
v 351.2664 115.0447 21.8487
v 351.1719 114.7743 22.07785

# 18 faces
f -18 -15 -17 
f -17 -15 -14 
f -17 -14 -16 
f -16 -14 -13 
f -16 -13 -18 
f -18 -13 -15 
f -12 -9 -11 
f -11 -9 -8 
f -11 -8 -10 
f -10 -8 -7 
f -10 -7 -12 
f -12 -7 -9 
f -6 -3 -5 
f -5 -3 -2 
f -5 -2 -4 
f -4 -2 -1 
f -4 -1 -6 
f -6 -1 -3 

g tomato_Petiole
s off

usemtl tomato_Petiole

# 18 vertices
v 351.2844 114.6974 21.7402
v 351.2682 115.0445 21.8493
v 351.1652 114.7748 22.07554
v 351.5567 114.6783 21.8413
v 351.5405 115.0254 21.9505
v 351.4375 114.7557 22.1767
v 351.5567 114.6783 21.8413
v 351.5405 115.0254 21.9505
v 351.4375 114.7557 22.1767
v 351.83 114.6584 21.9538
v 351.8108 115.0058 22.06174
v 351.6995 114.7367 22.2847
v 351.83 114.6584 21.9538
v 351.8108 115.0058 22.06174
v 351.6995 114.7367 22.2847
v 352.0992 114.6381 22.07575
v 352.0771 114.9857 22.1822
v 351.9575 114.7173 22.4017

# 18 faces
f -18 -15 -17 
f -17 -15 -14 
f -17 -14 -16 
f -16 -14 -13 
f -16 -13 -18 
f -18 -13 -15 
f -12 -9 -11 
f -11 -9 -8 
f -11 -8 -10 
f -10 -8 -7 
f -10 -7 -12 
f -12 -7 -9 
f -6 -3 -5 
f -5 -3 -2 
f -5 -2 -4 
f -4 -2 -1 
f -4 -1 -6 
f -6 -1 -3 

g tomato_Petiole
s off

usemtl tomato_Petiole

# 18 vertices
v 352.0476 114.7724 22.2118
v 352.044 114.7933 22.2174
v 352.0414 114.7772 22.2323
v 352.2156 114.7888 22.2593
v 352.212 114.8097 22.2648
v 352.2094 114.7936 22.2797
v 352.2156 114.7888 22.2593
v 352.212 114.8097 22.2648
v 352.2094 114.7936 22.2797
v 352.384 114.8328 22.2796
v 352.3781 114.8533 22.2847
v 352.3801 114.838 22.3006
v 352.384 114.8328 22.2796
v 352.3781 114.8533 22.2847
v 352.3801 114.838 22.3006
v 352.5447 114.9023 22.272
v 352.5365 114.922 22.277
v 352.5432 114.9083 22.293

# 18 faces
f -18 -15 -17 
f -17 -15 -14 
f -17 -14 -16 
f -16 -14 -13 
f -16 -13 -18 
f -18 -13 -15 
f -12 -9 -11 
f -11 -9 -8 
f -11 -8 -10 
f -10 -8 -7 
f -10 -7 -12 
f -12 -7 -9 
f -6 -3 -5 
f -5 -3 -2 
f -5 -2 -4 
f -4 -2 -1 
f -4 -1 -6 
f -6 -1 -3 

g tomato_Leaf
s off

usemtl tomato_Leaf

# 12 vertices
v 352.5414 114.9109 22.2807
v 358.0745 118.6389 20.09039
v 358.7996 116.7522 21.5535
v 360.742 119.034 19.5876
v 361.3258 117.4954 21.2599
v 360.9511 118.2847 20.5773
v 363.3365 117.3422 18.6085
v 358.3891 117.7965 20.6648
v 361.6942 116.1797 21.09829
v 361.9542 115.3386 20.6629
v 359.3729 115.0505 21.6352
v 359.6299 114.0278 21.2573

# 16 faces
f -10 -11 -12 
f -10 -12 -11 
f -8 -9 -10 
f -8 -10 -9 
f -8 -6 -7 
f -8 -7 -6 
f -10 -9 -5 
f -10 -5 -9 
f -8 -4 -6 
f -8 -6 -4 
f -10 -3 -8 
f -10 -8 -3 
f -2 -3 -10 
f -2 -10 -3 
f -12 -1 -10 
f -12 -10 -1 

g tomato_Petiole
s off

usemtl tomato_Petiole

# 18 vertices
v 352.0945 114.6385 22.07367
v 352.0794 114.9855 22.1832
v 351.9598 114.7171 22.4027
v 352.3608 114.6138 22.1885
v 352.3457 114.9607 22.2981
v 352.2261 114.6924 22.5176
v 352.3608 114.6138 22.1885
v 352.3457 114.9607 22.2981
v 352.2261 114.6924 22.5176
v 352.6239 114.5847 22.2963
v 352.616 114.9309 22.409
v 352.4964 114.6625 22.6284
v 352.6239 114.5847 22.2963
v 352.616 114.9309 22.409
v 352.4964 114.6625 22.6284
v 352.8885 114.5508 22.3992
v 352.8877 114.8962 22.5147
v 352.7681 114.6279 22.7342

# 18 faces
f -18 -15 -17 
f -17 -15 -14 
f -17 -14 -16 
f -16 -14 -13 
f -16 -13 -18 
f -18 -13 -15 
f -12 -9 -11 
f -11 -9 -8 
f -11 -8 -10 
f -10 -8 -7 
f -10 -7 -12 
f -12 -7 -9 
f -6 -3 -5 
f -5 -3 -2 
f -5 -2 -4 
f -4 -2 -1 
f -4 -1 -6 
f -6 -1 -3 

g tomato_Petiole
s off

usemtl tomato_Petiole

# 18 vertices
v 352.8503 114.6838 22.541
v 352.8529 114.704 22.5492
v 352.8405 114.6891 22.5598
v 352.9914 114.6296 22.6298
v 352.994 114.6498 22.638
v 352.9816 114.6349 22.6486
v 352.9914 114.6296 22.6298
v 352.994 114.6498 22.638
v 352.9816 114.6349 22.6486
v 353.1012 114.5459 22.7378
v 353.1059 114.5649 22.7477
v 353.0892 114.5524 22.755
v 353.1012 114.5459 22.7378
v 353.1059 114.5649 22.7477
v 353.0892 114.5524 22.755
v 353.1716 114.4388 22.8573
v 353.1778 114.4561 22.8691
v 353.1581 114.4469 22.8725

# 18 faces
f -18 -15 -17 
f -17 -15 -14 
f -17 -14 -16 
f -16 -14 -13 
f -16 -13 -18 
f -18 -13 -15 
f -12 -9 -11 
f -11 -9 -8 
f -11 -8 -10 
f -10 -8 -7 
f -10 -7 -12 
f -12 -7 -9 
f -6 -3 -5 
f -5 -3 -2 
f -5 -2 -4 
f -4 -2 -1 
f -4 -1 -6 
f -6 -1 -3 

g tomato_Leaf
s off

usemtl tomato_Leaf

# 12 vertices
v 353.1692 114.4473 22.8663
v 357.9128 111.0351 26.7606
v 355.752 109.7886 26.7016
v 358.9407 108.8298 28.02729
v 356.7946 107.908 28.2498
v 357.7443 108.478 28.1995
v 359.1224 105.6139 27.6057
v 357.0096 110.4719 26.6847
v 356.2118 106.9393 27.4656
v 356.1082 106.2377 26.7862
v 354.7803 108.5058 25.9008
v 354.5245 107.7317 25.1327

# 16 faces
f -10 -11 -12 
f -10 -12 -11 
f -8 -9 -10 
f -8 -10 -9 
f -8 -6 -7 
f -8 -7 -6 
f -10 -9 -5 
f -10 -5 -9 
f -8 -4 -6 
f -8 -6 -4 
f -10 -3 -8 
f -10 -8 -3 
f -2 -3 -10 
f -2 -10 -3 
f -12 -1 -10 
f -12 -10 -1 

g tomato_Petiole
s off

usemtl tomato_Petiole

# 18 vertices
v 352.8837 114.5515 22.3974
v 352.8901 114.8959 22.5156
v 352.7704 114.6275 22.7351
v 353.1544 114.5123 22.497
v 353.1607 114.8568 22.6152
v 353.0411 114.5884 22.8347
v 353.1544 114.5123 22.497
v 353.1607 114.8568 22.6152
v 353.0411 114.5884 22.8347
v 353.4214 114.4691 22.5897
v 353.4349 114.8125 22.7105
v 353.3152 114.5441 22.93
v 353.4214 114.4691 22.5897
v 353.4349 114.8125 22.7105
v 353.3152 114.5441 22.93
v 353.6893 114.4213 22.6772
v 353.7101 114.7634 22.8004
v 353.5904 114.495 23.01996

# 18 faces
f -18 -15 -17 
f -17 -15 -14 
f -17 -14 -16 
f -16 -14 -13 
f -16 -13 -18 
f -18 -13 -15 
f -12 -9 -11 
f -11 -9 -8 
f -11 -8 -10 
f -10 -8 -7 
f -10 -7 -12 
f -12 -7 -9 
f -6 -3 -5 
f -5 -3 -2 
f -5 -2 -4 
f -4 -2 -1 
f -4 -1 -6 
f -6 -1 -3 

g tomato_Petiole
s off

usemtl tomato_Petiole

# 18 vertices
v 353.6647 114.5522 22.8239
v 353.6631 114.573 22.8306
v 353.6616 114.5564 22.8452
v 353.8383 114.5581 22.8476
v 353.8366 114.5789 22.8544
v 353.8352 114.5624 22.8689
v 353.8383 114.5581 22.8476
v 353.8366 114.5789 22.8544
v 353.8352 114.5624 22.8689
v 354.0085 114.5989 22.8398
v 354.0039 114.6193 22.8464
v 354.0084 114.6036 22.8612
v 354.0085 114.5989 22.8398
v 354.0039 114.6193 22.8464
v 354.0084 114.6036 22.8612
v 354.1632 114.6716 22.8008
v 354.1558 114.691 22.8078
v 354.1659 114.6772 22.8219

# 18 faces
f -18 -15 -17 
f -17 -15 -14 
f -17 -14 -16 
f -16 -14 -13 
f -16 -13 -18 
f -18 -13 -15 
f -12 -9 -11 
f -11 -9 -8 
f -11 -8 -10 
f -10 -8 -7 
f -10 -7 -12 
f -12 -7 -9 
f -6 -3 -5 
f -5 -3 -2 
f -5 -2 -4 
f -4 -2 -1 
f -4 -1 -6 
f -6 -1 -3 

g tomato_Leaf
s off

usemtl tomato_Leaf

# 12 vertices
v 354.1616 114.68 22.8102
v 359.0695 118.5527 19.6125
v 360.1083 116.6549 20.8557
v 361.5706 119.0083 18.5824
v 362.5088 117.4521 20.06671
v 361.9899 118.2458 19.4922
v 363.9348 117.3847 17.057
v 359.5082 117.7065 20.09236
v 362.8564 116.1468 19.8051
v 363.0345 115.3187 19.3081
v 360.7123 114.9635 20.7821
v 360.902 113.9528 20.338

# 16 faces
f -10 -11 -12 
f -10 -12 -11 
f -8 -9 -10 
f -8 -10 -9 
f -8 -6 -7 
f -8 -7 -6 
f -10 -9 -5 
f -10 -5 -9 
f -8 -4 -6 
f -8 -6 -4 
f -10 -3 -8 
f -10 -8 -3 
f -2 -3 -10 
f -2 -10 -3 
f -12 -1 -10 
f -12 -10 -1 

g tomato_Petiole
s off

usemtl tomato_Petiole

# 18 vertices
v 353.6893 114.4213 22.6772
v 353.7101 114.7634 22.8004
v 353.5904 114.495 23.01996
v 353.962 114.3726 22.7664
v 353.9828 114.7147 22.8896
v 353.8632 114.4463 23.1091
v 353.962 114.3726 22.7664
v 353.9828 114.7147 22.8896
v 353.8632 114.4463 23.1091
v 354.2348 114.324 22.8556
v 354.2556 114.6661 22.9787
v 354.1359 114.3977 23.1982
v 354.2348 114.324 22.8556
v 354.2556 114.6661 22.9787
v 354.1359 114.3977 23.1982
v 354.5076 114.2753 22.9447
v 354.5284 114.6174 23.06796
v 354.4087 114.349 23.2874

# 18 faces
f -18 -15 -17 
f -17 -15 -14 
f -17 -14 -16 
f -16 -14 -13 
f -16 -13 -18 
f -18 -13 -15 
f -12 -9 -11 
f -11 -9 -8 
f -11 -8 -10 
f -10 -8 -7 
f -10 -7 -12 
f -12 -7 -9 
f -6 -3 -5 
f -5 -3 -2 
f -5 -2 -4 
f -4 -2 -1 
f -4 -1 -6 
f -6 -1 -3 

g tomato_Petiole
s off

usemtl tomato_Petiole

# 18 vertices
v 354.483 114.4062 23.09141
v 354.4869 114.426 23.09997
v 354.4744 114.4114 23.1109
v 354.626 114.3437 23.1711
v 354.6299 114.3635 23.1796
v 354.6174 114.3489 23.1906
v 354.626 114.3437 23.1711
v 354.6299 114.3635 23.1796
v 354.6174 114.3489 23.1906
v 354.7375 114.2526 23.2711
v 354.7436 114.2711 23.2812
v 354.7267 114.2592 23.289
v 354.7375 114.2526 23.2711
v 354.7436 114.2711 23.2812
v 354.7267 114.2592 23.289
v 354.8094 114.1395 23.3841
v 354.817 114.1563 23.396
v 354.797 114.1478 23.4002

# 18 faces
f -18 -15 -17 
f -17 -15 -14 
f -17 -14 -16 
f -16 -14 -13 
f -16 -13 -18 
f -18 -13 -15 
f -12 -9 -11 
f -11 -9 -8 
f -11 -8 -10 
f -10 -8 -7 
f -10 -7 -12 
f -12 -7 -9 
f -6 -3 -5 
f -5 -3 -2 
f -5 -2 -4 
f -4 -2 -1 
f -4 -1 -6 
f -6 -1 -3 

g tomato_Leaf
s off

usemtl tomato_Leaf

# 12 vertices
v 354.8078 114.1479 23.3935
v 359.5951 110.4362 26.9452
v 357.3807 109.2865 26.9754
v 360.5894 108.1572 28.1035
v 358.4193 107.3241 28.4213
v 359.3894 107.8534 28.3324
v 360.6046 104.9481 27.5994
v 358.6649 109.9148 26.9057
v 357.7528 106.4016 27.648
v 357.5818 105.7225 26.9595
v 356.3113 108.0676 26.1996
v 355.9807 107.3249 25.429

# 16 faces
f -10 -11 -12 
f -10 -12 -11 
f -8 -9 -10 
f -8 -10 -9 
f -8 -6 -7 
f -8 -7 -6 
f -10 -9 -5 
f -10 -5 -9 
f -8 -4 -6 
f -8 -6 -4 
f -10 -3 -8 
f -10 -8 -3 
f -2 -3 -10 
f -2 -10 -3 
f -12 -1 -10 
f -12 -10 -1 

g tomato_Petiole
s off

usemtl tomato_Petiole

# 18 vertices
v 354.483 114.4062 23.09141
v 354.4843 114.4268 23.09882
v 354.4771 114.4106 23.112
v 354.6472 114.3769 23.1451
v 354.6485 114.3975 23.1525
v 354.6413 114.3813 23.1657
v 354.6472 114.3769 23.1451
v 354.6485 114.3975 23.1525
v 354.6413 114.3813 23.1657
v 354.8115 114.3476 23.1987
v 354.8127 114.3682 23.2062
v 354.8055 114.352 23.2194
v 354.8115 114.3476 23.1987
v 354.8127 114.3682 23.2062
v 354.8055 114.352 23.2194
v 354.9757 114.3183 23.2524
v 354.977 114.3389 23.2599
v 354.9698 114.3227 23.2731

# 18 faces
f -18 -15 -17 
f -17 -15 -14 
f -17 -14 -16 
f -16 -14 -13 
f -16 -13 -18 
f -18 -13 -15 
f -12 -9 -11 
f -11 -9 -8 
f -11 -8 -10 
f -10 -8 -7 
f -10 -7 -12 
f -12 -7 -9 
f -6 -3 -5 
f -5 -3 -2 
f -5 -2 -4 
f -4 -2 -1 
f -4 -1 -6 
f -6 -1 -3 

g tomato_Leaf
s off

usemtl tomato_Leaf

# 12 vertices
v 354.9742 114.3266 23.2618
v 361.981 114.5675 23.6576
v 361.1027 112.4953 24.7351
v 364.4726 113.4749 24.00795
v 363.5766 111.7561 25.3299
v 363.913 112.6668 24.7944
v 366.0584 110.713 23.368
v 361.6101 113.6527 24.06309
v 363.284 110.4677 24.9459
v 363.2368 109.6536 24.3986
v 360.6956 110.756 24.5349
v 360.5364 109.7881 23.9941

# 16 faces
f -10 -11 -12 
f -10 -12 -11 
f -8 -9 -10 
f -8 -10 -9 
f -8 -6 -7 
f -8 -7 -6 
f -10 -9 -5 
f -10 -5 -9 
f -8 -4 -6 
f -8 -6 -4 
f -10 -3 -8 
f -10 -8 -3 
f -2 -3 -10 
f -2 -10 -3 
f -12 -1 -10 
f -12 -10 -1 

g tomato_Intrnd
s off

usemtl tomato_Intrnd

# 18 vertices
v 344.2098 113.5565 17.4754
v 343.9937 113.9398 17.4839
v 343.8795 113.6131 17.7607
v 344.9934 113.98 18.2984
v 344.7773 114.3633 18.307
v 344.6632 114.0366 18.5838
v 344.9934 113.98 18.2984
v 344.7773 114.3633 18.307
v 344.6632 114.0366 18.5838
v 345.9198 114.2032 18.9439
v 345.7716 114.6121 19.01077
v 345.6574 114.2854 19.2875
v 345.9198 114.2032 18.9439
v 345.7716 114.6121 19.01077
v 345.6574 114.2854 19.2875
v 346.9679 114.2386 19.4181
v 346.8999 114.6586 19.5309
v 346.7857 114.3318 19.8077

# 18 faces
f -18 -15 -17 
f -17 -15 -14 
f -17 -14 -16 
f -16 -14 -13 
f -16 -13 -18 
f -18 -13 -15 
f -12 -9 -11 
f -11 -9 -8 
f -11 -8 -10 
f -10 -8 -7 
f -10 -7 -12 
f -12 -7 -9 
f -6 -3 -5 
f -5 -3 -2 
f -5 -2 -4 
f -4 -2 -1 
f -4 -1 -6 
f -6 -1 -3 

g tomato_Petiole
s off

usemtl tomato_Petiole

# 18 vertices
v 346.8844 114.3535 19.5192
v 346.9037 114.495 19.5716
v 346.8642 114.3821 19.6672
v 348.0588 114.1176 19.7252
v 348.078 114.2591 19.7775
v 348.0386 114.1462 19.8732
v 348.0588 114.1176 19.7252
v 348.078 114.2591 19.7775
v 348.0386 114.1462 19.8732
v 349.1374 113.6397 19.6059
v 349.1994 113.7676 19.6598
v 349.1599 113.6547 19.7555
v 349.1374 113.6397 19.6059
v 349.1994 113.7676 19.6598
v 349.1599 113.6547 19.7555
v 350.0227 112.973 19.1841
v 350.1226 113.079 19.2279
v 350.0831 112.9661 19.3235

# 18 faces
f -18 -15 -17 
f -17 -15 -14 
f -17 -14 -16 
f -16 -14 -13 
f -16 -13 -18 
f -18 -13 -15 
f -12 -9 -11 
f -11 -9 -8 
f -11 -8 -10 
f -10 -8 -7 
f -10 -7 -12 
f -12 -7 -9 
f -6 -3 -5 
f -5 -3 -2 
f -5 -2 -4 
f -4 -2 -1 
f -4 -1 -6 
f -6 -1 -3 

g tomato_Petiole
s off

usemtl tomato_Petiole

# 18 vertices
v 350.0211 112.9742 19.1849
v 350.1234 113.0784 19.2275
v 350.0839 112.9655 19.3231
v 350.1103 112.905 19.14
v 350.2126 113.0092 19.1826
v 350.1732 112.8963 19.2782
v 350.1103 112.905 19.14
v 350.2126 113.0092 19.1826
v 350.1732 112.8963 19.2782
v 350.1961 112.8359 19.09389
v 350.3007 112.9383 19.1352
v 350.2612 112.8254 19.2308
v 350.1961 112.8359 19.09389
v 350.3007 112.9383 19.1352
v 350.2612 112.8254 19.2308
v 350.2799 112.7659 19.04577
v 350.3868 112.8663 19.08584
v 350.3474 112.7534 19.1815

# 18 faces
f -18 -15 -17 
f -17 -15 -14 
f -17 -14 -16 
f -16 -14 -13 
f -16 -13 -18 
f -18 -13 -15 
f -12 -9 -11 
f -11 -9 -8 
f -11 -8 -10 
f -10 -8 -7 
f -10 -7 -12 
f -12 -7 -9 
f -6 -3 -5 
f -5 -3 -2 
f -5 -2 -4 
f -4 -2 -1 
f -4 -1 -6 
f -6 -1 -3 

g tomato_Petiole
s off

usemtl tomato_Petiole

# 18 vertices
v 350.3368 112.7946 19.1031
v 350.3391 112.7974 19.1044
v 350.3389 112.794 19.1063
v 350.3596 112.7833 19.08621
v 350.3619 112.7861 19.08746
v 350.3617 112.7828 19.08937
v 350.3596 112.7833 19.08621
v 350.3619 112.7861 19.08746
v 350.3617 112.7828 19.08937
v 350.3821 112.7795 19.06583
v 350.384 112.7824 19.06741
v 350.3846 112.7788 19.06867
v 350.3821 112.7795 19.06583
v 350.384 112.7824 19.06741
v 350.3846 112.7788 19.06867
v 350.4026 112.7835 19.04351
v 350.4041 112.7864 19.04545
v 350.4054 112.7828 19.04599

# 18 faces
f -18 -15 -17 
f -17 -15 -14 
f -17 -14 -16 
f -16 -14 -13 
f -16 -13 -18 
f -18 -13 -15 
f -12 -9 -11 
f -11 -9 -8 
f -11 -8 -10 
f -10 -8 -7 
f -10 -7 -12 
f -12 -7 -9 
f -6 -3 -5 
f -5 -3 -2 
f -5 -2 -4 
f -4 -2 -1 
f -4 -1 -6 
f -6 -1 -3 

g tomato_Leaf
s off

usemtl tomato_Leaf

# 12 vertices
v 350.4041 112.7842 19.04499
v 352.1784 114.2117 17.1976
v 352.3006 113.181 17.1062
v 352.8557 114.2969 16.2778
v 353.0662 113.3411 16.3236
v 352.9795 113.7938 16.367
v 352.9425 113.803 15.01738
v 352.212 113.7711 17.1403
v 352.8366 112.9164 16.01219
v 352.6183 112.7235 15.7235
v 352.0979 112.5553 16.7444
v 351.8524 112.2879 16.4494

# 16 faces
f -10 -11 -12 
f -10 -12 -11 
f -8 -9 -10 
f -8 -10 -9 
f -8 -6 -7 
f -8 -7 -6 
f -10 -9 -5 
f -10 -5 -9 
f -8 -4 -6 
f -8 -6 -4 
f -10 -3 -8 
f -10 -8 -3 
f -2 -3 -10 
f -2 -10 -3 
f -12 -1 -10 
f -12 -10 -1 

g tomato_Petiole
s off

usemtl tomato_Petiole

# 18 vertices
v 350.2799 112.7659 19.04577
v 350.3868 112.8663 19.08584
v 350.3474 112.7534 19.1815
v 350.3652 112.6946 18.9968
v 350.4722 112.795 19.03686
v 350.4327 112.6821 19.1325
v 350.3652 112.6946 18.9968
v 350.4722 112.795 19.03686
v 350.4327 112.6821 19.1325
v 350.4506 112.6232 18.9478
v 350.5575 112.7237 18.9878
v 350.5181 112.6108 19.08355
v 350.4506 112.6232 18.9478
v 350.5575 112.7237 18.9878
v 350.5181 112.6108 19.08355
v 350.5359 112.5519 18.8988
v 350.6429 112.6524 18.9389
v 350.6034 112.5395 19.03458

# 18 faces
f -18 -15 -17 
f -17 -15 -14 
f -17 -14 -16 
f -16 -14 -13 
f -16 -13 -18 
f -18 -13 -15 
f -12 -9 -11 
f -11 -9 -8 
f -11 -8 -10 
f -10 -8 -7 
f -10 -7 -12 
f -12 -7 -9 
f -6 -3 -5 
f -5 -3 -2 
f -5 -2 -4 
f -4 -2 -1 
f -4 -1 -6 
f -6 -1 -3 

g tomato_Petiole
s off

usemtl tomato_Petiole

# 18 vertices
v 350.5929 112.5807 18.9562
v 350.5959 112.5828 18.957
v 350.5942 112.5807 18.9598
v 350.6115 112.5574 18.9494
v 350.6145 112.5595 18.9503
v 350.6128 112.5574 18.953
v 350.6115 112.5574 18.9494
v 350.6145 112.5595 18.9503
v 350.6128 112.5574 18.953
v 350.6259 112.5304 18.9487
v 350.6292 112.5321 18.9495
v 350.6269 112.5309 18.9523
v 350.6259 112.5304 18.9487
v 350.6292 112.5321 18.9495
v 350.6269 112.5309 18.9523
v 350.6349 112.5017 18.954
v 350.6385 112.503 18.9548
v 350.6358 112.5026 18.9576

# 18 faces
f -18 -15 -17 
f -17 -15 -14 
f -17 -14 -16 
f -16 -14 -13 
f -16 -13 -18 
f -18 -13 -15 
f -12 -9 -11 
f -11 -9 -8 
f -11 -8 -10 
f -10 -8 -7 
f -10 -7 -12 
f -12 -7 -9 
f -6 -3 -5 
f -5 -3 -2 
f -5 -2 -4 
f -4 -2 -1 
f -4 -1 -6 
f -6 -1 -3 

g tomato_Leaf
s off

usemtl tomato_Leaf

# 12 vertices
v 350.6364 112.5024 18.9555
v 352.4132 110.1699 18.988
v 351.5226 109.964 19.4883
v 352.6489 109.0553 19.1068
v 351.8804 108.9393 19.7034
v 352.2583 109.047 19.4586
v 352.0742 107.852 18.8577
v 352.0224 110.0736 19.1793
v 351.3619 108.7304 19.5704
v 351.06 108.553 19.3569
v 350.8276 109.6844 19.4416
v 350.4465 109.5081 19.2355

# 16 faces
f -10 -11 -12 
f -10 -12 -11 
f -8 -9 -10 
f -8 -10 -9 
f -8 -6 -7 
f -8 -7 -6 
f -10 -9 -5 
f -10 -5 -9 
f -8 -4 -6 
f -8 -6 -4 
f -10 -3 -8 
f -10 -8 -3 
f -2 -3 -10 
f -2 -10 -3 
f -12 -1 -10 
f -12 -10 -1 

g tomato_Petiole
s off

usemtl tomato_Petiole

# 18 vertices
v 350.533 112.5544 18.9007
v 350.643 112.6522 18.9387
v 350.6062 112.5371 19.03288
v 350.615 112.4834 18.8459
v 350.7251 112.5812 18.884
v 350.6883 112.4661 18.9781
v 350.615 112.4834 18.8459
v 350.7251 112.5812 18.884
v 350.6883 112.4661 18.9781
v 350.6906 112.4154 18.7876
v 350.8037 112.5106 18.8234
v 350.7695 112.3933 18.9158
v 350.6906 112.4154 18.7876
v 350.8037 112.5106 18.8234
v 350.7695 112.3933 18.9158
v 350.7626 112.3481 18.7241
v 350.8785 112.4407 18.7575
v 350.8467 112.3213 18.848

# 18 faces
f -18 -15 -17 
f -17 -15 -14 
f -17 -14 -16 
f -16 -14 -13 
f -16 -13 -18 
f -18 -13 -15 
f -12 -9 -11 
f -11 -9 -8 
f -11 -8 -10 
f -10 -8 -7 
f -10 -7 -12 
f -12 -7 -9 
f -6 -3 -5 
f -5 -3 -2 
f -5 -2 -4 
f -4 -2 -1 
f -4 -1 -6 
f -6 -1 -3 

g tomato_Petiole
s off

usemtl tomato_Petiole

# 18 vertices
v 350.8279 112.3696 18.7755
v 350.8304 112.3721 18.7766
v 350.8304 112.3686 18.7782
v 350.8477 112.3597 18.7544
v 350.8503 112.3623 18.7556
v 350.8502 112.3587 18.7571
v 350.8477 112.3597 18.7544
v 350.8503 112.3623 18.7556
v 350.8502 112.3587 18.7571
v 350.8669 112.3583 18.7306
v 350.869 112.361 18.7322
v 350.8697 112.3573 18.7329
v 350.8669 112.3583 18.7306
v 350.869 112.361 18.7322
v 350.8697 112.3573 18.7329
v 350.8837 112.3656 18.7061
v 350.8855 112.3683 18.7082
v 350.8868 112.3646 18.708

# 18 faces
f -18 -15 -17 
f -17 -15 -14 
f -17 -14 -16 
f -16 -14 -13 
f -16 -13 -18 
f -18 -13 -15 
f -12 -9 -11 
f -11 -9 -8 
f -11 -8 -10 
f -10 -8 -7 
f -10 -7 -12 
f -12 -7 -9 
f -6 -3 -5 
f -5 -3 -2 
f -5 -2 -4 
f -4 -2 -1 
f -4 -1 -6 
f -6 -1 -3 

g tomato_Leaf
s off

usemtl tomato_Leaf

# 12 vertices
v 350.8853 112.3662 18.7075
v 352.3602 114.0604 16.8225
v 352.4608 113.0538 16.5725
v 352.8873 114.2811 15.8297
v 353.0967 113.3314 15.7107
v 353.0205 113.7726 15.8288
v 352.7749 113.9656 14.5152
v 352.382 113.6323 16.7007
v 352.8192 112.9498 15.383
v 352.5577 112.7947 15.1078
v 352.2009 112.4805 16.1638
v 351.911 112.2521 15.8763

# 16 faces
f -10 -11 -12 
f -10 -12 -11 
f -8 -9 -10 
f -8 -10 -9 
f -8 -6 -7 
f -8 -7 -6 
f -10 -9 -5 
f -10 -5 -9 
f -8 -4 -6 
f -8 -6 -4 
f -10 -3 -8 
f -10 -8 -3 
f -2 -3 -10 
f -2 -10 -3 
f -12 -1 -10 
f -12 -10 -1 

g tomato_Petiole
s off

usemtl tomato_Petiole

# 18 vertices
v 350.7613 112.3493 18.7254
v 350.878 112.4411 18.7579
v 350.8485 112.3196 18.8464
v 350.8343 112.2811 18.6561
v 350.951 112.373 18.6886
v 350.9215 112.2515 18.7771
v 350.8343 112.2811 18.6561
v 350.951 112.373 18.6886
v 350.9215 112.2515 18.7771
v 350.9041 112.2158 18.5846
v 351.0217 112.307 18.6164
v 350.9944 112.1834 18.7026
v 350.9041 112.2158 18.5846
v 351.0217 112.307 18.6164
v 350.9944 112.1834 18.7026
v 350.9722 112.1523 18.5099
v 351.0905 112.2428 18.5408
v 351.0655 112.1172 18.6248

# 18 faces
f -18 -15 -17 
f -17 -15 -14 
f -17 -14 -16 
f -16 -14 -13 
f -16 -13 -18 
f -18 -13 -15 
f -12 -9 -11 
f -11 -9 -8 
f -11 -8 -10 
f -10 -8 -7 
f -10 -7 -12 
f -12 -7 -9 
f -6 -3 -5 
f -5 -3 -2 
f -5 -2 -4 
f -4 -2 -1 
f -4 -1 -6 
f -6 -1 -3 

g tomato_Petiole
s off

usemtl tomato_Petiole

# 18 vertices
v 351.0413 112.1704 18.5575
v 351.0446 112.1723 18.558
v 351.0434 112.1698 18.5606
v 351.057 112.1485 18.543
v 351.0602 112.1505 18.5435
v 351.0591 112.1479 18.5462
v 351.057 112.1485 18.543
v 351.0602 112.1505 18.5435
v 351.0591 112.1479 18.5462
v 351.07 112.1223 18.534
v 351.0735 112.1239 18.5344
v 351.0719 112.1221 18.5374
v 351.07 112.1223 18.534
v 351.0735 112.1239 18.5344
v 351.0719 112.1221 18.5374
v 351.0796 112.0935 18.5311
v 351.0832 112.0946 18.5314
v 351.0813 112.0937 18.5346

# 18 faces
f -18 -15 -17 
f -17 -15 -14 
f -17 -14 -16 
f -16 -14 -13 
f -16 -13 -18 
f -18 -13 -15 
f -12 -9 -11 
f -11 -9 -8 
f -11 -8 -10 
f -10 -8 -7 
f -10 -7 -12 
f -12 -7 -9 
f -6 -3 -5 
f -5 -3 -2 
f -5 -2 -4 
f -4 -2 -1 
f -4 -1 -6 
f -6 -1 -3 

g tomato_Leaf
s off

usemtl tomato_Leaf

# 12 vertices
v 351.0814 112.0939 18.5324
v 352.7763 109.8589 17.6776
v 352.0203 109.5281 18.3139
v 353.0129 108.7512 17.507
v 352.3993 108.4923 18.2257
v 352.7131 108.6593 17.929
v 352.375 107.6077 17.1525
v 352.438 109.7137 17.9287
v 351.8606 108.2996 18.1741
v 351.5147 108.1607 18.00306
v 351.3282 109.2431 18.37
v 350.9069 109.1014 18.2242

# 16 faces
f -10 -11 -12 
f -10 -12 -11 
f -8 -9 -10 
f -8 -10 -9 
f -8 -6 -7 
f -8 -7 -6 
f -10 -9 -5 
f -10 -5 -9 
f -8 -4 -6 
f -8 -6 -4 
f -10 -3 -8 
f -10 -8 -3 
f -2 -3 -10 
f -2 -10 -3 
f -12 -1 -10 
f -12 -10 -1 

g tomato_Petiole
s off

usemtl tomato_Petiole

# 18 vertices
v 351.0413 112.1704 18.5575
v 351.0443 112.1726 18.5582
v 351.0436 112.1695 18.5604
v 351.0585 112.1529 18.5392
v 351.0615 112.1551 18.5399
v 351.0608 112.1521 18.5421
v 351.0585 112.1529 18.5392
v 351.0615 112.1551 18.5399
v 351.0608 112.1521 18.5421
v 351.0753 112.1343 18.5218
v 351.0784 112.1364 18.5225
v 351.0775 112.1335 18.5248
v 351.0753 112.1343 18.5218
v 351.0784 112.1364 18.5225
v 351.0775 112.1335 18.5248
v 351.0918 112.1145 18.5054
v 351.0949 112.1166 18.506
v 351.094 112.1138 18.5084

# 18 faces
f -18 -15 -17 
f -17 -15 -14 
f -17 -14 -16 
f -16 -14 -13 
f -16 -13 -18 
f -18 -13 -15 
f -12 -9 -11 
f -11 -9 -8 
f -11 -8 -10 
f -10 -8 -7 
f -10 -7 -12 
f -12 -7 -9 
f -6 -3 -5 
f -5 -3 -2 
f -5 -2 -4 
f -4 -2 -1 
f -4 -1 -6 
f -6 -1 -3 

g tomato_Leaf
s off

usemtl tomato_Leaf

# 12 vertices
v 351.0936 112.115 18.5066
v 353.1486 111.176 16.6373
v 352.6523 110.3719 17.07645
v 353.648 110.3993 15.9595
v 353.2814 109.6683 16.4991
v 353.4728 110.0409 16.3018
v 353.2995 109.3769 15.1391
v 352.9192 110.833 16.8054
v 352.8186 109.3473 16.386
v 352.4991 109.1874 16.1845
v 352.0916 109.8758 17.02189
v 351.7069 109.6774 16.8444

# 16 faces
f -10 -11 -12 
f -10 -12 -11 
f -8 -9 -10 
f -8 -10 -9 
f -8 -6 -7 
f -8 -7 -6 
f -10 -9 -5 
f -10 -5 -9 
f -8 -4 -6 
f -8 -6 -4 
f -10 -3 -8 
f -10 -8 -3 
f -2 -3 -10 
f -2 -10 -3 
f -12 -1 -10 
f -12 -10 -1 

g tomato_1Pdncle
s off

usemtl tomato_1Pdncle

# 18 vertices
v 346.8962 114.1228 19.2518
v 346.9771 114.8354 19.5114
v 346.7792 114.2691 19.9912
v 348.8859 113.7558 19.6393
v 348.9668 114.4685 19.8989
v 348.7689 113.9022 20.3787
v 348.8859 113.7558 19.6393
v 348.9668 114.4685 19.8989
v 348.7689 113.9022 20.3787
v 350.6585 113.0255 19.5083
v 350.94 113.6796 19.7816
v 350.7421 113.1133 20.2613
v 350.6585 113.0255 19.5083
v 350.94 113.6796 19.7816
v 350.7421 113.1133 20.2613
v 352.1683 111.9952 18.9149
v 352.6319 112.5534 19.1501
v 352.434 111.9871 19.6299

# 18 faces
f -18 -15 -17 
f -17 -15 -14 
f -17 -14 -16 
f -16 -14 -13 
f -16 -13 -18 
f -18 -13 -15 
f -12 -9 -11 
f -11 -9 -8 
f -11 -8 -10 
f -10 -8 -7 
f -10 -7 -12 
f -12 -7 -9 
f -6 -3 -5 
f -5 -3 -2 
f -5 -2 -4 
f -4 -2 -1 
f -4 -1 -6 
f -6 -1 -3 

g tomato_1InfInt
s off

usemtl tomato_1InfInt

# 18 vertices
v 352.6783 112.5287 19.2802
v 352.3584 111.9002 19.5707
v 352.2047 112.1144 18.8492
v 353.3607 112.0483 18.9922
v 353.0407 111.4197 19.2826
v 352.887 111.634 18.5611
v 353.3607 112.0483 18.9922
v 353.0407 111.4197 19.2826
v 352.887 111.634 18.5611
v 354.0335 111.5511 18.6778
v 353.7085 110.9263 18.9708
v 353.5403 111.1507 18.2556
v 354.0335 111.5511 18.6778
v 353.7085 110.9263 18.9708
v 353.5403 111.1507 18.2556
v 354.6875 111.0435 18.3411
v 354.3576 110.4225 18.6367
v 354.1752 110.6574 17.9284

# 18 faces
f -18 -15 -17 
f -17 -15 -14 
f -17 -14 -16 
f -16 -14 -13 
f -16 -13 -18 
f -18 -13 -15 
f -12 -9 -11 
f -11 -9 -8 
f -11 -8 -10 
f -10 -8 -7 
f -10 -7 -12 
f -12 -7 -9 
f -6 -3 -5 
f -5 -3 -2 
f -5 -2 -4 
f -4 -2 -1 
f -4 -1 -6 
f -6 -1 -3 

g tomato_1Pdcel
s off

usemtl tomato_1Pdcel

# 18 vertices
v 354.5622 111.1083 18.3949
v 354.4194 110.3906 18.6102
v 354.237 110.6255 17.9019
v 355.6266 110.7817 18.01254
v 355.4837 110.0641 18.2278
v 355.3013 110.2989 17.5196
v 355.6266 110.7817 18.01254
v 355.4837 110.0641 18.2278
v 355.3013 110.2989 17.5196
v 356.6259 110.8532 17.7789
v 356.6974 110.109 17.9302
v 356.5151 110.3439 17.222
v 356.6259 110.8532 17.7789
v 356.6974 110.109 17.9302
v 356.5151 110.3439 17.222
v 357.5686 111.2496 17.6676
v 357.8569 110.5522 17.7786
v 357.6745 110.7871 17.07039

# 18 faces
f -18 -15 -17 
f -17 -15 -14 
f -17 -14 -16 
f -16 -14 -13 
f -16 -13 -18 
f -18 -13 -15 
f -12 -9 -11 
f -11 -9 -8 
f -11 -8 -10 
f -10 -8 -7 
f -10 -7 -12 
f -12 -7 -9 
f -6 -3 -5 
f -5 -3 -2 
f -5 -2 -4 
f -4 -2 -1 
f -4 -1 -6 
f -6 -1 -3 

g tomato_FruitR
s off

usemtl tomato_FruitR

# 6 vertices
v 357.7007 110.8611 17.5047
v 360.3426 114.4591 18.4436
v 359.5801 114.1326 15.05263
v 363.9017 115.8035 17.5072
v 363.0947 115.2117 13.6143
v 367.0625 114.0423 15.1955

# 8 faces
f -6 -5 -4 
f -6 -4 -5 
f -5 -3 -4 
f -5 -4 -3 
f -4 -3 -2 
f -4 -2 -3 
f -2 -3 -1 
f -2 -1 -3 

g tomato_FruitR
s off

usemtl tomato_FruitR

# 6 vertices
v 357.7007 110.8611 17.5047
v 361.6826 111.2281 19.6994
v 360.4287 114.2804 18.5601
v 365.329 112.4594 18.9655
v 363.8623 115.8801 17.4477
v 367.166 113.8251 15.3327

# 8 faces
f -6 -5 -4 
f -6 -4 -5 
f -5 -3 -4 
f -5 -4 -3 
f -4 -3 -2 
f -4 -2 -3 
f -2 -3 -1 
f -2 -1 -3 

g tomato_FruitR
s off

usemtl tomato_FruitR

# 6 vertices
v 357.7007 110.8611 17.5047
v 361.7259 108.8087 16.8786
v 361.7018 111.0502 19.5549
v 365.4305 109.8068 16.08444
v 365.3173 112.5446 19.02514
v 367.1879 113.6129 15.1559

# 8 faces
f -6 -5 -4 
f -6 -4 -5 
f -5 -3 -4 
f -5 -4 -3 
f -4 -3 -2 
f -4 -2 -3 
f -2 -3 -1 
f -2 -1 -3 

g tomato_FruitR
s off

usemtl tomato_FruitR

# 6 vertices
v 357.7007 110.8611 17.5047
v 360.4131 110.5219 13.8531
v 361.6519 108.8758 16.6714
v 364.0669 111.4868 12.8187
v 365.4626 109.7837 16.1813
v 367.098 113.697 14.9078

# 8 faces
f -6 -5 -4 
f -6 -4 -5 
f -5 -3 -4 
f -5 -4 -3 
f -4 -3 -2 
f -4 -2 -3 
f -2 -3 -1 
f -2 -1 -3 

g tomato_FruitR
s off

usemtl tomato_FruitR

# 6 vertices
v 357.7007 110.8611 17.5047
v 359.5453 114.0668 14.8349
v 360.3208 110.8096 13.8468
v 363.1078 115.2489 13.7113
v 364.0682 111.457 12.7868
v 367.0193 113.9664 14.9326

# 8 faces
f -6 -5 -4 
f -6 -4 -5 
f -5 -3 -4 
f -5 -4 -3 
f -4 -3 -2 
f -4 -2 -3 
f -2 -3 -1 
f -2 -1 -3 

g tomato_1InfInt
s off

usemtl tomato_1InfInt

# 18 vertices
v 354.275 110.3597 18.5422
v 354.2444 110.7617 17.8947
v 354.6952 110.9924 18.4722
v 354.9405 109.8814 18.2139
v 354.9099 110.2834 17.5663
v 355.3607 110.5142 18.1439
v 354.9405 109.8814 18.2139
v 354.9099 110.2834 17.5663
v 355.3607 110.5142 18.1439
v 355.633 109.4213 17.8863
v 355.5971 109.8266 17.2412
v 356.0336 110.0676 17.8256
v 355.633 109.4213 17.8863
v 355.5971 109.8266 17.2412
v 356.0336 110.0676 17.8256
v 356.3437 108.9858 17.5639
v 356.3023 109.3944 16.9211
v 356.7241 109.6449 17.5122

# 18 faces
f -18 -15 -17 
f -17 -15 -14 
f -17 -14 -16 
f -16 -14 -13 
f -16 -13 -18 
f -18 -13 -15 
f -12 -9 -11 
f -11 -9 -8 
f -11 -8 -10 
f -10 -8 -7 
f -10 -7 -12 
f -12 -7 -9 
f -6 -3 -5 
f -5 -3 -2 
f -5 -2 -4 
f -4 -2 -1 
f -4 -1 -6 
f -6 -1 -3 

g tomato_1Pdcel
s off

usemtl tomato_1Pdcel

# 18 vertices
v 356.2321 109.0791 17.6039
v 356.3574 109.3484 16.9014
v 356.7791 109.5989 17.4925
v 357.0115 108.2179 17.4129
v 357.1368 108.4871 16.7103
v 357.5585 108.7377 17.3015
v 357.0115 108.2179 17.4129
v 357.1368 108.4871 16.7103
v 357.5585 108.7377 17.3015
v 357.4577 107.2939 17.4862
v 357.7104 107.3776 16.7714
v 358.1321 107.6282 17.3625
v 357.4577 107.2939 17.4862
v 357.7104 107.3776 16.7714
v 358.1321 107.6282 17.3625
v 357.6303 106.3217 17.7751
v 357.9561 106.1955 17.09714
v 358.3779 106.4461 17.6882

# 18 faces
f -18 -15 -17 
f -17 -15 -14 
f -17 -14 -16 
f -16 -14 -13 
f -16 -13 -18 
f -18 -13 -15 
f -12 -9 -11 
f -11 -9 -8 
f -11 -8 -10 
f -10 -8 -7 
f -10 -7 -12 
f -12 -7 -9 
f -6 -3 -5 
f -5 -3 -2 
f -5 -2 -4 
f -4 -2 -1 
f -4 -1 -6 
f -6 -1 -3 

g tomato_FruitR
s off

usemtl tomato_FruitR

# 6 vertices
v 357.9898 106.3211 17.5189
v 355.9021 104.0277 18.4853
v 357.6713 104.5311 20.1577
v 355.9565 101.3428 19.2426
v 358.1037 101.9007 21.0515
v 358.2388 99.3077 19.2615

# 8 faces
f -6 -5 -4 
f -6 -4 -5 
f -5 -3 -4 
f -5 -4 -3 
f -4 -3 -2 
f -4 -2 -3 
f -2 -3 -1 
f -2 -1 -3 

g tomato_FruitR
s off

usemtl tomato_FruitR

# 6 vertices
v 357.9898 106.3211 17.5189
v 357.0411 103.5332 16.1479
v 355.9429 103.9929 18.3304
v 357.0609 100.806 16.7375
v 355.9435 101.3592 19.3142
v 358.2905 99.2662 19.07578

# 8 faces
f -6 -5 -4 
f -6 -4 -5 
f -5 -3 -4 
f -5 -4 -3 
f -4 -3 -2 
f -4 -2 -3 
f -2 -3 -1 
f -2 -1 -3 

g tomato_FruitR
s off

usemtl tomato_FruitR

# 6 vertices
v 357.9898 106.3211 17.5189
v 359.6624 103.7546 16.4384
v 357.2043 103.5396 16.1352
v 359.8354 101.0155 16.9412
v 356.9872 100.8045 16.7489
v 358.4872 99.2745 19.06298

# 8 faces
f -6 -5 -4 
f -6 -4 -5 
f -5 -3 -4 
f -5 -4 -3 
f -4 -3 -2 
f -4 -2 -3 
f -2 -3 -1 
f -2 -1 -3 

g tomato_FruitR
s off

usemtl tomato_FruitR

# 6 vertices
v 357.9898 106.3211 17.5189
v 360.168 104.3879 18.958
v 359.724 103.7933 16.5852
v 360.4716 101.6836 19.5741
v 359.8022 100.9981 16.8768
v 358.5588 99.3213 19.2407

# 8 faces
f -6 -5 -4 
f -6 -4 -5 
f -5 -3 -4 
f -5 -4 -3 
f -4 -3 -2 
f -4 -2 -3 
f -2 -3 -1 
f -2 -1 -3 

g tomato_FruitR
s off

usemtl tomato_FruitR

# 6 vertices
v 357.9898 106.3211 17.5189
v 357.8089 104.5593 20.2421
v 360.0169 104.4154 19.1088
v 358.0381 101.8889 21.01795
v 360.5026 101.6859 19.5761
v 358.403 99.3421 19.3653

# 8 faces
f -6 -5 -4 
f -6 -4 -5 
f -5 -3 -4 
f -5 -4 -3 
f -4 -3 -2 
f -4 -2 -3 
f -2 -3 -1 
f -2 -1 -3 

g tomato_1InfInt
s off

usemtl tomato_1InfInt

# 18 vertices
v 356.3871 109.5061 16.927
v 356.7218 109.5603 17.6103
v 356.2618 108.9661 17.4509
v 357.0801 109.051 16.6236
v 357.4148 109.1051 17.3068
v 356.9548 108.5109 17.1475
v 357.0801 109.051 16.6236
v 357.4148 109.1051 17.3068
v 356.9548 108.5109 17.1475
v 357.7715 108.5655 16.332
v 358.1011 108.6235 17.01752
v 357.6264 108.0392 16.8646
v 357.7715 108.5655 16.332
v 358.1011 108.6235 17.01752
v 357.6264 108.0392 16.8646
v 358.452 108.0559 16.0566
v 358.7765 108.1178 16.7441
v 358.2874 107.5439 16.5974

# 18 faces
f -18 -15 -17 
f -17 -15 -14 
f -17 -14 -16 
f -16 -14 -13 
f -16 -13 -18 
f -18 -13 -15 
f -12 -9 -11 
f -11 -9 -8 
f -11 -8 -10 
f -10 -8 -7 
f -10 -7 -12 
f -12 -7 -9 
f -6 -3 -5 
f -5 -3 -2 
f -5 -2 -4 
f -4 -2 -1 
f -4 -1 -6 
f -6 -1 -3 

g tomato_1Pdcel
s off

usemtl tomato_1Pdcel

# 18 vertices
v 358.3419 108.1319 16.1264
v 358.8308 108.0803 16.7096
v 358.3416 107.5064 16.563
v 359.1378 107.6353 15.4153
v 359.6266 107.5837 15.9986
v 359.1375 107.0098 15.8519
v 359.1378 107.6353 15.4153
v 359.6266 107.5837 15.9986
v 359.1375 107.0098 15.8519
v 359.6491 107.4209 14.5488
v 360.2738 107.2954 14.9681
v 359.7847 106.7215 14.8214
v 359.6491 107.4209 14.5488
v 360.2738 107.2954 14.9681
v 359.7847 106.7215 14.8214
v 359.9262 107.4378 13.5582
v 360.6423 107.2867 13.7731
v 360.1532 106.7128 13.6265

# 18 faces
f -18 -15 -17 
f -17 -15 -14 
f -17 -14 -16 
f -16 -14 -13 
f -16 -13 -18 
f -18 -13 -15 
f -12 -9 -11 
f -11 -9 -8 
f -11 -8 -10 
f -10 -8 -7 
f -10 -7 -12 
f -12 -7 -9 
f -6 -3 -5 
f -5 -3 -2 
f -5 -2 -4 
f -4 -2 -1 
f -4 -1 -6 
f -6 -1 -3 

g tomato_FruitR
s off

usemtl tomato_FruitR

# 6 vertices
v 360.2421 107.1444 13.6531
v 359.8358 108.7486 11.1488
v 358.9622 106.6271 11.03347
v 360.4688 108.6191 8.6528
v 359.5959 106.1238 8.5647
v 362.1063 106.7959 7.2462

# 8 faces
f -6 -5 -4 
f -6 -4 -5 
f -5 -3 -4 
f -5 -4 -3 
f -4 -3 -2 
f -4 -2 -3 
f -2 -3 -1 
f -2 -1 -3 

g tomato_FruitR
s off

usemtl tomato_FruitR

# 6 vertices
v 360.2421 107.1444 13.6531
v 362.1664 108.6118 11.8772
v 359.9795 108.7693 11.1916
v 362.931 108.5725 9.4152
v 360.4042 108.6045 8.6339
v 362.2796 106.8183 7.298

# 8 faces
f -6 -5 -4 
f -6 -4 -5 
f -5 -3 -4 
f -5 -4 -3 
f -4 -3 -2 
f -4 -2 -3 
f -2 -3 -1 
f -2 -1 -3 

g tomato_FruitR
s off

usemtl tomato_FruitR

# 6 vertices
v 360.2421 107.1444 13.6531
v 362.7258 106.2559 12.2206
v 362.2274 108.4762 11.9058
v 363.611 106.1162 9.803
v 362.8988 108.6316 9.4009
v 362.3509 106.654 7.3319

# 8 faces
f -6 -5 -4 
f -6 -4 -5 
f -5 -3 -4 
f -5 -4 -3 
f -4 -3 -2 
f -4 -2 -3 
f -2 -3 -1 
f -2 -1 -3 

g tomato_FruitR
s off

usemtl tomato_FruitR

# 6 vertices
v 360.2421 107.1444 13.6531
v 360.7461 104.9147 11.7076
v 362.6203 106.1502 12.1957
v 361.5755 104.622 9.284
v 363.6554 106.168 9.813
v 362.2223 106.5285 7.3013

# 8 faces
f -6 -5 -4 
f -6 -4 -5 
f -5 -3 -4 
f -5 -4 -3 
f -4 -3 -2 
f -4 -2 -3 
f -2 -3 -1 
f -2 -1 -3 

g tomato_FruitR
s off

usemtl tomato_FruitR

# 6 vertices
v 360.2421 107.1444 13.6531
v 358.933 106.4785 11.03524
v 360.5719 104.9901 11.6484
v 359.6042 106.1922 8.5623
v 361.5833 104.5947 9.2884
v 362.0688 106.6175 7.2476

# 8 faces
f -6 -5 -4 
f -6 -4 -5 
f -5 -3 -4 
f -5 -4 -3 
f -4 -3 -2 
f -4 -2 -3 
f -2 -3 -1 
f -2 -1 -3 

g tomato_1InfInt
s off

usemtl tomato_1InfInt

# 18 vertices
v 358.7423 108.0089 16.8258
v 358.2462 107.548 16.4747
v 358.5316 108.16 16.1085
v 359.4114 107.5173 16.5257
v 358.9153 107.0564 16.1746
v 359.2007 107.6684 15.8084
v 359.4114 107.5173 16.5257
v 358.9153 107.0564 16.1746
v 359.2007 107.6684 15.8084
v 360.0847 107.0323 16.194
v 359.5835 106.575 15.8455
v 359.8546 107.1973 15.4858
v 360.0847 107.0323 16.194
v 359.5835 106.575 15.8455
v 359.8546 107.1973 15.4858
v 360.7533 106.5605 15.8347
v 360.247 106.1066 15.4889
v 360.5038 106.739 15.1363

# 18 faces
f -18 -15 -17 
f -17 -15 -14 
f -17 -14 -16 
f -16 -14 -13 
f -16 -13 -18 
f -18 -13 -15 
f -12 -9 -11 
f -11 -9 -8 
f -11 -8 -10 
f -10 -8 -7 
f -10 -7 -12 
f -12 -7 -9 
f -6 -3 -5 
f -5 -3 -2 
f -5 -2 -4 
f -4 -2 -1 
f -4 -1 -6 
f -6 -1 -3 

g tomato_1Pdcel
s off

usemtl tomato_1Pdcel

# 18 vertices
v 360.6273 106.6336 15.8741
v 360.3091 106.0706 15.4695
v 360.5659 106.7029 15.1169
v 361.6837 106.1313 15.7424
v 361.3656 105.5683 15.3379
v 361.6223 106.2006 14.9853
v 361.6837 106.1313 15.7424
v 361.3656 105.5683 15.3379
v 361.6223 106.2006 14.9853
v 362.6516 105.8606 15.9619
v 362.5439 105.2173 15.5665
v 362.8006 105.8497 15.2139
v 362.6516 105.8606 15.9619
v 362.5439 105.2173 15.5665
v 362.8006 105.8497 15.2139
v 363.544 105.7802 16.4674
v 363.6442 105.0948 16.148
v 363.9009 105.7272 15.7954

# 18 faces
f -18 -15 -17 
f -17 -15 -14 
f -17 -14 -16 
f -16 -14 -13 
f -16 -13 -18 
f -18 -13 -15 
f -12 -9 -11 
f -11 -9 -8 
f -11 -8 -10 
f -10 -8 -7 
f -10 -7 -12 
f -12 -7 -9 
f -6 -3 -5 
f -5 -3 -2 
f -5 -2 -4 
f -4 -2 -1 
f -4 -1 -6 
f -6 -1 -3 

g tomato_FruitR
s off

usemtl tomato_FruitR

# 6 vertices
v 363.6971 105.5329 16.1354
v 364.5341 105.8412 18.5336
v 365.3549 107.0741 17.2525
v 366.4309 105.7325 19.6387
v 367.4046 107.0513 18.09065
v 368.6355 105.0654 18.9344

# 8 faces
f -6 -5 -4 
f -6 -4 -5 
f -5 -3 -4 
f -5 -4 -3 
f -4 -3 -2 
f -4 -2 -3 
f -2 -3 -1 
f -2 -1 -3 

g tomato_FruitR
s off

usemtl tomato_FruitR

# 6 vertices
v 363.6971 105.5329 16.1354
v 364.7171 103.8931 17.8141
v 364.5335 105.7144 18.51
v 366.5841 103.6518 18.9484
v 366.4333 105.7908 19.6455
v 368.6358 104.9129 18.9042

# 8 faces
f -6 -5 -4 
f -6 -4 -5 
f -5 -3 -4 
f -5 -4 -3 
f -4 -3 -2 
f -4 -2 -3 
f -2 -3 -1 
f -2 -1 -3 

g tomato_FruitR
s off

usemtl tomato_FruitR

# 6 vertices
v 363.6971 105.5329 16.1354
v 365.7119 103.963 15.9833
v 364.776 103.8727 17.701
v 367.6266 103.6424 17.01384
v 366.5582 103.6655 18.9992
v 368.7069 104.8904 18.7679

# 8 faces
f -6 -5 -4 
f -6 -4 -5 
f -5 -3 -4 
f -5 -4 -3 
f -4 -3 -2 
f -4 -2 -3 
f -2 -3 -1 
f -2 -1 -3 

g tomato_FruitR
s off

usemtl tomato_FruitR

# 6 vertices
v 363.6971 105.5329 16.1354
v 366.153 105.9549 15.5543
v 365.7495 104.077 15.936
v 368.1273 105.7172 16.4904
v 367.6078 103.5927 17.03891
v 368.7513 105.0287 18.7126

# 8 faces
f -6 -5 -4 
f -6 -4 -5 
f -5 -3 -4 
f -5 -4 -3 
f -4 -3 -2 
f -4 -2 -3 
f -2 -3 -1 
f -2 -1 -3 

g tomato_FruitR
s off

usemtl tomato_FruitR

# 6 vertices
v 363.6971 105.5329 16.1354
v 365.4141 107.1332 17.1542
v 366.1127 106.0854 15.6546
v 367.3771 107.0284 18.1372
v 368.1389 105.7168 16.4688
v 368.7065 105.1384 18.8171

# 8 faces
f -6 -5 -4 
f -6 -4 -5 
f -5 -3 -4 
f -5 -4 -3 
f -4 -3 -2 
f -4 -2 -3 
f -2 -3 -1 
f -2 -1 -3 

g tomato_1InfInt
s off

usemtl tomato_1InfInt

# 18 vertices
v 360.2217 106.1502 15.3579
v 360.5916 106.8004 15.209
v 360.6831 106.4497 15.8863
v 360.8987 105.6895 15.02797
v 361.2686 106.3397 14.8791
v 361.3601 105.989 15.5563
v 360.8987 105.6895 15.02797
v 361.2686 106.3397 14.8791
v 361.3601 105.989 15.5563
v 361.6 105.2291 14.7197
v 361.9646 105.8829 14.5731
v 362.0416 105.5421 15.2572
v 361.6 105.2291 14.7197
v 361.9646 105.8829 14.5731
v 362.0416 105.5421 15.2572
v 362.3165 104.7754 14.4377
v 362.6756 105.4326 14.2931
v 362.7378 105.1016 14.9835

# 18 faces
f -18 -15 -17 
f -17 -15 -14 
f -17 -14 -16 
f -16 -14 -13 
f -16 -13 -18 
f -18 -13 -15 
f -12 -9 -11 
f -11 -9 -8 
f -11 -8 -10 
f -10 -8 -7 
f -10 -7 -12 
f -12 -7 -9 
f -6 -3 -5 
f -5 -3 -2 
f -5 -2 -4 
f -4 -2 -1 
f -4 -1 -6 
f -6 -1 -3 

g tomato_1Pdcel
s off

usemtl tomato_1Pdcel

# 18 vertices
v 362.2125 104.8701 14.4925
v 362.7268 105.3859 14.2661
v 362.789 105.0549 14.9565
v 362.8663 104.0117 14.02219
v 363.3806 104.5274 13.7957
v 363.4428 104.1965 14.4862
v 362.8663 104.0117 14.02219
v 363.3806 104.5274 13.7957
v 363.4428 104.1965 14.4862
v 363.0925 103.1147 13.5719
v 363.6982 103.4481 13.2498
v 363.7604 103.1172 13.9402
v 363.0925 103.1147 13.5719
v 363.6982 103.4481 13.2498
v 363.7604 103.1172 13.9402
v 362.9684 102.1895 13.1395
v 363.5912 102.3209 12.7191
v 363.6534 101.9899 13.4095

# 18 faces
f -18 -15 -17 
f -17 -15 -14 
f -17 -14 -16 
f -16 -14 -13 
f -16 -13 -18 
f -18 -13 -15 
f -12 -9 -11 
f -11 -9 -8 
f -11 -8 -10 
f -10 -8 -7 
f -10 -7 -12 
f -12 -7 -9 
f -6 -3 -5 
f -5 -3 -2 
f -5 -2 -4 
f -4 -2 -1 
f -4 -1 -6 
f -6 -1 -3 

g tomato_FruitR
s off

usemtl tomato_FruitR

# 6 vertices
v 363.4064 102.1667 13.08919
v 360.7336 100.7409 11.4058
v 361.4797 99.3817 13.5576
v 360.0811 98.1862 10.02435
v 361.1019 96.6235 12.4412
v 361.928 95.5831 9.3501

# 8 faces
f -6 -5 -4 
f -6 -4 -5 
f -5 -3 -4 
f -5 -4 -3 
f -4 -3 -2 
f -4 -2 -3 
f -2 -3 -1 
f -2 -1 -3 

g tomato_FruitR
s off

usemtl tomato_FruitR

# 6 vertices
v 363.4064 102.1667 13.08919
v 362.9968 101.2095 9.7836
v 360.8519 100.7857 11.285
v 362.4001 98.7346 8.2411
v 360.0318 98.1632 10.08238
v 362.0724 95.6357 9.2063

# 8 faces
f -6 -5 -4 
f -6 -4 -5 
f -5 -3 -4 
f -5 -4 -3 
f -4 -3 -2 
f -4 -2 -3 
f -2 -3 -1 
f -2 -1 -3 

g tomato_FruitR
s off

usemtl tomato_FruitR

# 6 vertices
v 363.4064 102.1667 13.08919
v 365.2446 100.0566 11.04495
v 363.1528 101.1499 9.835
v 364.8334 97.5551 9.4846
v 362.3268 98.7593 8.2228
v 362.2591 95.5628 9.2705

# 8 faces
f -6 -5 -4 
f -6 -4 -5 
f -5 -3 -4 
f -5 -4 -3 
f -4 -3 -2 
f -4 -2 -3 
f -2 -3 -1 
f -2 -1 -3 

g tomato_FruitR
s off

usemtl tomato_FruitR

# 6 vertices
v 363.4064 102.1667 13.08919
v 364.3916 98.8646 13.4583
v 365.2242 99.9744 11.1978
v 364.0409 96.2668 12.04801
v 364.8366 97.5936 9.4151
v 362.2319 95.4645 9.4546

# 8 faces
f -6 -5 -4 
f -6 -4 -5 
f -5 -3 -4 
f -5 -4 -3 
f -4 -3 -2 
f -4 -2 -3 
f -2 -3 -1 
f -2 -1 -3 

g tomato_FruitR
s off

usemtl tomato_FruitR

# 6 vertices
v 363.4064 102.1667 13.08919
v 361.5616 99.2939 13.6847
v 364.1746 98.8651 13.5332
v 361.0595 96.6627 12.3865
v 364.0682 96.2537 12.06163
v 362.0242 95.4772 9.5045

# 8 faces
f -6 -5 -4 
f -6 -4 -5 
f -5 -3 -4 
f -5 -4 -3 
f -4 -3 -2 
f -4 -2 -3 
f -2 -3 -1 
f -2 -1 -3 

g tomato_Intrnd
s off

usemtl tomato_Intrnd

# 18 vertices
v 343.8853 113.8837 17.4621
v 343.9272 113.565 17.7627
v 344.266 113.6654 17.4951
v 344.2818 114.6974 18.2692
v 344.3237 114.3787 18.5698
v 344.6625 114.4791 18.3022
v 344.2818 114.6974 18.2692
v 344.3237 114.3787 18.5698
v 344.6625 114.4791 18.3022
v 344.4867 115.6478 18.885
v 344.5525 115.3992 19.2421
v 344.8912 115.4996 18.9745
v 344.4867 115.6478 18.885
v 344.5525 115.3992 19.2421
v 344.8912 115.4996 18.9745
v 344.5121 116.7142 19.3171
v 344.5876 116.5475 19.7173
v 344.9264 116.6479 19.4498

# 18 faces
f -18 -15 -17 
f -17 -15 -14 
f -17 -14 -16 
f -16 -14 -13 
f -16 -13 -18 
f -18 -13 -15 
f -12 -9 -11 
f -11 -9 -8 
f -11 -8 -10 
f -10 -8 -7 
f -10 -7 -12 
f -12 -7 -9 
f -6 -3 -5 
f -5 -3 -2 
f -5 -2 -4 
f -4 -2 -1 
f -4 -1 -6 
f -6 -1 -3 

g tomato_Petiole
s off

usemtl tomato_Petiole

# 18 vertices
v 344.622 116.6342 19.4263
v 344.6443 116.6199 19.576
v 344.7614 116.6545 19.4835
v 344.3883 117.8177 19.5743
v 344.4107 117.8034 19.7241
v 344.5277 117.838 19.6316
v 344.3883 117.8177 19.5743
v 344.4107 117.8034 19.7241
v 344.5277 117.838 19.6316
v 343.9252 118.8939 19.3916
v 343.9343 118.9225 19.5407
v 344.0514 118.9572 19.4483
v 343.9252 118.8939 19.3916
v 343.9343 118.9225 19.5407
v 344.0514 118.9572 19.4483
v 343.2841 119.7659 18.9072
v 343.2721 119.832 19.04363
v 343.3892 119.8667 18.9511

# 18 faces
f -18 -15 -17 
f -17 -15 -14 
f -17 -14 -16 
f -16 -14 -13 
f -16 -13 -18 
f -18 -13 -15 
f -12 -9 -11 
f -11 -9 -8 
f -11 -8 -10 
f -10 -8 -7 
f -10 -7 -12 
f -12 -7 -9 
f -6 -3 -5 
f -5 -3 -2 
f -5 -2 -4 
f -4 -2 -1 
f -4 -1 -6 
f -6 -1 -3 

g tomato_Petiole
s off

usemtl tomato_Petiole

# 18 vertices
v 343.2866 119.7628 18.9089
v 343.2719 119.8322 19.04351
v 343.3869 119.8696 18.9495
v 343.2168 119.8479 18.8574
v 343.2021 119.9173 18.9919
v 343.3171 119.9548 18.898
v 343.2168 119.8479 18.8574
v 343.2021 119.9173 18.9919
v 343.3171 119.9548 18.898
v 343.1455 119.9252 18.8057
v 343.128 119.9977 18.9382
v 343.2408 120.0378 18.8427
v 343.1455 119.9252 18.8057
v 343.128 119.9977 18.9382
v 343.2408 120.0378 18.8427
v 343.0705 119.9977 18.7521
v 343.0501 120.073 18.8826
v 343.1606 120.1155 18.7855

# 18 faces
f -18 -15 -17 
f -17 -15 -14 
f -17 -14 -16 
f -16 -14 -13 
f -16 -13 -18 
f -18 -13 -15 
f -12 -9 -11 
f -11 -9 -8 
f -11 -8 -10 
f -10 -8 -7 
f -10 -7 -12 
f -12 -7 -9 
f -6 -3 -5 
f -5 -3 -2 
f -5 -2 -4 
f -4 -2 -1 
f -4 -1 -6 
f -6 -1 -3 

g tomato_Petiole
s off

usemtl tomato_Petiole

# 18 vertices
v 343.0933 120.0607 18.8056
v 343.0932 120.0623 18.8091
v 343.0951 120.064 18.8062
v 343.0681 120.0764 18.7979
v 343.0681 120.0779 18.8014
v 343.07 120.0797 18.7985
v 343.0681 120.0764 18.7979
v 343.0681 120.0779 18.8014
v 343.07 120.0797 18.7985
v 343.0396 120.0874 18.797
v 343.04 120.0887 18.8006
v 343.041 120.0909 18.7976
v 343.0396 120.0874 18.797
v 343.04 120.0887 18.8006
v 343.041 120.0909 18.7976
v 343.0102 120.0928 18.8032
v 343.0111 120.094 18.8067
v 343.011 120.0965 18.8038

# 18 faces
f -18 -15 -17 
f -17 -15 -14 
f -17 -14 -16 
f -16 -14 -13 
f -16 -13 -18 
f -18 -13 -15 
f -12 -9 -11 
f -11 -9 -8 
f -11 -8 -10 
f -10 -8 -7 
f -10 -7 -12 
f -12 -7 -9 
f -6 -3 -5 
f -5 -3 -2 
f -5 -2 -4 
f -4 -2 -1 
f -4 -1 -6 
f -6 -1 -3 

g tomato_Leaf
s off

usemtl tomato_Leaf

# 12 vertices
v 343.0108 120.0944 18.8046
v 340.5855 120.3148 20.438
v 340.4274 120.7069 19.4856
v 339.4595 120.4516 20.5982
v 339.3846 120.9542 19.7605
v 339.472 120.7557 20.1696
v 338.2895 120.1284 19.9927
v 340.5102 120.4588 20.02307
v 339.2042 120.7605 19.2506
v 339.0437 120.5121 18.9664
v 340.1859 120.578 18.7867
v 340.0307 120.3277 18.4233

# 16 faces
f -10 -11 -12 
f -10 -12 -11 
f -8 -9 -10 
f -8 -10 -9 
f -8 -6 -7 
f -8 -7 -6 
f -10 -9 -5 
f -10 -5 -9 
f -8 -4 -6 
f -8 -6 -4 
f -10 -3 -8 
f -10 -8 -3 
f -2 -3 -10 
f -2 -10 -3 
f -12 -1 -10 
f -12 -10 -1 

g tomato_Petiole
s off

usemtl tomato_Petiole

# 18 vertices
v 343.0733 119.9951 18.7541
v 343.0499 120.0731 18.8825
v 343.158 120.1179 18.7836
v 342.992 120.0649 18.6968
v 342.9686 120.1429 18.8253
v 343.0766 120.1878 18.7264
v 342.992 120.0649 18.6968
v 342.9686 120.1429 18.8253
v 343.0766 120.1878 18.7264
v 342.9102 120.1269 18.64
v 342.8836 120.2073 18.7663
v 342.9891 120.2543 18.6657
v 342.9102 120.1269 18.64
v 342.8836 120.2073 18.7663
v 342.9891 120.2543 18.6657
v 342.8255 120.1833 18.5819
v 342.7956 120.266 18.706
v 342.8985 120.3149 18.6036

# 18 faces
f -18 -15 -17 
f -17 -15 -14 
f -17 -14 -16 
f -16 -14 -13 
f -16 -13 -18 
f -18 -13 -15 
f -12 -9 -11 
f -11 -9 -8 
f -11 -8 -10 
f -10 -8 -7 
f -10 -7 -12 
f -12 -7 -9 
f -6 -3 -5 
f -5 -3 -2 
f -5 -2 -4 
f -4 -2 -1 
f -4 -1 -6 
f -6 -1 -3 

g tomato_Petiole
s off

usemtl tomato_Petiole

# 18 vertices
v 342.8396 120.2533 18.6295
v 342.8386 120.2556 18.6324
v 342.8417 120.2564 18.6303
v 342.8225 120.2698 18.6102
v 342.8215 120.2721 18.6131
v 342.8246 120.2729 18.611
v 342.8225 120.2698 18.6102
v 342.8215 120.2721 18.6131
v 342.8246 120.2729 18.611
v 342.8113 120.2873 18.5878
v 342.8101 120.2898 18.5904
v 342.8136 120.2901 18.5889
v 342.8113 120.2873 18.5878
v 342.8101 120.2898 18.5904
v 342.8136 120.2901 18.5889
v 342.8065 120.3049 18.5633
v 342.8052 120.3077 18.5656
v 342.8089 120.3075 18.5647

# 18 faces
f -18 -15 -17 
f -17 -15 -14 
f -17 -14 -16 
f -16 -14 -13 
f -16 -13 -18 
f -18 -13 -15 
f -12 -9 -11 
f -11 -9 -8 
f -11 -8 -10 
f -10 -8 -7 
f -10 -7 -12 
f -12 -7 -9 
f -6 -3 -5 
f -5 -3 -2 
f -5 -2 -4 
f -4 -2 -1 
f -4 -1 -6 
f -6 -1 -3 

g tomato_Leaf
s off

usemtl tomato_Leaf

# 12 vertices
v 342.8069 120.3067 18.5645
v 341.497 122.3482 16.9167
v 342.3915 122.0386 16.481
v 341.3119 122.9255 15.9448
v 342.2238 122.7377 15.64
v 341.8208 122.8438 15.8416
v 341.2932 122.7041 14.6066
v 341.8661 122.1973 16.7177
v 342.393 122.3325 15.2695
v 342.3753 122.0324 14.9905
v 342.7239 121.5732 15.9948
v 342.7584 121.2179 15.6926

# 16 faces
f -10 -11 -12 
f -10 -12 -11 
f -8 -9 -10 
f -8 -10 -9 
f -8 -6 -7 
f -8 -7 -6 
f -10 -9 -5 
f -10 -5 -9 
f -8 -4 -6 
f -8 -6 -4 
f -10 -3 -8 
f -10 -8 -3 
f -2 -3 -10 
f -2 -10 -3 
f -12 -1 -10 
f -12 -10 -1 

g tomato_Petiole
s off

usemtl tomato_Petiole

# 18 vertices
v 342.824 120.1843 18.5808
v 342.795 120.2664 18.7055
v 342.9005 120.3135 18.6051
v 342.7387 120.2463 18.5203
v 342.7097 120.3283 18.645
v 342.8152 120.3754 18.5445
v 342.7387 120.2463 18.5203
v 342.7097 120.3283 18.645
v 342.8152 120.3754 18.5445
v 342.6546 120.3126 18.4584
v 342.6265 120.3939 18.5839
v 342.7346 120.4391 18.4853
v 342.6546 120.3126 18.4584
v 342.6265 120.3939 18.5839
v 342.7346 120.4391 18.4853
v 342.5733 120.3822 18.3964
v 342.5461 120.4627 18.5225
v 342.6567 120.5059 18.4259

# 18 faces
f -18 -15 -17 
f -17 -15 -14 
f -17 -14 -16 
f -16 -14 -13 
f -16 -13 -18 
f -18 -13 -15 
f -12 -9 -11 
f -11 -9 -8 
f -11 -8 -10 
f -10 -8 -7 
f -10 -7 -12 
f -12 -7 -9 
f -6 -3 -5 
f -5 -3 -2 
f -5 -2 -4 
f -4 -2 -1 
f -4 -1 -6 
f -6 -1 -3 

g tomato_Petiole
s off

usemtl tomato_Petiole

# 18 vertices
v 342.5916 120.4489 18.4472
v 342.5913 120.4507 18.4506
v 342.5934 120.4522 18.4478
v 342.5668 120.4635 18.437
v 342.5664 120.4653 18.4404
v 342.5685 120.4668 18.4376
v 342.5668 120.4635 18.437
v 342.5664 120.4653 18.4404
v 342.5685 120.4668 18.4376
v 342.5386 120.4746 18.4326
v 342.5387 120.4762 18.4361
v 342.54 120.4781 18.4331
v 342.5386 120.4746 18.4326
v 342.5387 120.4762 18.4361
v 342.54 120.4781 18.4331
v 342.5089 120.4816 18.4342
v 342.5095 120.483 18.4377
v 342.5098 120.4852 18.4346

# 18 faces
f -18 -15 -17 
f -17 -15 -14 
f -17 -14 -16 
f -16 -14 -13 
f -16 -13 -18 
f -18 -13 -15 
f -12 -9 -11 
f -11 -9 -8 
f -11 -8 -10 
f -10 -8 -7 
f -10 -7 -12 
f -12 -7 -9 
f -6 -3 -5 
f -5 -3 -2 
f -5 -2 -4 
f -4 -2 -1 
f -4 -1 -6 
f -6 -1 -3 

g tomato_Leaf
s off

usemtl tomato_Leaf

# 12 vertices
v 342.5094 120.4833 18.4355
v 339.9016 120.9288 19.7002
v 339.8894 121.2417 18.7064
v 338.7718 121.1179 19.694
v 338.8318 121.5479 18.8157
v 338.855 121.3829 19.2477
v 337.6788 120.7839 18.9634
v 339.8887 121.0386 19.2685
v 338.712 121.3169 18.3035
v 338.5794 121.0504 18.02147
v 339.7371 121.0608 17.994
v 339.6202 120.7854 17.6345

# 16 faces
f -10 -11 -12 
f -10 -12 -11 
f -8 -9 -10 
f -8 -10 -9 
f -8 -6 -7 
f -8 -7 -6 
f -10 -9 -5 
f -10 -5 -9 
f -8 -4 -6 
f -8 -6 -4 
f -10 -3 -8 
f -10 -8 -3 
f -2 -3 -10 
f -2 -10 -3 
f -12 -1 -10 
f -12 -10 -1 

g tomato_Petiole
s off

usemtl tomato_Petiole

# 18 vertices
v 342.5719 120.3835 18.3953
v 342.5455 120.4632 18.5221
v 342.6586 120.5042 18.4274
v 342.4948 120.455 18.3343
v 342.4684 120.5347 18.4611
v 342.5815 120.5757 18.3664
v 342.4948 120.455 18.3343
v 342.4684 120.5347 18.4611
v 342.5815 120.5757 18.3664
v 342.4194 120.5308 18.2722
v 342.3938 120.6097 18.3997
v 342.5092 120.6485 18.3069
v 342.4194 120.5308 18.2722
v 342.3938 120.6097 18.3997
v 342.5092 120.6485 18.3069
v 342.347 120.6097 18.2102
v 342.3222 120.6877 18.3384
v 342.4399 120.7242 18.2475

# 18 faces
f -18 -15 -17 
f -17 -15 -14 
f -17 -14 -16 
f -16 -14 -13 
f -16 -13 -18 
f -18 -13 -15 
f -12 -9 -11 
f -11 -9 -8 
f -11 -8 -10 
f -10 -8 -7 
f -10 -7 -12 
f -12 -7 -9 
f -6 -3 -5 
f -5 -3 -2 
f -5 -2 -4 
f -4 -2 -1 
f -4 -1 -6 
f -6 -1 -3 

g tomato_Petiole
s off

usemtl tomato_Petiole

# 18 vertices
v 342.3692 120.6725 18.2642
v 342.3683 120.6749 18.2671
v 342.3718 120.6751 18.2655
v 342.3589 120.6933 18.2443
v 342.3581 120.6956 18.2472
v 342.3615 120.6958 18.2456
v 342.3589 120.6933 18.2443
v 342.3581 120.6956 18.2472
v 342.3615 120.6958 18.2456
v 342.3571 120.7136 18.2215
v 342.3561 120.7163 18.224
v 342.3598 120.7157 18.2231
v 342.3571 120.7136 18.2215
v 342.3561 120.7163 18.224
v 342.3598 120.7157 18.2231
v 342.3639 120.7316 18.1977
v 342.363 120.7346 18.1998
v 342.3666 120.7333 18.1998

# 18 faces
f -18 -15 -17 
f -17 -15 -14 
f -17 -14 -16 
f -16 -14 -13 
f -16 -13 -18 
f -18 -13 -15 
f -12 -9 -11 
f -11 -9 -8 
f -11 -8 -10 
f -10 -8 -7 
f -10 -7 -12 
f -12 -7 -9 
f -6 -3 -5 
f -5 -3 -2 
f -5 -2 -4 
f -4 -2 -1 
f -4 -1 -6 
f -6 -1 -3 

g tomato_Leaf
s off

usemtl tomato_Leaf

# 12 vertices
v 342.3645 120.7332 18.1991
v 342.1662 123.0601 16.4258
v 343.0056 122.4881 16.1936
v 342.4044 123.6565 15.4773
v 343.2643 123.1965 15.384
v 342.8748 123.4225 15.4916
v 342.6475 123.4378 14.1608
v 342.5103 122.8019 16.3098
v 343.39 122.7553 15.03815
v 343.3522 122.4721 14.7439
v 343.2921 121.9386 15.77
v 343.2917 121.5867 15.4619

# 16 faces
f -10 -11 -12 
f -10 -12 -11 
f -8 -9 -10 
f -8 -10 -9 
f -8 -6 -7 
f -8 -7 -6 
f -10 -9 -5 
f -10 -5 -9 
f -8 -4 -6 
f -8 -6 -4 
f -10 -3 -8 
f -10 -8 -3 
f -2 -3 -10 
f -2 -10 -3 
f -12 -1 -10 
f -12 -10 -1 

g tomato_Petiole
s off

usemtl tomato_Petiole

# 18 vertices
v 342.3692 120.6725 18.2642
v 342.3687 120.6745 18.2675
v 342.3716 120.6755 18.2651
v 342.3508 120.6918 18.2494
v 342.3502 120.6938 18.2526
v 342.3531 120.6948 18.2503
v 342.3508 120.6918 18.2494
v 342.3502 120.6938 18.2526
v 342.3531 120.6948 18.2503
v 342.3318 120.711 18.2349
v 342.3312 120.7129 18.2382
v 342.334 120.7139 18.2358
v 342.3318 120.711 18.2349
v 342.3312 120.7129 18.2382
v 342.334 120.7139 18.2358
v 342.3122 120.7299 18.221
v 342.3117 120.7317 18.2243
v 342.3145 120.7328 18.2219

# 18 faces
f -18 -15 -17 
f -17 -15 -14 
f -17 -14 -16 
f -16 -14 -13 
f -16 -13 -18 
f -18 -13 -15 
f -12 -9 -11 
f -11 -9 -8 
f -11 -8 -10 
f -10 -8 -7 
f -10 -7 -12 
f -12 -7 -9 
f -6 -3 -5 
f -5 -3 -2 
f -5 -2 -4 
f -4 -2 -1 
f -4 -1 -6 
f -6 -1 -3 

g tomato_Leaf
s off

usemtl tomato_Leaf

# 12 vertices
v 342.3128 120.7315 18.2224
v 339.9979 122.5117 17.9563
v 340.5983 122.5554 17.1058
v 339.2492 123.148 17.3675
v 339.9063 123.2917 16.6551
v 339.6447 123.2398 17.03361
v 338.6115 123.1383 16.1703
v 340.2405 122.5109 17.5825
v 339.9427 123.0176 16.1514
v 339.8462 122.7724 15.8372
v 340.7271 122.2914 16.4151
v 340.6738 122.0134 16.04275

# 16 faces
f -10 -11 -12 
f -10 -12 -11 
f -8 -9 -10 
f -8 -10 -9 
f -8 -6 -7 
f -8 -7 -6 
f -10 -9 -5 
f -10 -5 -9 
f -8 -4 -6 
f -8 -6 -4 
f -10 -3 -8 
f -10 -8 -3 
f -2 -3 -10 
f -2 -10 -3 
f -12 -1 -10 
f -12 -10 -1 

g tomato_1Pdncle
s off

usemtl tomato_1Pdncle

# 18 vertices
v 344.4024 116.6366 19.1493
v 344.5175 116.549 19.8982
v 345.1046 116.723 19.4344
v 344.0377 118.6431 19.44
v 344.1527 118.5555 20.1889
v 344.7398 118.7295 19.7251
v 344.0377 118.6431 19.44
v 344.1527 118.5555 20.1889
v 344.7398 118.7295 19.7251
v 343.3289 120.4141 19.207
v 343.3868 120.5278 19.959
v 343.9739 120.7018 19.4952
v 343.3289 120.4141 19.207
v 343.3868 120.5278 19.959
v 343.9739 120.7018 19.4952
v 342.3372 121.9056 18.5109
v 342.3023 122.2005 19.2135
v 342.8894 122.3744 18.7497

# 18 faces
f -18 -15 -17 
f -17 -15 -14 
f -17 -14 -16 
f -16 -14 -13 
f -16 -13 -18 
f -18 -13 -15 
f -12 -9 -11 
f -11 -9 -8 
f -11 -8 -10 
f -10 -8 -7 
f -10 -7 -12 
f -12 -7 -9 
f -6 -3 -5 
f -5 -3 -2 
f -5 -2 -4 
f -4 -2 -1 
f -4 -1 -6 
f -6 -1 -3 

g tomato_1InfInt
s off

usemtl tomato_1InfInt

# 18 vertices
v 342.4225 122.2661 19.2459
v 342.8818 122.3086 18.6383
v 342.2257 121.9108 18.6002
v 341.9982 122.9917 18.976
v 342.4575 123.0343 18.3684
v 341.8014 122.6365 18.3303
v 341.9982 122.9917 18.976
v 342.4575 123.0343 18.3684
v 341.8014 122.6365 18.3303
v 341.6129 123.7298 18.7561
v 342.0664 123.7842 18.1453
v 341.3931 123.4179 18.09574
v 341.6129 123.7298 18.7561
v 342.0664 123.7842 18.1453
v 341.3931 123.4179 18.09574
v 341.2579 124.4946 18.5803
v 341.7063 124.5611 17.9668
v 341.0169 124.2276 17.9077

# 18 faces
f -18 -15 -17 
f -17 -15 -14 
f -17 -14 -16 
f -16 -14 -13 
f -16 -13 -18 
f -18 -13 -15 
f -12 -9 -11 
f -11 -9 -8 
f -11 -8 -10 
f -10 -8 -7 
f -10 -7 -12 
f -12 -7 -9 
f -6 -3 -5 
f -5 -3 -2 
f -5 -2 -4 
f -4 -2 -1 
f -4 -1 -6 
f -6 -1 -3 

g tomato_1Pdcel
s off

usemtl tomato_1Pdcel

# 18 vertices
v 341.3376 124.33 18.58
v 341.6671 124.6423 17.967
v 340.9777 124.3087 17.9078
v 340.8192 125.358 18.8251
v 341.1486 125.6703 18.2121
v 340.4592 125.3367 18.1529
v 340.8192 125.358 18.8251
v 341.1486 125.6703 18.2121
v 340.4592 125.3367 18.1529
v 340.4341 126.0446 19.4401
v 340.6472 126.5777 18.9379
v 339.9578 126.2441 18.8787
v 340.4341 126.0446 19.4401
v 340.6472 126.5777 18.9379
v 339.9578 126.2441 18.8787
v 340.1689 126.4366 20.3198
v 340.2883 127.1276 20.01964
v 339.5989 126.794 19.9604

# 18 faces
f -18 -15 -17 
f -17 -15 -14 
f -17 -14 -16 
f -16 -14 -13 
f -16 -13 -18 
f -18 -13 -15 
f -12 -9 -11 
f -11 -9 -8 
f -11 -8 -10 
f -10 -8 -7 
f -10 -7 -12 
f -12 -7 -9 
f -6 -3 -5 
f -5 -3 -2 
f -5 -2 -4 
f -4 -2 -1 
f -4 -1 -6 
f -6 -1 -3 

g tomato_FruitR
s off

usemtl tomato_FruitR

# 6 vertices
v 340.018 126.7877 20.09895
v 340.8541 126.2426 24.5498
v 337.5369 125.6116 23.6639
v 339.6501 127.7457 27.9619
v 335.827 127.2212 26.8374
v 336.9898 131.0035 28.8255

# 8 faces
f -6 -5 -4 
f -6 -4 -5 
f -5 -3 -4 
f -5 -4 -3 
f -4 -3 -2 
f -4 -2 -3 
f -2 -3 -1 
f -2 -1 -3 

g tomato_FruitR
s off

usemtl tomato_FruitR

# 6 vertices
v 340.018 126.7877 20.09895
v 341.8515 129.5658 23.2179
v 340.955 126.4393 24.4862
v 340.8364 131.2287 26.6172
v 339.5976 127.6587 27.9871
v 337.1082 131.2415 28.7473

# 8 faces
f -6 -5 -4 
f -6 -4 -5 
f -5 -3 -4 
f -5 -4 -3 
f -4 -3 -2 
f -4 -2 -3 
f -2 -3 -1 
f -2 -1 -3 

g tomato_FruitR
s off

usemtl tomato_FruitR

# 6 vertices
v 340.018 126.7877 20.09895
v 338.9439 131.0204 21.4172
v 341.6987 129.69 23.09893
v 337.8542 132.8817 24.6881
v 340.9002 131.1665 26.6721
v 336.9218 131.3884 28.6044

# 8 faces
f -6 -5 -4 
f -6 -4 -5 
f -5 -3 -4 
f -5 -4 -3 
f -4 -3 -2 
f -4 -2 -3 
f -2 -3 -1 
f -2 -1 -3 

g tomato_FruitR
s off

usemtl tomato_FruitR

# 6 vertices
v 340.018 126.7877 20.09895
v 336.1225 128.6099 21.6195
v 338.7472 130.9016 21.4062
v 334.7971 130.4357 24.8227
v 337.9468 132.9297 24.6974
v 336.6865 131.2427 28.5931

# 8 faces
f -6 -5 -4 
f -6 -4 -5 
f -5 -3 -4 
f -5 -4 -3 
f -4 -3 -2 
f -4 -2 -3 
f -2 -3 -1 
f -2 -1 -3 

g tomato_FruitR
s off

usemtl tomato_FruitR

# 6 vertices
v 340.018 126.7877 20.09895
v 337.3209 125.6124 23.5848
v 336.1362 128.343 21.7606
v 335.9238 127.2136 26.8765
v 334.7641 130.4545 24.8011
v 336.7292 131.0012 28.7318

# 8 faces
f -6 -5 -4 
f -6 -4 -5 
f -5 -3 -4 
f -5 -4 -3 
f -4 -3 -2 
f -4 -2 -3 
f -2 -3 -1 
f -2 -1 -3 

g tomato_1InfInt
s off

usemtl tomato_1InfInt

# 18 vertices
v 341.654 124.4876 17.8588
v 340.9596 124.2185 18.02351
v 341.3732 124.5771 18.5623
v 341.2981 125.259 17.6185
v 340.6037 124.9898 17.7832
v 341.0173 125.3485 18.3221
v 341.2981 125.259 17.6185
v 340.6037 124.9898 17.7832
v 341.0173 125.3485 18.3221
v 340.9607 125.9957 17.327
v 340.2608 125.7379 17.4867
v 340.6587 126.1291 18.01464
v 340.9607 125.9957 17.327
v 340.2608 125.7379 17.4867
v 340.6587 126.1291 18.01464
v 340.6344 126.7132 16.9799
v 339.9292 126.4664 17.1338
v 340.3119 126.8893 17.6483

# 18 faces
f -18 -15 -17 
f -17 -15 -14 
f -17 -14 -16 
f -16 -14 -13 
f -16 -13 -18 
f -18 -13 -15 
f -12 -9 -11 
f -11 -9 -8 
f -11 -8 -10 
f -10 -8 -7 
f -10 -7 -12 
f -12 -7 -9 
f -6 -3 -5 
f -5 -3 -2 
f -5 -2 -4 
f -4 -2 -1 
f -4 -1 -6 
f -6 -1 -3 

g tomato_1Pdcel
s off

usemtl tomato_1Pdcel

# 18 vertices
v 340.6727 126.5621 17.07561
v 339.9103 126.5408 17.08669
v 340.293 126.9638 17.6012
v 340.6363 127.4842 16.3447
v 339.8739 127.4629 16.3558
v 340.2566 127.8858 16.8703
v 340.6363 127.4842 16.3447
v 339.8739 127.4629 16.3558
v 340.2566 127.8858 16.8703
v 340.9892 128.0603 15.6088
v 340.2675 128.2319 15.431
v 340.6502 128.6548 15.9456
v 340.9892 128.0603 15.6088
v 340.2675 128.2319 15.431
v 340.6502 128.6548 15.9456
v 341.6323 128.3426 14.8984
v 341.0424 128.6413 14.5182
v 341.425 129.0643 15.03279

# 18 faces
f -18 -15 -17 
f -17 -15 -14 
f -17 -14 -16 
f -16 -14 -13 
f -16 -13 -18 
f -18 -13 -15 
f -12 -9 -11 
f -11 -9 -8 
f -11 -8 -10 
f -10 -8 -7 
f -10 -7 -12 
f -12 -7 -9 
f -6 -3 -5 
f -5 -3 -2 
f -5 -2 -4 
f -4 -2 -1 
f -4 -1 -6 
f -6 -1 -3 

g tomato_FruitR
s off

usemtl tomato_FruitR

# 6 vertices
v 341.3653 128.6844 14.8161
v 343.752 127.359 13.05558
v 344.511 129.2192 14.5198
v 345.5931 128.1441 11.1115
v 346.3487 130.3773 12.7349
v 345.9454 130.7989 9.6356

# 8 faces
f -6 -5 -4 
f -6 -4 -5 
f -5 -3 -4 
f -5 -4 -3 
f -4 -3 -2 
f -4 -2 -3 
f -2 -3 -1 
f -2 -1 -3 

g tomato_FruitR
s off

usemtl tomato_FruitR

# 6 vertices
v 341.3653 128.6844 14.8161
v 341.683 128.1787 11.623
v 343.6246 127.3805 12.9548
v 343.4081 128.9125 9.5563
v 345.6503 128.1397 11.1591
v 345.7918 130.8273 9.5152

# 8 faces
f -6 -5 -4 
f -6 -4 -5 
f -5 -3 -4 
f -5 -4 -3 
f -4 -3 -2 
f -4 -2 -3 
f -2 -3 -1 
f -2 -1 -3 

g tomato_FruitR
s off

usemtl tomato_FruitR

# 6 vertices
v 341.3653 128.6844 14.8161
v 341.1688 130.6929 12.2706
v 341.6279 128.3319 11.6418
v 342.7861 131.5621 10.1696
v 343.4372 128.844 9.5517
v 345.7273 131.0121 9.5397

# 8 faces
f -6 -5 -4 
f -6 -4 -5 
f -5 -3 -4 
f -5 -4 -3 
f -4 -3 -2 
f -4 -2 -3 
f -2 -3 -1 
f -2 -1 -3 

g tomato_FruitR
s off

usemtl tomato_FruitR

# 6 vertices
v 341.3653 128.6844 14.8161
v 342.9151 131.4504 14.1094
v 341.2616 130.7674 12.3832
v 344.5808 132.4559 12.1095
v 342.7471 131.5235 10.1191
v 345.8405 131.0997 9.6755

# 8 faces
f -6 -5 -4 
f -6 -4 -5 
f -5 -3 -4 
f -5 -4 -3 
f -4 -3 -2 
f -4 -2 -3 
f -2 -3 -1 
f -2 -1 -3 

g tomato_FruitR
s off

usemtl tomato_FruitR

# 6 vertices
v 341.3653 128.6844 14.8161
v 344.5357 129.3589 14.6019
v 343.0703 131.3241 14.1887
v 346.3418 130.3116 12.7004
v 344.5736 132.4855 12.1161
v 345.9773 130.9659 9.7357

# 8 faces
f -6 -5 -4 
f -6 -4 -5 
f -5 -3 -4 
f -5 -4 -3 
f -4 -3 -2 
f -4 -2 -3 
f -2 -3 -1 
f -2 -1 -3 

g tomato_1InfInt
s off

usemtl tomato_1InfInt

# 18 vertices
v 339.8964 126.4906 17.2685
v 340.4322 126.9146 17.6075
v 340.5364 126.6606 16.8901
v 339.516 127.2226 16.9541
v 340.0518 127.6466 17.2931
v 340.1561 127.3926 16.5757
v 339.516 127.2226 16.9541
v 340.0518 127.6466 17.2931
v 340.1561 127.3926 16.5757
v 339.102 127.9296 16.6888
v 339.6312 128.3648 17.02414
v 339.719 128.1424 16.2941
v 339.102 127.9296 16.6888
v 339.6312 128.3648 17.02414
v 339.719 128.1424 16.2941
v 338.6474 128.6264 16.4662
v 339.1693 129.0725 16.7984
v 339.239 128.8813 16.05777

# 18 faces
f -18 -15 -17 
f -17 -15 -14 
f -17 -14 -16 
f -16 -14 -13 
f -16 -13 -18 
f -18 -13 -15 
f -12 -9 -11 
f -11 -9 -8 
f -11 -8 -10 
f -10 -8 -7 
f -10 -7 -12 
f -12 -7 -9 
f -6 -3 -5 
f -5 -3 -2 
f -5 -2 -4 
f -4 -2 -1 
f -4 -1 -6 
f -6 -1 -3 

g tomato_1Pdcel
s off

usemtl tomato_1Pdcel

# 18 vertices
v 338.7737 128.5017 16.5103
v 339.107 129.134 16.7767
v 339.1767 128.9428 16.03605
v 337.8032 129.119 16.2597
v 338.1365 129.7512 16.5261
v 338.2062 129.56 15.7854
v 337.8032 129.119 16.2597
v 338.1365 129.7512 16.5261
v 338.2062 129.56 15.7854
v 336.8181 129.2319 16.1379
v 336.8997 129.9581 16.3564
v 336.9694 129.7669 15.6157
v 336.8181 129.2319 16.1379
v 336.8997 129.9581 16.3564
v 336.9694 129.7669 15.6157
v 335.8612 128.9457 16.1217
v 335.671 129.6577 16.3184
v 335.7407 129.4665 15.5776

# 18 faces
f -18 -15 -17 
f -17 -15 -14 
f -17 -14 -16 
f -16 -14 -13 
f -16 -13 -18 
f -18 -13 -15 
f -12 -9 -11 
f -11 -9 -8 
f -11 -8 -10 
f -10 -8 -7 
f -10 -7 -12 
f -12 -7 -9 
f -6 -3 -5 
f -5 -3 -2 
f -5 -2 -4 
f -4 -2 -1 
f -4 -1 -6 
f -6 -1 -3 

g tomato_FruitR
s off

usemtl tomato_FruitR

# 6 vertices
v 335.7571 129.3586 16.00541
v 333.8391 127.1456 16.6642
v 334.0979 127.4968 14.4088
v 331.3541 126.5722 16.2855
v 331.6234 127.1216 13.7122
v 329.2595 128.073 15.1261

# 8 faces
f -6 -5 -4 
f -6 -4 -5 
f -5 -3 -4 
f -5 -4 -3 
f -4 -3 -2 
f -4 -2 -3 
f -2 -3 -1 
f -2 -1 -3 

g tomato_FruitR
s off

usemtl tomato_FruitR

# 6 vertices
v 335.7571 129.3586 16.00541
v 333.3136 129.2747 17.7467
v 333.8058 127.2615 16.7558
v 330.7961 128.7697 17.5124
v 331.3691 126.5229 16.2398
v 329.2195 128.2141 15.2344

# 8 faces
f -6 -5 -4 
f -6 -4 -5 
f -5 -3 -4 
f -5 -4 -3 
f -4 -3 -2 
f -4 -2 -3 
f -2 -3 -1 
f -2 -1 -3 

g tomato_FruitR
s off

usemtl tomato_FruitR

# 6 vertices
v 335.7571 129.3586 16.00541
v 333.2536 131.0145 16.02898
v 333.3036 129.4003 17.6627
v 330.7116 130.669 15.7713
v 330.8018 128.71 17.5462
v 329.208 128.3639 15.1312

# 8 faces
f -6 -5 -4 
f -6 -4 -5 
f -5 -3 -4 
f -5 -4 -3 
f -4 -3 -2 
f -4 -2 -3 
f -2 -3 -1 
f -2 -1 -3 

g tomato_FruitR
s off

usemtl tomato_FruitR

# 6 vertices
v 335.7571 129.3586 16.00541
v 333.7414 129.9768 13.8687
v 333.2805 130.9773 15.8847
v 331.2165 129.6629 13.4521
v 330.7 130.6808 15.8381
v 329.2408 128.3168 14.9582

# 8 faces
f -6 -5 -4 
f -6 -4 -5 
f -5 -3 -4 
f -5 -4 -3 
f -4 -3 -2 
f -4 -2 -3 
f -2 -3 -1 
f -2 -1 -3 

g tomato_FruitR
s off

usemtl tomato_FruitR

# 6 vertices
v 335.7571 129.3586 16.00541
v 334.1088 127.5496 14.2673
v 333.7789 129.7832 13.8433
v 331.6195 127.0928 13.7747
v 331.2155 129.6843 13.4328
v 329.2731 128.1343 14.955

# 8 faces
f -6 -5 -4 
f -6 -4 -5 
f -5 -3 -4 
f -5 -4 -3 
f -4 -3 -2 
f -4 -2 -3 
f -2 -3 -1 
f -2 -1 -3 

g tomato_1InfInt
s off

usemtl tomato_1InfInt

# 18 vertices
v 339.2802 129.091 16.7137
v 339.1456 128.799 16.02203
v 338.6389 128.6969 16.5902
v 338.8676 129.8356 16.4796
v 338.7331 129.5436 15.7879
v 338.2263 129.4415 16.3561
v 338.8676 129.8356 16.4796
v 338.7331 129.5436 15.7879
v 338.2263 129.4415 16.3561
v 338.5193 130.5881 16.247
v 338.3796 130.308 15.5514
v 337.8559 130.2378 16.109
v 338.5193 130.5881 16.247
v 338.3796 130.308 15.5514
v 337.8559 130.2378 16.109
v 338.2263 131.3628 16.01118
v 338.0824 131.0949 15.3116
v 337.544 131.0578 15.8583

# 18 faces
f -18 -15 -17 
f -17 -15 -14 
f -17 -14 -16 
f -16 -14 -13 
f -16 -13 -18 
f -18 -13 -15 
f -12 -9 -11 
f -11 -9 -8 
f -11 -8 -10 
f -10 -8 -7 
f -10 -7 -12 
f -12 -7 -9 
f -6 -3 -5 
f -5 -3 -2 
f -5 -2 -4 
f -4 -2 -1 
f -4 -1 -6 
f -6 -1 -3 

g tomato_1Pdcel
s off

usemtl tomato_1Pdcel

# 18 vertices
v 338.2635 131.1854 16.03576
v 338.0641 131.1823 15.2995
v 337.5257 131.1452 15.8462
v 338.1959 132.3606 16.04906
v 337.9965 132.3574 15.3128
v 337.4581 132.3203 15.8595
v 338.1959 132.3606 16.04906
v 337.9965 132.3574 15.3128
v 337.4581 132.3203 15.8595
v 338.4566 133.2708 16.3676
v 338.2821 133.5361 15.6741
v 337.7437 133.4989 16.2208
v 338.4566 133.2708 16.3676
v 338.2821 133.5361 15.6741
v 337.7437 133.4989 16.2208
v 338.9637 133.9372 16.9123
v 338.8902 134.4286 16.3336
v 338.3518 134.3915 16.8803

# 18 faces
f -18 -15 -17 
f -17 -15 -14 
f -17 -14 -16 
f -16 -14 -13 
f -16 -13 -18 
f -18 -13 -15 
f -12 -9 -11 
f -11 -9 -8 
f -11 -8 -10 
f -10 -8 -7 
f -10 -7 -12 
f -12 -7 -9 
f -6 -3 -5 
f -5 -3 -2 
f -5 -2 -4 
f -4 -2 -1 
f -4 -1 -6 
f -6 -1 -3 

g tomato_FruitR
s off

usemtl tomato_FruitR

# 6 vertices
v 338.7342 134.254 16.7077
v 340.9989 134.2384 17.8986
v 339.4851 134.5628 19.09782
v 342.2354 135.6056 19.09552
v 340.4543 136.0718 20.3971
v 341.9324 137.9274 19.6605

# 8 faces
f -6 -5 -4 
f -6 -4 -5 
f -5 -3 -4 
f -5 -4 -3 
f -4 -3 -2 
f -4 -2 -3 
f -2 -3 -1 
f -2 -1 -3 

g tomato_FruitR
s off

usemtl tomato_FruitR

# 6 vertices
v 338.7342 134.254 16.7077
v 340.8916 135.5664 16.2951
v 341.0131 134.3093 17.7917
v 342.192 136.9716 17.3745
v 342.2252 135.5758 19.145
v 341.9478 138.0138 19.5323

# 8 faces
f -6 -5 -4 
f -6 -4 -5 
f -5 -3 -4 
f -5 -4 -3 
f -4 -3 -2 
f -4 -2 -3 
f -2 -3 -1 
f -2 -1 -3 

g tomato_FruitR
s off

usemtl tomato_FruitR

# 6 vertices
v 338.7342 134.254 16.7077
v 339.2043 136.7642 16.5498
v 340.7944 135.6511 16.2895
v 340.4325 138.2733 17.5719
v 342.2344 136.9315 17.381
v 341.83 138.115 19.5273

# 8 faces
f -6 -5 -4 
f -6 -4 -5 
f -5 -3 -4 
f -5 -4 -3 
f -4 -3 -2 
f -4 -2 -3 
f -2 -3 -1 
f -2 -1 -3 

g tomato_FruitR
s off

usemtl tomato_FruitR

# 6 vertices
v 338.7342 134.254 16.7077
v 338.2531 136.1876 18.313
v 339.1292 136.7464 16.6532
v 339.3721 137.7241 19.4166
v 340.4693 138.2781 17.5264
v 341.7407 138.0921 19.6524

# 8 faces
f -6 -5 -4 
f -6 -4 -5 
f -5 -3 -4 
f -5 -4 -3 
f -4 -3 -2 
f -4 -2 -3 
f -2 -3 -1 
f -2 -1 -3 

g tomato_FruitR
s off

usemtl tomato_FruitR

# 6 vertices
v 338.7342 134.254 16.7077
v 339.379 134.603 19.1592
v 338.3078 136.0637 18.415
v 340.5031 136.0504 20.3725
v 339.3525 137.7387 19.4186
v 341.805 137.9744 19.736

# 8 faces
f -6 -5 -4 
f -6 -4 -5 
f -5 -3 -4 
f -5 -4 -3 
f -4 -3 -2 
f -4 -2 -3 
f -2 -3 -1 
f -2 -1 -3 

g tomato_1InfInt
s off

usemtl tomato_1InfInt

# 18 vertices
v 337.9607 131.0241 15.3095
v 337.5898 131.1006 15.9716
v 338.2984 131.3859 15.8899
v 337.6203 131.7894 15.0305
v 337.2495 131.8659 15.6926
v 337.958 132.1512 15.6109
v 337.6203 131.7894 15.0305
v 337.2495 131.8659 15.6926
v 337.958 132.1512 15.6109
v 337.2512 132.5043 14.7231
v 336.8742 132.5917 15.3803
v 337.5673 132.9094 15.2868
v 337.2512 132.5043 14.7231
v 336.8742 132.5917 15.3803
v 337.5673 132.9094 15.2868
v 336.8469 133.1841 14.3825
v 336.4631 133.2819 15.03437
v 337.1393 133.6305 14.9275

# 18 faces
f -18 -15 -17 
f -17 -15 -14 
f -17 -14 -16 
f -16 -14 -13 
f -16 -13 -18 
f -18 -13 -15 
f -12 -9 -11 
f -11 -9 -8 
f -11 -8 -10 
f -10 -8 -7 
f -10 -7 -12 
f -12 -7 -9 
f -6 -3 -5 
f -5 -3 -2 
f -5 -2 -4 
f -4 -2 -1 
f -4 -1 -6 
f -6 -1 -3 

g tomato_1Pdcel
s off

usemtl tomato_1Pdcel

# 18 vertices
v 336.9283 133.0585 14.4875
v 336.423 133.3438 14.9825
v 337.0992 133.6924 14.8757
v 336.4561 133.7113 13.6293
v 335.9508 133.9966 14.1243
v 336.627 134.3452 14.01751
v 336.4561 133.7113 13.6293
v 335.9508 133.9966 14.1243
v 336.627 134.3452 14.01751
v 336.2076 133.9025 12.6808
v 335.6096 134.2966 12.9432
v 336.2857 134.6452 12.8364
v 336.2076 133.9025 12.6808
v 335.6096 134.2966 12.9432
v 336.2857 134.6452 12.8364
v 336.1441 133.7251 11.6997
v 335.4979 134.1302 11.6937
v 336.174 134.4788 11.5869

# 18 faces
f -18 -15 -17 
f -17 -15 -14 
f -17 -14 -16 
f -16 -14 -13 
f -16 -13 -18 
f -18 -13 -15 
f -12 -9 -11 
f -11 -9 -8 
f -11 -8 -10 
f -10 -8 -7 
f -10 -7 -12 
f -12 -7 -9 
f -6 -3 -5 
f -5 -3 -2 
f -5 -2 -4 
f -4 -2 -1 
f -4 -1 -6 
f -6 -1 -3 

g tomato_FruitR
s off

usemtl tomato_FruitR

# 6 vertices
v 335.9377 134.1132 11.6599
v 335.9692 131.2489 9.7093
v 337.9253 132.9456 9.1354
v 335.769 130.5139 6.8317
v 337.9024 132.5921 6.157
v 335.1841 132.3375 4.1908

# 8 faces
f -6 -5 -4 
f -6 -4 -5 
f -5 -3 -4 
f -5 -4 -3 
f -4 -3 -2 
f -4 -2 -3 
f -2 -3 -1 
f -2 -1 -3 

g tomato_FruitR
s off

usemtl tomato_FruitR

# 6 vertices
v 335.9377 134.1132 11.6599
v 333.5099 132.6358 9.6767
v 335.8036 131.3048 9.7151
v 333.1244 131.8792 6.8236
v 335.8459 130.4942 6.8276
v 334.9857 132.4074 4.1972

# 8 faces
f -6 -5 -4 
f -6 -4 -5 
f -5 -3 -4 
f -5 -4 -3 
f -4 -3 -2 
f -4 -2 -3 
f -2 -3 -1 
f -2 -1 -3 

g tomato_FruitR
s off

usemtl tomato_FruitR

# 6 vertices
v 335.9377 134.1132 11.6599
v 334.0255 135.3384 9.0422
v 333.5084 132.8067 9.6402
v 333.5571 134.7487 6.1623
v 333.1311 131.8016 6.8395
v 334.9867 132.6131 4.153

# 8 faces
f -6 -5 -4 
f -6 -4 -5 
f -5 -3 -4 
f -5 -4 -3 
f -4 -3 -2 
f -4 -2 -3 
f -2 -3 -1 
f -2 -1 -3 

g tomato_FruitR
s off

usemtl tomato_FruitR

# 6 vertices
v 335.9377 134.1132 11.6599
v 336.8083 135.6471 8.6767
v 334.1901 135.3898 9.01349
v 336.4732 135.1836 5.7555
v 333.4843 134.7197 6.1763
v 335.1858 132.6724 4.1189

# 8 faces
f -6 -5 -4 
f -6 -4 -5 
f -5 -3 -4 
f -5 -4 -3 
f -4 -3 -2 
f -4 -2 -3 
f -2 -3 -1 
f -2 -1 -3 

g tomato_FruitR
s off

usemtl tomato_FruitR

# 6 vertices
v 335.9377 134.1132 11.6599
v 338.0277 133.0815 9.09529
v 336.9611 135.4769 8.6967
v 337.8609 132.5268 6.1754
v 336.4777 135.2156 5.7481
v 335.3096 132.4995 4.1426

# 8 faces
f -6 -5 -4 
f -6 -4 -5 
f -5 -3 -4 
f -5 -4 -3 
f -4 -3 -2 
f -4 -2 -3 
f -2 -3 -1 
f -2 -1 -3 

g tomato_Intrnd
s off

usemtl tomato_Intrnd

# 18 vertices
v 341.9961 110.3169 12.2477
v 342.0255 109.7644 12.813
v 342.6918 110.1302 12.5745
v 341.6957 111.8533 13.7647
v 341.7251 111.3008 14.3301
v 342.3914 111.6665 14.09165
v 341.6957 111.8533 13.7647
v 341.7251 111.3008 14.3301
v 342.3914 111.6665 14.09165
v 341.3163 113.4478 15.1504
v 341.3378 112.9317 15.7495
v 342.0042 113.2975 15.511
v 341.3163 113.4478 15.1504
v 341.3378 112.9317 15.7495
v 342.0042 113.2975 15.511
v 340.8561 115.1148 16.4214
v 340.8678 114.637 17.05173
v 341.5341 115.0028 16.8132

# 18 faces
f -18 -15 -17 
f -17 -15 -14 
f -17 -14 -16 
f -16 -14 -13 
f -16 -13 -18 
f -18 -13 -15 
f -12 -9 -11 
f -11 -9 -8 
f -11 -8 -10 
f -10 -8 -7 
f -10 -7 -12 
f -12 -7 -9 
f -6 -3 -5 
f -5 -3 -2 
f -5 -2 -4 
f -4 -2 -1 
f -4 -1 -6 
f -6 -1 -3 

g tomato_Petiole
s off

usemtl tomato_Petiole

# 18 vertices
v 341.0021 114.9478 16.5732
v 340.9756 114.8181 16.9125
v 341.2823 114.9865 16.8027
v 339.9205 117.4989 17.464
v 339.894 117.3691 17.8033
v 340.2007 117.5375 17.6935
v 339.9205 117.4989 17.464
v 339.894 117.3691 17.8033
v 340.2007 117.5375 17.6935
v 338.5385 119.9787 17.406
v 338.465 119.9445 17.7611
v 338.7718 120.1129 17.6513
v 338.5385 119.9787 17.406
v 338.465 119.9445 17.7611
v 338.7718 120.1129 17.6513
v 336.996 122.1579 16.4389
v 336.8665 122.2134 16.7747
v 337.1732 122.3818 16.6649

# 18 faces
f -18 -15 -17 
f -17 -15 -14 
f -17 -14 -16 
f -16 -14 -13 
f -16 -13 -18 
f -18 -13 -15 
f -12 -9 -11 
f -11 -9 -8 
f -11 -8 -10 
f -10 -8 -7 
f -10 -7 -12 
f -12 -7 -9 
f -6 -3 -5 
f -5 -3 -2 
f -5 -2 -4 
f -4 -2 -1 
f -4 -1 -6 
f -6 -1 -3 

g tomato_Petiole
s off

usemtl tomato_Petiole

# 18 vertices
v 336.9989 122.154 16.4406
v 336.8675 122.2119 16.7753
v 337.1693 122.3872 16.6625
v 336.8345 122.3713 16.3385
v 336.7031 122.4292 16.6731
v 337.0049 122.6045 16.5603
v 336.8345 122.3713 16.3385
v 336.7031 122.4292 16.6731
v 337.0049 122.6045 16.5603
v 336.6669 122.578 16.234
v 336.5335 122.6383 16.5675
v 336.8301 122.8202 16.4516
v 336.6669 122.578 16.234
v 336.5335 122.6383 16.5675
v 336.8301 122.8202 16.4516
v 336.4933 122.7778 16.1258
v 336.358 122.8402 16.458
v 336.6492 123.0286 16.3389

# 18 faces
f -18 -15 -17 
f -17 -15 -14 
f -17 -14 -16 
f -16 -14 -13 
f -16 -13 -18 
f -18 -13 -15 
f -12 -9 -11 
f -11 -9 -8 
f -11 -8 -10 
f -10 -8 -7 
f -10 -7 -12 
f -12 -7 -9 
f -6 -3 -5 
f -5 -3 -2 
f -5 -2 -4 
f -4 -2 -1 
f -4 -1 -6 
f -6 -1 -3 

g tomato_Petiole
s off

usemtl tomato_Petiole

# 18 vertices
v 336.4998 122.8764 16.2974
v 336.4937 122.8783 16.3184
v 336.5071 122.8933 16.3093
v 336.3601 122.9704 16.2487
v 336.3541 122.9723 16.2697
v 336.3674 122.9874 16.2605
v 336.3601 122.9704 16.2487
v 336.3541 122.9723 16.2697
v 336.3674 122.9874 16.2605
v 336.1974 123.0292 16.221
v 336.1939 123.0298 16.2427
v 336.2021 123.0475 16.2322
v 336.1974 123.0292 16.221
v 336.1939 123.0298 16.2427
v 336.2021 123.0475 16.2322
v 336.0232 123.0484 16.2165
v 336.0226 123.0484 16.2385
v 336.025 123.0674 16.2275

# 18 faces
f -18 -15 -17 
f -17 -15 -14 
f -17 -14 -16 
f -16 -14 -13 
f -16 -13 -18 
f -18 -13 -15 
f -12 -9 -11 
f -11 -9 -8 
f -11 -8 -10 
f -10 -8 -7 
f -10 -7 -12 
f -12 -7 -9 
f -6 -3 -5 
f -5 -3 -2 
f -5 -2 -4 
f -4 -2 -1 
f -4 -1 -6 
f -6 -1 -3 

g tomato_Leaf
s off

usemtl tomato_Leaf

# 12 vertices
v 336.0236 123.0548 16.2275
v 329.3739 122.3447 18.3692
v 329.5273 123.9608 16.4742
v 326.6534 122.5478 18.08297
v 326.9049 124.3265 16.5738
v 326.89 123.5638 17.3784
v 324.3994 122.2886 15.7581
v 329.4313 122.9878 17.5196
v 326.8458 124.2764 15.2001
v 326.7022 123.9301 14.2923
v 329.4326 124.202 14.6955
v 329.3511 123.9118 13.6166

# 16 faces
f -10 -11 -12 
f -10 -12 -11 
f -8 -9 -10 
f -8 -10 -9 
f -8 -6 -7 
f -8 -7 -6 
f -10 -9 -5 
f -10 -5 -9 
f -8 -4 -6 
f -8 -6 -4 
f -10 -3 -8 
f -10 -8 -3 
f -2 -3 -10 
f -2 -10 -3 
f -12 -1 -10 
f -12 -10 -1 

g tomato_Petiole
s off

usemtl tomato_Petiole

# 18 vertices
v 336.4966 122.7743 16.1277
v 336.3592 122.8388 16.4588
v 336.6448 123.0335 16.3362
v 336.3141 122.9703 16.01379
v 336.1767 123.0349 16.3448
v 336.4624 123.2295 16.2222
v 336.3141 122.9703 16.01379
v 336.1767 123.0349 16.3448
v 336.4624 123.2295 16.2222
v 336.1295 123.1554 15.8981
v 335.9899 123.222 16.2279
v 336.2699 123.4226 16.1018
v 336.1295 123.1554 15.8981
v 335.9899 123.222 16.2279
v 336.2699 123.4226 16.1018
v 335.9395 123.3328 15.779
v 335.7978 123.4014 16.1074
v 336.0718 123.6078 15.9778

# 18 faces
f -18 -15 -17 
f -17 -15 -14 
f -17 -14 -16 
f -16 -14 -13 
f -16 -13 -18 
f -18 -13 -15 
f -12 -9 -11 
f -11 -9 -8 
f -11 -8 -10 
f -10 -8 -7 
f -10 -7 -12 
f -12 -7 -9 
f -6 -3 -5 
f -5 -3 -2 
f -5 -2 -4 
f -4 -2 -1 
f -4 -1 -6 
f -6 -1 -3 

g tomato_Petiole
s off

usemtl tomato_Petiole

# 18 vertices
v 335.9366 123.4409 15.945
v 335.9265 123.4469 15.9635
v 335.9461 123.4556 15.9582
v 335.8554 123.5704 15.8591
v 335.8453 123.5764 15.8777
v 335.8649 123.5851 15.8723
v 335.8554 123.5704 15.8591
v 335.8453 123.5764 15.8777
v 335.8649 123.5851 15.8723
v 335.8145 123.7129 15.7656
v 335.8034 123.721 15.7827
v 335.8249 123.7255 15.7802
v 335.8145 123.7129 15.7656
v 335.8034 123.721 15.7827
v 335.8249 123.7255 15.7802
v 335.8161 123.8597 15.6699
v 335.8048 123.87 15.6856
v 335.8269 123.8701 15.686

# 18 faces
f -18 -15 -17 
f -17 -15 -14 
f -17 -14 -16 
f -16 -14 -13 
f -16 -13 -18 
f -18 -13 -15 
f -12 -9 -11 
f -11 -9 -8 
f -11 -8 -10 
f -10 -8 -7 
f -10 -7 -12 
f -12 -7 -9 
f -6 -3 -5 
f -5 -3 -2 
f -5 -2 -4 
f -4 -2 -1 
f -4 -1 -6 
f -6 -1 -3 

g tomato_Leaf
s off

usemtl tomato_Leaf

# 12 vertices
v 335.8159 123.8666 15.6805
v 333.463 129.9925 13.1811
v 335.8268 129.6 12.4849
v 333.5162 132.1535 11.4923
v 335.8311 131.9144 11.1949
v 334.7671 132.0123 11.4907
v 334.2628 132.8456 8.4075
v 334.4521 129.7962 12.8322
v 336.485 131.3241 10.138
v 336.6395 130.9052 9.2633
v 336.933 128.9618 11.2199
v 337.2289 128.4354 10.2765

# 16 faces
f -10 -11 -12 
f -10 -12 -11 
f -8 -9 -10 
f -8 -10 -9 
f -8 -6 -7 
f -8 -7 -6 
f -10 -9 -5 
f -10 -5 -9 
f -8 -4 -6 
f -8 -6 -4 
f -10 -3 -8 
f -10 -8 -3 
f -2 -3 -10 
f -2 -10 -3 
f -12 -1 -10 
f -12 -10 -1 

g tomato_Petiole
s off

usemtl tomato_Petiole

# 18 vertices
v 335.9395 123.3328 15.779
v 335.7948 123.4042 16.1055
v 336.0748 123.605 15.9797
v 335.7515 123.5174 15.6554
v 335.6068 123.5888 15.9819
v 335.8868 123.7896 15.856
v 335.7515 123.5174 15.6554
v 335.6068 123.5888 15.9819
v 335.8868 123.7896 15.856
v 335.5691 123.7059 15.5293
v 335.4215 123.7802 15.8539
v 335.7072 123.9752 15.7319
v 335.5691 123.7059 15.5293
v 335.4215 123.7802 15.8539
v 335.7072 123.9752 15.7319
v 335.3922 123.8981 15.4009
v 335.2419 123.9753 15.7235
v 335.5331 124.1644 15.6054

# 18 faces
f -18 -15 -17 
f -17 -15 -14 
f -17 -14 -16 
f -16 -14 -13 
f -16 -13 -18 
f -18 -13 -15 
f -12 -9 -11 
f -11 -9 -8 
f -11 -8 -10 
f -10 -8 -7 
f -10 -7 -12 
f -12 -7 -9 
f -6 -3 -5 
f -5 -3 -2 
f -5 -2 -4 
f -4 -2 -1 
f -4 -1 -6 
f -6 -1 -3 

g tomato_Petiole
s off

usemtl tomato_Petiole

# 18 vertices
v 335.3893 124.0062 15.5668
v 335.3821 124.0093 15.5873
v 335.3958 124.0239 15.578
v 335.2521 124.0966 15.5055
v 335.245 124.0996 15.526
v 335.2587 124.1142 15.5167
v 335.2521 124.0966 15.5055
v 335.245 124.0996 15.526
v 335.2587 124.1142 15.5167
v 335.0926 124.156 15.4639
v 335.0878 124.1579 15.4852
v 335.0969 124.1748 15.4743
v 335.0926 124.156 15.4639
v 335.0878 124.1579 15.4852
v 335.0969 124.1748 15.4743
v 334.9203 124.1811 15.4445
v 334.918 124.1823 15.4662
v 334.922 124.2006 15.4544

# 18 faces
f -18 -15 -17 
f -17 -15 -14 
f -17 -14 -16 
f -16 -14 -13 
f -16 -13 -18 
f -18 -13 -15 
f -12 -9 -11 
f -11 -9 -8 
f -11 -8 -10 
f -10 -8 -7 
f -10 -7 -12 
f -12 -7 -9 
f -6 -3 -5 
f -5 -3 -2 
f -5 -2 -4 
f -4 -2 -1 
f -4 -1 -6 
f -6 -1 -3 

g tomato_Leaf
s off

usemtl tomato_Leaf

# 12 vertices
v 334.9201 124.188 15.4551
v 328.1014 123.8385 17.0963
v 328.4653 125.3352 15.1331
v 325.4214 124.1203 16.5835
v 325.8597 125.7982 15.00322
v 325.7521 125.0846 15.8449
v 323.3459 123.8058 14.1044
v 328.25 124.4286 16.2197
v 325.9053 125.6704 13.6341
v 325.8188 125.2772 12.7382
v 328.5184 125.4756 13.3419
v 328.5093 125.1262 12.2777

# 16 faces
f -10 -11 -12 
f -10 -12 -11 
f -8 -9 -10 
f -8 -10 -9 
f -8 -6 -7 
f -8 -7 -6 
f -10 -9 -5 
f -10 -5 -9 
f -8 -4 -6 
f -8 -6 -4 
f -10 -3 -8 
f -10 -8 -3 
f -2 -3 -10 
f -2 -10 -3 
f -12 -1 -10 
f -12 -10 -1 

g tomato_Petiole
s off

usemtl tomato_Petiole

# 18 vertices
v 335.3892 123.9016 15.3986
v 335.2407 123.9766 15.7226
v 335.5373 124.1597 15.6085
v 335.218 124.1013 15.2739
v 335.0695 124.1763 15.5979
v 335.3661 124.3594 15.4839
v 335.218 124.1013 15.2739
v 335.0695 124.1763 15.5979
v 335.3661 124.3594 15.4839
v 335.0497 124.3118 15.151
v 334.9031 124.3845 15.4763
v 335.2049 124.5614 15.3662
v 335.0497 124.3118 15.151
v 334.9031 124.3845 15.4763
v 335.2049 124.5614 15.3662
v 334.8877 124.5295 15.03223
v 334.7427 124.5997 15.3588
v 335.0496 124.7701 15.2524

# 18 faces
f -18 -15 -17 
f -17 -15 -14 
f -17 -14 -16 
f -16 -14 -13 
f -16 -13 -18 
f -18 -13 -15 
f -12 -9 -11 
f -11 -9 -8 
f -11 -8 -10 
f -10 -8 -7 
f -10 -7 -12 
f -12 -7 -9 
f -6 -3 -5 
f -5 -3 -2 
f -5 -2 -4 
f -4 -2 -1 
f -4 -1 -6 
f -6 -1 -3 

g tomato_Petiole
s off

usemtl tomato_Petiole

# 18 vertices
v 334.893 124.6273 15.2043
v 334.8829 124.6341 15.2226
v 334.9041 124.6393 15.219
v 334.8438 124.7742 15.1223
v 334.8337 124.781 15.1406
v 334.8549 124.7861 15.137
v 334.8438 124.7742 15.1223
v 334.8337 124.781 15.1406
v 334.8549 124.7861 15.137
v 334.8456 124.9266 15.03569
v 334.835 124.9362 15.05236
v 334.8571 124.9357 15.05195
v 334.8456 124.9266 15.03569
v 334.835 124.9362 15.05236
v 334.8571 124.9357 15.05195
v 334.8981 125.0712 14.9518
v 334.888 125.0836 14.9668
v 334.9091 125.0776 14.9696

# 18 faces
f -18 -15 -17 
f -17 -15 -14 
f -17 -14 -16 
f -16 -14 -13 
f -16 -13 -18 
f -18 -13 -15 
f -12 -9 -11 
f -11 -9 -8 
f -11 -8 -10 
f -10 -8 -7 
f -10 -7 -12 
f -12 -7 -9 
f -6 -3 -5 
f -5 -3 -2 
f -5 -2 -4 
f -4 -2 -1 
f -4 -1 -6 
f -6 -1 -3 

g tomato_Leaf
s off

usemtl tomato_Leaf

# 12 vertices
v 334.8984 125.0775 14.9628
v 334.5882 131.7111 12.6803
v 336.83 130.718 12.2173
v 335.4233 133.8437 11.1707
v 337.6097 132.9949 11.109
v 336.5818 133.3669 11.2942
v 336.7041 134.4333 8.2442
v 335.5249 131.267 12.4271
v 338.209 132.293 10.08871
v 338.3539 131.8844 9.2074
v 337.8748 129.8553 11.03617
v 338.1349 129.3078 10.09423

# 16 faces
f -10 -11 -12 
f -10 -12 -11 
f -8 -9 -10 
f -8 -10 -9 
f -8 -6 -7 
f -8 -7 -6 
f -10 -9 -5 
f -10 -5 -9 
f -8 -4 -6 
f -8 -6 -4 
f -10 -3 -8 
f -10 -8 -3 
f -2 -3 -10 
f -2 -10 -3 
f -12 -1 -10 
f -12 -10 -1 

g tomato_Petiole
s off

usemtl tomato_Petiole

# 18 vertices
v 334.893 124.6273 15.2043
v 334.8843 124.6316 15.224
v 334.9027 124.6418 15.2176
v 334.7971 124.7561 15.134
v 334.7884 124.7604 15.1537
v 334.8069 124.7706 15.1473
v 334.7971 124.7561 15.134
v 334.7884 124.7604 15.1537
v 334.8069 124.7706 15.1473
v 334.7012 124.8849 15.06382
v 334.6925 124.8892 15.08349
v 334.711 124.8994 15.07708
v 334.7012 124.8849 15.06382
v 334.6925 124.8892 15.08349
v 334.711 124.8994 15.07708
v 334.6053 125.0137 14.9935
v 334.5966 125.018 15.01322
v 334.6151 125.0282 15.00682

# 18 faces
f -18 -15 -17 
f -17 -15 -14 
f -17 -14 -16 
f -16 -14 -13 
f -16 -13 -18 
f -18 -13 -15 
f -12 -9 -11 
f -11 -9 -8 
f -11 -8 -10 
f -10 -8 -7 
f -10 -7 -12 
f -12 -7 -9 
f -6 -3 -5 
f -5 -3 -2 
f -5 -2 -4 
f -4 -2 -1 
f -4 -1 -6 
f -6 -1 -3 

g tomato_Leaf
s off

usemtl tomato_Leaf

# 12 vertices
v 334.6057 125.02 15.00459
v 329.0937 129.2996 14.2213
v 330.998 130.0347 12.7861
v 327.6121 131.2023 12.9141
v 329.5417 132.0589 11.8907
v 328.7135 131.6579 12.5092
v 326.889 132.0969 9.8761
v 329.8854 129.5775 13.5621
v 329.9917 131.8175 10.6131
v 330.0119 131.4999 9.684
v 331.7752 129.9565 11.1672
v 331.9376 129.6079 10.1152

# 16 faces
f -10 -11 -12 
f -10 -12 -11 
f -8 -9 -10 
f -8 -10 -9 
f -8 -6 -7 
f -8 -7 -6 
f -10 -9 -5 
f -10 -5 -9 
f -8 -4 -6 
f -8 -6 -4 
f -10 -3 -8 
f -10 -8 -3 
f -2 -3 -10 
f -2 -10 -3 
f -12 -1 -10 
f -12 -10 -1 

g tomato_Intrnd
s off

usemtl tomato_Intrnd

# 18 vertices
v 340.9736 114.9812 16.5448
v 340.9576 114.784 16.9379
v 341.3283 114.9875 16.8053
v 340.5862 116.0147 17.04742
v 340.5702 115.8175 17.4405
v 340.9408 116.021 17.3078
v 340.5862 116.0147 17.04742
v 340.5702 115.8175 17.4405
v 340.9408 116.021 17.3078
v 340.1104 117.0407 17.2915
v 340.0636 116.9168 17.7112
v 340.4343 117.1203 17.5786
v 340.1104 117.0407 17.2915
v 340.0636 116.9168 17.7112
v 340.4343 117.1203 17.5786
v 339.5542 118.0552 17.2939
v 339.47 118.0058 17.723
v 339.8407 118.2093 17.5903

# 18 faces
f -18 -15 -17 
f -17 -15 -14 
f -17 -14 -16 
f -16 -14 -13 
f -16 -13 -18 
f -18 -13 -15 
f -12 -9 -11 
f -11 -9 -8 
f -11 -8 -10 
f -10 -8 -7 
f -10 -7 -12 
f -12 -7 -9 
f -6 -3 -5 
f -5 -3 -2 
f -5 -2 -4 
f -4 -2 -1 
f -4 -1 -6 
f -6 -1 -3 

g tomato_Petiole
s off

usemtl tomato_Petiole

# 18 vertices
v 339.613 118.0545 17.4569
v 339.5624 118.0727 17.5992
v 339.6905 118.143 17.5533
v 338.9585 119.015 17.1014
v 338.9079 119.0331 17.2437
v 339.0359 119.1035 17.1978
v 338.9585 119.015 17.1014
v 338.9079 119.0331 17.2437
v 339.0359 119.1035 17.1978
v 338.3133 119.7522 16.4297
v 338.2398 119.8002 16.5539
v 338.368 119.8706 16.508
v 338.3133 119.7522 16.4297
v 338.2398 119.8002 16.5539
v 338.368 119.8706 16.508
v 337.7283 120.2154 15.5055
v 337.6329 120.2849 15.6014
v 337.761 120.3552 15.5556

# 18 faces
f -18 -15 -17 
f -17 -15 -14 
f -17 -14 -16 
f -16 -14 -13 
f -16 -13 -18 
f -18 -13 -15 
f -12 -9 -11 
f -11 -9 -8 
f -11 -8 -10 
f -10 -8 -7 
f -10 -7 -12 
f -12 -7 -9 
f -6 -3 -5 
f -5 -3 -2 
f -5 -2 -4 
f -4 -2 -1 
f -4 -1 -6 
f -6 -1 -3 

g tomato_Petiole
s off

usemtl tomato_Petiole

# 18 vertices
v 337.7273 120.2163 15.5038
v 337.6325 120.2852 15.6008
v 337.7624 120.354 15.5578
v 337.6691 120.2677 15.4104
v 337.5743 120.3367 15.5073
v 337.7042 120.4055 15.4644
v 337.6691 120.2677 15.4104
v 337.5743 120.3367 15.5073
v 337.7042 120.4055 15.4644
v 337.6118 120.3238 15.3161
v 337.5176 120.3922 15.4141
v 337.6493 120.4594 15.3741
v 337.6118 120.3238 15.3161
v 337.5176 120.3922 15.4141
v 337.6493 120.4594 15.3741
v 337.5565 120.3836 15.223
v 337.463 120.4512 15.3219
v 337.5963 120.5167 15.2848

# 18 faces
f -18 -15 -17 
f -17 -15 -14 
f -17 -14 -16 
f -16 -14 -13 
f -16 -13 -18 
f -18 -13 -15 
f -12 -9 -11 
f -11 -9 -8 
f -11 -8 -10 
f -10 -8 -7 
f -10 -7 -12 
f -12 -7 -9 
f -6 -3 -5 
f -5 -3 -2 
f -5 -2 -4 
f -4 -2 -1 
f -4 -1 -6 
f -6 -1 -3 

g tomato_Petiole
s off

usemtl tomato_Petiole

# 18 vertices
v 337.539 120.4491 15.2755
v 337.5369 120.4506 15.2783
v 337.5397 120.4527 15.2767
v 337.5193 120.4603 15.255
v 337.5172 120.4618 15.2578
v 337.52 120.4638 15.2562
v 337.5193 120.4603 15.255
v 337.5172 120.4618 15.2578
v 337.52 120.4638 15.2562
v 337.4947 120.4671 15.2382
v 337.4929 120.4685 15.2413
v 337.4951 120.4708 15.2391
v 337.4947 120.4671 15.2382
v 337.4929 120.4685 15.2413
v 337.4951 120.4708 15.2391
v 337.4667 120.4693 15.2261
v 337.4653 120.4706 15.2294
v 337.4666 120.4731 15.2268

# 18 faces
f -18 -15 -17 
f -17 -15 -14 
f -17 -14 -16 
f -16 -14 -13 
f -16 -13 -18 
f -18 -13 -15 
f -12 -9 -11 
f -11 -9 -8 
f -11 -8 -10 
f -10 -8 -7 
f -10 -7 -12 
f -12 -7 -9 
f -6 -3 -5 
f -5 -3 -2 
f -5 -2 -4 
f -4 -2 -1 
f -4 -1 -6 
f -6 -1 -3 

g tomato_Leaf
s off

usemtl tomato_Leaf

# 12 vertices
v 337.4662 120.471 15.2274
v 334.5645 120.1719 14.9282
v 334.982 120.6038 14.07689
v 333.591 120.112 14.3277
v 333.9792 120.6575 13.6124
v 333.8198 120.4455 13.9919
v 333.1494 119.6501 13.1311
v 334.7463 120.3326 14.5545
v 334.2003 120.4761 13.1141
v 334.3025 120.2271 12.8047
v 335.2657 120.4905 13.3912
v 335.4226 120.2465 13.02432

# 16 faces
f -10 -11 -12 
f -10 -12 -11 
f -8 -9 -10 
f -8 -10 -9 
f -8 -6 -7 
f -8 -7 -6 
f -10 -9 -5 
f -10 -5 -9 
f -8 -4 -6 
f -8 -6 -4 
f -10 -3 -8 
f -10 -8 -3 
f -2 -3 -10 
f -2 -10 -3 
f -12 -1 -10 
f -12 -10 -1 

g tomato_Petiole
s off

usemtl tomato_Petiole

# 18 vertices
v 337.5557 120.3847 15.2214
v 337.4618 120.4525 15.3199
v 337.5984 120.5143 15.2885
v 337.506 120.4481 15.1304
v 337.4121 120.516 15.2289
v 337.5487 120.5778 15.1975
v 337.506 120.4481 15.1304
v 337.4121 120.516 15.2289
v 337.5487 120.5778 15.1975
v 337.4604 120.5173 15.03858
v 337.3662 120.5854 15.1367
v 337.5057 120.6432 15.1109
v 337.4604 120.5173 15.03858
v 337.3662 120.5854 15.1367
v 337.5057 120.6432 15.1109
v 337.4198 120.591 14.9478
v 337.3254 120.6593 15.04556
v 337.4675 120.7128 15.0254

# 18 faces
f -18 -15 -17 
f -17 -15 -14 
f -17 -14 -16 
f -16 -14 -13 
f -16 -13 -18 
f -18 -13 -15 
f -12 -9 -11 
f -11 -9 -8 
f -11 -8 -10 
f -10 -8 -7 
f -10 -7 -12 
f -12 -7 -9 
f -6 -3 -5 
f -5 -3 -2 
f -5 -2 -4 
f -4 -2 -1 
f -4 -1 -6 
f -6 -1 -3 

g tomato_Petiole
s off

usemtl tomato_Petiole

# 18 vertices
v 337.4045 120.653 15.00507
v 337.4021 120.6551 15.0071
v 337.4059 120.6557 15.00744
v 337.4032 120.6736 14.9824
v 337.4007 120.6756 14.9844
v 337.4045 120.6763 14.9848
v 337.4032 120.6736 14.9824
v 337.4007 120.6756 14.9844
v 337.4045 120.6763 14.9848
v 337.4106 120.6946 14.9615
v 337.4081 120.6971 14.9632
v 337.4118 120.6969 14.9643
v 337.4106 120.6946 14.9615
v 337.4081 120.6971 14.9632
v 337.4118 120.6969 14.9643
v 337.4261 120.7144 14.9442
v 337.4239 120.7173 14.9455
v 337.4272 120.7163 14.9473

# 18 faces
f -18 -15 -17 
f -17 -15 -14 
f -17 -14 -16 
f -16 -14 -13 
f -16 -13 -18 
f -18 -13 -15 
f -12 -9 -11 
f -11 -9 -8 
f -11 -8 -10 
f -10 -8 -7 
f -10 -7 -12 
f -12 -7 -9 
f -6 -3 -5 
f -5 -3 -2 
f -5 -2 -4 
f -4 -2 -1 
f -4 -1 -6 
f -6 -1 -3 

g tomato_Leaf
s off

usemtl tomato_Leaf

# 12 vertices
v 337.4258 120.716 14.9457
v 337.9627 122.8682 13.02781
v 338.8501 122.4186 13.3378
v 338.6043 123.4332 12.2654
v 339.425 123.1059 12.6887
v 339.0172 123.2757 12.5501
v 339.5237 123.1719 11.3028
v 338.3397 122.6592 13.1405
v 339.7565 122.6684 12.519
v 339.9071 122.3648 12.2881
v 339.3689 121.8942 13.1992
v 339.5652 121.5276 12.9849

# 16 faces
f -10 -11 -12 
f -10 -12 -11 
f -8 -9 -10 
f -8 -10 -9 
f -8 -6 -7 
f -8 -7 -6 
f -10 -9 -5 
f -10 -5 -9 
f -8 -4 -6 
f -8 -6 -4 
f -10 -3 -8 
f -10 -8 -3 
f -2 -3 -10 
f -2 -10 -3 
f -12 -1 -10 
f -12 -10 -1 

g tomato_Petiole
s off

usemtl tomato_Petiole

# 18 vertices
v 337.4191 120.5923 14.9462
v 337.3251 120.6598 15.04496
v 337.4684 120.711 15.02755
v 337.3815 120.6678 14.8587
v 337.2875 120.7353 14.9574
v 337.4308 120.7865 14.94
v 337.3815 120.6678 14.8587
v 337.2875 120.7353 14.9574
v 337.4308 120.7865 14.94
v 337.3456 120.7478 14.7715
v 337.2519 120.8144 14.8711
v 337.3963 120.8633 14.8564
v 337.3456 120.7478 14.7715
v 337.2519 120.8144 14.8711
v 337.3963 120.8633 14.8564
v 337.312 120.8307 14.6861
v 337.2187 120.8964 14.7867
v 337.3641 120.9429 14.7746

# 18 faces
f -18 -15 -17 
f -17 -15 -14 
f -17 -14 -16 
f -16 -14 -13 
f -16 -13 -18 
f -18 -13 -15 
f -12 -9 -11 
f -11 -9 -8 
f -11 -8 -10 
f -10 -8 -7 
f -10 -7 -12 
f -12 -7 -9 
f -6 -3 -5 
f -5 -3 -2 
f -5 -2 -4 
f -4 -2 -1 
f -4 -1 -6 
f -6 -1 -3 

g tomato_Petiole
s off

usemtl tomato_Petiole

# 18 vertices
v 337.2985 120.8888 14.7478
v 337.2964 120.8902 14.7506
v 337.2997 120.8919 14.7498
v 337.2841 120.9068 14.7278
v 337.2819 120.9082 14.7306
v 337.2852 120.9099 14.7297
v 337.2841 120.9068 14.7278
v 337.2819 120.9082 14.7306
v 337.2852 120.9099 14.7297
v 337.2642 120.9213 14.7097
v 337.2622 120.9225 14.7128
v 337.2651 120.9247 14.7114
v 337.2642 120.9213 14.7097
v 337.2622 120.9225 14.7128
v 337.2651 120.9247 14.7114
v 337.2398 120.9318 14.6946
v 337.2382 120.9328 14.6979
v 337.2404 120.9353 14.696

# 18 faces
f -18 -15 -17 
f -17 -15 -14 
f -17 -14 -16 
f -16 -14 -13 
f -16 -13 -18 
f -18 -13 -15 
f -12 -9 -11 
f -11 -9 -8 
f -11 -8 -10 
f -10 -8 -7 
f -10 -7 -12 
f -12 -7 -9 
f -6 -3 -5 
f -5 -3 -2 
f -5 -2 -4 
f -4 -2 -1 
f -4 -1 -6 
f -6 -1 -3 

g tomato_Leaf
s off

usemtl tomato_Leaf

# 12 vertices
v 337.2394 120.9333 14.6962
v 334.4371 121.3556 13.943
v 335.077 121.8183 13.2632
v 333.5944 121.6203 13.2137
v 334.2041 122.1756 12.6847
v 333.9408 121.9446 12.9875
v 333.2921 121.4786 11.8989
v 334.7108 121.5313 13.6385
v 334.4708 122.0351 12.1956
v 334.5757 121.8251 11.8593
v 335.451 121.7604 12.6149
v 335.6199 121.5524 12.2315

# 16 faces
f -10 -11 -12 
f -10 -12 -11 
f -8 -9 -10 
f -8 -10 -9 
f -8 -6 -7 
f -8 -7 -6 
f -10 -9 -5 
f -10 -5 -9 
f -8 -4 -6 
f -8 -6 -4 
f -10 -3 -8 
f -10 -8 -3 
f -2 -3 -10 
f -2 -10 -3 
f -12 -1 -10 
f -12 -10 -1 

g tomato_Petiole
s off

usemtl tomato_Petiole

# 18 vertices
v 337.3126 120.8293 14.6876
v 337.2184 120.8971 14.7859
v 337.3638 120.9436 14.7739
v 337.2801 120.9088 14.6016
v 337.1859 120.9766 14.6999
v 337.3313 121.0231 14.6879
v 337.2801 120.9088 14.6016
v 337.1859 120.9766 14.6999
v 337.3313 121.0231 14.6879
v 337.2486 120.9848 14.5151
v 337.1536 121.0547 14.6111
v 337.299 121.1012 14.5991
v 337.2486 120.9848 14.5151
v 337.1536 121.0547 14.6111
v 337.299 121.1012 14.5991
v 337.2177 121.0588 14.4266
v 337.1218 121.1307 14.5203
v 337.2673 121.1771 14.5082

# 18 faces
f -18 -15 -17 
f -17 -15 -14 
f -17 -14 -16 
f -16 -14 -13 
f -16 -13 -18 
f -18 -13 -15 
f -12 -9 -11 
f -11 -9 -8 
f -11 -8 -10 
f -10 -8 -7 
f -10 -7 -12 
f -12 -7 -9 
f -6 -3 -5 
f -5 -3 -2 
f -5 -2 -4 
f -4 -2 -1 
f -4 -1 -6 
f -6 -1 -3 

g tomato_Petiole
s off

usemtl tomato_Petiole

# 18 vertices
v 337.2026 121.1209 14.4838
v 337.2001 121.123 14.4858
v 337.2039 121.1236 14.4862
v 337.2019 121.1415 14.4613
v 337.1995 121.1436 14.4633
v 337.2032 121.1442 14.4637
v 337.2019 121.1415 14.4613
v 337.1995 121.1436 14.4633
v 337.2032 121.1442 14.4637
v 337.2086 121.1626 14.4402
v 337.2062 121.165 14.4418
v 337.2099 121.1649 14.4429
v 337.2086 121.1626 14.4402
v 337.2062 121.165 14.4418
v 337.2099 121.1649 14.4429
v 337.2222 121.1828 14.4218
v 337.2199 121.1856 14.4231
v 337.2233 121.1848 14.4248

# 18 faces
f -18 -15 -17 
f -17 -15 -14 
f -17 -14 -16 
f -16 -14 -13 
f -16 -13 -18 
f -18 -13 -15 
f -12 -9 -11 
f -11 -9 -8 
f -11 -8 -10 
f -10 -8 -7 
f -10 -7 -12 
f -12 -7 -9 
f -6 -3 -5 
f -5 -3 -2 
f -5 -2 -4 
f -4 -2 -1 
f -4 -1 -6 
f -6 -1 -3 

g tomato_Leaf
s off

usemtl tomato_Leaf

# 12 vertices
v 337.2218 121.1844 14.4232
v 337.5501 123.331 12.4527
v 338.4736 122.9286 12.7192
v 338.1217 123.9143 11.6495
v 338.9789 123.6327 12.03131
v 338.5565 123.7808 11.9131
v 338.9992 123.6827 10.6413
v 337.9423 123.1418 12.5471
v 339.3213 123.2089 11.8491
v 339.4737 122.9093 11.6139
v 339.0088 122.4273 12.5588
v 339.2106 122.0674 12.3386

# 16 faces
f -10 -11 -12 
f -10 -12 -11 
f -8 -9 -10 
f -8 -10 -9 
f -8 -6 -7 
f -8 -7 -6 
f -10 -9 -5 
f -10 -5 -9 
f -8 -4 -6 
f -8 -6 -4 
f -10 -3 -8 
f -10 -8 -3 
f -2 -3 -10 
f -2 -10 -3 
f -12 -1 -10 
f -12 -10 -1 

g tomato_Petiole
s off

usemtl tomato_Petiole

# 18 vertices
v 337.2026 121.1209 14.4838
v 337.2001 121.1227 14.4862
v 337.2038 121.1238 14.4859
v 337.1954 121.14 14.4611
v 337.1929 121.1419 14.4634
v 337.1966 121.143 14.4632
v 337.1954 121.14 14.4611
v 337.1929 121.1419 14.4634
v 337.1966 121.143 14.4632
v 337.1889 121.1594 14.4384
v 337.1864 121.1613 14.4407
v 337.1901 121.1623 14.4405
v 337.1889 121.1594 14.4384
v 337.1864 121.1613 14.4407
v 337.1901 121.1623 14.4405
v 337.1831 121.179 14.4156
v 337.1807 121.1809 14.4179
v 337.1844 121.1819 14.4178

# 18 faces
f -18 -15 -17 
f -17 -15 -14 
f -17 -14 -16 
f -16 -14 -13 
f -16 -13 -18 
f -18 -13 -15 
f -12 -9 -11 
f -11 -9 -8 
f -11 -8 -10 
f -10 -8 -7 
f -10 -7 -12 
f -12 -7 -9 
f -6 -3 -5 
f -5 -3 -2 
f -5 -2 -4 
f -4 -2 -1 
f -4 -1 -6 
f -6 -1 -3 

g tomato_Leaf
s off

usemtl tomato_Leaf

# 12 vertices
v 337.1827 121.1806 14.4171
v 335.6762 122.8219 12.5105
v 336.6983 122.8701 12.3138
v 335.5376 123.3965 11.5293
v 336.5028 123.5521 11.4648
v 336.0525 123.4986 11.5583
v 335.9123 123.3122 10.2283
v 336.1104 122.822 12.4106
v 336.8836 123.2638 11.1455
v 337.0368 123.0034 10.8682
v 337.2755 122.5907 11.9237
v 337.5006 122.2979 11.6366

# 16 faces
f -10 -11 -12 
f -10 -12 -11 
f -8 -9 -10 
f -8 -10 -9 
f -8 -6 -7 
f -8 -7 -6 
f -10 -9 -5 
f -10 -5 -9 
f -8 -4 -6 
f -8 -6 -4 
f -10 -3 -8 
f -10 -8 -3 
f -2 -3 -10 
f -2 -10 -3 
f -12 -1 -10 
f -12 -10 -1 

g tomato_1Pdncle
s off

usemtl tomato_1Pdncle

# 18 vertices
v 339.5768 117.9111 17.136
v 339.323 118.0022 17.8495
v 339.9655 118.3549 17.6195
v 338.4675 119.5389 16.5334
v 338.2137 119.6301 17.2469
v 338.8562 119.9828 17.01695
v 338.4675 119.5389 16.5334
v 338.2137 119.6301 17.2469
v 338.8562 119.9828 17.01695
v 337.425 120.722 15.4351
v 337.0564 120.963 16.05794
v 337.6989 121.3157 15.8279
v 337.425 120.722 15.4351
v 337.0564 120.963 16.05794
v 337.6989 121.3157 15.8279
v 336.4821 121.4593 13.9317
v 336.0036 121.808 14.4125
v 336.6461 122.1607 14.1826

# 18 faces
f -18 -15 -17 
f -17 -15 -14 
f -17 -14 -16 
f -16 -14 -13 
f -16 -13 -18 
f -18 -13 -15 
f -12 -9 -11 
f -11 -9 -8 
f -11 -8 -10 
f -10 -8 -7 
f -10 -7 -12 
f -12 -7 -9 
f -6 -3 -5 
f -5 -3 -2 
f -5 -2 -4 
f -4 -2 -1 
f -4 -1 -6 
f -6 -1 -3 

g tomato_1InfInt
s off

usemtl tomato_1InfInt

# 18 vertices
v 336.0508 121.9355 14.4471
v 336.7139 122.0858 14.1015
v 336.361 121.4135 13.9855
v 335.6151 122.2824 13.762
v 336.2783 122.4327 13.4165
v 335.9254 121.7604 13.3004
v 335.6151 122.2824 13.762
v 336.2783 122.4327 13.4165
v 335.9254 121.7604 13.3004
v 335.1795 122.6293 13.07702
v 335.8427 122.7796 12.7314
v 335.4897 122.1073 12.6154
v 335.1795 122.6293 13.07702
v 335.8427 122.7796 12.7314
v 335.4897 122.1073 12.6154
v 334.7438 122.9762 12.3919
v 335.407 123.1265 12.04637
v 335.0541 122.4542 11.9303

# 18 faces
f -18 -15 -17 
f -17 -15 -14 
f -17 -14 -16 
f -16 -14 -13 
f -16 -13 -18 
f -18 -13 -15 
f -12 -9 -11 
f -11 -9 -8 
f -11 -8 -10 
f -10 -8 -7 
f -10 -7 -12 
f -12 -7 -9 
f -6 -3 -5 
f -5 -3 -2 
f -5 -2 -4 
f -4 -2 -1 
f -4 -1 -6 
f -6 -1 -3 

g tomato_1Pdcel
s off

usemtl tomato_1Pdcel

# 18 vertices
v 334.8441 122.9054 12.4971
v 335.3576 123.1614 11.9945
v 335.0047 122.4891 11.8785
v 333.9893 123.4564 11.9043
v 334.5028 123.7124 11.4017
v 334.1499 123.0401 11.2857
v 333.9893 123.4564 11.9043
v 334.5028 123.7124 11.4017
v 334.1499 123.0401 11.2857
v 333.1056 123.9441 11.7665
v 333.4243 124.3165 11.182
v 333.0714 123.6442 11.06606
v 333.1056 123.9441 11.7665
v 333.4243 124.3165 11.182
v 333.0714 123.6442 11.06606
v 332.2112 124.3739 11.9969
v 332.316 124.8578 11.4167
v 331.963 124.1854 11.3007

# 18 faces
f -18 -15 -17 
f -17 -15 -14 
f -17 -14 -16 
f -16 -14 -13 
f -16 -13 -18 
f -18 -13 -15 
f -12 -9 -11 
f -11 -9 -8 
f -11 -8 -10 
f -10 -8 -7 
f -10 -7 -12 
f -12 -7 -9 
f -6 -3 -5 
f -5 -3 -2 
f -5 -2 -4 
f -4 -2 -1 
f -4 -1 -6 
f -6 -1 -3 

g tomato_FruitR
s off

usemtl tomato_FruitR

# 6 vertices
v 332.1632 124.4728 11.5694
v 330.9043 126.4722 15.4713
v 328.8111 123.8505 14.5061
v 327.8128 128.4028 16.9089
v 325.3846 125.4824 15.5932
v 324.1792 129.706 15.02872

# 8 faces
f -6 -5 -4 
f -6 -4 -5 
f -5 -3 -4 
f -5 -4 -3 
f -4 -3 -2 
f -4 -2 -3 
f -2 -3 -1 
f -2 -1 -3 

g tomato_FruitR
s off

usemtl tomato_FruitR

# 6 vertices
v 332.1632 124.4728 11.5694
v 331.2906 128.825 12.6204
v 330.9543 126.6406 15.3227
v 328.3087 130.9667 13.9887
v 327.7856 128.3228 16.9707
v 324.2372 129.9071 14.8472

# 8 faces
f -6 -5 -4 
f -6 -4 -5 
f -5 -3 -4 
f -5 -4 -3 
f -4 -3 -2 
f -4 -2 -3 
f -2 -3 -1 
f -2 -1 -3 

g tomato_FruitR
s off

usemtl tomato_FruitR

# 6 vertices
v 332.1632 124.4728 11.5694
v 329.3002 127.5294 9.7618
v 331.1823 128.7808 12.4223
v 326.2546 129.7182 10.8953
v 328.3547 130.98 14.08179
v 324.1054 129.8508 14.6101

# 8 faces
f -6 -5 -4 
f -6 -4 -5 
f -5 -3 -4 
f -5 -4 -3 
f -4 -3 -2 
f -4 -2 -3 
f -2 -3 -1 
f -2 -1 -3 

g tomato_FruitR
s off

usemtl tomato_FruitR

# 6 vertices
v 332.1632 124.4728 11.5694
v 327.6651 124.3639 10.8193
v 329.1823 127.3333 9.7861
v 324.4701 126.3711 11.8748
v 326.3107 129.8066 10.8918
v 323.9648 129.6144 14.6429

# 8 faces
f -6 -5 -4 
f -6 -4 -5 
f -5 -3 -4 
f -5 -4 -3 
f -4 -3 -2 
f -4 -2 -3 
f -2 -3 -1 
f -2 -1 -3 

g tomato_FruitR
s off

usemtl tomato_FruitR

# 6 vertices
v 332.1632 124.4728 11.5694
v 328.6715 123.7007 14.4012
v 327.6947 124.2402 11.09345
v 325.4477 125.5458 15.6475
v 324.4474 126.3576 11.84
v 324.011 129.5236 14.9055

# 8 faces
f -6 -5 -4 
f -6 -4 -5 
f -5 -3 -4 
f -5 -4 -3 
f -4 -3 -2 
f -4 -2 -3 
f -2 -3 -1 
f -2 -1 -3 

g tomato_1InfInt
s off

usemtl tomato_1InfInt

# 18 vertices
v 335.4476 123.019 11.966
v 334.9434 122.4475 11.9973
v 334.8239 123.0911 12.3992
v 335.012 123.3659 11.281
v 334.5078 122.7944 11.3122
v 334.3883 123.438 11.7141
v 335.012 123.3659 11.281
v 334.5078 122.7944 11.3122
v 334.3883 123.438 11.7141
v 334.5763 123.7128 10.5959
v 334.0721 123.1413 10.6271
v 333.9526 123.7849 11.02909
v 334.5763 123.7128 10.5959
v 334.0721 123.1413 10.6271
v 333.9526 123.7849 11.02909
v 334.1407 124.0597 9.9108
v 333.6365 123.4882 9.9421
v 333.517 124.1318 10.344

# 18 faces
f -18 -15 -17 
f -17 -15 -14 
f -17 -14 -16 
f -16 -14 -13 
f -16 -13 -18 
f -18 -13 -15 
f -12 -9 -11 
f -11 -9 -8 
f -11 -8 -10 
f -10 -8 -7 
f -10 -7 -12 
f -12 -7 -9 
f -6 -3 -5 
f -5 -3 -2 
f -5 -2 -4 
f -4 -2 -1 
f -4 -1 -6 
f -6 -1 -3 

g tomato_1Pdcel
s off

usemtl tomato_1Pdcel

# 18 vertices
v 334.1938 123.986 10.04457
v 333.6103 123.5245 9.8762
v 333.4908 124.1681 10.2781
v 334.0144 124.5781 9.04308
v 333.4309 124.1165 8.8747
v 333.3115 124.7602 9.2766
v 334.0144 124.5781 9.04308
v 333.4309 124.1165 8.8747
v 333.3115 124.7602 9.2766
v 334.2559 125.1341 8.2243
v 333.6794 124.8012 7.852
v 333.5599 125.4449 8.2539
v 334.2559 125.1341 8.2243
v 333.6794 124.8012 7.852
v 333.5599 125.4449 8.2539
v 334.8327 125.6533 7.5644
v 334.3484 125.4505 7.01113
v 334.229 126.0941 7.413

# 18 faces
f -18 -15 -17 
f -17 -15 -14 
f -17 -14 -16 
f -16 -14 -13 
f -16 -13 -18 
f -18 -13 -15 
f -12 -9 -11 
f -11 -9 -8 
f -11 -8 -10 
f -10 -8 -7 
f -10 -7 -12 
f -12 -7 -9 
f -6 -3 -5 
f -5 -3 -2 
f -5 -2 -4 
f -4 -2 -1 
f -4 -1 -6 
f -6 -1 -3 

g tomato_FruitR
s off

usemtl tomato_FruitR

# 6 vertices
v 334.4683 125.733 7.3284
v 337.6257 125.675 6.5669
v 336.8464 127.8793 7.4121
v 339.3739 126.9686 4.8188
v 338.3573 129.5011 5.6826
v 338.8528 129.014 2.6064

# 8 faces
f -6 -5 -4 
f -6 -4 -5 
f -5 -3 -4 
f -5 -4 -3 
f -4 -3 -2 
f -4 -2 -3 
f -2 -3 -1 
f -2 -1 -3 

g tomato_FruitR
s off

usemtl tomato_FruitR

# 6 vertices
v 334.4683 125.733 7.3284
v 336.0294 124.89 4.6072
v 337.5457 125.601 6.4445
v 337.7495 126.0532 2.7435
v 339.4065 127.0065 4.8741
v 338.7547 128.927 2.459

# 8 faces
f -6 -5 -4 
f -6 -4 -5 
f -5 -3 -4 
f -5 -4 -3 
f -4 -3 -2 
f -4 -2 -3 
f -2 -3 -1 
f -2 -1 -3 

g tomato_FruitR
s off

usemtl tomato_FruitR

# 6 vertices
v 334.4683 125.733 7.3284
v 334.1733 126.7436 4.2553
v 335.9039 124.9855 4.5627
v 335.7518 127.9481 2.2949
v 337.808 126.0136 2.7677
v 338.6044 129.0437 2.4072

# 8 faces
f -6 -5 -4 
f -6 -4 -5 
f -5 -3 -4 
f -5 -4 -3 
f -4 -3 -2 
f -4 -2 -3 
f -2 -3 -1 
f -2 -1 -3 

g tomato_FruitR
s off

usemtl tomato_FruitR

# 6 vertices
v 334.4683 125.733 7.3284
v 334.6053 128.6916 5.9941
v 334.1746 126.8775 4.3497
v 336.1229 130.0524 4.08878
v 335.7558 127.8854 2.2548
v 338.6081 129.204 2.5222

# 8 faces
f -6 -5 -4 
f -6 -4 -5 
f -5 -3 -4 
f -5 -4 -3 
f -4 -3 -2 
f -4 -2 -3 
f -2 -3 -1 
f -2 -1 -3 

g tomato_FruitR
s off

usemtl tomato_FruitR

# 6 vertices
v 334.4683 125.733 7.3284
v 336.7711 128.0212 7.4443
v 334.7659 128.693 6.1373
v 338.3953 129.4378 5.6721
v 336.1005 130.0733 4.08356
v 338.7639 129.1854 2.6471

# 8 faces
f -6 -5 -4 
f -6 -4 -5 
f -5 -3 -4 
f -5 -4 -3 
f -4 -3 -2 
f -4 -2 -3 
f -2 -3 -1 
f -2 -1 -3 

g tomato_1InfInt
s off

usemtl tomato_1InfInt

# 18 vertices
v 333.5291 123.5201 10.02655
v 333.6132 124.2167 10.3258
v 334.1432 123.9352 9.8462
v 333.0935 123.867 9.3414
v 333.1776 124.5636 9.6407
v 333.7075 124.2821 9.1612
v 333.0935 123.867 9.3414
v 333.1776 124.5636 9.6407
v 333.7075 124.2821 9.1612
v 332.6579 124.214 8.6564
v 332.7419 124.9105 8.9556
v 333.2719 124.629 8.4761
v 332.6579 124.214 8.6564
v 332.7419 124.9105 8.9556
v 333.2719 124.629 8.4761
v 332.2222 124.5609 7.9713
v 332.3063 125.2574 8.2706
v 332.8362 124.9759 7.791

# 18 faces
f -18 -15 -17 
f -17 -15 -14 
f -17 -14 -16 
f -16 -14 -13 
f -16 -13 -18 
f -18 -13 -15 
f -12 -9 -11 
f -11 -9 -8 
f -11 -8 -10 
f -10 -8 -7 
f -10 -7 -12 
f -12 -7 -9 
f -6 -3 -5 
f -5 -3 -2 
f -5 -2 -4 
f -4 -2 -1 
f -4 -1 -6 
f -6 -1 -3 

g tomato_1Pdcel
s off

usemtl tomato_1Pdcel

# 18 vertices
v 332.3163 124.5234 8.0973
v 332.2599 125.2759 8.2085
v 332.7899 124.9944 7.7289
v 331.55 124.5976 7.2068
v 331.4936 125.3501 7.318
v 332.0236 125.0686 6.8385
v 331.55 124.5976 7.2068
v 331.4936 125.3501 7.318
v 332.0236 125.0686 6.8385
v 330.8137 124.2911 6.573
v 330.5889 125.0175 6.5135
v 331.1189 124.736 6.03396
v 330.8137 124.2911 6.573
v 330.5889 125.0175 6.5135
v 331.1189 124.736 6.03396
v 330.112 123.6822 6.1549
v 329.7135 124.3042 5.9647
v 330.2435 124.0227 5.4851

# 18 faces
f -18 -15 -17 
f -17 -15 -14 
f -17 -14 -16 
f -16 -14 -13 
f -16 -13 -18 
f -18 -13 -15 
f -12 -9 -11 
f -11 -9 -8 
f -11 -8 -10 
f -10 -8 -7 
f -10 -7 -12 
f -12 -7 -9 
f -6 -3 -5 
f -5 -3 -2 
f -5 -2 -4 
f -4 -2 -1 
f -4 -1 -6 
f -6 -1 -3 

g tomato_FruitR
s off

usemtl tomato_FruitR

# 6 vertices
v 330.0226 124.0046 5.8669
v 328.4835 121.5144 6.5305
v 329.8958 121.2712 4.7351
v 326.7822 119.9411 5.3999
v 328.3468 119.7839 3.273
v 325.475 120.1103 2.9006

# 8 faces
f -6 -5 -4 
f -6 -4 -5 
f -5 -3 -4 
f -5 -4 -3 
f -4 -3 -2 
f -4 -2 -3 
f -2 -3 -1 
f -2 -1 -3 

g tomato_FruitR
s off

usemtl tomato_FruitR

# 6 vertices
v 330.0226 124.0046 5.8669
v 327.0823 123.488 6.1801
v 328.3852 121.6294 6.5347
v 325.262 122.0038 5.1165
v 326.8286 119.8906 5.3933
v 325.3575 120.2496 2.9035

# 8 faces
f -6 -5 -4 
f -6 -4 -5 
f -5 -3 -4 
f -5 -4 -3 
f -4 -3 -2 
f -4 -2 -3 
f -2 -3 -1 
f -2 -1 -3 

g tomato_FruitR
s off

usemtl tomato_FruitR

# 6 vertices
v 330.0226 124.0046 5.8669
v 327.6945 124.4926 4.03608
v 327.0995 123.5698 6.05394
v 325.8397 123.1319 2.8716
v 325.258 121.9634 5.1722
v 325.38 120.3466 2.7507

# 8 faces
f -6 -5 -4 
f -6 -4 -5 
f -5 -3 -4 
f -5 -4 -3 
f -4 -3 -2 
f -4 -2 -3 
f -2 -3 -1 
f -2 -1 -3 

g tomato_FruitR
s off

usemtl tomato_FruitR

# 6 vertices
v 330.0226 124.0046 5.8669
v 329.4797 123.1493 3.04133
v 327.8036 124.4289 3.9527
v 327.7224 121.777 1.7467
v 325.7909 123.1571 2.9131
v 325.5117 120.2681 2.6521

# 8 faces
f -6 -5 -4 
f -6 -4 -5 
f -5 -3 -4 
f -5 -4 -3 
f -4 -3 -2 
f -4 -2 -3 
f -2 -3 -1 
f -2 -1 -3 

g tomato_FruitR
s off

usemtl tomato_FruitR

# 6 vertices
v 330.0226 124.0046 5.8669
v 329.9747 121.2808 4.6062
v 329.5579 122.9868 3.1253
v 328.3137 119.7752 3.3328
v 327.7287 121.7897 1.7217
v 325.5713 120.1199 2.7461

# 8 faces
f -6 -5 -4 
f -6 -4 -5 
f -5 -3 -4 
f -5 -4 -3 
f -4 -3 -2 
f -4 -2 -3 
f -2 -3 -1 
f -2 -1 -3 

g tomato_1InfInt
s off

usemtl tomato_1InfInt

# 18 vertices
v 332.4247 125.3176 8.2258
v 332.8044 124.8569 7.751
v 332.1385 124.6304 8.0598
v 331.9891 125.6646 7.5407
v 332.3688 125.2038 7.06599
v 331.7029 124.9773 7.3747
v 331.9891 125.6646 7.5407
v 332.3688 125.2038 7.06599
v 331.7029 124.9773 7.3747
v 331.5535 126.0115 6.8556
v 331.9331 125.5507 6.3809
v 331.2672 125.3242 6.6896
v 331.5535 126.0115 6.8556
v 331.9331 125.5507 6.3809
v 331.2672 125.3242 6.6896
v 331.1178 126.3584 6.1706
v 331.4975 125.8976 5.6958
v 330.8316 125.6711 6.004611

# 18 faces
f -18 -15 -17 
f -17 -15 -14 
f -17 -14 -16 
f -16 -14 -13 
f -16 -13 -18 
f -18 -13 -15 
f -12 -9 -11 
f -11 -9 -8 
f -11 -8 -10 
f -10 -8 -7 
f -10 -7 -12 
f -12 -7 -9 
f -6 -3 -5 
f -5 -3 -2 
f -5 -2 -4 
f -4 -2 -1 
f -4 -1 -6 
f -6 -1 -3 

g tomato_1Pdcel
s off

usemtl tomato_1Pdcel

# 18 vertices
v 331.1983 126.2702 6.2795
v 331.4578 125.9411 5.6421
v 330.7919 125.7146 5.9509
v 330.6263 127.0707 5.6332
v 330.8859 126.7417 4.9959
v 330.2199 126.5151 5.3046
v 330.6263 127.0707 5.6332
v 330.8859 126.7417 4.9959
v 330.2199 126.5151 5.3046
v 330.2138 127.9741 5.4062
v 330.363 127.836 4.6711
v 329.6971 127.6094 4.9798
v 330.2138 127.9741 5.4062
v 330.363 127.836 4.6711
v 329.6971 127.6094 4.9798
v 329.9355 128.9474 5.5201
v 329.999 129.0339 4.7649
v 329.3331 128.8074 5.07374

# 18 faces
f -18 -15 -17 
f -17 -15 -14 
f -17 -14 -16 
f -16 -14 -13 
f -16 -13 -18 
f -18 -13 -15 
f -12 -9 -11 
f -11 -9 -8 
f -11 -8 -10 
f -10 -8 -7 
f -10 -7 -12 
f -12 -7 -9 
f -6 -3 -5 
f -5 -3 -2 
f -5 -2 -4 
f -4 -2 -1 
f -4 -1 -6 
f -6 -1 -3 

g tomato_FruitR
s off

usemtl tomato_FruitR

# 6 vertices
v 329.755 128.9295 5.1177
v 330.2022 130.9678 6.5984
v 328.3727 130.2837 6.7384
v 329.4501 133.0186 6.8418
v 327.3359 132.2358 6.8757
v 327.8481 134.2784 5.558

# 8 faces
f -6 -5 -4 
f -6 -4 -5 
f -5 -3 -4 
f -5 -4 -3 
f -4 -3 -2 
f -4 -2 -3 
f -2 -3 -1 
f -2 -1 -3 

g tomato_FruitR
s off

usemtl tomato_FruitR

# 6 vertices
v 329.755 128.9295 5.1177
v 330.6653 131.2613 4.587
v 330.2529 130.9936 6.4826
v 330.0139 133.3545 4.7445
v 329.4232 133.0056 6.8924
v 327.9074 134.3089 5.4177

# 8 faces
f -6 -5 -4 
f -6 -4 -5 
f -5 -3 -4 
f -5 -4 -3 
f -4 -3 -2 
f -4 -2 -3 
f -2 -3 -1 
f -2 -1 -3 

g tomato_FruitR
s off

usemtl tomato_FruitR

# 6 vertices
v 329.755 128.9295 5.1177
v 329.006 130.7178 3.4478
v 330.5768 131.2341 4.4971
v 328.3076 132.8015 3.4749
v 330.0512 133.3655 4.7885
v 327.7995 134.2755 5.3109

# 8 faces
f -6 -5 -4 
f -6 -4 -5 
f -5 -3 -4 
f -5 -4 -3 
f -4 -3 -2 
f -4 -2 -3 
f -2 -3 -1 
f -2 -1 -3 

g tomato_FruitR
s off

usemtl tomato_FruitR

# 6 vertices
v 329.755 128.9295 5.1177
v 327.5019 130.0835 4.7446
v 328.8998 130.675 3.5073
v 326.6732 132.1188 4.7757
v 328.3578 132.8215 3.452
v 327.6725 134.2242 5.3843

# 8 faces
f -6 -5 -4 
f -6 -4 -5 
f -5 -3 -4 
f -5 -4 -3 
f -4 -3 -2 
f -4 -2 -3 
f -2 -3 -1 
f -2 -1 -3 

g tomato_FruitR
s off

usemtl tomato_FruitR

# 6 vertices
v 329.755 128.9295 5.1177
v 328.2523 130.2403 6.7211
v 327.5169 130.0787 4.9134
v 327.39 132.255 6.8879
v 326.6543 132.1127 4.7613
v 327.703 134.226 5.5393

# 8 faces
f -6 -5 -4 
f -6 -4 -5 
f -5 -3 -4 
f -5 -4 -3 
f -4 -3 -2 
f -4 -2 -3 
f -2 -3 -1 
f -2 -1 -3 

g tomato_1InfInt
s off

usemtl tomato_1InfInt

# 18 vertices
v 331.4293 125.7764 5.6778
v 330.7826 125.7626 6.0821
v 331.2394 126.3798 6.1041
v 330.9937 126.1233 4.9927
v 330.347 126.1096 5.397
v 330.8038 126.7267 5.419
v 330.9937 126.1233 4.9927
v 330.347 126.1096 5.397
v 330.8038 126.7267 5.419
v 330.558 126.4702 4.3077
v 329.9113 126.4565 4.7119
v 330.3682 127.0736 4.7339
v 330.558 126.4702 4.3077
v 329.9113 126.4565 4.7119
v 330.3682 127.0736 4.7339
v 330.1224 126.8172 3.6226
v 329.4757 126.8034 4.0269
v 329.9325 127.4205 4.04892

# 18 faces
f -18 -15 -17 
f -17 -15 -14 
f -17 -14 -16 
f -16 -14 -13 
f -16 -13 -18 
f -18 -13 -15 
f -12 -9 -11 
f -11 -9 -8 
f -11 -8 -10 
f -10 -8 -7 
f -10 -7 -12 
f -12 -7 -9 
f -6 -3 -5 
f -5 -3 -2 
f -5 -2 -4 
f -4 -2 -1 
f -4 -1 -6 
f -6 -1 -3 

g tomato_1Pdcel
s off

usemtl tomato_1Pdcel

# 18 vertices
v 330.182 126.768 3.7645
v 329.4463 126.8276 3.9569
v 329.9031 127.4448 3.9789
v 329.9089 127.01 2.6454
v 329.1732 127.0696 2.8377
v 329.6301 127.6868 2.8598
v 329.9089 127.01 2.6454
v 329.1732 127.0696 2.8377
v 329.6301 127.6868 2.8598
v 329.9944 126.983 1.6306
v 329.2377 127.0667 1.5839
v 329.6945 127.6839 1.6059
v 329.9944 126.983 1.6306
v 329.2377 127.0667 1.5839
v 329.6945 127.6839 1.6059
v 330.3672 126.7397 0.7143
v 329.6603 126.7949 0.4333
v 330.1171 127.4121 0.4553

# 18 faces
f -18 -15 -17 
f -17 -15 -14 
f -17 -14 -16 
f -16 -14 -13 
f -16 -13 -18 
f -18 -13 -15 
f -12 -9 -11 
f -11 -9 -8 
f -11 -8 -10 
f -10 -8 -7 
f -10 -7 -12 
f -12 -7 -9 
f -6 -3 -5 
f -5 -3 -2 
f -5 -2 -4 
f -4 -2 -1 
f -4 -1 -6 
f -6 -1 -3 

g tomato_FruitR
s off

usemtl tomato_FruitR

# 6 vertices
v 330.0467 126.9834 0.5334
v 331.969 124.3574 -0.6577
v 333.0974 126.7346 -0.9892
v 333.1382 123.4477 -3.2396
v 334.291 126.2385 -3.6958
v 332.831 124.6295 -6.2647

# 8 faces
f -6 -5 -4 
f -6 -4 -5 
f -5 -3 -4 
f -5 -4 -3 
f -4 -3 -2 
f -4 -2 -3 
f -2 -3 -1 
f -2 -1 -3 

g tomato_FruitR
s off

usemtl tomato_FruitR

# 6 vertices
v 330.0467 126.9834 0.5334
v 329.347 124.4302 -1.703
v 331.8053 124.3297 -0.7125
v 330.3618 123.4164 -4.3113
v 333.2122 123.466 -3.2167
v 332.6339 124.5988 -6.3315

# 8 faces
f -6 -5 -4 
f -6 -4 -5 
f -5 -3 -4 
f -5 -4 -3 
f -4 -3 -2 
f -4 -2 -3 
f -2 -3 -1 
f -2 -1 -3 

g tomato_FruitR
s off

usemtl tomato_FruitR

# 6 vertices
v 330.0467 126.9834 0.5334
v 328.8734 127.0185 -2.7272
v 329.2873 124.5782 -1.7743
v 329.7587 126.1116 -5.4206
v 330.3942 123.352 -4.2778
v 332.5644 124.7782 -6.4168

# 8 faces
f -6 -5 -4 
f -6 -4 -5 
f -5 -3 -4 
f -5 -4 -3 
f -4 -3 -2 
f -4 -2 -3 
f -2 -3 -1 
f -2 -1 -3 

g tomato_FruitR
s off

usemtl tomato_FruitR

# 6 vertices
v 330.0467 126.9834 0.5334
v 331.1983 128.5695 -2.3245
v 328.9996 127.1391 -2.7172
v 332.1569 127.8338 -5.04495
v 329.7051 126.0528 -5.4225
v 332.718 124.9215 -6.4034

# 8 faces
f -6 -5 -4 
f -6 -4 -5 
f -5 -3 -4 
f -5 -4 -3 
f -4 -3 -2 
f -4 -2 -3 
f -2 -3 -1 
f -2 -1 -3 

g tomato_FruitR
s off

usemtl tomato_FruitR

# 6 vertices
v 330.0467 126.9834 0.5334
v 333.1403 126.9 -1.0262
v 331.39 128.4919 -2.2246
v 334.2771 126.1626 -3.6766
v 332.1499 127.8637 -5.0574
v 332.8853 124.8281 -6.308

# 8 faces
f -6 -5 -4 
f -6 -4 -5 
f -5 -3 -4 
f -5 -4 -3 
f -4 -3 -2 
f -4 -2 -3 
f -2 -3 -1 
f -2 -1 -3 

# plant "cabbage"
o cabbage

g cabbage_Intrnd
s off

usemtl cabbage_Intrnd

# 18 vertices
v 267.9622 30.9492 0.3535
v 271.3122 31.02503 1.5992
v 270.6967 31.02503 -1.9478
v 267.9605 31.01817 0.3538
v 271.3105 31.09397 1.5995
v 270.695 31.09397 -1.9475
v 267.9605 31.01817 0.3538
v 271.3105 31.09397 1.5995
v 270.695 31.09397 -1.9475
v 267.959 31.03631 0.3541
v 271.3062 31.1878 1.6003
v 270.6908 31.1878 -1.9468
v 267.959 31.03631 0.3541
v 271.3062 31.1878 1.6003
v 270.6908 31.1878 -1.9468
v 267.9571 31.0544 0.3544
v 271.2997 31.2816 1.6014
v 270.6842 31.2816 -1.9457

# 18 faces
f -18 -15 -17 
f -17 -15 -14 
f -17 -14 -16 
f -16 -14 -13 
f -16 -13 -18 
f -18 -13 -15 
f -12 -9 -11 
f -11 -9 -8 
f -11 -8 -10 
f -10 -8 -7 
f -10 -7 -12 
f -12 -7 -9 
f -6 -3 -5 
f -5 -3 -2 
f -5 -2 -4 
f -4 -2 -1 
f -4 -1 -6 
f -6 -1 -3 

g cabbage_Intrnd
s off

usemtl cabbage_Intrnd

# 18 vertices
v 271.8055 31.2711 1.1517
v 270.0926 31.2672 -2.1449
v 268.0977 31.08237 1.01479
v 271.8017 31.3426 1.1535
v 270.0889 31.3387 -2.1431
v 268.094 31.1539 1.01663
v 271.8017 31.3426 1.1535
v 270.0889 31.3387 -2.1431
v 268.094 31.1539 1.01663
v 271.8017 31.3615 1.1546
v 270.0856 31.4363 -2.1394
v 268.0907 31.2514 1.02025
v 271.8017 31.3615 1.1546
v 270.0856 31.4363 -2.1394
v 268.0907 31.2514 1.02025
v 271.802 31.3804 1.1559
v 270.0843 31.5338 -2.1345
v 268.0894 31.349 1.02515

# 18 faces
f -18 -15 -17 
f -17 -15 -14 
f -17 -14 -16 
f -16 -14 -13 
f -16 -13 -18 
f -18 -13 -15 
f -12 -9 -11 
f -11 -9 -8 
f -11 -8 -10 
f -10 -8 -7 
f -10 -7 -12 
f -12 -7 -9 
f -6 -3 -5 
f -5 -3 -2 
f -5 -2 -4 
f -4 -2 -1 
f -4 -1 -6 
f -6 -1 -3 

g cabbage_Petiole
s off

usemtl cabbage_Petiole

# 18 vertices
v 270.157 31.3819 0.1174
v 269.9942 31.4496 -0.1956
v 269.8012 31.4317 0.1099
v 270.1756 31.5178 0.1371
v 270.0128 31.5855 -0.1758
v 269.8199 31.5677 0.1296
v 270.1756 31.5178 0.1371
v 270.0128 31.5855 -0.1758
v 269.8199 31.5677 0.1296
v 270.2064 31.6129 0.1621
v 270.0546 31.7319 -0.1409
v 269.8617 31.714 0.1646
v 270.2064 31.6129 0.1621
v 270.0546 31.7319 -0.1409
v 269.8617 31.714 0.1646
v 270.2507 31.7 0.1952
v 270.1172 31.8668 -0.09354
v 269.9242 31.849 0.212

# 18 faces
f -18 -15 -17 
f -17 -15 -14 
f -17 -14 -16 
f -16 -14 -13 
f -16 -13 -18 
f -18 -13 -15 
f -12 -9 -11 
f -11 -9 -8 
f -11 -8 -10 
f -10 -8 -7 
f -10 -7 -12 
f -12 -7 -9 
f -6 -3 -5 
f -5 -3 -2 
f -5 -2 -4 
f -4 -2 -1 
f -4 -1 -6 
f -6 -1 -3 

g cabbage_Leaf
s off

usemtl cabbage_Leaf

# 23 vertices
v 270.0966 31.8058 0.1041
v 263.3731 40.1687 -12.3862
v 279.0736 40.9801 2.4668
v 264.6789 54.2178 -14.3708
v 268.9753 66.149 -13.3469
v 272.6306 60.7201 -7.9842
v 278.8177 56.1124 -2.5484
v 282.8731 51.5093 5.6992
v 284.7388 62.7025 9.3096
v 274.3388 72.5734 -6.3392
v 277.9906 67.6829 4.9239
v 277.1977 74.5437 0.2528
v 279.616 74.3686 8.3592
v 279.788 73.1563 13.6575
v 266.7505 31.4866 17.8627
v 269.4933 39.4759 24.726
v 275.303 50.03575 31.3273
v 277.6271 48.7006 24.9734
v 280.9764 50.03745 14.5956
v 277.9772 60.2928 29.2792
v 279.3218 63.5891 16.6405
v 278.9202 65.8303 26.6642
v 280.5289 70.5396 19.7583

# 60 faces
f -23 -22 -21 
f -23 -21 -22 
f -22 -20 -21 
f -22 -21 -20 
f -20 -19 -18 
f -20 -18 -19 
f -18 -17 -20 
f -18 -20 -17 
f -20 -17 -21 
f -20 -21 -17 
f -21 -17 -16 
f -21 -16 -17 
f -17 -15 -16 
f -17 -16 -15 
f -18 -14 -17 
f -18 -17 -14 
f -17 -14 -13 
f -17 -13 -14 
f -13 -15 -17 
f -13 -17 -15 
f -19 -14 -18 
f -19 -18 -14 
f -14 -12 -13 
f -14 -13 -12 
f -12 -11 -13 
f -12 -13 -11 
f -11 -15 -13 
f -11 -13 -15 
f -11 -10 -15 
f -11 -15 -10 
f -21 -9 -23 
f -21 -23 -9 
f -21 -8 -9 
f -21 -9 -8 
f -6 -7 -8 
f -6 -8 -7 
f -8 -5 -6 
f -8 -6 -5 
f -21 -5 -8 
f -21 -8 -5 
f -16 -5 -21 
f -16 -21 -5 
f -16 -15 -5 
f -16 -5 -15 
f -5 -4 -6 
f -5 -6 -4 
f -3 -4 -5 
f -3 -5 -4 
f -5 -15 -3 
f -5 -3 -15 
f -6 -4 -7 
f -6 -7 -4 
f -3 -2 -4 
f -3 -4 -2 
f -3 -1 -2 
f -3 -2 -1 
f -3 -15 -1 
f -3 -1 -15 
f -15 -10 -1 
f -15 -1 -10 

g cabbage_Intrnd
s off

usemtl cabbage_Intrnd

# 18 vertices
v 269.4088 31.3646 -2.06095
v 268.4647 31.4045 1.5319
v 272.0683 31.4937 0.5298
v 269.4066 31.4363 -2.06231
v 268.4626 31.4762 1.5305
v 272.0661 31.5654 0.5284
v 269.4066 31.4363 -2.06231
v 268.4626 31.4762 1.5305
v 272.0661 31.5654 0.5284
v 269.4094 31.3496 -2.06013
v 268.4559 31.6253 1.5199
v 272.0595 31.7145 0.5177
v 269.4094 31.3496 -2.06013
v 268.4559 31.6253 1.5199
v 272.0595 31.7145 0.5177
v 269.4138 31.2635 -2.05182
v 268.4464 31.7731 1.4986
v 272.0499 31.8623 0.4965

# 18 faces
f -18 -15 -17 
f -17 -15 -14 
f -17 -14 -16 
f -16 -14 -13 
f -16 -13 -18 
f -18 -13 -15 
f -12 -9 -11 
f -11 -9 -8 
f -11 -8 -10 
f -10 -8 -7 
f -10 -7 -12 
f -12 -7 -9 
f -6 -3 -5 
f -5 -3 -2 
f -5 -2 -4 
f -4 -2 -1 
f -4 -1 -6 
f -6 -1 -3 

g cabbage_Petiole
s off

usemtl cabbage_Petiole

# 18 vertices
v 269.9216 31.5639 -0.1992
v 269.8226 31.6653 0.1332
v 270.1732 31.674 0.03575
v 269.9059 31.6951 -0.2439
v 269.8069 31.7965 0.08859
v 270.1575 31.8051 -0.0089
v 269.9059 31.6951 -0.2439
v 269.8069 31.7965 0.08859
v 270.1575 31.8051 -0.0089
v 269.8894 31.7837 -0.2953
v 269.7833 31.9337 0.01591
v 270.1339 31.9424 -0.08158
v 269.8894 31.7837 -0.2953
v 269.7833 31.9337 0.01591
v 270.1339 31.9424 -0.08158
v 269.8694 31.8617 -0.3606
v 269.7541 32.05593 -0.07839
v 270.1047 32.06461 -0.1758

# 18 faces
f -18 -15 -17 
f -17 -15 -14 
f -17 -14 -16 
f -16 -14 -13 
f -16 -13 -18 
f -18 -13 -15 
f -12 -9 -11 
f -11 -9 -8 
f -11 -8 -10 
f -10 -8 -7 
f -10 -7 -12 
f -12 -7 -9 
f -6 -3 -5 
f -5 -3 -2 
f -5 -2 -4 
f -4 -2 -1 
f -4 -1 -6 
f -6 -1 -3 

g cabbage_Leaf
s off

usemtl cabbage_Leaf

# 23 vertices
v 269.9095 31.9947 -0.2042
v 265.4925 41.6889 12.4823
v 263.8592 39.5149 -9.1057
v 261.6143 55.4362 11.2778
v 257.8009 66.5129 6.1214
v 259.337 60.3977 0.4027
v 258.9639 54.6648 -7.1559
v 262.0609 49.24 -15.3972
v 261.8689 59.944 -20.7738
v 257.8596 71.8239 -3.49
v 263.3229 66.1198 -13.674
v 259.9834 73.1536 -10.5543
v 263.6953 72.3997 -18.1775
v 267.2828 71.05798 -22.08377
v 284.4056 31.8759 -11.18
v 286.1234 39.1866 -19.1483
v 285.1151 48.53 -29.2879
v 279.2603 46.9443 -25.9206
v 269.6324 47.9172 -20.5797
v 280.6104 58.2869 -30.862
v 270.7137 61.5903 -22.76
v 277.5283 63.6709 -30.2548
v 271.1503 68.2105 -26.7838

# 60 faces
f -23 -22 -21 
f -23 -21 -22 
f -22 -20 -21 
f -22 -21 -20 
f -20 -19 -18 
f -20 -18 -19 
f -18 -17 -20 
f -18 -20 -17 
f -20 -17 -21 
f -20 -21 -17 
f -21 -17 -16 
f -21 -16 -17 
f -17 -15 -16 
f -17 -16 -15 
f -18 -14 -17 
f -18 -17 -14 
f -17 -14 -13 
f -17 -13 -14 
f -13 -15 -17 
f -13 -17 -15 
f -19 -14 -18 
f -19 -18 -14 
f -14 -12 -13 
f -14 -13 -12 
f -12 -11 -13 
f -12 -13 -11 
f -11 -15 -13 
f -11 -13 -15 
f -11 -10 -15 
f -11 -15 -10 
f -21 -9 -23 
f -21 -23 -9 
f -21 -8 -9 
f -21 -9 -8 
f -6 -7 -8 
f -6 -8 -7 
f -8 -5 -6 
f -8 -6 -5 
f -21 -5 -8 
f -21 -8 -5 
f -16 -5 -21 
f -16 -21 -5 
f -16 -15 -5 
f -16 -5 -15 
f -5 -4 -6 
f -5 -6 -4 
f -3 -4 -5 
f -3 -5 -4 
f -5 -15 -3 
f -5 -3 -15 
f -6 -4 -7 
f -6 -7 -4 
f -3 -2 -4 
f -3 -4 -2 
f -3 -1 -2 
f -3 -2 -1 
f -3 -15 -1 
f -3 -1 -15 
f -15 -10 -1 
f -15 -1 -10 

g cabbage_Intrnd
s off

usemtl cabbage_Intrnd

# 18 vertices
v 269.0096 31.719 1.9112
v 272.1089 31.8432 -0.1334
v 268.7858 31.3432 -1.778
v 269.0023 31.79 1.9044
v 272.1016 31.9141 -0.1402
v 268.7785 31.4142 -1.7848
v 269.0023 31.79 1.9044
v 272.1016 31.9141 -0.1402
v 268.7785 31.4142 -1.7848
v 269.0114 31.7041 1.9121
v 272.0827 32.06247 -0.1471
v 268.7596 31.5625 -1.7916
v 269.0114 31.7041 1.9121
v 272.0827 32.06247 -0.1471
v 268.7596 31.5625 -1.7916
v 269.0233 31.6182 1.9141
v 272.059 32.2102 -0.1441
v 268.7358 31.7102 -1.7886

# 18 faces
f -18 -15 -17 
f -17 -15 -14 
f -17 -14 -16 
f -16 -14 -13 
f -16 -13 -18 
f -18 -13 -15 
f -12 -9 -11 
f -11 -9 -8 
f -11 -8 -10 
f -10 -8 -7 
f -10 -7 -12 
f -12 -7 -9 
f -6 -3 -5 
f -5 -3 -2 
f -5 -2 -4 
f -4 -2 -1 
f -4 -1 -6 
f -6 -1 -3 

g cabbage_Petiole
s off

usemtl cabbage_Petiole

# 18 vertices
v 269.8615 31.7901 0.1682
v 270.1459 31.8998 -0.02585
v 269.8226 31.8512 -0.1858
v 269.8283 31.9229 0.1948
v 270.1128 32.03268 0.0006791
v 269.7895 31.984 -0.1593
v 269.8283 31.9229 0.1948
v 270.1128 32.03268 0.0006791
v 269.7895 31.984 -0.1593
v 269.7961 32.01411 0.2323
v 270.066 32.1734 0.05243
v 269.7427 32.1247 -0.1075
v 269.7961 32.01411 0.2323
v 270.066 32.1734 0.05243
v 269.7427 32.1247 -0.1075
v 269.7582 32.09578 0.2839
v 270.0106 32.3007 0.1258
v 269.6872 32.252 -0.03412

# 18 faces
f -18 -15 -17 
f -17 -15 -14 
f -17 -14 -16 
f -16 -14 -13 
f -16 -13 -18 
f -18 -13 -15 
f -12 -9 -11 
f -11 -9 -8 
f -11 -8 -10 
f -10 -8 -7 
f -10 -7 -12 
f -12 -7 -9 
f -6 -3 -5 
f -5 -3 -2 
f -5 -2 -4 
f -4 -2 -1 
f -4 -1 -6 
f -6 -1 -3 

g cabbage_Leaf
s off

usemtl cabbage_Leaf

# 23 vertices
v 269.819 32.2167 0.1244
v 280.5459 42.6081 -7.04416
v 267.2185 40.4469 10.01899
v 280.9172 56.7638 -4.8175
v 278.8512 68.2225 0.4976
v 274.5468 61.8801 4.1997
v 270.3157 56.1777 10.502
v 263.0819 50.2564 14.9235
v 258.2994 60.8061 17.9813
v 271.6207 73.3524 6.978
v 261.3864 66.7806 11.2405
v 265.1067 74.2687 10.5712
v 257.3087 72.8822 13.6905
v 252.2097 70.9765 14.2362
v 251.8849 29.817 -1.6729
v 244.3495 36.6972 2.2984
v 237.0577 45.9668 9.5117
v 243.7626 45.3079 11.1674
v 254.2375 47.7628 13.7003
v 238.0921 56.2653 12.8037
v 250.377 61.09712 13.2869
v 240.1014 62.0541 13.9472
v 246.5415 67.5312 15.3116

# 60 faces
f -23 -22 -21 
f -23 -21 -22 
f -22 -20 -21 
f -22 -21 -20 
f -20 -19 -18 
f -20 -18 -19 
f -18 -17 -20 
f -18 -20 -17 
f -20 -17 -21 
f -20 -21 -17 
f -21 -17 -16 
f -21 -16 -17 
f -17 -15 -16 
f -17 -16 -15 
f -18 -14 -17 
f -18 -17 -14 
f -17 -14 -13 
f -17 -13 -14 
f -13 -15 -17 
f -13 -17 -15 
f -19 -14 -18 
f -19 -18 -14 
f -14 -12 -13 
f -14 -13 -12 
f -12 -11 -13 
f -12 -13 -11 
f -11 -15 -13 
f -11 -13 -15 
f -11 -10 -15 
f -11 -15 -10 
f -21 -9 -23 
f -21 -23 -9 
f -21 -8 -9 
f -21 -9 -8 
f -6 -7 -8 
f -6 -8 -7 
f -8 -5 -6 
f -8 -6 -5 
f -21 -5 -8 
f -21 -8 -5 
f -16 -5 -21 
f -16 -21 -5 
f -16 -15 -5 
f -16 -5 -15 
f -5 -4 -6 
f -5 -6 -4 
f -3 -4 -5 
f -3 -5 -4 
f -5 -15 -3 
f -5 -3 -15 
f -6 -4 -7 
f -6 -7 -4 
f -3 -2 -4 
f -3 -4 -2 
f -3 -1 -2 
f -3 -2 -1 
f -3 -15 -1 
f -3 -1 -15 
f -15 -10 -1 
f -15 -1 -10 

g cabbage_Intrnd
s off

usemtl cabbage_Intrnd

# 18 vertices
v 271.9164 32.1578 -0.812
v 268.2781 31.6428 -1.3593
v 269.6648 31.7456 2.114
v 271.906 32.2287 -0.81
v 268.2677 31.7137 -1.3573
v 269.6544 31.8165 2.116
v 271.906 32.2287 -0.81
v 268.2677 31.7137 -1.3573
v 269.6544 31.8165 2.116
v 271.9043 32.2476 -0.8099
v 268.2556 31.8106 -1.3553
v 269.6422 31.9134 2.118
v 271.9043 32.2476 -0.8099
v 268.2556 31.8106 -1.3553
v 269.6422 31.9134 2.118
v 271.903 32.2664 -0.8099
v 268.2456 31.9078 -1.3542
v 269.6322 32.01059 2.1191

# 18 faces
f -18 -15 -17 
f -17 -15 -14 
f -17 -14 -16 
f -16 -14 -13 
f -16 -13 -18 
f -18 -13 -15 
f -12 -9 -11 
f -11 -9 -8 
f -11 -8 -10 
f -10 -8 -7 
f -10 -7 -12 
f -12 -7 -9 
f -6 -3 -5 
f -5 -3 -2 
f -5 -2 -4 
f -4 -2 -1 
f -4 -1 -6 
f -6 -1 -3 

g cabbage_Petiole
s off

usemtl cabbage_Petiole

# 18 vertices
v 270.1117 32.04992 -0.0884
v 269.7544 32.06094 -0.1421
v 269.8893 32.07094 0.1957
v 270.1169 32.1891 -0.0946
v 269.7596 32.2001 -0.1483
v 269.8945 32.2101 0.1895
v 270.1169 32.1891 -0.0946
v 269.7596 32.2001 -0.1483
v 269.8945 32.2101 0.1895
v 270.1378 32.2952 -0.106
v 269.7854 32.3518 -0.1631
v 269.9203 32.3618 0.1748
v 270.1378 32.2952 -0.106
v 269.7854 32.3518 -0.1631
v 269.9203 32.3618 0.1748
v 270.173 32.3967 -0.1231
v 269.8316 32.4976 -0.1858
v 269.9665 32.5076 0.152

# 18 faces
f -18 -15 -17 
f -17 -15 -14 
f -17 -14 -16 
f -16 -14 -13 
f -16 -13 -18 
f -18 -13 -15 
f -12 -9 -11 
f -11 -9 -8 
f -11 -8 -10 
f -10 -8 -7 
f -10 -7 -12 
f -12 -7 -9 
f -6 -3 -5 
f -5 -3 -2 
f -5 -2 -4 
f -4 -2 -1 
f -4 -1 -6 
f -6 -1 -3 

g cabbage_Leaf
s off

usemtl cabbage_Leaf

# 23 vertices
v 269.9895 32.4676 -0.05199
v 255.4858 39.4663 -3.9377
v 277.0184 41.8536 -5.9592
v 253.7483 53.282 -7.3417
v 256.4285 65.3007 -10.833
v 263.3163 60.4536 -9.5982
v 271.8842 56.4214 -10.2841
v 281.131 52.7211 -7.5014
v 284.1813 64.3057 -7.3905
v 264.7385 72.4787 -10.7245
v 275.9943 68.8315 -5.6153
v 271.4212 75.1714 -8.6572
v 279.1141 75.8915 -5.08508
v 283.2892 75.2725 -1.6044
v 281.0632 34.1587 14.2705
v 287.3892 42.8999 16.1316
v 295.362 54.1643 15.3096
v 292.2687 52.1039 9.4514
v 286.6363 52.2578 -0.05745
v 294.7948 64.174 11.1324
v 285.9753 66.04489 1.4775
v 293.0252 69.4116 8.2527
v 288.5571 73.3364 2.09104

# 60 faces
f -23 -22 -21 
f -23 -21 -22 
f -22 -20 -21 
f -22 -21 -20 
f -20 -19 -18 
f -20 -18 -19 
f -18 -17 -20 
f -18 -20 -17 
f -20 -17 -21 
f -20 -21 -17 
f -21 -17 -16 
f -21 -16 -17 
f -17 -15 -16 
f -17 -16 -15 
f -18 -14 -17 
f -18 -17 -14 
f -17 -14 -13 
f -17 -13 -14 
f -13 -15 -17 
f -13 -17 -15 
f -19 -14 -18 
f -19 -18 -14 
f -14 -12 -13 
f -14 -13 -12 
f -12 -11 -13 
f -12 -13 -11 
f -11 -15 -13 
f -11 -13 -15 
f -11 -10 -15 
f -11 -15 -10 
f -21 -9 -23 
f -21 -23 -9 
f -21 -8 -9 
f -21 -9 -8 
f -6 -7 -8 
f -6 -8 -7 
f -8 -5 -6 
f -8 -6 -5 
f -21 -5 -8 
f -21 -8 -5 
f -16 -5 -21 
f -16 -21 -5 
f -16 -15 -5 
f -16 -5 -15 
f -5 -4 -6 
f -5 -6 -4 
f -3 -4 -5 
f -3 -5 -4 
f -5 -15 -3 
f -5 -3 -15 
f -6 -4 -7 
f -6 -7 -4 
f -3 -2 -4 
f -3 -4 -2 
f -3 -1 -2 
f -3 -2 -1 
f -3 -15 -1 
f -3 -1 -15 
f -15 -10 -1 
f -15 -1 -10 

g cabbage_Intrnd
s off

usemtl cabbage_Intrnd

# 18 vertices
v 267.9241 31.7637 -0.7599
v 270.2537 32.1248 2.1113
v 271.5465 32.2891 -1.3956
v 267.9138 31.8346 -0.7604
v 270.2433 32.1957 2.1108
v 271.5361 32.3601 -1.3961
v 267.9138 31.8346 -0.7604
v 270.2433 32.1957 2.1108
v 271.5361 32.3601 -1.3961
v 267.9178 31.8009 -0.7605
v 270.221 32.3173 2.1083
v 271.5138 32.4817 -1.3987
v 267.9178 31.8009 -0.7605
v 270.221 32.3173 2.1083
v 271.5138 32.4817 -1.3987
v 267.9234 31.7675 -0.76
v 270.1931 32.4377 2.1036
v 271.4859 32.6021 -1.4033

# 18 faces
f -18 -15 -17 
f -17 -15 -14 
f -17 -14 -16 
f -16 -14 -13 
f -16 -13 -18 
f -18 -13 -15 
f -12 -9 -11 
f -11 -9 -8 
f -11 -8 -10 
f -10 -8 -7 
f -10 -7 -12 
f -12 -7 -9 
f -6 -3 -5 
f -5 -3 -2 
f -5 -2 -4 
f -4 -2 -1 
f -4 -1 -6 
f -6 -1 -3 

g cabbage_Petiole
s off

usemtl cabbage_Petiole

# 18 vertices
v 269.699 32.1945 -0.08549
v 269.9025 32.3015 0.1853
v 270.0261 32.3173 -0.15
v 269.6489 32.3214 -0.09802
v 269.8524 32.4285 0.1728
v 269.976 32.4442 -0.1625
v 269.6489 32.3214 -0.09802
v 269.8524 32.4285 0.1728
v 269.976 32.4442 -0.1625
v 269.5949 32.4124 -0.1136
v 269.779 32.5599 0.1519
v 269.9026 32.5756 -0.1834
v 269.5949 32.4124 -0.1136
v 269.779 32.5599 0.1519
v 269.9026 32.5756 -0.1834
v 269.5291 32.4941 -0.1341
v 269.6885 32.6787 0.1241
v 269.8122 32.6945 -0.2112

# 18 faces
f -18 -15 -17 
f -17 -15 -14 
f -17 -14 -16 
f -16 -14 -13 
f -16 -13 -18 
f -18 -13 -15 
f -12 -9 -11 
f -11 -9 -8 
f -11 -8 -10 
f -10 -8 -7 
f -10 -7 -12 
f -12 -7 -9 
f -6 -3 -5 
f -5 -3 -2 
f -5 -2 -4 
f -4 -2 -1 
f -4 -1 -6 
f -6 -1 -3 

g cabbage_Leaf
s off

usemtl cabbage_Leaf

# 23 vertices
v 269.6773 32.623 -0.07343
v 275.4766 42.6206 11.3951
v 258.4319 38.8901 -0.9705
v 270.7403 55.6705 13.7953
v 263.3439 65.8449 13.6196
v 260.6251 59.5969 8.7649
v 255.2915 53.4473 4.2032
v 251.5766 47.8234 -3.4044
v 246.3111 57.9018 -6.4611
v 255.6008 70.3822 7.6238
v 251.928 64.5376 -2.997
v 251.4715 71.3643 1.6023
v 248.1258 70.3961 -6.00459
v 247.5606 69.098 -11.1918
v 270.4684 32.8898 -17.9252
v 264.7914 39.6238 -24.1092
v 255.5715 47.9825 -29.5641
v 254.6176 46.2051 -23.05054
v 252.5334 46.7683 -12.4037
v 250.5758 57.05819 -26.9884
v 250.1631 60.06704 -14.3653
v 248.558 62.1206 -24.1893
v 246.7271 66.2959 -17.1142

# 60 faces
f -23 -22 -21 
f -23 -21 -22 
f -22 -20 -21 
f -22 -21 -20 
f -20 -19 -18 
f -20 -18 -19 
f -18 -17 -20 
f -18 -20 -17 
f -20 -17 -21 
f -20 -21 -17 
f -21 -17 -16 
f -21 -16 -17 
f -17 -15 -16 
f -17 -16 -15 
f -18 -14 -17 
f -18 -17 -14 
f -17 -14 -13 
f -17 -13 -14 
f -13 -15 -17 
f -13 -17 -15 
f -19 -14 -18 
f -19 -18 -14 
f -14 -12 -13 
f -14 -13 -12 
f -12 -11 -13 
f -12 -13 -11 
f -11 -15 -13 
f -11 -13 -15 
f -11 -10 -15 
f -11 -15 -10 
f -21 -9 -23 
f -21 -23 -9 
f -21 -8 -9 
f -21 -9 -8 
f -6 -7 -8 
f -6 -8 -7 
f -8 -5 -6 
f -8 -6 -5 
f -21 -5 -8 
f -21 -8 -5 
f -16 -5 -21 
f -16 -21 -5 
f -16 -15 -5 
f -16 -5 -15 
f -5 -4 -6 
f -5 -6 -4 
f -3 -4 -5 
f -3 -5 -4 
f -5 -15 -3 
f -5 -3 -15 
f -6 -4 -7 
f -6 -7 -4 
f -3 -2 -4 
f -3 -4 -2 
f -3 -1 -2 
f -3 -2 -1 
f -3 -15 -1 
f -3 -1 -15 
f -15 -10 -1 
f -15 -1 -10 

g cabbage_Intrnd
s off

usemtl cabbage_Intrnd

# 18 vertices
v 270.8597 32.427 1.8894
v 271.0125 32.5502 -1.8204
v 267.7719 31.8394 -0.09101
v 270.8452 32.4972 1.8911
v 270.998 32.6203 -1.8187
v 267.7574 31.9096 -0.08928
v 270.8452 32.4972 1.8911
v 270.998 32.6203 -1.8187
v 267.7574 31.9096 -0.08928
v 270.8625 32.4123 1.8885
v 270.9716 32.7672 -1.8079
v 267.731 32.0565 -0.07845
v 270.8625 32.4123 1.8885
v 270.9716 32.7672 -1.8079
v 267.731 32.0565 -0.07845
v 270.8767 32.3272 1.8803
v 270.9504 32.9139 -1.7873
v 267.7098 32.2032 -0.05791

# 18 faces
f -18 -15 -17 
f -17 -15 -14 
f -17 -14 -16 
f -16 -14 -13 
f -16 -13 -18 
f -18 -13 -15 
f -12 -9 -11 
f -11 -9 -8 
f -11 -8 -10 
f -10 -8 -7 
f -10 -7 -12 
f -12 -7 -9 
f -6 -3 -5 
f -5 -3 -2 
f -5 -2 -4 
f -4 -2 -1 
f -4 -1 -6 
f -6 -1 -3 

g cabbage_Petiole
s off

usemtl cabbage_Petiole

# 18 vertices
v 269.9426 32.4333 0.1736
v 269.9449 32.5401 -0.1638
v 269.6361 32.4724 0.0009541
v 269.936 32.5634 0.2147
v 269.9383 32.6701 -0.1227
v 269.6295 32.6024 0.04205
v 269.936 32.5634 0.2147
v 269.9383 32.6701 -0.1227
v 269.6295 32.6024 0.04205
v 269.9413 32.6533 0.2616
v 269.9433 32.8088 -0.0563
v 269.6346 32.7411 0.1084
v 269.9413 32.6533 0.2616
v 269.9433 32.8088 -0.0563
v 269.6346 32.7411 0.1084
v 269.9552 32.7346 0.321
v 269.9614 32.9352 0.02949
v 269.6526 32.8675 0.1942

# 18 faces
f -18 -15 -17 
f -17 -15 -14 
f -17 -14 -16 
f -16 -14 -13 
f -16 -13 -18 
f -18 -13 -15 
f -12 -9 -11 
f -11 -9 -8 
f -11 -8 -10 
f -10 -8 -7 
f -10 -7 -12 
f -12 -7 -9 
f -6 -3 -5 
f -5 -3 -2 
f -5 -2 -4 
f -4 -2 -1 
f -4 -1 -6 
f -6 -1 -3 

g cabbage_Leaf
s off

usemtl cabbage_Leaf

# 23 vertices
v 269.856 32.8463 0.1809
v 269.2 42.6113 -12.7558
v 275.5435 41.7034 7.564
v 269.8948 56.6209 -12.2311
v 271.934 68.2185 -7.9391
v 273.0538 62.2586 -2.2203
v 276.231 57.1633 4.8769
v 276.2451 51.5988 13.3372
v 275.0439 62.02802 18.5721
v 272.5857 73.6126 1.3403
v 270.8509 67.3165 12.1392
v 271.7192 74.6552 8.5538
v 269.965 73.3746 16.6012
v 267.7169 71.4265 21.05653
v 258.5916 29.8462 13.6395
v 256.9113 36.7071 21.7057
v 257.7361 46.201 31.3208
v 262.8741 45.8966 26.8868
v 270.5407 48.8116 19.8251
v 260.004 56.5679 32.02589
v 266.8327 61.661 22.2919
v 261.5148 62.3698 30.8802
v 265.7129 68.01089 26.3115

# 60 faces
f -23 -22 -21 
f -23 -21 -22 
f -22 -20 -21 
f -22 -21 -20 
f -20 -19 -18 
f -20 -18 -19 
f -18 -17 -20 
f -18 -20 -17 
f -20 -17 -21 
f -20 -21 -17 
f -21 -17 -16 
f -21 -16 -17 
f -17 -15 -16 
f -17 -16 -15 
f -18 -14 -17 
f -18 -17 -14 
f -17 -14 -13 
f -17 -13 -14 
f -13 -15 -17 
f -13 -17 -15 
f -19 -14 -18 
f -19 -18 -14 
f -14 -12 -13 
f -14 -13 -12 
f -12 -11 -13 
f -12 -13 -11 
f -11 -15 -13 
f -11 -13 -15 
f -11 -10 -15 
f -11 -15 -10 
f -21 -9 -23 
f -21 -23 -9 
f -21 -8 -9 
f -21 -9 -8 
f -6 -7 -8 
f -6 -8 -7 
f -8 -5 -6 
f -8 -6 -5 
f -21 -5 -8 
f -21 -8 -5 
f -16 -5 -21 
f -16 -21 -5 
f -16 -15 -5 
f -16 -5 -15 
f -5 -4 -6 
f -5 -6 -4 
f -3 -4 -5 
f -3 -5 -4 
f -5 -15 -3 
f -5 -3 -15 
f -6 -4 -7 
f -6 -7 -4 
f -3 -2 -4 
f -3 -4 -2 
f -3 -1 -2 
f -3 -2 -1 
f -3 -15 -1 
f -3 -1 -15 
f -15 -10 -1 
f -15 -1 -10 

g cabbage_Intrnd
s off

usemtl cabbage_Intrnd

# 18 vertices
v 270.3305 32.8195 -2.06331
v 267.7934 32.1431 0.5648
v 271.4052 32.4886 1.4775
v 270.3214 32.89 -2.05396
v 267.7843 32.2136 0.5741
v 271.3961 32.5591 1.4868
v 270.3214 32.89 -2.05396
v 267.7843 32.2136 0.5741
v 271.3961 32.5591 1.4868
v 270.3193 32.9087 -2.05257
v 267.7723 32.3099 0.5848
v 271.3842 32.6554 1.4975
v 270.3193 32.9087 -2.05257
v 267.7723 32.3099 0.5848
v 271.3842 32.6554 1.4975
v 270.3173 32.9275 -2.05162
v 267.761 32.4066 0.5933
v 271.3728 32.7521 1.506

# 18 faces
f -18 -15 -17 
f -17 -15 -14 
f -17 -14 -16 
f -16 -14 -13 
f -16 -13 -18 
f -18 -13 -15 
f -12 -9 -11 
f -11 -9 -8 
f -11 -8 -10 
f -10 -8 -7 
f -10 -7 -12 
f -12 -7 -9 
f -6 -3 -5 
f -5 -3 -2 
f -5 -2 -4 
f -4 -2 -1 
f -4 -1 -6 
f -6 -1 -3 

g cabbage_Petiole
s off

usemtl cabbage_Petiole

# 18 vertices
v 269.8659 32.6815 -0.1722
v 269.6172 32.6841 0.07983
v 269.9615 32.717 0.1668
v 269.8558 32.8173 -0.1836
v 269.6071 32.8199 0.06846
v 269.9514 32.8528 0.1554
v 269.8558 32.8173 -0.1836
v 269.6071 32.8199 0.06846
v 269.9514 32.8528 0.1554
v 269.8535 32.9149 -0.2115
v 269.6021 32.9692 0.03181
v 269.9464 33.00222 0.1187
v 269.8535 32.9149 -0.2115
v 269.6021 32.9692 0.03181
v 269.9464 33.00222 0.1187
v 269.8558 33.00672 -0.2552
v 269.604 33.1106 -0.02903
v 269.9482 33.1435 0.05795

# 18 faces
f -18 -15 -17 
f -17 -15 -14 
f -17 -14 -16 
f -16 -14 -13 
f -16 -13 -18 
f -18 -13 -15 
f -12 -9 -11 
f -11 -9 -8 
f -11 -8 -10 
f -10 -8 -7 
f -10 -7 -12 
f -12 -7 -9 
f -6 -3 -5 
f -5 -3 -2 
f -5 -2 -4 
f -4 -2 -1 
f -4 -1 -6 
f -6 -1 -3 

g cabbage_Leaf
s off

usemtl cabbage_Leaf

# 23 vertices
v 269.8024 33.08735 -0.07458
v 259.0172 38.6603 10.6948
v 267.6671 42.6862 -8.3655
v 254.4627 51.9293 11.3071
v 252.0965 63.7995 8.03494
v 256.7917 59.6526 2.531
v 260.6304 56.3944 -5.2886
v 267.7199 53.5915 -11.9598
v 268.6125 65.1473 -13.8019
v 255.8154 71.4795 1.4842
v 265.8532 68.942 -5.7403
v 260.6672 74.6932 -2.993
v 267.4045 76.09654 -7.702
v 272.4276 75.9064 -9.5601
v 287.241 35.9482 -2.3069
v 291.3841 45.03215 -6.2272
v 293.9068 56.6526 -12.7088
v 287.5561 54.2626 -13.09082
v 276.7413 53.7482 -12.9876
v 289.4945 66.2845 -13.6901
v 276.899 67.185 -10.8623
v 285.8793 71.19 -13.2989
v 278.2445 74.5239 -12.3145

# 60 faces
f -23 -22 -21 
f -23 -21 -22 
f -22 -20 -21 
f -22 -21 -20 
f -20 -19 -18 
f -20 -18 -19 
f -18 -17 -20 
f -18 -20 -17 
f -20 -17 -21 
f -20 -21 -17 
f -21 -17 -16 
f -21 -16 -17 
f -17 -15 -16 
f -17 -16 -15 
f -18 -14 -17 
f -18 -17 -14 
f -17 -14 -13 
f -17 -13 -14 
f -13 -15 -17 
f -13 -17 -15 
f -19 -14 -18 
f -19 -18 -14 
f -14 -12 -13 
f -14 -13 -12 
f -12 -11 -13 
f -12 -13 -11 
f -11 -15 -13 
f -11 -13 -15 
f -11 -10 -15 
f -11 -15 -10 
f -21 -9 -23 
f -21 -23 -9 
f -21 -8 -9 
f -21 -9 -8 
f -6 -7 -8 
f -6 -8 -7 
f -8 -5 -6 
f -8 -6 -5 
f -21 -5 -8 
f -21 -8 -5 
f -16 -5 -21 
f -16 -21 -5 
f -16 -15 -5 
f -16 -5 -15 
f -5 -4 -6 
f -5 -6 -4 
f -3 -4 -5 
f -3 -5 -4 
f -5 -15 -3 
f -5 -3 -15 
f -6 -4 -7 
f -6 -7 -4 
f -3 -2 -4 
f -3 -4 -2 
f -3 -1 -2 
f -3 -2 -1 
f -3 -15 -1 
f -3 -1 -15 
f -15 -10 -1 
f -15 -1 -10 

g cabbage_Intrnd
s off

usemtl cabbage_Intrnd

# 18 vertices
v 268.0675 32.2852 1.1992
v 271.7173 32.8877 0.9949
v 269.6343 32.9042 -2.1003
v 268.0564 32.3554 1.2071
v 271.7061 32.9578 1.002836
v 269.6231 32.9743 -2.09248
v 268.0564 32.3554 1.2071
v 271.7061 32.9578 1.002836
v 269.6231 32.9743 -2.09248
v 268.0609 32.322 1.2039
v 271.683 33.07792 1.01902
v 269.6 33.09442 -2.07629
v 268.0609 32.322 1.2039
v 271.683 33.07792 1.01902
v 269.6 33.09442 -2.07629
v 268.0668 32.2889 1.1998
v 271.6551 33.1964 1.03847
v 269.5721 33.2129 -2.05684

# 18 faces
f -18 -15 -17 
f -17 -15 -14 
f -17 -14 -16 
f -16 -14 -13 
f -16 -13 -18 
f -18 -13 -15 
f -12 -9 -11 
f -11 -9 -8 
f -11 -8 -10 
f -10 -8 -7 
f -10 -7 -12 
f -12 -7 -9 
f -6 -3 -5 
f -5 -3 -2 
f -5 -2 -4 
f -4 -2 -1 
f -4 -1 -6 
f -6 -1 -3 

g cabbage_Petiole
s off

usemtl cabbage_Petiole

# 18 vertices
v 269.624 32.8186 0.1547
v 269.9421 32.9428 0.1486
v 269.75 32.9443 -0.1367
v 269.578 32.938 0.1863
v 269.8961 33.06223 0.1802
v 269.704 33.06375 -0.1051
v 269.578 32.938 0.1863
v 269.8961 33.06223 0.1802
v 269.704 33.06375 -0.1051
v 269.5297 33.02252 0.2192
v 269.8302 33.1846 0.2251
v 269.6382 33.1861 -0.06016
v 269.5297 33.02252 0.2192
v 269.8302 33.1846 0.2251
v 269.6382 33.1861 -0.06016
v 269.4715 33.09753 0.2587
v 269.7502 33.2939 0.2796
v 269.5581 33.2954 -0.005703

# 18 faces
f -18 -15 -17 
f -17 -15 -14 
f -17 -14 -16 
f -16 -14 -13 
f -16 -13 -18 
f -18 -13 -15 
f -12 -9 -11 
f -11 -9 -8 
f -11 -8 -10 
f -10 -8 -7 
f -10 -7 -12 
f -12 -7 -9 
f -6 -3 -5 
f -5 -3 -2 
f -5 -2 -4 
f -4 -2 -1 
f -4 -1 -6 
f -6 -1 -3 

g cabbage_Leaf
s off

usemtl cabbage_Leaf

# 23 vertices
v 269.5938 33.2296 0.1771
v 281.1307 43.6335 2.09502
v 262.1718 38.8006 8.4109
v 279.5005 56.114 7.09792
v 274.5555 65.606 12.729
v 269.6518 59.259 12.1288
v 263.4985 52.9306 13.7296
v 255.8556 47.00076 12.3516
v 249.877 56.3215 14.6997
v 265.2522 69.3684 15.3666
v 255.3059 63.06766 12.2581
v 258.1882 69.8454 15.1858
v 250.4573 68.3943 13.5068
v 246.1916 66.8528 11.02722
v 256.1513 32.5616 -10.5013
v 247.7243 38.4933 -9.5855
v 237.7672 45.8986 -5.5042
v 242.4047 44.5074 -1.08485
v 249.4688 45.5424 6.5373
v 236.3804 54.5671 -0.1887
v 245.7647 58.1117 7.2384
v 237.098 59.5019 2.9453
v 241.2994 63.8202 8.3466

# 60 faces
f -23 -22 -21 
f -23 -21 -22 
f -22 -20 -21 
f -22 -21 -20 
f -20 -19 -18 
f -20 -18 -19 
f -18 -17 -20 
f -18 -20 -17 
f -20 -17 -21 
f -20 -21 -17 
f -21 -17 -16 
f -21 -16 -17 
f -17 -15 -16 
f -17 -16 -15 
f -18 -14 -17 
f -18 -17 -14 
f -17 -14 -13 
f -17 -13 -14 
f -13 -15 -17 
f -13 -17 -15 
f -19 -14 -18 
f -19 -18 -14 
f -14 -12 -13 
f -14 -13 -12 
f -12 -11 -13 
f -12 -13 -11 
f -11 -15 -13 
f -11 -13 -15 
f -11 -10 -15 
f -11 -15 -10 
f -21 -9 -23 
f -21 -23 -9 
f -21 -8 -9 
f -21 -9 -8 
f -6 -7 -8 
f -6 -8 -7 
f -8 -5 -6 
f -8 -6 -5 
f -21 -5 -8 
f -21 -8 -5 
f -16 -5 -21 
f -16 -21 -5 
f -16 -15 -5 
f -16 -5 -15 
f -5 -4 -6 
f -5 -6 -4 
f -3 -4 -5 
f -3 -5 -4 
f -5 -15 -3 
f -5 -3 -15 
f -6 -4 -7 
f -6 -7 -4 
f -3 -2 -4 
f -3 -4 -2 
f -3 -1 -2 
f -3 -2 -1 
f -3 -15 -1 
f -3 -1 -15 
f -15 -10 -1 
f -15 -1 -10 

g cabbage_Intrnd
s off

usemtl cabbage_Intrnd

# 18 vertices
v 270.5194 33.00757 0.1687
v 269.4847 32.9801 -0.6467
v 269.3246 32.7208 0.6448
v 270.5153 33.03225 0.1731
v 269.4806 33.00485 -0.6423
v 269.3205 32.7455 0.6492
v 270.5153 33.03225 0.1731
v 269.4806 33.00485 -0.6423
v 269.3205 32.7455 0.6492
v 270.5201 33.00237 0.1677
v 269.4748 33.05671 -0.6326
v 269.3146 32.7974 0.6589
v 270.5201 33.00237 0.1677
v 269.4748 33.05671 -0.6326
v 269.3146 32.7974 0.6589
v 270.5227 32.9722 0.162
v 269.4728 33.1087 -0.6224
v 269.3127 32.8494 0.6691

# 18 faces
f -18 -15 -17 
f -17 -15 -14 
f -17 -14 -16 
f -16 -14 -13 
f -16 -13 -18 
f -18 -13 -15 
f -12 -9 -11 
f -11 -9 -8 
f -11 -8 -10 
f -10 -8 -7 
f -10 -7 -12 
f -12 -7 -9 
f -6 -3 -5 
f -5 -3 -2 
f -5 -2 -4 
f -4 -2 -1 
f -4 -1 -6 
f -6 -1 -3 

g cabbage_Petiole
s off

usemtl cabbage_Petiole

# 18 vertices
v 269.8076 32.9694 0.07284
v 269.7497 32.9877 0.0313
v 269.7408 32.9732 0.1033
v 269.8119 32.9968 0.07888
v 269.754 33.01511 0.03733
v 269.7451 33.00064 0.1094
v 269.8119 32.9968 0.07888
v 269.754 33.01511 0.03733
v 269.7451 33.00064 0.1094
v 269.8191 33.01607 0.08364
v 269.7639 33.04465 0.04448
v 269.7549 33.03018 0.1165
v 269.8191 33.01607 0.08364
v 269.7639 33.04465 0.04448
v 269.7549 33.03018 0.1165
v 269.8297 33.0337 0.08848
v 269.7787 33.07198 0.05181
v 269.7698 33.05751 0.1238

# 18 faces
f -18 -15 -17 
f -17 -15 -14 
f -17 -14 -16 
f -16 -14 -13 
f -16 -13 -18 
f -18 -13 -15 
f -12 -9 -11 
f -11 -9 -8 
f -11 -8 -10 
f -10 -8 -7 
f -10 -7 -12 
f -12 -7 -9 
f -6 -3 -5 
f -5 -3 -2 
f -5 -2 -4 
f -4 -2 -1 
f -4 -1 -6 
f -6 -1 -3 

g cabbage_Leaf
s off

usemtl cabbage_Leaf

# 23 vertices
v 269.7925 33.05449 0.08806
v 267.4064 34.9246 -1.3834
v 271.6017 35.01839 0.02443
v 267.3863 37.8399 -1.4453
v 268.1952 40.3087 -1.2732
v 269.3735 39.1477 -0.7613
v 271.0215 38.1972 -0.4284
v 272.5202 37.1413 0.6031
v 273.1097 39.3543 1.4362
v 269.7583 41.5386 -0.2561
v 271.4471 40.3448 1.355
v 270.8497 41.8313 0.7675
v 272.0053 41.6453 2.04369
v 272.5068 41.2758 2.9658
v 270.7242 32.5026 3.6248
v 271.7798 34.005 4.8856
v 273.3639 36.08989 5.9118
v 273.2482 36.01451 4.5073
v 272.9544 36.5952 2.3551
v 273.6154 38.264 5.6094
v 272.7411 39.2591 3.2714
v 273.5269 39.4648 5.2119
v 273.1925 40.6132 3.9453

# 60 faces
f -23 -22 -21 
f -23 -21 -22 
f -22 -20 -21 
f -22 -21 -20 
f -20 -19 -18 
f -20 -18 -19 
f -18 -17 -20 
f -18 -20 -17 
f -20 -17 -21 
f -20 -21 -17 
f -21 -17 -16 
f -21 -16 -17 
f -17 -15 -16 
f -17 -16 -15 
f -18 -14 -17 
f -18 -17 -14 
f -17 -14 -13 
f -17 -13 -14 
f -13 -15 -17 
f -13 -17 -15 
f -19 -14 -18 
f -19 -18 -14 
f -14 -12 -13 
f -14 -13 -12 
f -12 -11 -13 
f -12 -13 -11 
f -11 -15 -13 
f -11 -13 -15 
f -11 -10 -15 
f -11 -15 -10 
f -21 -9 -23 
f -21 -23 -9 
f -21 -8 -9 
f -21 -9 -8 
f -6 -7 -8 
f -6 -8 -7 
f -8 -5 -6 
f -8 -6 -5 
f -21 -5 -8 
f -21 -8 -5 
f -16 -5 -21 
f -16 -21 -5 
f -16 -15 -5 
f -16 -5 -15 
f -5 -4 -6 
f -5 -6 -4 
f -3 -4 -5 
f -3 -5 -4 
f -5 -15 -3 
f -5 -3 -15 
f -6 -4 -7 
f -6 -7 -4 
f -3 -2 -4 
f -3 -4 -2 
f -3 -1 -2 
f -3 -2 -1 
f -3 -15 -1 
f -3 -1 -15 
f -15 -10 -1 
f -15 -1 -10 
